{"type": "FeatureCollection", "features": [{"type": "Feature", "properties": {"rank": 1, "method": "BFS+Zoning", "n_grids": 1481, "avg_micro": 76.22169453581722, "cluster_score": 159.6975732086388, "buildable_ha": 3416.875, "final_score": 132.99558626294538, "avg_bcr": 0.36914247130317357, "center_lat": 37.89300026469254, "center_lon": 127.73161433244353}, "geometry": {"type": "MultiPolygon", "coordinates": [[[[127.6795210899972, 37.85808034823483], [127.6795210899972, 37.85808034823483], [127.67952655514392, 37.860333616232005], [127.68236862622219, 37.860329248782506], [127.68236307455831, 37.85807598113755], [127.68236307455831, 37.85807598113755], [127.68235752351325, 37.855822712627415], [127.67951562545967, 37.85582707937248], [127.67951562545967, 37.855827079372474], [127.68235752351328, 37.85582271262741], [127.682351973087, 37.853569443252105], [127.67951016153128, 37.85357380964499], [127.67950469821193, 37.85132053905236], [127.67666297253545, 37.85132483651807], [127.67666834936651, 37.853578107457324], [127.67951016153128, 37.85357380964499], [127.67951016153128, 37.85357380964499], [127.67666834936651, 37.85357810745733], [127.67667372679696, 37.85583137753147], [127.67667372679695, 37.85583137753147], [127.6766791048269, 37.85808464674049], [127.6795210899972, 37.85808034823483]]], [[[127.67668448345638, 37.86033791508436], [127.67668986268552, 37.86259118256305], [127.67953202089994, 37.862586883363996], [127.67952655514392, 37.860333616232005], [127.67952655514392, 37.860333616232005], [127.6795210899972, 37.858080348234836], [127.67667910482687, 37.858084646740494], [127.67668448345638, 37.86033791508436], [127.67668448345638, 37.86033791508436]]], [[[127.68237973140678, 37.864835781476756], [127.68238528492763, 37.86708904652604], [127.68522761499612, 37.86708460940605], [127.68522197492925, 37.864831344714595], [127.68522197492925, 37.864831344714595], [127.68521633549108, 37.86257807915788], [127.68521633549105, 37.86257807915788], [127.68521069668154, 37.86032481273592], [127.68236862622219, 37.860329248782506], [127.68236862622219, 37.860329248782506], [127.67952655514392, 37.860333616232005], [127.67953202089994, 37.862586883363996], [127.67953748726528, 37.864840149630766], [127.68237973140678, 37.86483578147676], [127.68237417850499, 37.86258251556226], [127.68237417850499, 37.86258251556226], [127.68237973140678, 37.864835781476756], [127.68237973140678, 37.864835781476756]]], [[[127.68812151268996, 37.88735944368483], [127.6881157803285, 37.885106187145034], [127.68527275817378, 37.885110695786274], [127.6852671130745, 37.882857438017524], [127.68242417691366, 37.88286187764285], [127.68242973538968, 37.885115135769595], [127.68242973538968, 37.885115135769595], [127.68243529448543, 37.88736839303096], [127.68527840390243, 37.887363952689626], [127.68527275817378, 37.88511069578628], [127.68527275817378, 37.88511069578628], [127.68527840390243, 37.887363952689626], [127.68812151268996, 37.88735944368483]]], [[[127.6710680638606, 37.88963872553346], [127.6739112623417, 37.889634559510554], [127.67390596255426, 37.88738130207371], [127.67106285071601, 37.88738546776074], [127.6710680638606, 37.88963872553346]]], [[[127.67107849189355, 37.89414523848284], [127.66823511951641, 37.8941493364973], [127.66824024773301, 37.89640259200435], [127.67108370678206, 37.89639849365949], [127.67108370678206, 37.89639849365949], [127.67392716524964, 37.8963943266288], [127.67392186368933, 37.894141071788106], [127.67392186368933, 37.894141071788106], [127.67391656272002, 37.891887816082026], [127.67391656272002, 37.89188781608202], [127.6739112623417, 37.88963455951056], [127.6710680638606, 37.88963872553346], [127.67107327758644, 37.89189198244084], [127.67107327758644, 37.89189198244084], [127.67107849189355, 37.89414523848284], [127.67107849189355, 37.89414523848284], [127.67107849189355, 37.89414523848284]]], [[[127.67107849189355, 37.89414523848284], [127.67107327758644, 37.89189198244084], [127.66822999187151, 37.891896080124894], [127.66823511951641, 37.89414933649729], [127.67107849189355, 37.89414523848284]]], [[[127.67392716524964, 37.8963943266288], [127.67393246740109, 37.89864758060407], [127.676776011959, 37.89864334454608], [127.67677062312616, 37.896390090912305], [127.67961408040188, 37.896385786510066], [127.67961408040188, 37.89638578651007], [127.67677062312616, 37.89639009091231], [127.676776011959, 37.89864334454608], [127.67393246740109, 37.89864758060407], [127.6739377701437, 37.90090083371391], [127.6739377701437, 37.90090083371391], [127.67393246740109, 37.89864758060408], [127.67393246740109, 37.89864758060408], [127.67392716524964, 37.89639432662881], [127.67108370678206, 37.896398493659504], [127.67108370678206, 37.89639849365949], [127.66824024773301, 37.89640259200436], [127.66824024773301, 37.89640259200435], [127.66824024773301, 37.89640259200435], [127.66823511951641, 37.8941493364973], [127.66539174656755, 37.8941533658314], [127.66539678811218, 37.89640662166333], [127.66539678811218, 37.89640662166333], [127.66540183021893, 37.8986598766299], [127.66824537652137, 37.89865584664603], [127.66824537652137, 37.89865584664603], [127.67108892225198, 37.898651747970746], [127.67108892225198, 37.89865174797076], [127.66824537652137, 37.89865584664604], [127.6682505058816, 37.90090910042232], [127.6682505058816, 37.90090910042232], [127.66824537652137, 37.89865584664603], [127.66540183021893, 37.89865987662991], [127.66540687288784, 37.900913130731105], [127.66540687288784, 37.900913130731105], [127.66540183021893, 37.8986598766299], [127.66255828335427, 37.898663837922314], [127.66256323933183, 37.90091709234289], [127.65971960522326, 37.90092098525764], [127.65971473593713, 37.898667730523236], [127.65687118797713, 37.89867155443261], [127.65687597057176, 37.90092480947532], [127.65687597057176, 37.90092480947532], [127.65688075369965, 37.90317806365269], [127.6597244750523, 37.9031742391267], [127.65971960522326, 37.900920985257656], [127.65971960522326, 37.900920985257656], [127.6597244750523, 37.9031742391267], [127.662568195862, 37.9031703458981], [127.66256323933183, 37.90091709234289], [127.66256323933183, 37.90091709234289], [127.662568195862, 37.9031703458981], [127.662568195862, 37.9031703458981], [127.66257315294477, 37.9054235985879], [127.6654169599125, 37.905419636337314], [127.6654169599125, 37.905419636337314], [127.66826076631784, 37.90541560537863], [127.66826076631784, 37.90541560537864], [127.66826076631784, 37.90541560537864], [127.6654169599125, 37.90541963633733], [127.66542200426836, 37.9076728878423], [127.66542200426836, 37.9076728878423], [127.66542704918668, 37.90992613848184], [127.66542704918668, 37.90992613848184], [127.66542704918668, 37.90992613848184], [127.66258306876855, 37.90993010137132], [127.66258306876855, 37.90993010137132], [127.65973908779759, 37.909933995541614], [127.65974395979896, 37.91218724594909], [127.66258802750968, 37.912183351464876], [127.66258802750968, 37.91218335146489], [127.66258802750968, 37.91218335146489], [127.66259298680372, 37.91443660069298], [127.66543714071092, 37.914432637164545], [127.66543714071092, 37.914432637164545], [127.66828129405548, 37.914428604905865], [127.66827616126275, 37.91217535632228], [127.66543209466751, 37.91217938825592], [127.66543209466751, 37.91217938825592], [127.66827616126275, 37.91217535632228], [127.66827102904229, 37.90992210687321], [127.66827102904229, 37.90992210687321], [127.66827102904229, 37.90992210687322], [127.66827102904229, 37.90992210687322], [127.66827616126275, 37.91217535632228], [127.66827616126275, 37.91217535632228], [127.66828129405548, 37.914428604905865], [127.66828129405548, 37.914428604905865], [127.66828642742051, 37.91668185262393], [127.67113066695167, 37.916677751304476], [127.6711254468277, 37.91442450391699], [127.6711254468277, 37.91442450391699], [127.67113066695167, 37.916677751304476], [127.67397490590074, 37.91667358124933], [127.67396959901795, 37.91442033419797], [127.67396959901795, 37.91442033419797], [127.6739642927268, 37.91216708628109], [127.6739642927268, 37.91216708628109], [127.67396959901795, 37.91442033419797], [127.67681375061652, 37.914416095748855], [127.67681375061652, 37.914416095748855], [127.67965790161374, 37.914411788569666], [127.67965242182447, 37.912158541341604], [127.67965242182447, 37.912158541341604], [127.67964694264616, 37.909905293247974], [127.67964694264616, 37.909905293247974], [127.68249091954412, 37.909900918044215], [127.68249648546174, 37.91215416578513], [127.68534054847838, 37.91214972150423], [127.68534054847838, 37.91214972150423], [127.68818461086475, 37.91214520849894], [127.68817887146879, 37.90989196148008], [127.69102284647614, 37.909887380119784], [127.69101702099067, 37.90763413260458], [127.68817313271272, 37.90763871359557], [127.68817887146879, 37.90989196148007], [127.68533489582157, 37.90989647412156], [127.68532924379497, 37.90764322587328], [127.68248535424705, 37.90764766943771], [127.68249091954412, 37.9099009180442], [127.68249091954412, 37.9099009180442], [127.68248535424705, 37.907647669437715], [127.6796414640787, 37.90765204428878], [127.67679757329954, 37.907656350426464], [127.67680296513731, 37.90990959973279], [127.67680296513731, 37.90990959973279], [127.67680296513731, 37.9099095997328], [127.67395898702728, 37.90991383749865], [127.67395898702728, 37.90991383749865], [127.6711150083257, 37.90991800654546], [127.67110978994752, 37.907664756561445], [127.67110978994752, 37.907664756561445], [127.67110457215114, 37.90541150571194], [127.67110457215114, 37.90541150571194], [127.67110457215114, 37.90541150571194], [127.67394837740272, 37.90540733733724], [127.67394837740272, 37.90540733733724], [127.6767921820629, 37.905403100254595], [127.6767921820629, 37.905403100254595], [127.67963598612202, 37.90539879446405], [127.67963050877609, 37.903145543773796], [127.67963050877609, 37.903145543773796], [127.67963050877609, 37.903145543773796], [127.67963050877609, 37.903145543773796], [127.67963598612202, 37.90539879446405], [127.68247978957044, 37.90539441996564], [127.68247978957044, 37.90539441996564], [127.68532359239846, 37.905389976759416], [127.68532359239846, 37.90538997675942], [127.68816739459643, 37.90538546484545], [127.68816165711988, 37.90313221522975], [127.68816165711988, 37.90313221522975], [127.688155920283, 37.900878964748486], [127.688155920283, 37.900878964748486], [127.68816165711988, 37.90313221522975], [127.68816165711988, 37.90313221522975], [127.68816739459643, 37.90538546484545], [127.69101119615468, 37.905380884223746], [127.69100537196809, 37.903127634977295], [127.69100537196806, 37.903127634977295], [127.69099954843078, 37.900874384865304], [127.69099954843078, 37.900874384865304], [127.69099954843078, 37.900874384865304], [127.69099954843078, 37.900874384865304], [127.69100537196809, 37.903127634977295], [127.69100537196809, 37.903127634977295], [127.69101119615468, 37.905380884223746], [127.69385499706353, 37.905376234894376], [127.69385499706353, 37.905376234894376], [127.6966987973133, 37.90537151685738], [127.6966987973133, 37.90537151685738], [127.69385499706353, 37.90537623489438], [127.69101119615468, 37.90538088422375], [127.69101702099067, 37.90763413260458], [127.69101702099069, 37.90763413260458], [127.69102284647614, 37.90988738011978], [127.69102284647614, 37.90988738011978], [127.69102284647614, 37.909887380119784], [127.68817887146879, 37.90989196148008], [127.68818461086475, 37.91214520849894], [127.68818461086475, 37.91214520849894], [127.68819035090067, 37.91439845465219], [127.6910344993958, 37.91439387255322], [127.69104032683015, 37.91664711747144], [127.69388456143392, 37.91664246626772], [127.69387864724123, 37.91438922172443], [127.69387864724126, 37.91438922172443], [127.69387864724126, 37.91438922172442], [127.6967227944273, 37.91438450216584], [127.69671679414543, 37.91213125713727], [127.69671679414543, 37.91213125713727], [127.69956085391397, 37.91212646923492], [127.69956085391397, 37.91212646923492], [127.70240491300383, 37.91212161260844], [127.70240491300383, 37.91212161260844], [127.69956085391397, 37.91212646923493], [127.69956085391397, 37.91212646923493], [127.69671679414543, 37.91213125713727], [127.6967227944273, 37.91438450216584], [127.6967227944273, 37.91438450216584], [127.69672879537823, 37.91663774632869], [127.69957302865343, 37.91663295765437], [127.69957911704132, 37.91888620056546], [127.69957911704132, 37.91888620056546], [127.6995852061081, 37.921139442610766], [127.6995852061081, 37.921139442610766], [127.69957911704132, 37.91888620056546], [127.69957911704132, 37.91888620056546], [127.69957302865343, 37.91663295765438], [127.69672879537823, 37.91663774632869], [127.6967227944273, 37.91438450216584], [127.69387864724126, 37.91438922172443], [127.69388456143392, 37.91664246626772], [127.69104032683015, 37.91664711747144], [127.69104615491429, 37.91890036152395], [127.69104615491428, 37.91890036152395], [127.69104032683015, 37.91664711747144], [127.6881960915766, 37.91665169993978], [127.68820183289264, 37.91890494436171], [127.68820183289264, 37.91890494436171], [127.68820757484887, 37.92115818791793], [127.68820757484887, 37.92115818791793], [127.68821331744536, 37.92341143060845], [127.68821331744539, 37.92341143060845], [127.68821906068221, 37.92566467243324], [127.69106364306613, 37.925660088487184], [127.69105781303219, 37.92340684703185], [127.69105781303219, 37.92340684703185], [127.69106364306613, 37.925660088487184], [127.69390822479996, 37.92565543578359], [127.69390822479996, 37.9256554357836], [127.69675280587401, 37.92565071432251], [127.69675280587401, 37.92565071432251], [127.69959738627863, 37.92564592410399], [127.69959738627863, 37.92564592410399], [127.7024419660041, 37.925641065128076], [127.70243578878252, 37.92338782520601], [127.70243578878252, 37.92338782520601], [127.7024419660041, 37.92564106512808], [127.7024419660041, 37.92564106512808], [127.7024419660041, 37.92564106512808], [127.69959738627863, 37.92564592410399], [127.69959738627863, 37.92564592410399], [127.69675280587401, 37.925650714322515], [127.69675280587401, 37.925650714322515], [127.69390822479996, 37.9256554357836], [127.6939141422907, 37.92790867599815], [127.69391414229067, 37.92790867599815], [127.69392006044126, 37.93016191534689], [127.69392006044126, 37.93016191534689], [127.69392597925174, 37.932415153829815], [127.69392597925174, 37.932415153829815], [127.69392006044126, 37.93016191534689], [127.69392006044126, 37.93016191534689], [127.69391414229067, 37.92790867599815], [127.69391414229067, 37.92790867599815], [127.69390822479996, 37.9256554357836], [127.69106364306613, 37.9256600884872], [127.69106364306613, 37.925660088487184], [127.68821906068221, 37.92566467243324], [127.68822480455944, 37.92791791339232], [127.69106947375013, 37.927913329076766], [127.69106947375013, 37.92791332907677], [127.68822480455944, 37.92791791339232], [127.68822480455944, 37.92791791339232], [127.68822480455944, 37.92791791339232], [127.68821906068221, 37.92566467243325], [127.68821906068219, 37.92566467243325], [127.68821331744536, 37.92341143060845], [127.68536882121823, 37.92341594543302], [127.68537447765786, 37.92566918762175], [127.68537447765789, 37.92566918762175], [127.68538013472825, 37.92792242894474], [127.68538013472825, 37.927922428944754], [127.68538579242944, 37.93017566940201], [127.68538579242944, 37.93017566940201], [127.68538013472825, 37.927922428944754], [127.68538013472825, 37.927922428944754], [127.68537447765786, 37.92566918762176], [127.68252989400283, 37.92567363405261], [127.68253546426625, 37.92792687573401], [127.67969079318313, 37.927931253760036], [127.67969079318313, 37.927931253760036], [127.67684612148855, 37.927935563022814], [127.67684072483922, 37.925682320641236], [127.67684072483922, 37.925682320641236], [127.67683532879157, 37.92342907739399], [127.67399083009985, 37.92343331720993], [127.67399613935002, 37.925686560798916], [127.67399613935002, 37.925686560798916], [127.67400144919222, 37.92793980352227], [127.67684612148855, 37.927935563022814], [127.67685151873968, 37.930188804538716], [127.679696277251, 37.93018449492861], [127.679696277251, 37.93018449492861], [127.679696277251, 37.93018449492861], [127.6797017619304, 37.93243773523147], [127.6825466066566, 37.93243335649965], [127.68254103515082, 37.93018011654969], [127.68254103515082, 37.93018011654969], [127.6825466066566, 37.93243335649965], [127.6853914507615, 37.93242890899353], [127.6853914507615, 37.93242890899353], [127.6853914507615, 37.93242890899353], [127.68539710972452, 37.93468214771928], [127.68824204003437, 37.9346776310749], [127.68824204003437, 37.9346776310749], [127.6910869697035, 37.934673045650754], [127.69108113706875, 37.93241980765857], [127.69108113706875, 37.93241980765857], [127.6910869697035, 37.934673045650754], [127.6910869697035, 37.934673045650754], [127.69109280298868, 37.93692628277712], [127.69393781885283, 37.936921628198164], [127.69393781885283, 37.93692162819817], [127.69678283405685, 37.93691690483401], [127.69678283405685, 37.93691690483401], [127.69962784859102, 37.936912112684695], [127.6996217547698, 37.93465887670032], [127.6996217547698, 37.93465887670032], [127.69961566162804, 37.93240563985003], [127.69961566162804, 37.93240563985003], [127.6996217547698, 37.93465887670031], [127.6996217547698, 37.93465887670031], [127.69962784859102, 37.93691211268468], [127.70247286244565, 37.93690725175027], [127.70246668177926, 37.93465401615765], [127.70246668177926, 37.93465401615765], [127.70246668177926, 37.934654016157644], [127.70531160809956, 37.93464908683547], [127.70530534128686, 37.93239585077418], [127.70815018007302, 37.93239085307537], [127.70815018007302, 37.93239085307537], [127.70530534128686, 37.93239585077418], [127.70531160809956, 37.93464908683547], [127.70815653372108, 37.93464408873384], [127.70815653372108, 37.93464408873384], [127.70815653372108, 37.93464408873384], [127.70531160809956, 37.93464908683547], [127.70531787561109, 37.93690232203082], [127.70531787561109, 37.93690232203082], [127.70531160809956, 37.93464908683548], [127.70246668177926, 37.93465401615765], [127.70247286244565, 37.936907251750284], [127.70247286244565, 37.936907251750284], [127.70247286244565, 37.93690725175028], [127.69962784859102, 37.93691211268468], [127.69963394309175, 37.93916534780316], [127.69963394309175, 37.93916534780316], [127.69962784859102, 37.936912112684695], [127.69678283405685, 37.93691690483401], [127.69678884170261, 37.9391701403387], [127.69963394309175, 37.93916534780316], [127.6996400382721, 37.94141858205568], [127.6996400382721, 37.94141858205568], [127.69964613413215, 37.943671815442265], [127.70249140858047, 37.943666953332475], [127.70248522584617, 37.94141372033771], [127.70248522584617, 37.94141372033771], [127.70247904380128, 37.93916048647698], [127.70247904380128, 37.93916048647698], [127.70247904380128, 37.93916048647698], [127.70247904380128, 37.93916048647698], [127.7024852258462, 37.94141372033771], [127.70248522584617, 37.94141372033771], [127.70249140858047, 37.94366695333248], [127.70533668233934, 37.943662022420995], [127.70533041273089, 37.9414087898236], [127.70533041273089, 37.9414087898236], [127.70533668233934, 37.943662022420995], [127.70533668233934, 37.943662022420995], [127.70534295264694, 37.94591525415239], [127.70818831259044, 37.94591025403635], [127.70818195539907, 37.94365702270789], [127.70818195539907, 37.94365702270789], [127.70817559891651, 37.94140379051339], [127.71102078439341, 37.94139872240716], [127.71101434175532, 37.93914548975506], [127.71101434175532, 37.93914548975506], [127.71100789983556, 37.93689225623695], [127.70816288807761, 37.936897323526345], [127.70816288807761, 37.936897323526345], [127.71100789983556, 37.93689225623695], [127.71100145863406, 37.93463902185282], [127.71100145863406, 37.93463902185282], [127.71099501815075, 37.932385786602694], [127.71383985551041, 37.932380651356205], [127.71383332891969, 37.93012741565399], [127.71383332891969, 37.93012741565399], [127.71382680305668, 37.92787417908577], [127.71382680305668, 37.92787417908577], [127.71382027792126, 37.9256209416516], [127.71097570100905, 37.92562607565655], [127.71097570100905, 37.92562607565654], [127.71097570100905, 37.92562607565654], [127.7109692633976, 37.9233728369426], [127.70812477256409, 37.92337790178211], [127.70812477256409, 37.92337790178211], [127.70528028102252, 37.92338289786992], [127.70528028102252, 37.92338289786993], [127.70528028102252, 37.92338289786993], [127.70527401770262, 37.921129657479185], [127.70242961224969, 37.921134584418105], [127.70243578878252, 37.923387825206], [127.69959129585384, 37.92339268379028], [127.69959129585384, 37.92339268379028], [127.6967468022461, 37.923397473622714], [127.6967468022461, 37.923397473622714], [127.693902307969, 37.92340219470325], [127.693902307969, 37.92340219470325], [127.6967468022461, 37.92339747362271], [127.6967468022461, 37.9233974736227], [127.69959129585384, 37.92339268379027], [127.69959129585384, 37.92339268379028], [127.70243578878252, 37.923387825206], [127.70242961224969, 37.92113458441809], [127.70242961224969, 37.92113458441809], [127.70242343640547, 37.91888134276437], [127.70242343640547, 37.91888134276437], [127.70242961224969, 37.92113458441809], [127.70527401770262, 37.92112965747918], [127.70528028102252, 37.92338289786992], [127.70812477256409, 37.92337790178211], [127.70812477256409, 37.923377901782096], [127.7109692633976, 37.92337283694259], [127.7109628265039, 37.92111959736276], [127.7109628265039, 37.92111959736276], [127.7109692633976, 37.9233728369426], [127.71381375351336, 37.92336770335145], [127.71381375351336, 37.92336770335145], [127.7109692633976, 37.9233728369426], [127.71097570100905, 37.92562607565654], [127.71382027792126, 37.92562094165159], [127.71382680305668, 37.92787417908577], [127.7166714660474, 37.927868975904346], [127.71667146604743, 37.927868975904346], [127.71951612830087, 37.92786370396029], [127.71950942955344, 37.925610467370376], [127.71666485410593, 37.92561573888951], [127.71666485410593, 37.92561573888951], [127.71382027792126, 37.92562094165159], [127.71382027792126, 37.92562094165159], [127.71666485410593, 37.92561573888951], [127.71666485410593, 37.925615738889505], [127.71950942955344, 37.92561046737037], [127.71950273155288, 37.92335722991445], [127.71950273155288, 37.92335722991445], [127.71949603429911, 37.92110399159256], [127.71949603429911, 37.92110399159256], [127.71950273155288, 37.92335722991445], [127.72234721945732, 37.923351890068716], [127.72234043541702, 37.92109865217721], [127.72234043541702, 37.92109865217721], [127.72234721945732, 37.92335189006871], [127.7251917066053, 37.923346481471555], [127.72518483577859, 37.92109324401599], [127.72518483577859, 37.92109324401599], [127.7251779657179, 37.91884000569441], [127.7251779657179, 37.91884000569441], [127.7251779657179, 37.91884000569442], [127.7251779657179, 37.91884000569442], [127.72518483577859, 37.92109324401599], [127.72802923537408, 37.92108776710894], [127.72802923537408, 37.92108776710895], [127.72802923537408, 37.92108776710895], [127.72802923537408, 37.92108776710895], [127.72518483577859, 37.92109324401599], [127.7251917066053, 37.923346481471555], [127.72803619298715, 37.92334100412304], [127.728043151376, 37.92559424027107], [127.73088772377793, 37.925588693724194], [127.73089476974829, 37.92784192855907], [127.73373942817015, 37.92783631280279], [127.73373942817015, 37.92783631280278], [127.73658408579665, 37.92783062828423], [127.73657686621539, 37.925577394360126], [127.73657686621539, 37.925577394360126], [127.73657686621539, 37.92557739436013], [127.73657686621539, 37.92557739436013], [127.73658408579665, 37.92783062828423], [127.73373942817015, 37.92783631280279], [127.73373942817015, 37.927836312802796], [127.73089476974829, 37.927841928559076], [127.73089476974829, 37.92784192855907], [127.73089476974829, 37.92784192855907], [127.73088772377793, 37.9255886937242], [127.728043151376, 37.92559424027108], [127.72805011054075, 37.927847475553015], [127.72805011054075, 37.927847475553015], [127.72805707048154, 37.93010070996886], [127.72805707048154, 37.93010070996886], [127.72806403119839, 37.932353943518585], [127.72806403119839, 37.932353943518585], [127.72806403119839, 37.932353943518585], [127.72521919757445, 37.93235942263328], [127.72522607223276, 37.934612655758485], [127.72522607223276, 37.934612655758485], [127.72523294765766, 37.93686588801758], [127.72807795496075, 37.93686040801963], [127.72807795496075, 37.93686040801963], [127.73092296148748, 37.93685485923712], [127.73091591237383, 37.934601627866854], [127.73091591237383, 37.934601627866854], [127.73090886404617, 37.93234839563041], [127.73090886404617, 37.93234839563041], [127.73090181650436, 37.93009516252782], [127.73090181650436, 37.93009516252782], [127.73090886404617, 37.93234839563041], [127.73375369610808, 37.93234277896882], [127.7337608312703, 37.93459601075257], [127.7337608312703, 37.93459601075257], [127.7337608312703, 37.934596010752564], [127.73091591237383, 37.934601627866854], [127.73092296148748, 37.93685485923712], [127.73092296148748, 37.93685485923712], [127.73093001138719, 37.939108089741204], [127.73093001138719, 37.939108089741204], [127.73093001138719, 37.939108089741204], [127.73093001138719, 37.939108089741204], [127.73092296148748, 37.93685485923712], [127.72807795496075, 37.93686040801963], [127.72807795496075, 37.93686040801963], [127.72523294765766, 37.936865888017586], [127.72523294765766, 37.936865888017586], [127.72238793958788, 37.93687129923092], [127.72239472892527, 37.93912453105999], [127.72523982384925, 37.93911911941054], [127.72523982384925, 37.93911911941054], [127.72808491800645, 37.93911363897093], [127.72808491800645, 37.93911363897093], [127.72808491800645, 37.93911363897093], [127.7280918818286, 37.94136686905603], [127.73093706207304, 37.94136131937908], [127.73093706207304, 37.94136131937908], [127.7337822415312, 37.941355700906534], [127.7337822415312, 37.941355700906534], [127.7337822415312, 37.941355700906534], [127.73378937987658, 37.94360892922537], [127.73378937987658, 37.94360892922537], [127.7337822415312, 37.941355700906534], [127.73093706207304, 37.94136131937908], [127.73093706207304, 37.94136131937908], [127.7280918818286, 37.94136686905603], [127.7280918818286, 37.94136686905603], [127.72808491800645, 37.93911363897093], [127.72523982384925, 37.93911911941054], [127.72524670080762, 37.94137234993733], [127.72524670080762, 37.94137234993733], [127.72525357853284, 37.94362557959796], [127.7280988464273, 37.943620098274934], [127.7280988464273, 37.94362009827494], [127.72525357853284, 37.94362557959796], [127.72525357853284, 37.94362557959796], [127.72240830987144, 37.94363099211974], [127.72241510148038, 37.94588422135038], [127.72526045702504, 37.9458788083924], [127.72526733628428, 37.94813203632064], [127.72526733628428, 37.94813203632064], [127.72526045702503, 37.94587880839241], [127.72241510148038, 37.94588422135039], [127.72241510148038, 37.94588422135038], [127.71956974517836, 37.9458895655015], [127.71956974517836, 37.9458895655015], [127.71672438812868, 37.94589484084571], [127.71672438812868, 37.94589484084571], [127.713879030341, 37.94590004738296], [127.71388556202794, 37.948153277022826], [127.71388556202794, 37.948153277022826], [127.71389209444331, 37.950406505796565], [127.71389209444331, 37.950406505796565], [127.71389862758711, 37.952659733704174], [127.7110530083622, 37.95266487267662], [127.71105945531218, 37.9549181001322], [127.71105945531218, 37.9549181001322], [127.71105945531218, 37.95491810013219], [127.70821374844597, 37.9549231706895], [127.70822010918278, 37.957176397687526], [127.71106590298113, 37.95717132672162], [127.71106590298113, 37.95717132672163], [127.71391169606046, 37.957166186920915], [127.71390516145945, 37.954912960745624], [127.71390516145948, 37.954912960745624], [127.71675086687812, 37.95490775252987], [127.71674424608345, 37.95265452590808], [127.71958986384158, 37.95264924928838], [127.7195965715584, 37.95490247548496], [127.71675086687812, 37.95490775252987], [127.71675748841109, 37.95716097828546], [127.71675748841109, 37.95716097828546], [127.71676411068249, 37.95941420317483], [127.71676411068249, 37.95941420317483], [127.71677073369239, 37.96166742719797], [127.71961669919742, 37.961662148877274], [127.71962340990689, 37.96391537160887], [127.7224694616245, 37.96391002401158], [127.72246266395416, 37.96165680171085], [127.72246266395416, 37.96165680171085], [127.72246266395416, 37.96165680171085], [127.72530862795288, 37.96165138569875], [127.72530862795288, 37.96165138569875], [127.72530862795288, 37.96165138569875], [127.72530862795288, 37.96165138569875], [127.72246266395416, 37.96165680171085], [127.7224694616245, 37.96391002401158], [127.7224694616245, 37.96391002401158], [127.72247626005293, 37.966163245446], [127.72532239798295, 37.966157828561045], [127.72531551258402, 37.963904607563066], [127.72531551258403, 37.963904607563066], [127.72531551258403, 37.963904607563066], [127.72816156277577, 37.963899122263385], [127.72815459118395, 37.96164590084102], [127.72815459118395, 37.96164590084102], [127.72816156277577, 37.96389912226338], [127.73100761219004, 37.9638935681126], [127.7310005536376, 37.961640347137745], [127.7310005536376, 37.961640347137745], [127.73100761219004, 37.9638935681126], [127.73385366081715, 37.96388794511077], [127.7338465153042, 37.96163472458896], [127.7338465153042, 37.96163472458896], [127.73383937058802, 37.95938150320075], [127.73383937058802, 37.95938150320075], [127.7338322266685, 37.95712828094616], [127.7338322266685, 37.95712828094616], [127.7338250835456, 37.95487505782519], [127.7338250835456, 37.95487505782519], [127.7338322266685, 37.95712828094616], [127.73383222666853, 37.95712828094616], [127.73383937058802, 37.959381503200746], [127.73668524450709, 37.95937581226509], [127.73668524450709, 37.95937581226509], [127.73953111761978, 37.9593700524896], [127.73953111761978, 37.95937005248961], [127.73953843623732, 37.961623272955116], [127.73953843623732, 37.961623272955116], [127.73954575567102, 37.96387649255418], [127.73954575567102, 37.96387649255418], [127.73955307592097, 37.96612971128677], [127.74239920909828, 37.96612388126241], [127.7423918018784, 37.963870662999554], [127.7423918018784, 37.963870662999554], [127.7452378472598, 37.963864764594106], [127.7452378472598, 37.963864764594106], [127.74808389180555, 37.96385879733791], [127.74808389180555, 37.96385879733793], [127.74808389180555, 37.96385879733793], [127.74808389180555, 37.96385879733793], [127.7452378472598, 37.96386476459412], [127.7452378472598, 37.963864764594106], [127.7423918018784, 37.963870662999554], [127.74239920909828, 37.96612388126241], [127.7452453414495, 37.96611798238172], [127.7452453414495, 37.96611798238172], [127.74239920909828, 37.96612388126242], [127.74240661714424, 37.96837709865877], [127.74525283647499, 37.96837119930276], [127.74525283647499, 37.96837119930275], [127.74809905496987, 37.968365231084896], [127.74809905496987, 37.96836523108492], [127.75094527261919, 37.96835919400528], [127.75094527261919, 37.96835919400528], [127.75379148941326, 37.96835308806392], [127.75378373344984, 37.966099872602065], [127.75093760363498, 37.96610597805147], [127.75093760363498, 37.96610597805147], [127.748091472965, 37.966112014644715], [127.748091472965, 37.96611201464471], [127.75093760363498, 37.96610597805147], [127.75093760363498, 37.96610597805147], [127.75378373344984, 37.96609987260205], [127.75377597835127, 37.96384665627356], [127.75377597835127, 37.96384665627356], [127.75377597835127, 37.96384665627356], [127.75662202033183, 37.9638404824655], [127.7566141791383, 37.96158726576781], [127.75376822411747, 37.961593439078435], [127.75376822411747, 37.96159343907844], [127.75092226823195, 37.961599543544054], [127.75092993550594, 37.96385276123106], [127.75092993550594, 37.96385276123106], [127.75092993550594, 37.96385276123106], [127.75092993550594, 37.96385276123106], [127.75092226823195, 37.961599543544054], [127.75092226823195, 37.961599543544054], [127.75091460181292, 37.959346324990484], [127.75091460181292, 37.959346324990484], [127.75092226823195, 37.961599543544054], [127.75376822411747, 37.961593439078435], [127.75376822411747, 37.961593439078435], [127.75661417913832, 37.96158726576781], [127.75661417913832, 37.96158726576781], [127.7594601332848, 37.96158102361224], [127.7594601332848, 37.96158102361225], [127.75946806143796, 37.96383423980695], [127.76231410165992, 37.96382792829797], [127.76230608654727, 37.961574712611785], [127.76230608654727, 37.96157471261178], [127.76229807232835, 37.95932149605891], [127.75945220601571, 37.959327806550874], [127.75945220601571, 37.95932780655086], [127.75660633881913, 37.95933404820349], [127.75660633881913, 37.95933404820349], [127.75945220601571, 37.95932780655086], [127.75945220601571, 37.95932780655086], [127.76229807232832, 37.959321496058905], [127.76229807232832, 37.959321496058905], [127.76514393774734, 37.959315116727666], [127.76513583748205, 37.957061899822115], [127.76229005900306, 37.95706827863933], [127.76229005900306, 37.95706827863933], [127.76229005900306, 37.95706827863933], [127.76228204657131, 37.95481506035312], [127.76228204657131, 37.95481506035312], [127.76229005900306, 37.95706827863933], [127.76513583748205, 37.957061899822115], [127.76513583748205, 37.95706189982213], [127.76798161505782, 37.95705545217124], [127.76797342876553, 37.954802234918525], [127.77081911849828, 37.954795718959126], [127.77081084619839, 37.95254250136473], [127.76796524338606, 37.95254901679909], [127.76796524338606, 37.95254901679909], [127.77081084619839, 37.95254250136473], [127.77080257482092, 37.95028928290364], [127.77080257482092, 37.95028928290364], [127.77080257482092, 37.95028928290363], [127.77080257482092, 37.95028928290363], [127.77081084619839, 37.952542501364725], [127.77081084619839, 37.952542501364725], [127.77081911849828, 37.95479571895912], [127.77366480730852, 37.95478913417174], [127.77365644808835, 37.95253591710795], [127.77365644808835, 37.95253591710795], [127.77650204904619, 37.952529264028804], [127.77650204904619, 37.952529264028804], [127.77934764906226, 37.95252254212737], [127.7793391169533, 37.95026932527456], [127.77649360384761, 37.95027604663435], [127.77649360384761, 37.95027604663435], [127.7793391169533, 37.95026932527456], [127.7793391169533, 37.95026932527456], [127.78218462910763, 37.9502625350981], [127.78217601104944, 37.94800931792565], [127.78217601104944, 37.94800931792565], [127.78216739395216, 37.94575609988639], [127.7793220555893, 37.94576288896857], [127.7793220555893, 37.94576288896855], [127.7793220555893, 37.94576288896855], [127.7793220555893, 37.94576288896855], [127.78216739395216, 37.94575609988638], [127.78216739395216, 37.94575609988638], [127.78501273135421, 37.945749241998676], [127.78500402833666, 37.943496023645245], [127.78215877781571, 37.9435028809803], [127.78215877781571, 37.9435028809803], [127.77931352633406, 37.94350966951539], [127.77931352633406, 37.94350966951539], [127.77931352633406, 37.94350966951539], [127.78215877781571, 37.9435028809803], [127.78215877781571, 37.9435028809803], [127.78500402833666, 37.94349602364523], [127.78500402833666, 37.94349602364523], [127.78784927788723, 37.94348909751028], [127.78784048896881, 37.941235878848175], [127.78784048896881, 37.941235878848175], [127.78783170103031, 37.938982659319244], [127.78498662521264, 37.938989584337946], [127.78498662521264, 37.938989584337946], [127.78498662521264, 37.938989584337946], [127.78783170103031, 37.938982659319244], [127.7878229140717, 37.936729438923486], [127.78497792510593, 37.936736363384114], [127.78213293517013, 37.936743219061455], [127.7821415484248, 37.93899644056783], [127.7821415484248, 37.93899644056783], [127.78213293517013, 37.936743219061455], [127.77928794427393, 37.936750005955474], [127.77929647067647, 37.939003228008836], [127.77929647067647, 37.939003228008836], [127.77928794427393, 37.936750005955474], [127.77928794427393, 37.936750005955474], [127.77928794427393, 37.936750005955474], [127.78213293517013, 37.93674321906145], [127.78212432287579, 37.93448999668834], [127.77927941882207, 37.9344967830354], [127.77927941882207, 37.9344967830354], [127.78212432287579, 37.93448999668834], [127.78212432287579, 37.93448999668834], [127.78496922596925, 37.934483141563504], [127.7849605278025, 37.93222991887615], [127.7849605278025, 37.93222991887615], [127.78495183060556, 37.92997669532207], [127.78495183060556, 37.92997669532207], [127.78494313437832, 37.92772347090128], [127.78494313437832, 37.92772347090128], [127.78495183060556, 37.92997669532206], [127.78779655907368, 37.92996977253548], [127.78778777603326, 37.92771654867263], [127.78778777603326, 37.92771654867263], [127.78777899397207, 37.92546332394305], [127.78493443912068, 37.92547024561377], [127.78493443912068, 37.92547024561377], [127.78208988329979, 37.92547709852894], [127.78209849175381, 37.92773032436881], [127.78209849175381, 37.92773032436881], [127.78210710116775, 37.929983549342005], [127.78210710116775, 37.929983549342005], [127.78210710116775, 37.929983549342005], [127.78210710116775, 37.929983549342005], [127.78209849175381, 37.92773032436881], [127.78209849175381, 37.92773032436881], [127.78208988329979, 37.92547709852894], [127.77924532651912, 37.9254838826885], [127.77924532651912, 37.92548388268849], [127.78208988329979, 37.92547709852894], [127.78208127580554, 37.92322387182243], [127.77923680581893, 37.92323065543517], [127.77923680581893, 37.92323065543518], [127.77639233488233, 37.92323737029778], [127.77639233488233, 37.92323737029777], [127.77354786300539, 37.92324401641012], [127.77355621011712, 37.92549724474041], [127.77640076878833, 37.92549059809233], [127.77640076878833, 37.92549059809233], [127.77355621011712, 37.92549724474042], [127.7735645581596, 37.927750472204146], [127.77640920363477, 37.92774382502032], [127.77640920363477, 37.92774382502032], [127.77925384816939, 37.92773710907519], [127.77925384816939, 37.92773710907519], [127.77925384816939, 37.92773710907519], [127.77640920363477, 37.92774382502032], [127.77641763942177, 37.92999705108171], [127.77641763942177, 37.92999705108171], [127.7764260761494, 37.93225027627645], [127.7764260761494, 37.93225027627645], [127.7764260761494, 37.93225027627645], [127.77358125703724, 37.93225692453187], [127.77358960787265, 37.93451014939584], [127.77074470099632, 37.93451672940909], [127.77075296592012, 37.93676995393678], [127.77359795963926, 37.936763373393205], [127.77359795963926, 37.936763373393205], [127.77644295242709, 37.936756724066086], [127.77644295242709, 37.936756724066086], [127.77644295242709, 37.936756724066086], [127.77645139197736, 37.9390099466609], [127.77645139197739, 37.9390099466609], [127.77645983246877, 37.94126316838903], [127.77645983246877, 37.94126316838903], [127.77646827390137, 37.943516389250455], [127.77646827390137, 37.943516389250455], [127.77647671627531, 37.94576960924516], [127.77647671627531, 37.94576960924516], [127.77648515959068, 37.948022828373134], [127.77648515959068, 37.948022828373134], [127.77647671627531, 37.94576960924517], [127.77363137601988, 37.94577626071611], [127.77363973244414, 37.94802948038012], [127.77363973244411, 37.94802948038012], [127.77364808980025, 37.95028269917739], [127.77649360384761, 37.95027604663435], [127.77649360384761, 37.95027604663435], [127.77364808980025, 37.95028269917739], [127.77364808980025, 37.95028269917739], [127.77363973244411, 37.94802948038012], [127.7707943043657, 37.94803606357583], [127.7707943043657, 37.94803606357583], [127.76794887536514, 37.9480425779602], [127.7679570589193, 37.95029579781298], [127.7679570589193, 37.95029579781298], [127.76794887536514, 37.9480425779602], [127.76794887536514, 37.9480425779602], [127.76794069272343, 37.945789357240756], [127.7650953497018, 37.94579580229431], [127.7650953497018, 37.945795802294306], [127.7650953497018, 37.945795802294306], [127.76508725485424, 37.943542580188854], [127.7622419978118, 37.943548955922665], [127.7622419978118, 37.94354895592266], [127.76508725485424, 37.943542580188854], [127.76507916090927, 37.9412893572168], [127.762233990739, 37.94129573243682], [127.76222598455898, 37.939042508084455], [127.75938090035852, 37.93904881400135], [127.75938881967595, 37.94130203886194], [127.75938881967595, 37.94130203886194], [127.75939673987645, 37.94355526285604], [127.7622419978118, 37.943548955922665], [127.7622419978118, 37.943548955922665], [127.75939673987645, 37.94355526285604], [127.75940466096017, 37.94580848598359], [127.75940466096017, 37.94580848598359], [127.75939673987645, 37.94355526285604], [127.7565514810579, 37.94356150098887], [127.75655931525955, 37.94581472461917], [127.75655931525955, 37.94581472461917], [127.7565514810579, 37.94356150098888], [127.75370622136583, 37.94356767032115], [127.7537139686853, 37.945820894448616], [127.75086862124712, 37.94582699547188], [127.75086862124712, 37.94582699547188], [127.75086862124712, 37.94582699547188], [127.75086862124712, 37.94582699547188], [127.7537139686853, 37.945820894448616], [127.75370622136583, 37.94356767032114], [127.7565514810579, 37.94356150098887], [127.75654364772977, 37.94130827649209], [127.75654364772977, 37.94130827649209], [127.7565514810579, 37.943561500988864], [127.75939673987645, 37.94355526285603], [127.75938881967592, 37.94130203886194], [127.75938881967592, 37.94130203886194], [127.75938090035852, 37.93904881400135], [127.75653581527507, 37.939055051128804], [127.75652798369369, 37.93680182489907], [127.75368298459003, 37.93680799273995], [127.75369072931832, 37.93906121946678], [127.75653581527507, 37.939055051128804], [127.75653581527507, 37.93905505112882], [127.75369072931832, 37.93906121946678], [127.75369072931832, 37.93906121946678], [127.75084564249792, 37.9390673190152], [127.75085330122691, 37.94132054536718], [127.75085330122691, 37.94132054536718], [127.75085330122691, 37.94132054536718], [127.75085330122691, 37.94132054536718], [127.75084564249792, 37.939067319015194], [127.75084564249792, 37.939067319015194], [127.75084564249792, 37.939067319015194], [127.75369072931832, 37.93906121946678], [127.75368298459003, 37.93680799273995], [127.75368298459003, 37.93680799273995], [127.75367524072526, 37.93455476514668], [127.75083032760165, 37.93456086371201], [127.75083798462286, 37.936814091796805], [127.74799298380186, 37.936820122069584], [127.74800055482359, 37.939073349773984], [127.74800055482359, 37.939073349773984], [127.74800812668957, 37.94132657661202], [127.74800812668957, 37.94132657661202], [127.74800812668957, 37.94132657661202], [127.74516295130788, 37.94133253906163], [127.74516295130788, 37.94133253906163], [127.74516295130788, 37.94133253906163], [127.74516295130788, 37.94133253906162], [127.74800812668957, 37.941326576612006], [127.74800055482359, 37.939073349773984], [127.74800055482359, 37.93907334977398], [127.74799298380186, 37.93682012206957], [127.7451479821367, 37.93682608355821], [127.74515546630498, 37.939079311743086], [127.74515546630498, 37.939079311743086], [127.74515546630498, 37.939079311743086], [127.74515546630498, 37.939079311743086], [127.7451479821367, 37.936826083558216], [127.74230297963706, 37.936831976262646], [127.74230297963706, 37.936831976262646], [127.74230297963706, 37.936831976262646], [127.74230297963706, 37.93683197626264], [127.7451479821367, 37.93682608355821], [127.7451479821367, 37.93682608355821], [127.74799298380186, 37.93682012206957], [127.74799298380186, 37.93682012206957], [127.75083798462286, 37.93681409179679], [127.75083032760165, 37.93456086371201], [127.75083032760165, 37.93456086371201], [127.75083032760165, 37.93456086371201], [127.75367524072529, 37.93455476514667], [127.75366749772395, 37.932301536687014], [127.7508226714342, 37.93230763476083], [127.75081501612033, 37.93005440494333], [127.75081501612033, 37.93005440494333], [127.75080736166004, 37.92780117425948], [127.75080736166004, 37.92780117425948], [127.75080736166004, 37.92780117425948], [127.75365201431113, 37.92779507716855], [127.75364427389944, 37.92554184610978], [127.75079970805317, 37.92554794270929], [127.75079970805317, 37.925547942709294], [127.75079970805317, 37.925547942709294], [127.75079205529961, 37.923294710292815], [127.74794757539526, 37.92330073765013], [127.74794757539526, 37.92330073765012], [127.75079205529961, 37.923294710292815], [127.75078440339931, 37.92104147701003], [127.74794001028052, 37.92104750388154], [127.74794001028052, 37.92104750388154], [127.75078440339931, 37.92104147701003], [127.75078440339931, 37.92104147701003], [127.75362879566498, 37.921035381393246], [127.75362105784201, 37.91878214773553], [127.75362105784201, 37.91878214773553], [127.75361332088174, 37.91652891321153], [127.75076910215797, 37.9165350078457], [127.75076910215797, 37.916535007845695], [127.74792488258129, 37.91654103374566], [127.74792488258129, 37.916541033745666], [127.74508066216134, 37.91654699091138], [127.74508066216134, 37.916546990911364], [127.74792488258129, 37.91654103374565], [127.74792488258129, 37.91654103374566], [127.75076910215797, 37.916535007845695], [127.75076910215797, 37.916535007845695], [127.75361332088174, 37.91652891321152], [127.75360558478408, 37.91427567782126], [127.75076145281673, 37.914281771964156], [127.75076145281673, 37.914281771964156], [127.7479173199966, 37.91428779737841], [127.7479173199966, 37.9142877973784], [127.75076145281673, 37.914281771964156], [127.75075380432835, 37.91202853521639], [127.75075380432835, 37.91202853521639], [127.75075380432835, 37.91202853521639], [127.75076145281676, 37.914281771964156], [127.75360558478408, 37.91427567782125], [127.75360558478408, 37.91427567782126], [127.75360558478408, 37.91427567782126], [127.75361332088174, 37.91652891321152], [127.75361332088174, 37.91652891321152], [127.75362105784201, 37.91878214773553], [127.75362105784201, 37.91878214773553], [127.75362879566498, 37.921035381393246], [127.75647318706785, 37.92102921703124], [127.7564653624692, 37.9187759838704], [127.7564653624692, 37.9187759838704], [127.75645753874291, 37.91652274984322], [127.75645753874291, 37.91652274984322], [127.75644971588892, 37.914269514949744], [127.75644971588892, 37.914269514949744], [127.75644189390707, 37.91201627919], [127.75644189390707, 37.91201627919], [127.75644971588892, 37.914269514949744], [127.75929384612158, 37.914263283349705], [127.75929384612158, 37.914263283349705], [127.7621379754724, 37.914256983021204], [127.76212997999755, 37.912003748271616], [127.76212997999755, 37.912003748271616], [127.76212198541411, 37.90975051265571], [127.75927802954652, 37.90975681196855], [127.75927012258151, 37.90750357497854], [127.75927012258151, 37.907503574978534], [127.75927012258151, 37.907503574978534], [127.76211399172196, 37.90749727617349], [127.76210599892103, 37.90524403882498], [127.76494978045295, 37.90523767182145], [127.76494170183543, 37.90298443411995], [127.76494170183543, 37.90298443411995], [127.76494978045295, 37.90523767182146], [127.76779356108413, 37.90523123611176], [127.76778539575902, 37.90297799892905], [127.76778539575902, 37.90297799892905], [127.76777723134427, 37.90072476088005], [127.76777723134427, 37.90072476088005], [127.76776906783968, 37.89847152196472], [127.76492554730221, 37.8984779561181], [127.76492554730221, 37.8984779561181], [127.7620820258643, 37.898484321581904], [127.7620820258643, 37.8984843215819], [127.7592385035356, 37.89849061835608], [127.75924640697517, 37.90074385881102], [127.75924640697517, 37.90074385881102], [127.75924640697517, 37.900743858811026], [127.75924640697517, 37.900743858811026], [127.7592385035356, 37.89849061835608], [127.7592385035356, 37.89849061835608], [127.75923060097716, 37.89623737703494], [127.75923060097716, 37.89623737703494], [127.7592385035356, 37.89849061835607], [127.76208202586427, 37.89848432158189], [127.7620820258643, 37.89848432158189], [127.7649255473022, 37.898477956118086], [127.76491747138628, 37.89622471581776], [127.76491747138628, 37.89622471581776], [127.76490939637074, 37.89397147465121], [127.76490939637074, 37.89397147465121], [127.76490132225538, 37.89171823261844], [127.7620580608245, 37.89172459654281], [127.7620660482805, 37.89397783908869], [127.7620660482805, 37.89397783908869], [127.7620660482805, 37.89397783908869], [127.7620580608245, 37.891724596542815], [127.7620580608245, 37.891724596542815], [127.76205007425897, 37.88947135313076], [127.75920689858744, 37.889477647874564], [127.75921479850318, 37.89173089179418], [127.75921479850318, 37.89173089179418], [127.75922269929973, 37.89398413484763], [127.75637934943805, 37.89399036192794], [127.75638716444627, 37.89624360461733], [127.75638716444627, 37.89624360461733], [127.75639498032581, 37.898496846440565], [127.75639498032581, 37.898496846440565], [127.75640279707682, 37.90075008739765], [127.75640279707682, 37.90075008739765], [127.75641061469936, 37.90300332748852], [127.75641061469936, 37.90300332748852], [127.75641061469936, 37.90300332748852], [127.75356691723115, 37.90300948787647], [127.75357464901735, 37.90526272759782], [127.75073086397909, 37.905268819775976], [127.75073850990961, 37.90752205912229], [127.75358238166565, 37.907515966453], [127.75358238166565, 37.907515966453], [127.7564262525595, 37.90750980507172], [127.75641843319356, 37.905256566713234], [127.75357464901735, 37.90526272759782], [127.75357464901735, 37.90526272759782], [127.75641843319356, 37.905256566713234], [127.75641843319356, 37.905256566713234], [127.75926221649799, 37.905250337122254], [127.75926221649799, 37.905250337122254], [127.75926221649799, 37.905250337122254], [127.75926221649799, 37.905250337122276], [127.75641843319356, 37.905256566713234], [127.7564262525595, 37.90750980507172], [127.7564262525595, 37.907509805071726], [127.75643407279732, 37.90976304256398], [127.75643407279732, 37.90976304256398], [127.7564262525595, 37.907509805071726], [127.75358238166565, 37.907515966453005], [127.75358238166565, 37.907515966453005], [127.75073850990961, 37.90752205912231], [127.75073850990961, 37.90752205912229], [127.74789463730106, 37.90752808307956], [127.7479021973566, 37.90978132204533], [127.7479021973566, 37.90978132204533], [127.74789463730103, 37.90752808307956], [127.74505076384963, 37.90753403832471], [127.74505823717755, 37.90978727777058], [127.74505823717755, 37.90978727777058], [127.74506571133874, 37.91204051635033], [127.74506571133874, 37.91204051635033], [127.74507318633329, 37.91429375406393], [127.74507318633329, 37.91429375406393], [127.74506571133871, 37.91204051635034], [127.74506571133874, 37.91204051635034], [127.74505823717755, 37.90978727777059], [127.74221427616521, 37.90979316477814], [127.74222166358902, 37.91204640383245], [127.74222166358899, 37.91204640383245], [127.74222166358899, 37.912046403832456], [127.74222166358899, 37.912046403832456], [127.74221427616521, 37.90979316477814], [127.73937031432928, 37.909798983067915], [127.73937761501556, 37.912052222591285], [127.73937761501556, 37.912052222591285], [127.73938491651592, 37.91430546124856], [127.73654078038118, 37.91431121174756], [127.73654799593872, 37.91656445000229], [127.73939221883039, 37.91655869903975], [127.73939221883039, 37.91655869903975], [127.7422364409078, 37.91655287934276], [127.7422364409078, 37.91655287934277], [127.73939221883036, 37.916558699039754], [127.73939221883036, 37.916558699039754], [127.73654799593872, 37.9165644500023], [127.73655521230079, 37.91881768739094], [127.73655521230079, 37.91881768739094], [127.73656242946754, 37.92107092391346], [127.73656242946754, 37.92107092391346], [127.73655521230079, 37.91881768739094], [127.73655521230079, 37.91881768739094], [127.7365479959387, 37.9165644500023], [127.73654799593872, 37.9165644500023], [127.73654078038118, 37.91431121174756], [127.73369664344199, 37.91431689351758], [127.73370377224249, 37.91657013223034], [127.73370377224248, 37.91657013223034], [127.73369664344199, 37.91431689351758], [127.730852505708, 37.91432250655857], [127.730852505708, 37.91432250655856], [127.730852505708, 37.91432250655856], [127.73084546444973, 37.9120692665273], [127.7280014126782, 37.91207481039229], [127.7280083671889, 37.914328050870466], [127.7280083671889, 37.914328050870466], [127.7280083671889, 37.914328050870466], [127.72516422789435, 37.91433352645323], [127.72516422789435, 37.91433352645323], [127.72232008783402, 37.91433893330681], [127.72232686960548, 37.916592173796246], [127.72517109642321, 37.91658676650682], [127.72517109642321, 37.91658676650682], [127.72801532247504, 37.916581290482654], [127.72801532247504, 37.91658129048267], [127.72517109642321, 37.916586766506825], [127.72517109642321, 37.91658676650682], [127.72232686960548, 37.916592173796246], [127.72232008783402, 37.91433893330681], [127.71947594701761, 37.91434427143112], [127.71948264203156, 37.91659751235086], [127.71948264203156, 37.91659751235086], [127.71947594701761, 37.91434427143112], [127.71663180545477, 37.91434954082611], [127.71663841371114, 37.91660278217064], [127.71663841371114, 37.91660278217064], [127.71664502270436, 37.918856022649265], [127.71948933779204, 37.91885075240469], [127.71948933779204, 37.918850752404694], [127.7223336521331, 37.91884541341972], [127.72232686960548, 37.91659217379625], [127.72232686960548, 37.91659217379625], [127.7223336521331, 37.91884541341972], [127.7223336521331, 37.91884541341972], [127.7223336521331, 37.918845413419724], [127.71948933779204, 37.918850752404694], [127.71948933779204, 37.918850752404694], [127.71664502270436, 37.918856022649265], [127.71664502270436, 37.918856022649265], [127.71380070687974, 37.9188612241534], [127.71380722983287, 37.92111446418537], [127.71380722983287, 37.92111446418537], [127.71380722983287, 37.92111446418538], [127.71380722983287, 37.92111446418538], [127.71380070687974, 37.9188612241534], [127.71380070687974, 37.9188612241534], [127.71379418465385, 37.916607983255524], [127.71094995486942, 37.91661311560543], [127.71094995486942, 37.91661311560542], [127.7081057243675, 37.91661817922031], [127.70810572436747, 37.91661817922031], [127.70526149315774, 37.91662317410014], [127.70526775508107, 37.918876416222574], [127.70526775508107, 37.918876416222574], [127.7052614931577, 37.91662317410014], [127.7024172612498, 37.91662810024485], [127.7024172612498, 37.91662810024484], [127.7052614931577, 37.91662317410014], [127.70525523193253, 37.914369931111885], [127.70241108678262, 37.91437485685952], [127.70241108678262, 37.91437485685952], [127.70241108678262, 37.91437485685952], [127.70241108678262, 37.91437485685952], [127.70525523193253, 37.91436993111188], [127.7052489714054, 37.91211668725786], [127.7052489714054, 37.91211668725786], [127.70525523193253, 37.91436993111188], [127.70809937638435, 37.914364936634676], [127.70810572436747, 37.91661817922031], [127.71094995486942, 37.916613115605415], [127.71094995486942, 37.91661311560542], [127.71379418465385, 37.91660798325552], [127.71378766315514, 37.91435474149174], [127.71094352012845, 37.914359873427955], [127.71094352012845, 37.91435987342795], [127.71378766315514, 37.914354741491735], [127.71378114238352, 37.9121014988621], [127.71093708610493, 37.91210663038463], [127.71093065279871, 37.90985338647551], [127.71093065279871, 37.90985338647551], [127.71092422020973, 37.907600141700556], [127.71092422020973, 37.907600141700556], [127.71091778833791, 37.90534689605983], [127.70807399152847, 37.905351957634174], [127.70807399152847, 37.905351957634174], [127.7052301940116, 37.905356950501165], [127.7052301940116, 37.90535695050116], [127.7052301940116, 37.90535695050116], [127.7052301940116, 37.90535695050116], [127.70807399152847, 37.905351957634174], [127.7080676470832, 37.90309871071964], [127.71091135718316, 37.90309364955332], [127.71091778833791, 37.90534689605983], [127.71376158443029, 37.90534176577816], [127.71376158443029, 37.90534176577816], [127.71660537979594, 37.905336566789224], [127.71659877522248, 37.9030833211154], [127.71659877522248, 37.903083321115396], [127.71659217138532, 37.90083007457578], [127.71659217138532, 37.90083007457578], [127.71659217138532, 37.90083007457579], [127.71659217138532, 37.90083007457579], [127.71659877522248, 37.903083321115396], [127.71659877522248, 37.903083321115396], [127.71660537979594, 37.905336566789224], [127.71944917442518, 37.90533129909308], [127.71944917442518, 37.905331299093085], [127.72229296830835, 37.905325962689794], [127.72228619031651, 37.903072717870806], [127.71944248314249, 37.903078053843906], [127.71943579260578, 37.90082480772892], [127.71943579260578, 37.90082480772892], [127.71942910281494, 37.89857156074809], [127.71658556828439, 37.89857682717036], [127.71658556828439, 37.898576827170345], [127.71658556828439, 37.898576827170345], [127.71657896591962, 37.89632357889916], [127.71373551733325, 37.89632877621179], [127.71372900237517, 37.894075526655826], [127.71088563973316, 37.89408065486988], [127.71088563973316, 37.894080654869875], [127.70804227637448, 37.894085714404305], [127.708048617991, 37.896338964781684], [127.71089206802047, 37.89633390483932], [127.71089206802047, 37.896333904839324], [127.71373551733325, 37.896328776211796], [127.71373551733325, 37.896328776211796], [127.71089206802047, 37.896333904839324], [127.71089206802047, 37.896333904839324], [127.708048617991, 37.89633896478169], [127.708048617991, 37.89633896478169], [127.70520516725442, 37.89634395603883], [127.7052114228974, 37.89859720595295], [127.7052114228974, 37.89859720595295], [127.70521767923788, 37.90085045500139], [127.70521767923788, 37.90085045500139], [127.70522393627593, 37.903103703184115], [127.70522393627593, 37.903103703184115], [127.70522393627593, 37.903103703184115], [127.70522393627593, 37.903103703184115], [127.70521767923788, 37.90085045500138], [127.70237405443292, 37.90085537836706], [127.7023678847828, 37.89860212892171], [127.69952434598035, 37.898606983199606], [127.69953042894008, 37.90086023303634], [127.69953042894008, 37.90086023303634], [127.69952434598035, 37.898606983199606], [127.69668080649974, 37.89861176878661], [127.69668080649974, 37.89861176878661], [127.69383726635067, 37.89861648568265], [127.69383726635067, 37.898616485682666], [127.69099372554274, 37.89862113388769], [127.69099372554274, 37.89862113388769], [127.69099372554274, 37.89862113388769], [127.69098790330385, 37.89636788204453], [127.68814444852784, 37.8963724611893], [127.68814444852784, 37.8963724611893], [127.69098790330385, 37.89636788204452], [127.69098790330385, 37.89636788204452], [127.69098790330385, 37.89636788204452], [127.69099372554274, 37.89862113388769], [127.69383726635067, 37.89861648568265], [127.69383726635067, 37.89861648568265], [127.69668080649974, 37.89861176878661], [127.69667481089898, 37.89635851769845], [127.69667481089898, 37.89635851769845], [127.69666881596662, 37.894105265744706], [127.69382544916967, 37.89410998188023], [127.69381954156722, 37.891856728680686], [127.69097626077325, 37.89186137576159], [127.69097626077325, 37.8918613757616], [127.68813297933036, 37.89186595416805], [127.68813871360942, 37.89411920811142], [127.68813871360942, 37.89411920811143], [127.68529534486545, 37.894123718207005], [127.68529534486545, 37.89412371820699], [127.68245197549179, 37.894128159622504], [127.68244641453643, 37.89187490495744], [127.67960313120467, 37.89187927734028], [127.6796086054981, 37.89413253235789], [127.6796086054981, 37.89413253235789], [127.6796086054981, 37.89413253235789], [127.67676523489406, 37.8941368364131], [127.67677062312616, 37.896390090912305], [127.67392716524964, 37.8963943266288]], [[127.69957302865343, 37.91663295765437], [127.7024172612498, 37.91662810024484], [127.7024172612498, 37.91662810024484], [127.69957302865343, 37.91663295765437], [127.69957302865343, 37.91663295765437]], [[127.75922269929973, 37.89398413484763], [127.75923060097716, 37.896237377034936], [127.75923060097716, 37.896237377034936], [127.75922269929973, 37.89398413484763], [127.75922269929973, 37.89398413484763]], [[127.75927802954652, 37.90975681196855], [127.75928593739319, 37.91201004809226], [127.75928593739319, 37.91201004809226], [127.75928593739319, 37.91201004809226], [127.75928593739319, 37.91201004809226], [127.75927802954652, 37.90975681196855], [127.75643407279732, 37.90976304256399], [127.75643407279732, 37.90976304256398], [127.75927802954652, 37.90975681196855]], [[127.74507318633329, 37.91429375406394], [127.7422290518365, 37.91429964202068], [127.7422290518365, 37.91429964202067], [127.73938491651592, 37.91430546124856], [127.73938491651592, 37.91430546124856], [127.7422290518365, 37.91429964202067], [127.7422290518365, 37.91429964202067], [127.74507318633329, 37.91429375406393], [127.74507318633329, 37.91429375406394]], [[127.70809302910898, 37.91211169318324], [127.70809302910898, 37.91211169318324], [127.70809937638435, 37.914364936634676], [127.70809937638435, 37.914364936634676], [127.70809302910898, 37.91211169318324]], [[127.68815018408566, 37.89862571340168], [127.68815018408566, 37.89862571340168], [127.688155920283, 37.900878964748486], [127.688155920283, 37.900878964748486], [127.68815018408566, 37.89862571340168], [127.68815018408566, 37.898625713401664], [127.68814444852784, 37.8963724611893], [127.68530099311239, 37.89637697164852], [127.68530664198907, 37.89863022422454], [127.68530664198907, 37.89863022422454], [127.6853122914956, 37.90088347593504], [127.6853122914956, 37.90088347593504], [127.68530664198907, 37.89863022422454], [127.68530664198907, 37.89863022422454], [127.68530099311239, 37.89637697164852], [127.68530099311239, 37.89637697164852], [127.68530099311239, 37.89637697164852], [127.68814444852784, 37.8963724611893], [127.68815018408566, 37.89862571340168]], [[127.72802227853676, 37.91883452922882], [127.72802227853676, 37.91883452922882], [127.72802227853676, 37.91883452922882], [127.73086659057995, 37.918828984023], [127.73086659057995, 37.91882898402301], [127.72802227853676, 37.91883452922882], [127.72802227853676, 37.91883452922882]], [[127.70529907517287, 37.930142613846975], [127.70529907517287, 37.930142613846975], [127.70530534128686, 37.93239585077418], [127.70530534128686, 37.93239585077418], [127.70529907517287, 37.930142613846975]], [[127.70239873991336, 37.9098683674916], [127.70240491300383, 37.91212161260843], [127.70240491300383, 37.91212161260843], [127.70239873991336, 37.9098683674916], [127.69955476756223, 37.9098732237266], [127.69955476756223, 37.9098732237266], [127.69671079453255, 37.909878011242995], [127.69671079453255, 37.909878011242995], [127.69955476756223, 37.90987322372659], [127.69954868188906, 37.90761997735255], [127.69954868188906, 37.90761997735255], [127.69954259689436, 37.90536673011282], [127.69954259689436, 37.90536673011282], [127.70238639579702, 37.90536187466072], [127.70238022477099, 37.90310862694674], [127.70238022477099, 37.90310862694674], [127.70238639579702, 37.90536187466071], [127.70238639579702, 37.90536187466071], [127.70239256751111, 37.90761512150902], [127.70523645244504, 37.907610196952476], [127.70523645244504, 37.90761019695248], [127.70808033668114, 37.90760520368298], [127.70808033668114, 37.90760520368298], [127.70523645244504, 37.90761019695248], [127.70524271157628, 37.90986344253805], [127.70808668254126, 37.909858448866004], [127.70808668254126, 37.90985844886601], [127.70524271157628, 37.909863442538054], [127.7052489714054, 37.91211668725785], [127.7052489714054, 37.91211668725785], [127.70524271157628, 37.909863442538054], [127.70239873991336, 37.9098683674916]], [[127.68531794163205, 37.90313672678001], [127.68531794163205, 37.90313672678001], [127.68531794163205, 37.90313672678001], [127.68531794163205, 37.90313672678001], [127.68531794163205, 37.90313672678001]], [[127.68245753706718, 37.89638141342211], [127.68245753706718, 37.89638141342211], [127.68245197549179, 37.89412815962251], [127.68245197549179, 37.89412815962251], [127.68245753706718, 37.89638141342211]], [[127.66540687288784, 37.90091313073111], [127.66541191611903, 37.9031663839669], [127.665411916119, 37.9031663839669], [127.66540687288784, 37.90091313073111], [127.66540687288784, 37.90091313073111]], [[127.6682505058816, 37.900909100422325], [127.6682505058816, 37.900909100422325], [127.66825563581374, 37.90316235333319], [127.66825563581374, 37.90316235333319], [127.6682505058816, 37.900909100422325]], [[127.67108892225198, 37.89865174797076], [127.67108892225198, 37.89865174797076], [127.67109413830345, 37.900905001416575], [127.67109413830345, 37.900905001416575], [127.67108892225198, 37.89865174797076]], [[127.68246866207832, 37.90088791842491], [127.68246866207832, 37.90088791842491], [127.68247422551424, 37.90314116962803], [127.68247422551424, 37.90314116962803], [127.68246866207832, 37.90088791842491]], [[127.67961955591609, 37.8986390397968], [127.676776011959, 37.89864334454609], [127.676776011959, 37.89864334454609], [127.67961955591609, 37.8986390397968], [127.67961955591609, 37.8986390397968], [127.68246309926266, 37.89863466635626], [127.68246866207832, 37.90088791842491], [127.67962503204079, 37.90089229221803], [127.67961955591609, 37.8986390397968]], [[127.68246309926266, 37.89863466635626], [127.68245753706718, 37.89638141342213], [127.68245753706718, 37.89638141342213], [127.68246309926266, 37.89863466635626], [127.68246309926266, 37.89863466635626]], [[127.67112022728574, 37.912171255663985], [127.67112022728574, 37.912171255663985], [127.6711150083257, 37.90991800654546], [127.6711150083257, 37.90991800654546], [127.67112022728574, 37.912171255663985], [127.67112022728574, 37.912171255663985], [127.6711254468277, 37.91442450391699], [127.6711254468277, 37.91442450391699], [127.67112022728574, 37.912171255663985]], [[127.66825563581374, 37.903162353333194], [127.67109935493646, 37.90315825399698], [127.67109935493646, 37.90315825399698], [127.66825563581374, 37.903162353333194], [127.66825563581374, 37.903162353333194]], [[127.69382544916967, 37.89410998188023], [127.6938313574308, 37.89636323421422], [127.6938313574308, 37.89636323421422], [127.69382544916967, 37.89410998188023], [127.69382544916967, 37.89410998188023]], [[127.69102867261118, 37.91214062676933], [127.69103449939583, 37.91439387255322], [127.6910344993958, 37.91439387255322], [127.69102867261118, 37.91214062676933], [127.69102867261118, 37.91214062676933], [127.69102867261118, 37.91214062676933], [127.69387273370795, 37.912135976315405], [127.69387273370795, 37.91213597631542], [127.69102867261118, 37.91214062676933]], [[127.69386682083396, 37.909882730040735], [127.69386090861917, 37.90762948290038], [127.69386090861917, 37.90762948290038], [127.69386682083396, 37.909882730040735], [127.69386682083396, 37.909882730040735], [127.69386682083396, 37.909882730040735], [127.69386682083396, 37.909882730040735]], [[127.69674079928754, 37.92114423205712], [127.69673479699829, 37.9188909896258], [127.69673479699829, 37.9188909896258], [127.69674079928754, 37.92114423205712], [127.69674079928754, 37.92114423205712]], [[127.69105781303219, 37.92340684703185], [127.69105198364826, 37.92115360471077], [127.69105198364826, 37.92115360471077], [127.69105781303219, 37.92340684703185], [127.69105781303219, 37.92340684703185]], [[127.69105198364826, 37.92115360471076], [127.69105198364826, 37.92115360471076], [127.69104615491429, 37.91890036152395], [127.69104615491429, 37.91890036152395], [127.69105198364826, 37.92115360471076]], [[127.693902307969, 37.92340219470325], [127.69389639179771, 37.92114895275716], [127.69389639179771, 37.92114895275716], [127.693902307969, 37.92340219470325], [127.693902307969, 37.92340219470325]], [[127.69393189872225, 37.93466839144692], [127.6967768270809, 37.93466366846341], [127.69677082077473, 37.93241043122696], [127.69677082077473, 37.93241043122696], [127.6967768270809, 37.93466366846342], [127.69393189872225, 37.93466839144692], [127.69393189872225, 37.93466839144692], [127.69393189872225, 37.93466839144692], [127.69393189872225, 37.93466839144692]], [[127.69677082077473, 37.93241043122696], [127.69676481513825, 37.93015719312464], [127.69676481513825, 37.93015719312464], [127.69677082077473, 37.93241043122696], [127.69677082077473, 37.93241043122696]], [[127.69108113706875, 37.93241980765857], [127.68823629423545, 37.93242439271315], [127.68823629423545, 37.93242439271315], [127.69108113706875, 37.93241980765857], [127.69108113706875, 37.93241980765857]], [[127.68538579242944, 37.93017566940201], [127.68823054907716, 37.93017115348562], [127.68823054907716, 37.93017115348562], [127.68538579242944, 37.93017566940201], [127.68538579242944, 37.93017566940201]], [[127.70238022477099, 37.90310862694673], [127.70237405443292, 37.90085537836706], [127.70237405443292, 37.90085537836706], [127.70238022477099, 37.90310862694673], [127.70238022477099, 37.90310862694673]], [[127.69669279970684, 37.90311826836609], [127.69669279970684, 37.903118268366086], [127.69953651257806, 37.9031134820074], [127.69953651257806, 37.903113482007406], [127.69669279970684, 37.90311826836609]], [[127.69961566162804, 37.932405639850025], [127.70246050180197, 37.93240077969909], [127.70246050180197, 37.9324007796991], [127.69961566162804, 37.93240563985003], [127.69961566162804, 37.932405639850025]], [[127.70816924314272, 37.939150557452884], [127.70816924314272, 37.939150557452884], [127.7053241438215, 37.939155556360205], [127.7053241438215, 37.939155556360205], [127.7053241438215, 37.939155556360205], [127.70816924314272, 37.939150557452884]], [[127.7137420330177, 37.898582024902026], [127.71089849702453, 37.898587153943055], [127.71089849702453, 37.898587153943055], [127.7137420330177, 37.898582024902026], [127.7137420330177, 37.898582024902026]], [[127.70806130334526, 37.900845462939365], [127.70805496031456, 37.89859221429338], [127.70805496031456, 37.89859221429338], [127.70805496031456, 37.89859221429338], [127.70806130334526, 37.900845462939365], [127.70806130334526, 37.900845462939365]], [[127.70809302910901, 37.91211169318324], [127.71093708610493, 37.912106630384635], [127.71093708610493, 37.912106630384635], [127.70809302910901, 37.91211169318324], [127.70809302910901, 37.91211169318324]], [[127.70811842245726, 37.92112466179403], [127.70811842245726, 37.92112466179403], [127.70811207305842, 37.918871420940114], [127.70811207305842, 37.918871420940114], [127.70811842245726, 37.92112466179403]], [[127.71381375351336, 37.923367703351445], [127.71665824290167, 37.92336250100871], [127.71665824290167, 37.92336250100871], [127.71665824290167, 37.92336250100871], [127.71665824290167, 37.92336250100872], [127.71381375351336, 37.92336770335145], [127.71381375351336, 37.923367703351445]], [[127.71098857838552, 37.930132550486604], [127.71098857838552, 37.9301325504866], [127.71098213933833, 37.92787931350454], [127.70813747490206, 37.92788437916058], [127.70814382713338, 37.93013761655094], [127.70814382713338, 37.93013761655094], [127.70813747490206, 37.92788437916058], [127.70813747490206, 37.92788437916058], [127.70813112337899, 37.9256311409043], [127.70813112337899, 37.9256311409043], [127.70813747490206, 37.92788437916058], [127.71098213933833, 37.92787931350454], [127.71098213933833, 37.92787931350455], [127.71098213933833, 37.92787931350455], [127.71098857838552, 37.9301325504866], [127.71098857838552, 37.9301325504866], [127.71099501815075, 37.932385786602694], [127.71099501815075, 37.932385786602694], [127.71098857838552, 37.930132550486604]], [[127.72814762036947, 37.95939267855233], [127.72814762036947, 37.95939267855233], [127.72815459118395, 37.96164590084102], [127.72815459118395, 37.96164590084102], [127.72814762036947, 37.95939267855233]], [[127.72530174408944, 37.95939816296811], [127.72530174408944, 37.95939816296811], [127.72814762036947, 37.95939267855231], [127.72814762036947, 37.95939267855231], [127.72530174408944, 37.95939816296811]], [[127.7281406503323, 37.95713945539727], [127.7281406503323, 37.95713945539727], [127.72813368107234, 37.954886231375916], [127.72813368107234, 37.954886231375916], [127.7281406503323, 37.95713945539727], [127.73098643889385, 37.957133902588915], [127.73098643889385, 37.95713390258892], [127.7281406503323, 37.957139455397275], [127.7281406503323, 37.95713945539727]], [[127.7281267125895, 37.952633006488256], [127.7281267125895, 37.952633006488256], [127.7281267125895, 37.952633006488256], [127.7281267125895, 37.952633006488256], [127.72813368107234, 37.95488623137591], [127.72813368107234, 37.95488623137591], [127.7281267125895, 37.952633006488256]], [[127.72527421631065, 37.950385263382636], [127.72527421631065, 37.95038526338263], [127.72811974488366, 37.9503797807343], [127.72811974488366, 37.9503797807343], [127.72811974488366, 37.9503797807343], [127.72811974488366, 37.95037978073431], [127.72527421631065, 37.950385263382636]], [[127.72526045702504, 37.9458788083924], [127.72526045702504, 37.94587880839239], [127.72810581180265, 37.945873326627634], [127.72810581180265, 37.945873326627634], [127.72526045702504, 37.9458788083924]], [[127.72810581180265, 37.945873326627634], [127.73095116580353, 37.945867776056126], [127.7309441135451, 37.94361454815072], [127.7309441135451, 37.94361454815072], [127.73095116580353, 37.945867776056126], [127.73379651901797, 37.94586215667794], [127.73378937987658, 37.94360892922537], [127.73378937987658, 37.94360892922537], [127.73379651901797, 37.94586215667794], [127.7366418714363, 37.94585646849313], [127.7366418714363, 37.94585646849313], [127.73379651901797, 37.94586215667794], [127.73095116580353, 37.945867776056126], [127.73095821884836, 37.948121003095274], [127.73095821884836, 37.948121003095274], [127.73095116580353, 37.945867776056126], [127.72810581180265, 37.945873326627634], [127.72810581180265, 37.945873326627634]], [[127.71958315687269, 37.950396022225604], [127.71958315687269, 37.950396022225604], [127.71958315687269, 37.9503960222256], [127.71958315687269, 37.9503960222256], [127.71958315687269, 37.950396022225604]], [[127.71673100670883, 37.948148070066], [127.71673762602707, 37.950401298420104], [127.71673762602707, 37.950401298420104], [127.71673100670883, 37.948148070066], [127.71673100670883, 37.948148070066], [127.71673100670883, 37.948148070066], [127.71673100670883, 37.948148070066]], [[127.71961669919742, 37.961662148877274], [127.71960998923625, 37.959408925279426], [127.71960998923625, 37.959408925279426], [127.71961669919742, 37.961662148877274], [127.71961669919742, 37.961662148877274]], [[127.72803619298715, 37.92334100412304], [127.73088067859317, 37.92333545802322], [127.73088067859317, 37.92333545802322], [127.73372516341368, 37.92332984317214], [127.73372516341368, 37.92332984317215], [127.73088067859317, 37.92333545802322], [127.73088067859317, 37.92333545802322], [127.72803619298715, 37.92334100412304], [127.72803619298715, 37.92334100412304]], [[127.75090693624875, 37.95709310557035], [127.75091460181292, 37.959346324990484], [127.75091460181292, 37.959346324990484], [127.75090693624873, 37.95709310557035], [127.75090693624873, 37.95709310557035], [127.75089927153931, 37.95483988528366], [127.74805357562046, 37.954845919445376], [127.74805357562046, 37.954845919445376], [127.74805357562046, 37.954845919445376], [127.74804599868682, 37.95259269780595], [127.74520038884425, 37.95259866265848], [127.74520038884425, 37.95259866265848], [127.74520038884425, 37.95259866265848], [127.74804599868682, 37.95259269780595], [127.74805357562046, 37.954845919445376], [127.75089927153931, 37.95483988528366], [127.75089927153931, 37.95483988528366], [127.75374496660353, 37.954833782293505], [127.75374496660353, 37.954833782293505], [127.75374496660353, 37.954833782293505], [127.75374496660353, 37.954833782293505], [127.75089927153931, 37.95483988528366], [127.75090693624875, 37.95709310557034], [127.75375271824369, 37.95708700208841], [127.75375271824369, 37.95708700208841], [127.75659849937418, 37.95708082977254], [127.75659849937418, 37.95708082977254], [127.75659849937418, 37.95708082977254], [127.75659849937418, 37.95708082977255], [127.75375271824369, 37.95708700208841], [127.7537604707483, 37.95934022101672], [127.7537604707483, 37.95934022101672], [127.7537604707483, 37.95934022101672], [127.7537604707483, 37.95934022101672], [127.75375271824369, 37.95708700208841], [127.75090693624875, 37.95709310557035]], [[127.74803842259806, 37.950339475300055], [127.74803842259806, 37.950339475300055], [127.74804599868682, 37.95259269780595], [127.74804599868682, 37.95259269780595], [127.74803842259806, 37.950339475300055]], [[127.74803084735406, 37.948086251927705], [127.74803084735406, 37.948086251927705], [127.74803084735406, 37.9480862519277], [127.75087628253854, 37.948080219224565], [127.75087628253854, 37.948080219224565], [127.75372171686871, 37.948074117709616], [127.7537139686853, 37.94582089444862], [127.7537139686853, 37.94582089444862], [127.75372171686871, 37.948074117709616], [127.75656715033483, 37.94806794738295], [127.75656715033483, 37.94806794738295], [127.75372171686871, 37.948074117709616], [127.75372171686871, 37.94807411770962], [127.75087628253854, 37.948080219224565], [127.75087628253854, 37.948080219224565], [127.74803084735406, 37.948086251927705], [127.74803842259806, 37.950339475300055], [127.74803842259806, 37.950339475300055], [127.74803084735406, 37.948086251927705]], [[127.74236958517415, 37.957111003012], [127.74236958517415, 37.957111003012], [127.74237698991642, 37.95936422387433], [127.74522286138729, 37.95935832641934], [127.74522286138729, 37.95935832641934], [127.74806873202269, 37.95935236012471], [127.74806873202269, 37.95935236012472], [127.74522286138729, 37.959358326419355], [127.74237698991642, 37.95936422387434], [127.74237698991642, 37.95936422387433], [127.74236958517415, 37.957111003012]], [[127.74806873202269, 37.95935236012472], [127.74807631149149, 37.96160557916458], [127.74807631149149, 37.96160557916458], [127.74806873202269, 37.95935236012472], [127.74806873202269, 37.95935236012472]], [[127.74521536970427, 37.957105106032195], [127.74806115339902, 37.9570991402183], [127.74806115339902, 37.9570991402183], [127.74521536970427, 37.957105106032195], [127.74521536970427, 37.957105106032195], [127.74521536970427, 37.957105106032195], [127.74520787885662, 37.95485188477857], [127.74520787885662, 37.95485188477857], [127.74521536970427, 37.957105106032195]], [[127.7423547781665, 37.952604558688016], [127.7423547781665, 37.952604558688016], [127.74236218125755, 37.95485778128323], [127.74236218125755, 37.95485778128323], [127.7423547781665, 37.952604558688016], [127.7423547781665, 37.952604558688016]], [[127.74518541132488, 37.94809221581898], [127.74518541132488, 37.94809221581898], [127.74519289966703, 37.95034543967194], [127.74519289966703, 37.95034543967194], [127.74518541132488, 37.94809221581899], [127.74518541132488, 37.94809221581899], [127.74518541132488, 37.94809221581898]], [[127.74233997446076, 37.94809811089833], [127.74233257384586, 37.945844885703906], [127.73948722304881, 37.94585071150177], [127.73948722304881, 37.94585071150177], [127.74233257384586, 37.9458448857039], [127.74232517405613, 37.943591659643104], [127.74232517405613, 37.943591659643104], [127.74233257384586, 37.9458448857039], [127.7451779238177, 37.94583899109959], [127.7451779238177, 37.94583899109959], [127.74802327295468, 37.94583302768889], [127.74802327295468, 37.945833027688906], [127.7451779238177, 37.9458389910996], [127.7451779238177, 37.9458389910996], [127.74233257384586, 37.94584488570391], [127.74233997446076, 37.94809811089833], [127.74233997446076, 37.94809811089833], [127.74233997446076, 37.94809811089833], [127.74233997446076, 37.94809811089833]], [[127.7394799101418, 37.9435974849715], [127.73947991014177, 37.9435974849715], [127.73947991014177, 37.9435974849715], [127.73663464541204, 37.943603241498955], [127.73663464541204, 37.94360324149895], [127.73947991014177, 37.94359748497149], [127.73947259805014, 37.941344257574904], [127.73662742019347, 37.941350013638456], [127.73662742019347, 37.941350013638456], [127.73947259805014, 37.941344257574904], [127.7394652867738, 37.939091029312], [127.7394652867738, 37.939091029312], [127.73947259805014, 37.941344257574904], [127.74231777509151, 37.94133843271594], [127.74231777509151, 37.94133843271594], [127.74231777509151, 37.94133843271594], [127.74232517405613, 37.9435916596431], [127.74517043714542, 37.943585765513795], [127.74517043714542, 37.943585765513795], [127.74801569939991, 37.943579802583656], [127.74801569939991, 37.94357980258366], [127.74517043714542, 37.943585765513795], [127.74517043714542, 37.943585765513795], [127.74232517405613, 37.9435916596431], [127.74231777509151, 37.941338432715945], [127.73947259805014, 37.94134425757491], [127.7394799101418, 37.9435974849715]], [[127.73662742019347, 37.941350013638456], [127.73662019578053, 37.93909678491168], [127.73662019578053, 37.93909678491168], [127.73662019578053, 37.93909678491168], [127.73662742019347, 37.941350013638456], [127.73662742019347, 37.941350013638456]], [[127.74797784429077, 37.932313664061674], [127.74797784429077, 37.932313664061674], [127.74797027580122, 37.93006043375824], [127.74797027580122, 37.93006043375824], [127.74797784429077, 37.932313664061674], [127.74797784429077, 37.93231366406168], [127.74798541362428, 37.9345668934988], [127.74798541362428, 37.9345668934988], [127.74798541362428, 37.9345668934988], [127.74514049880287, 37.93457285450699], [127.74514049880287, 37.93457285450699], [127.74798541362428, 37.9345668934988], [127.74797784429077, 37.932313664061674]], [[127.73944335783555, 37.932331339325614], [127.73943604981945, 37.930078107597666], [127.74228079264107, 37.930072285085465], [127.7422807926411, 37.930072285085465], [127.7422807926411, 37.930072285085465], [127.74228818748179, 37.93232551634413], [127.7451330163034, 37.932319624589454], [127.7451330163034, 37.932319624589454], [127.74228818748179, 37.93232551634413], [127.74228818748179, 37.93232551634413], [127.73944335783555, 37.932331339325614]], [[127.74511057381031, 37.925559929639164], [127.74226600543307, 37.9255658199694], [127.74227339862487, 37.92781905296055], [127.74227339862487, 37.92781905296055], [127.74226600543307, 37.9255658199694], [127.73942143623154, 37.92557164154307], [127.73942143623154, 37.92557164154307], [127.74226600543307, 37.92556581996939], [127.74225861306554, 37.92331258611201], [127.73941413065954, 37.923318407216485], [127.73941413065954, 37.92331840721649], [127.73656964743904, 37.92332415956988], [127.73656964743904, 37.923324159569866], [127.73941413065954, 37.923318407216485], [127.7394068259021, 37.921065172023724], [127.73656242946754, 37.92107092391347], [127.73656242946754, 37.92107092391346], [127.7394068259021, 37.92106517202371], [127.73939952195909, 37.91881193596481], [127.73939952195909, 37.91881193596481], [127.73939952195909, 37.91881193596481], [127.73939952195909, 37.91881193596481], [127.7394068259021, 37.921065172023724], [127.7394068259021, 37.921065172023724], [127.73941413065954, 37.923318407216485], [127.74225861306554, 37.92331258611201], [127.74225122152224, 37.92105935138844], [127.74225122152224, 37.92105935138844], [127.74225861306554, 37.923312586112004], [127.74510309464735, 37.92330669625654], [127.74510309464735, 37.92330669625654], [127.74225861306554, 37.923312586112004], [127.74226600543307, 37.925565819969385], [127.74511057381031, 37.92555992963916], [127.74510309464735, 37.92330669625654], [127.74794757539526, 37.92330073765012], [127.74794757539526, 37.92330073765012], [127.74510309464735, 37.92330669625654], [127.74511057381031, 37.925559929639164], [127.74795514135357, 37.925553970552436], [127.74795514135357, 37.92555397055244], [127.74795514135357, 37.92555397055244], [127.74796270815551, 37.92780720258848], [127.74796270815551, 37.92780720258848], [127.74796270815551, 37.927807202588475], [127.74796270815551, 37.927807202588475], [127.74795514135357, 37.92555397055244], [127.74511057381031, 37.925559929639164], [127.74511805380723, 37.927813162155545], [127.74511805380723, 37.927813162155545], [127.74512553463825, 37.93006639380564], [127.74512553463825, 37.93006639380564], [127.74512553463825, 37.93006639380564], [127.74511805380723, 37.92781316215554], [127.74511805380723, 37.92781316215554], [127.74511057381031, 37.925559929639164]], [[127.74224383080302, 37.91880611579869], [127.74224383080302, 37.91880611579869], [127.7422364409078, 37.91655287934277], [127.74508066216134, 37.91654699091138], [127.74508066216134, 37.91654699091138], [127.7422364409078, 37.91655287934277], [127.74224383080302, 37.91880611579869], [127.74224383080302, 37.91880611579869]], [[127.73371090183787, 37.918823370077035], [127.73086659057995, 37.918828984023015], [127.73086659057995, 37.918828984023015], [127.73371090183787, 37.918823370077035], [127.73370377224248, 37.91657013223034], [127.73370377224248, 37.91657013223034], [127.73371090183787, 37.918823370077035], [127.73371090183787, 37.918823370077035], [127.73371090183787, 37.918823370077035]], [[127.73085954775136, 37.9165757457238], [127.73085954775136, 37.9165757457238], [127.73085954775136, 37.91657574572381], [127.73085954775136, 37.91657574572381], [127.73085954775136, 37.9165757457238]], [[127.73945066666661, 37.93458457018736], [127.73944335783555, 37.93233133932562], [127.73659852737444, 37.932337093533874], [127.73659852737444, 37.93233709353387], [127.73944335783555, 37.932331339325614], [127.73945066666661, 37.93458457018735], [127.74229558314708, 37.93457874673653], [127.74229558314708, 37.93457874673653], [127.74229558314708, 37.93457874673653], [127.73945066666661, 37.93458457018736], [127.73945797631264, 37.93683780018282], [127.73945797631264, 37.93683780018282], [127.73945066666661, 37.93458457018736], [127.73660574937111, 37.93459032485938], [127.7366129721731, 37.93684355531865], [127.7366129721731, 37.93684355531865], [127.73660574937111, 37.93459032485938], [127.73660574937111, 37.93459032485938], [127.73660574937112, 37.93459032485938], [127.73945066666661, 37.93458457018736]], [[127.73667801364658, 37.95712259046904], [127.73667801364658, 37.95712259046904], [127.73667801364658, 37.95712259046904], [127.73667078359232, 37.95486936780659], [127.73667078359232, 37.95486936780659], [127.73667801364658, 37.95712259046904], [127.73667801364658, 37.95712259046904]], [[127.73381794121917, 37.952621833837874], [127.73097232729769, 37.952627454574724], [127.73097232729769, 37.95262745457472], [127.73097232729769, 37.95262745457472], [127.73097232729769, 37.95262745457472], [127.73381794121917, 37.95262183383786], [127.73381079968918, 37.9503686089842], [127.73381079968918, 37.9503686089842], [127.73380365895545, 37.94811538326423], [127.73380365895545, 37.94811538326423], [127.73380365895548, 37.94811538326423], [127.73381079968918, 37.9503686089842], [127.73665632590233, 37.95036291988256], [127.73664909826637, 37.94810969462101], [127.73664909826637, 37.94810969462101], [127.73665632590233, 37.95036291988256], [127.73950185130948, 37.950357161963254], [127.73950185130948, 37.950357161963254], [127.74234737590093, 37.95035133522636], [127.74234737590093, 37.950351335226365], [127.74234737590093, 37.950351335226365], [127.73950185130948, 37.95035716196326], [127.73950185130948, 37.95035716196326], [127.73665632590233, 37.95036291988256], [127.73666355434428, 37.95261614427776], [127.73666355434428, 37.95261614427776], [127.73667078359232, 37.95486936780659], [127.73667078359232, 37.95486936780659], [127.73666355434428, 37.95261614427776], [127.73381794121917, 37.95262183383786], [127.73381794121917, 37.952621833837874]], [[127.73664909826637, 37.94810969462101], [127.7366418714363, 37.94585646849315], [127.7366418714363, 37.94585646849315], [127.73664909826637, 37.94810969462101], [127.73664909826637, 37.94810969462101]], [[127.73095821884836, 37.948121003095274], [127.73095821884836, 37.948121003095274], [127.73096527267971, 37.95037422926813], [127.73096527267971, 37.95037422926813], [127.73095821884836, 37.948121003095274]], [[127.7310005536376, 37.96164034713774], [127.7310005536376, 37.96164034713774], [127.73099349587224, 37.959387125296516], [127.73099349587224, 37.959387125296516], [127.7310005536376, 37.96164034713774]], [[127.73097938270237, 37.95488067901498], [127.73097938270237, 37.95488067901498], [127.73097938270237, 37.95488067901498], [127.73097938270237, 37.95488067901498], [127.73097938270237, 37.95488067901498]], [[127.73098643889385, 37.95713390258892], [127.73098643889385, 37.95713390258892], [127.73099349587224, 37.959387125296516], [127.73099349587224, 37.959387125296516], [127.73098643889385, 37.95713390258892]], [[127.73942874261812, 37.92782487500347], [127.73942874261812, 37.92782487500347], [127.73942143623154, 37.92557164154307], [127.73942143623154, 37.92557164154307], [127.73942874261812, 37.92782487500347]], [[127.73659130618299, 37.93008386134215], [127.73659130618299, 37.93008386134215], [127.73659130618299, 37.93008386134215], [127.73659130618299, 37.93008386134215], [127.73659130618299, 37.93008386134215]], [[127.73943604981945, 37.930078107597645], [127.73942874261812, 37.92782487500347], [127.73942874261814, 37.927824875003466], [127.73943604981945, 37.930078107597645], [127.73943604981945, 37.930078107597645]], [[127.7394652867738, 37.939091029312], [127.73945797631264, 37.93683780018282], [127.73945797631264, 37.93683780018282], [127.7394652867738, 37.939091029312], [127.7394652867738, 37.939091029312]], [[127.73951648283287, 37.954863608959236], [127.73951648283287, 37.954863608959236], [127.7395091666633, 37.95261038589445], [127.7395091666633, 37.95261038589445], [127.7395091666633, 37.95261038589445], [127.73951648283287, 37.954863608959236], [127.73951648283287, 37.954863608959236], [127.73951648283287, 37.954863608959236]], [[127.74236958517415, 37.957111003011995], [127.74236958517415, 37.957111003012], [127.73952379981834, 37.95711683115765], [127.73952379981834, 37.95711683115764], [127.73952379981834, 37.95711683115764], [127.73952379981834, 37.95711683115764], [127.74236958517415, 37.957111003011995]], [[127.75359784954892, 37.91202244156472], [127.75359011517614, 37.90976920444198], [127.75359011517614, 37.90976920444198], [127.75359784954892, 37.91202244156472], [127.75359784954892, 37.91202244156472]], [[127.74794001028052, 37.92104750388154], [127.74794001028052, 37.92104750388154], [127.74793244600922, 37.91879426924672], [127.74793244600922, 37.91879426924672], [127.74794001028052, 37.92104750388154]], [[127.74801569939991, 37.943579802583656], [127.74801569939991, 37.943579802583656], [127.75086096080993, 37.94357377085276], [127.75086096080993, 37.94357377085276], [127.74801569939991, 37.943579802583656]], [[127.76209800701116, 37.902990800610205], [127.76210599892103, 37.90524403882498], [127.76210599892103, 37.90524403882498], [127.76209800701116, 37.902990800610205], [127.76209800701116, 37.902990800610205]], [[127.75942842951162, 37.95256815016691], [127.75942842951162, 37.95256815016691], [127.76227403503297, 37.95256184120025], [127.76227403503297, 37.95256184120025], [127.76227403503297, 37.95256184120025], [127.76227403503297, 37.95256184120025], [127.75942842951162, 37.95256815016692], [127.75943635412922, 37.95482136982818], [127.75943635412922, 37.95482136982818], [127.75944427963053, 37.95707458862283], [127.75944427963053, 37.95707458862283], [127.75943635412922, 37.954821369828174], [127.75943635412922, 37.954821369828174], [127.75942842951162, 37.95256815016691]], [[127.75657498628381, 37.95032116928019], [127.75657498628381, 37.95032116928019], [127.75942050577764, 37.95031492963904], [127.75941258292721, 37.9480617082446], [127.75941258292721, 37.9480617082446], [127.75942050577764, 37.950314929639035], [127.76226602438798, 37.950308621180746], [127.76225801463619, 37.94805540029465], [127.76225801463619, 37.94805540029465], [127.76226602438798, 37.95030862118075], [127.76511154210509, 37.95030224390538], [127.76511154210509, 37.95030224390538], [127.76511154210509, 37.95030224390538], [127.76511963966102, 37.95255546341095], [127.76511963966102, 37.95255546341095], [127.76511154210509, 37.95030224390538], [127.76226602438798, 37.95030862118075], [127.76226602438798, 37.95030862118075], [127.75942050577764, 37.95031492963904], [127.75942050577764, 37.95031492963904], [127.75657498628381, 37.95032116928019]], [[127.75940466096017, 37.94580848598359], [127.75941258292721, 37.948061708244595], [127.75941258292721, 37.948061708244595], [127.75940466096017, 37.94580848598359], [127.7622500057775, 37.945802178541946], [127.7622500057775, 37.945802178541946], [127.75940466096017, 37.94580848598359]], [[127.75658282310663, 37.95257439031088], [127.75658282310663, 37.95257439031088], [127.75657498628381, 37.95032116928019], [127.75657498628381, 37.95032116928019], [127.75658282310663, 37.95257439031088]], [[127.76510344545204, 37.94804902353315], [127.76225801463619, 37.94805540029465], [127.76225801463619, 37.94805540029464], [127.76510344545204, 37.94804902353315], [127.76510344545204, 37.94804902353315]], [[127.77358960787265, 37.93451014939584], [127.7764345138178, 37.93450350060459], [127.7764345138178, 37.93450350060459], [127.77927941882207, 37.9344967830354], [127.77927941882207, 37.93449678303541], [127.7764345138178, 37.9345035006046], [127.7764345138178, 37.9345035006046], [127.77358960787265, 37.93451014939585], [127.77358960787265, 37.93451014939584]], [[127.77933058579566, 37.948016107554956], [127.77933058579566, 37.948016107554956], [127.77933058579566, 37.948016107554956], [127.77933058579566, 37.948016107554956], [127.77933058579566, 37.948016107554956]], [[127.77927089432079, 37.932243559248654], [127.77927089432079, 37.93224355924865], [127.78211571154169, 37.93223677344852], [127.78211571154169, 37.93223677344853], [127.78211571154169, 37.93223677344853], [127.78211571154169, 37.93223677344853], [127.77927089432079, 37.932243559248654]], [[127.77929647067647, 37.939003228008836], [127.7792964706765, 37.939003228008836], [127.77930499802983, 37.94125644919548], [127.77930499802983, 37.94125644919548], [127.77930499802983, 37.94125644919548], [127.77930499802983, 37.94125644919548], [127.77929647067647, 37.939003228008836]], [[127.7620900159923, 37.900737561529176], [127.7620900159923, 37.900737561529176], [127.76209800701116, 37.9029908006102], [127.76209800701116, 37.9029908006102], [127.7620900159923, 37.90073756152917], [127.7620900159923, 37.90073756152917], [127.7620900159923, 37.900737561529176]]], [[[127.68248535424705, 37.90764766943771], [127.68532924379494, 37.90764322587328], [127.68532359239846, 37.90538997675942], [127.68247978957044, 37.905394419965646], [127.68248535424705, 37.90764766943771]]], [[[127.66258306876855, 37.909930101371316], [127.66542704918668, 37.90992613848184], [127.66542200426836, 37.9076728878423], [127.66257811058027, 37.90767685041232], [127.66258306876855, 37.909930101371316]]], [[[127.67681375061652, 37.914416095748855], [127.67681375061652, 37.914416095748855], [127.67396959901795, 37.91442033419797], [127.67397490590074, 37.91667358124933], [127.67397490590074, 37.91667358124933], [127.67397490590074, 37.91667358124933], [127.67113066695167, 37.916677751304476], [127.67113066695167, 37.916677751304476], [127.66828642742051, 37.916681852623945], [127.66829156135796, 37.91893509947649], [127.67113588765768, 37.91893099782642], [127.67114110894583, 37.92118424348278], [127.67398552144161, 37.92118007275531], [127.67398552144161, 37.92118007275531], [127.67682993334553, 37.921175833281104], [127.67682993334553, 37.92117583328111], [127.67398552144164, 37.92118007275532], [127.67399083009985, 37.92343331720993], [127.67683532879154, 37.92342907739399], [127.67683532879157, 37.92342907739399], [127.67967982688165, 37.92342476882583], [127.67967982688165, 37.923424768825825], [127.68252432436043, 37.92342039150548], [127.68251875533902, 37.92116714809271], [127.67967434464789, 37.92117152506023], [127.67967434464789, 37.92117152506024], [127.67967434464789, 37.92117152506024], [127.67966886302538, 37.918918280429004], [127.67682453850107, 37.91892258830263], [127.67681914425809, 37.91666934245854], [127.67681914425809, 37.91666934245854], [127.67681914425809, 37.91666934245855], [127.67966338201401, 37.916665034932144], [127.67966338201401, 37.916665034932144], [127.68250761915887, 37.91666065867018], [127.68250205199995, 37.91440741266046], [127.67965790161374, 37.914411788569666], [127.67965790161374, 37.91441178856967], [127.67681375061652, 37.914416095748855]]], [[[127.66828642742051, 37.916681852623945], [127.66828129405548, 37.914428604905865], [127.66543714071092, 37.914432637164545], [127.66544218731697, 37.91668588520768], [127.66828642742051, 37.916681852623945]]], [[[127.68536882121823, 37.92341594543301], [127.68536882121823, 37.92341594543302], [127.68821331744536, 37.92341143060845], [127.68820757484887, 37.92115818791793], [127.68536316540926, 37.921162702378595], [127.68535751023084, 37.918909458458494], [127.68251318693854, 37.91891390381427], [127.68251875533902, 37.92116714809271], [127.68251875533902, 37.92116714809271], [127.68252432436043, 37.92342039150548], [127.68536882121823, 37.92341594543301]]], [[[127.67399613935002, 37.92568656079891], [127.67399083009985, 37.92343331720992], [127.67114633081619, 37.923437488273585], [127.6711515532688, 37.92569073219879], [127.67399613935002, 37.92568656079891]]], [[[127.68252989400283, 37.9256736340526], [127.68252432436043, 37.92342039150549], [127.67967982688165, 37.92342476882583], [127.6796853097267, 37.925678011725765], [127.6796853097267, 37.925678011725765], [127.67969079318313, 37.927931253760036], [127.68253546426625, 37.92792687573401], [127.6825298940028, 37.9256736340526], [127.68252989400283, 37.9256736340526]]], [[[127.67400144919222, 37.92793980352227], [127.67400144919222, 37.92793980352227], [127.67115677630377, 37.92794397525838], [127.67116199992115, 37.930197217452346], [127.6740067596265, 37.93019304537998], [127.6740067596265, 37.93019304537998], [127.67685151873968, 37.930188804538716], [127.67684612148855, 37.927935563022814], [127.67400144919222, 37.92793980352227]]], [[[127.6797072472214, 37.93469097466861], [127.6797072472214, 37.93469097466861], [127.67971273312406, 37.936944213240004], [127.68255775153203, 37.93693983380233], [127.68255775153203, 37.93693983380233], [127.68540276931859, 37.936935385579254], [127.68539710972452, 37.93468214771928], [127.68255217878362, 37.93468659558387], [127.6825466066566, 37.93243335649966], [127.6797017619304, 37.932437735231474], [127.6797072472214, 37.93469097466861]]], [[[127.67971821963845, 37.93919745094565], [127.67971821963845, 37.93919745094565], [127.68256332490184, 37.939193071155], [127.68255775153203, 37.936939833802334], [127.67971273312406, 37.93694421324001], [127.67971273312406, 37.93694421324001], [127.6797072472214, 37.93469097466861], [127.67686231504749, 37.93469528497346], [127.67686231504749, 37.93469528497346], [127.67401738227161, 37.93469952649836], [127.67402269448259, 37.93695276575903], [127.67686771410435, 37.93694852389226], [127.67687311376325, 37.93920176194532], [127.67971821963845, 37.93919745094565]]], [[[127.67402800728591, 37.93920600415396], [127.67402269448259, 37.93695276575903], [127.67117767426842, 37.93695693884027], [127.67118290021615, 37.93921017757154], [127.67402800728591, 37.93920600415396]]], [[[127.67687311376325, 37.93920176194532], [127.67686771410435, 37.93694852389226], [127.67402269448259, 37.93695276575903], [127.67402800728591, 37.93920600415397], [127.67687311376325, 37.93920176194532]]], [[[127.69373100651784, 37.85805782683327], [127.69372510944349, 37.85580455978725], [127.69088321392283, 37.85580920087619], [127.69088321392283, 37.85580920087619], [127.6880413177545, 37.855813773379225], [127.6880413177545, 37.85581377337922], [127.68519942094808, 37.855818277296315], [127.68520505850057, 37.85807154544872], [127.68804704181433, 37.858067041168354], [127.68804704181433, 37.85806704116836], [127.69088902448996, 37.85806246829653], [127.69088902448996, 37.85806246829653], [127.69373100651784, 37.85805782683327]]], [[[127.69090064756764, 37.862569000541434], [127.69089483570488, 37.86031573485162], [127.69089483570488, 37.86031573485162], [127.69088902448996, 37.85806246829653], [127.68804704181433, 37.85806704116836], [127.68804704181433, 37.85806704116836], [127.68520505850057, 37.85807154544872], [127.68520505850057, 37.85807154544872], [127.68236307455831, 37.858075981137546], [127.68236862622219, 37.8603292487825], [127.68521069668154, 37.86032481273592], [127.68521069668154, 37.86032481273592], [127.68805276651231, 37.86032030809227], [127.68805276651231, 37.86032030809227], [127.68805276651231, 37.86032030809227], [127.68805849184851, 37.86257357415093], [127.69090064756764, 37.862569000541434]]], [[[127.69941496859167, 37.85804833813267], [127.69940889850311, 37.8557950718519], [127.69656700430679, 37.85579985011248], [127.69657298788827, 37.858053116778635], [127.69373100651784, 37.85805782683327], [127.69373100651784, 37.85805782683327], [127.69088902448996, 37.85806246829653], [127.69089483570488, 37.86031573485162], [127.69373690424962, 37.860311093014], [127.69373690424962, 37.860311093014], [127.69657897213682, 37.86030638257948], [127.69657298788827, 37.85805311677864], [127.69941496859167, 37.85804833813267]]], [[[127.68806994443581, 37.867080103672414], [127.69091227323706, 37.86707552932518], [127.69091227323706, 37.86707552932518], [127.69375460139022, 37.867070886364374], [127.6937487016857, 37.86481762277956], [127.6937487016857, 37.86481762277956], [127.69374280263888, 37.86256435832946], [127.69374280263888, 37.86256435832946], [127.69373690424962, 37.860311093014], [127.69089483570488, 37.86031573485163], [127.69090064756767, 37.862569000541434], [127.69090064756764, 37.862569000541434], [127.69090064756764, 37.86256900054144], [127.68805849184851, 37.86257357415093], [127.68806421782298, 37.86482683934431], [127.68806421782298, 37.86482683934431], [127.68806994443581, 37.867080103672414]], [[127.69090646007834, 37.864822265365966], [127.69090646007834, 37.86482226536595], [127.69090646007834, 37.86482226536595], [127.69090646007834, 37.864822265365966], [127.69090646007834, 37.864822265365966]]], [[[127.69092390149879, 37.87158205464764], [127.6937664027725, 37.87157741093792], [127.69376050175245, 37.86932414908384], [127.69376050175245, 37.86932414908384], [127.69375460139022, 37.86707088636438], [127.69091227323706, 37.86707552932518], [127.69091808704385, 37.86932879241908], [127.69091808704383, 37.86932879241908], [127.69091227323705, 37.86707552932518], [127.68806994443581, 37.86708010367242], [127.68807567168706, 37.86933336713523], [127.69091808704383, 37.86932879241908], [127.69092390149879, 37.87158205464764]]], [[[127.69091808704383, 37.86932879241909], [127.68807567168706, 37.86933336713524], [127.68808139957684, 37.87158662973273], [127.68808139957684, 37.87158662973273], [127.68808712810522, 37.873839891464876], [127.68808712810522, 37.873839891464876], [127.68809285727224, 37.87609315233168], [127.68809285727224, 37.87609315233168], [127.68809858707802, 37.87834641233311], [127.69094134875337, 37.8783418361411], [127.69094134875337, 37.878341836141104], [127.68809858707802, 37.87834641233311], [127.68810431752259, 37.88059967146916], [127.69094716580173, 37.88059509490813], [127.69095298349865, 37.88284835280973], [127.69095880184416, 37.88510160984588], [127.69380182271114, 37.88509696388893], [127.69380182271114, 37.88509696388893], [127.69380182271114, 37.88509696388893], [127.69380772833803, 37.887350219685025], [127.69665083517924, 37.88734550469011], [127.69665083517924, 37.88734550469011], [127.69665083517924, 37.88734550469012], [127.69380772833806, 37.887350219685025], [127.69381363462338, 37.88960347461561], [127.69665682810685, 37.88959875924052], [127.69666282170262, 37.891852012925405], [127.69950610116973, 37.89184722849576], [127.69950610116973, 37.89184722849576], [127.69951218209525, 37.8941004809293], [127.70235554754586, 37.89409562743407], [127.70235554754586, 37.894095627434076], [127.70519891230884, 37.89409070525906], [127.70519265806057, 37.89183745361365], [127.70519265806057, 37.89183745361365], [127.70519891230884, 37.89409070525905], [127.70519891230884, 37.89409070525906], [127.70520516725442, 37.89634395603883], [127.708048617991, 37.896338964781684], [127.70804227637448, 37.894085714404305], [127.70804227637448, 37.894085714404305], [127.70803593546498, 37.89183246316128], [127.70803593546498, 37.89183246316128], [127.70802959526235, 37.88957921105258], [127.70518640450955, 37.889584201102615], [127.70518640450955, 37.88958420110261], [127.70234321305958, 37.88958912248397], [127.69950002092213, 37.889593975196625], [127.69950002092213, 37.889593975196625], [127.69665682810685, 37.88959875924052], [127.69665682810685, 37.88959875924052], [127.69950002092213, 37.88959397519662], [127.69950002092213, 37.88959397519662], [127.70234321305958, 37.88958912248396], [127.70233704684772, 37.88733586871052], [127.69949394135236, 37.88734072103193], [127.69949394135236, 37.88734072103193], [127.69949394135236, 37.88734072103193], [127.69948786246036, 37.88508746600169], [127.69948786246036, 37.88508746600169], [127.69948178424602, 37.882834210105926], [127.69948178424602, 37.882834210105926], [127.69947570670925, 37.88058095334467], [127.69663286040473, 37.88058573584584], [127.69663286040473, 37.880585735845834], [127.69663286040473, 37.880585735845834], [127.69662687014903, 37.878332477833446], [127.69378410978025, 37.87833719130786], [127.69379001343232, 37.880590449700335], [127.69379001343232, 37.880590449700335], [127.69378410978025, 37.87833719130786], [127.69094134875337, 37.8783418361411], [127.69094134875337, 37.8783418361411], [127.69378410978028, 37.87833719130786], [127.69377820678633, 37.87608393204995], [127.69093553235349, 37.87608857650866], [127.69092971660197, 37.87383531601083], [127.69377230445043, 37.87383067192664], [127.69377230445043, 37.87383067192664], [127.69377230445043, 37.87383067192664], [127.69377820678633, 37.87608393204995], [127.69662088056113, 37.8760792189556], [127.69661489164092, 37.87382595921233], [127.69945747816377, 37.87382117786797], [127.69946355366822, 37.87607443722566], [127.70230622609797, 37.87606958686017], [127.70230622609797, 37.87606958686017], [127.70230622609797, 37.87606958686017], [127.7023123888736, 37.878322844961275], [127.70515514721006, 37.87831792556362], [127.70515514721006, 37.878317925563614], [127.7079979048498, 37.87831293752498], [127.7079915688868, 37.87605968022275], [127.7079915688868, 37.87605968022275], [127.70798523363013, 37.87380642205502], [127.70798523363013, 37.873806422055004], [127.70797889907968, 37.871553163021744], [127.70513640119191, 37.87155814985383], [127.70513640119191, 37.87155814985383], [127.70229390260768, 37.87156306806155], [127.70229390260768, 37.87156306806155], [127.69945140333658, 37.87156791764484], [127.69945140333658, 37.87156791764483], [127.69945140333658, 37.87156791764483], [127.69944532918659, 37.86931465655628], [127.69660291580325, 37.869319437129555], [127.69660291580325, 37.869319437129555], [127.69376050175245, 37.86932414908384], [127.6937664027725, 37.87157741093793], [127.69092390149879, 37.87158205464765], [127.69092971660197, 37.873835316010826], [127.69092971660197, 37.873835316010826], [127.69092390149879, 37.87158205464765], [127.69092390149879, 37.87158205464765], [127.69091808704383, 37.86932879241909]], [[127.70234937995896, 37.891842375391825], [127.70519265806057, 37.89183745361365], [127.70519265806057, 37.89183745361365], [127.70234937995896, 37.891842375391825], [127.70234937995896, 37.891842375391825]], [[127.70514264916802, 37.87381140928926], [127.70514889784071, 37.87606466785919], [127.70514889784071, 37.87606466785919], [127.70514264916802, 37.87381140928926], [127.70514264916802, 37.87381140928926]], [[127.6937959177426, 37.88284370722736], [127.6937959177426, 37.88284370722735], [127.69663885132827, 37.88283899299274], [127.69663885132827, 37.882838992992745], [127.69663885132827, 37.882838992992745], [127.6937959177426, 37.88284370722736], [127.6937959177426, 37.88284370722736]], [[127.69660890338831, 37.87157269860366], [127.69660890338831, 37.87157269860366], [127.6937664027725, 37.87157741093793], [127.6937664027725, 37.87157741093793], [127.69660890338831, 37.87157269860366]]], [[[127.68525582476381, 37.87835091988385], [127.68809858707802, 37.87834641233311], [127.68809285727224, 37.87609315233168], [127.68525018155226, 37.87609765951895], [127.68525582476381, 37.87835091988385]]], [[[127.68812151268996, 37.88735944368483], [127.68812151268996, 37.88735944368483], [127.68527840390243, 37.887363952689626], [127.68528405026055, 37.889617208727536], [127.68812724569057, 37.88961269935916], [127.68812724569057, 37.88961269935916], [127.6909704404814, 37.88960812132184], [127.69096462083839, 37.88735486601661], [127.68812151268996, 37.88735944368483]]], [[[127.69097626077325, 37.891861375761586], [127.69381954156722, 37.891856728680686], [127.69381363462338, 37.88960347461561], [127.6909704404814, 37.88960812132184], [127.69097626077325, 37.891861375761586]]], [[[127.69097626077325, 37.89186137576159], [127.6909704404814, 37.88960812132185], [127.68812724569057, 37.889612699359176], [127.68813297933036, 37.89186595416805], [127.69097626077325, 37.89186137576159]]], [[[127.68817313271272, 37.90763871359556], [127.69101702099067, 37.90763413260457], [127.69101119615468, 37.905380884223746], [127.68816739459643, 37.90538546484545], [127.68817313271272, 37.90763871359556]]], [[[127.68539710972452, 37.934682147719286], [127.68540276931859, 37.93693538557926], [127.68824778647401, 37.93693086857085], [127.68824778647401, 37.93693086857085], [127.69109280298868, 37.93692628277713], [127.6910869697035, 37.93467304565076], [127.68824204003437, 37.93467763107491], [127.68824204003437, 37.93467763107491], [127.68539710972452, 37.934682147719286]]], [[[127.69678884170261, 37.9391701403387], [127.69678283405685, 37.93691690483401], [127.69393781885283, 37.93692162819817], [127.69394373964357, 37.93917486408355], [127.69678884170261, 37.9391701403387]]], [[[127.69929975253486, 37.81523613084744], [127.70214009057679, 37.815231291033754], [127.7021339470065, 37.81297800870557], [127.69929369528852, 37.81298284812877], [127.69929975253486, 37.81523613084744]]], [[[127.70214623483191, 37.81748457249691], [127.70214623483191, 37.817484572496916], [127.70214623483191, 37.817484572496916], [127.70214009057679, 37.81523129103376], [127.69929975253486, 37.815236130847445], [127.6993058104564, 37.8174894127011], [127.6964653854056, 37.817494184413526], [127.6964713576591, 37.81974746578716], [127.6964713576591, 37.81974746578716], [127.69647733057833, 37.82200074629581], [127.6993179283253, 37.82199597381335], [127.69931186905318, 37.81974269368975], [127.69931186905318, 37.81974269368975], [127.7021523797719, 37.81973785309504], [127.7021523797719, 37.81973785309504], [127.69931186905318, 37.81974269368975], [127.6993179283253, 37.82199597381335], [127.6993179283253, 37.82199597381335], [127.69647733057833, 37.82200074629581], [127.69647733057833, 37.82200074629581], [127.69363673216557, 37.8220054502754], [127.69364261938799, 37.824258730298524], [127.69364261938799, 37.824258730298524], [127.69364850726663, 37.82651200945663], [127.69648927841426, 37.82650730471797], [127.69648330416337, 37.82425402593942], [127.69932398827288, 37.82424925307192], [127.69933004889593, 37.826502531465415], [127.70217081870203, 37.82649768969897], [127.70216467170687, 37.824244411696085], [127.69932398827288, 37.82424925307192], [127.69932398827288, 37.82424925307191], [127.70216467170687, 37.82424441169608], [127.70215852539688, 37.821991132828096], [127.70215852539688, 37.82199113282809], [127.70499912178336, 37.82198622334006], [127.70499912178336, 37.82198622334006], [127.70499912178337, 37.82198622334006], [127.70500535445576, 37.82423950181195], [127.7021646717069, 37.82424441169608], [127.70217081870203, 37.82649768969896], [127.70501158782291, 37.826492779418714], [127.70500535445576, 37.82423950181195], [127.70500535445576, 37.82423950181195], [127.70501158782291, 37.826492779418714], [127.70501782188488, 37.82874605616037], [127.70501782188488, 37.82874605616037], [127.7050240566418, 37.830999332036846], [127.70786499784056, 37.83099435243947], [127.70785867669247, 37.82874107696468], [127.70785867669247, 37.82874107696468], [127.70785235624895, 37.82648780062472], [127.70784603650986, 37.8242345234196], [127.70784603650986, 37.8242345234196], [127.7078397174752, 37.821981245349335], [127.7078397174752, 37.821981245349335], [127.7078333991448, 37.81972796641396], [127.7078333991448, 37.81972796641396], [127.7078333991448, 37.81972796641396], [127.71067390777975, 37.8197229203277], [127.71066750381064, 37.81746964093431], [127.70782708151866, 37.81747468661347], [127.70782708151866, 37.81747468661347], [127.71066750381064, 37.817469640934306], [127.71066110055528, 37.81521636067581], [127.70782076459662, 37.815221405947895], [127.70782076459662, 37.8152214059479], [127.70498042793393, 37.81522638273389], [127.70498665852254, 37.81747966380102], [127.70498665852254, 37.81747966380102], [127.70498665852254, 37.817479663801016], [127.70498042793393, 37.81522638273389], [127.70782076459662, 37.8152214059479], [127.70781444837864, 37.81296812441725], [127.70497419803975, 37.812973100801706], [127.70497419803975, 37.812973100801706], [127.7021339470065, 37.81297800870558], [127.70214009057679, 37.81523129103376], [127.70214009057679, 37.81523129103376], [127.70214623483191, 37.81748457249691]], [[127.70499288980565, 37.819732944003086], [127.70499288980565, 37.81973294400307], [127.70499288980565, 37.81973294400307], [127.70499288980565, 37.819732944003086], [127.70499288980565, 37.819732944003086]]], [[[127.69659094263544, 37.86481291158521], [127.69659094263544, 37.86481291158521], [127.69659692888565, 37.867066174790054], [127.69943925571371, 37.86706139460228], [127.69943925571371, 37.86706139460229], [127.69659692888565, 37.867066174790054], [127.69659692888565, 37.867066174790054], [127.69375460139022, 37.867070886364374], [127.69376050175245, 37.86932414908383], [127.69660291580325, 37.86931943712955], [127.69660291580325, 37.86931943712955], [127.69944532918659, 37.86931465655626], [127.69943925571371, 37.86706139460229], [127.70228158186472, 37.867056545801105], [127.70227542252331, 37.86480328337276], [127.70227542252331, 37.86480328337276], [127.7022692638685, 37.86255002007902], [127.69942711079894, 37.86255486809819], [127.69942103935689, 37.8603016035481], [127.69942103935692, 37.8603016035481], [127.69942711079894, 37.86255486809819], [127.7022692638685, 37.86255002007902], [127.70227542252331, 37.86480328337276], [127.70227542252331, 37.86480328337276], [127.70228158186472, 37.8670565458011], [127.70228158186472, 37.867056545801105], [127.69943925571371, 37.86706139460229], [127.69944532918659, 37.86931465655626], [127.69944532918662, 37.86931465655626], [127.69945140333658, 37.87156791764483], [127.70229390260768, 37.87156306806154], [127.70229390260768, 37.87156306806154], [127.70513640119191, 37.871558149853826], [127.70513640119191, 37.871558149853826], [127.70797889907968, 37.871553163021744], [127.70797256523535, 37.869299903122965], [127.70513015391228, 37.86930488955293], [127.70513015391228, 37.86930488955293], [127.70228774189283, 37.86930980736404], [127.70228774189283, 37.86930980736403], [127.70513015391228, 37.86930488955293], [127.70512390732907, 37.86705162838656], [127.7051176614422, 37.864798366354776], [127.70795989966481, 37.86479338072902], [127.71080213718156, 37.864788326495535], [127.71079571891948, 37.862535064407965], [127.7079535679384, 37.862540118233866], [127.7079535679384, 37.862540118233866], [127.7079535679384, 37.86254011823386], [127.71079571891948, 37.862535064407965], [127.71078930137288, 37.86028180145496], [127.71078930137288, 37.86028180145496], [127.71079571891948, 37.862535064407965], [127.71079571891948, 37.862535064407965], [127.71080213718156, 37.86478832649553], [127.71364437398275, 37.864783203654376], [127.7136378691851, 37.862529941979936], [127.71648001872562, 37.862524750949824], [127.71648001872562, 37.862524750949824], [127.7193221675314, 37.86251949131768], [127.71931549040727, 37.860266229620564], [127.71931549040727, 37.860266229620564], [127.71930881402743, 37.858012967057945], [127.71646683826354, 37.858018225841775], [127.71646683826354, 37.858018225841775], [127.71930881402743, 37.858012967057945], [127.71930213839182, 37.85575970362982], [127.71930213839182, 37.85575970362982], [127.71929546350033, 37.85350643933623], [127.71929546350033, 37.85350643933623], [127.71928878935286, 37.85125317417719], [127.71644707307944, 37.85125843168875], [127.71644707307944, 37.85125843168875], [127.71928878935286, 37.85125317417719], [127.71928211594937, 37.848999908152685], [127.71928211594937, 37.848999908152685], [127.71928878935286, 37.85125317417718], [127.71928878935286, 37.85125317417718], [127.71929546350033, 37.85350643933623], [127.71929546350033, 37.85350643933623], [127.71930213839182, 37.85575970362982], [127.72214402690513, 37.85575437668472], [127.72214402690513, 37.85575437668472], [127.72498591466466, 37.85574898115429], [127.72497906677978, 37.85349571772548], [127.7221372655169, 37.85350111282075], [127.7221372655169, 37.85350111282075], [127.72497906677978, 37.85349571772548], [127.72497906677978, 37.85349571772548], [127.72782086727935, 37.85349025405047], [127.72781393367089, 37.851236990196796], [127.72497221965823, 37.85124245343115], [127.72497221965823, 37.85124245343115], [127.72497221965823, 37.85124245343115], [127.72496537329991, 37.848989188271325], [127.72496537329991, 37.848989188271325], [127.72496537329991, 37.84898918827132], [127.72780700083528, 37.84898372547759], [127.72781393367089, 37.851236990196796], [127.73065564691066, 37.851231458388284], [127.73065564691066, 37.851231458388284], [127.73349735936793, 37.851225858005705], [127.73349025357804, 37.84897259418437], [127.73349025357804, 37.84897259418437], [127.73348314858022, 37.84671932949746], [127.7306416090675, 37.8467249289767], [127.7306416090675, 37.8467249289767], [127.73348314858022, 37.84671932949746], [127.73347604437436, 37.84446606394503], [127.73063459131944, 37.8444716629726], [127.73063459131944, 37.8444716629726], [127.7277931374823, 37.84447719344271], [127.7277931374823, 37.84447719344271], [127.72495168287257, 37.84448265535524], [127.72495168287257, 37.84448265535524], [127.7277931374823, 37.84447719344271], [127.72779313748232, 37.84447719344271], [127.73063459131944, 37.8444716629726], [127.73062757435363, 37.842218396103036], [127.72778620696477, 37.84222392612705], [127.72778620696477, 37.84222392612705], [127.73062757435363, 37.842218396103036], [127.73063459131944, 37.8444716629726], [127.73347604437436, 37.84446606394503], [127.73346894096038, 37.84221279752706], [127.73346894096038, 37.84221279752706], [127.73347604437436, 37.84446606394503], [127.73347604437436, 37.84446606394503], [127.73348314858022, 37.84671932949746], [127.73632468730098, 37.84671366145526], [127.73631749663741, 37.84446039635999], [127.73631749663741, 37.84446039635999], [127.73631749663741, 37.84446039635999], [127.73915894809895, 37.844454660217565], [127.73915894809895, 37.844454660217565], [127.74200039874934, 37.844448855517825], [127.74199303599137, 37.842195590487876], [127.74199303599137, 37.842195590487876], [127.74198567405409, 37.83994232459235], [127.73914439628986, 37.839948128355694], [127.73914439628986, 37.839948128355694], [127.73914439628986, 37.839948128355694], [127.73913712160179, 37.837694861126444], [127.7362959294553, 37.837700595880925], [127.7362959294553, 37.837700595880925], [127.7362959294553, 37.837700595880925], [127.73628874199717, 37.83544732732355], [127.73628874199717, 37.83544732732355], [127.73628874199717, 37.83544732732355], [127.73912984772457, 37.83544159303165], [127.7391225746581, 37.83318832407136], [127.73628155534016, 37.83319405790069], [127.73628155534016, 37.83319405790069], [127.7334405352212, 37.8331997232003], [127.7334405352212, 37.8331997232003], [127.73628155534016, 37.83319405790069], [127.7391225746581, 37.833188324071344], [127.73911530240231, 37.83093505424556], [127.73911530240231, 37.83093505424556], [127.7391225746581, 37.833188324071344], [127.74196359316538, 37.83318252171233], [127.74195623450987, 37.83092925235459], [127.74195623450987, 37.83092925235459], [127.74195623450987, 37.83092925235459], [127.74479716579721, 37.830923381939556], [127.74478972157188, 37.828670112189876], [127.74194887667454, 37.82867598213136], [127.74194887667454, 37.82867598213136], [127.73910803095708, 37.828681783554295], [127.73911530240231, 37.83093505424556], [127.73911530240231, 37.83093505424556], [127.73910803095708, 37.828681783554295], [127.73626718442917, 37.828687516458594], [127.73627436948419, 37.83094078761236], [127.73627436948419, 37.83094078761236], [127.73343343576514, 37.83094645245497], [127.7334405352212, 37.8331997232003], [127.7334405352212, 37.8331997232003], [127.73343343576514, 37.830946452454974], [127.73059250125478, 37.830952048773305], [127.73059250125478, 37.830952048773305], [127.72775156596276, 37.83095757656731], [127.72775156596276, 37.8309575765673], [127.72775156596273, 37.8309575765673], [127.72775156596273, 37.83095757656729], [127.73059250125478, 37.83095204877329], [127.73059250125478, 37.83095204877329], [127.73343343576514, 37.83094645245496], [127.73342633710038, 37.828693180844205], [127.73342633710038, 37.828693180844205], [127.73342633710038, 37.82869318084421], [127.73342633710038, 37.82869318084421], [127.73343343576514, 37.83094645245497], [127.73627436948419, 37.83094078761236], [127.73626718442914, 37.82868751645859], [127.73626718442917, 37.82868751645859], [127.73626000017495, 37.826434244439376], [127.73626000017495, 37.826434244439376], [127.7391007603223, 37.82642851199755], [127.73909349049791, 37.82417523957538], [127.73909349049791, 37.82417523957538], [127.73908622148379, 37.82192196628779], [127.73908622148379, 37.82192196628779], [127.73907895327989, 37.81966869213478], [127.73623845221643, 37.81967442318934], [127.7362456340687, 37.821927697804746], [127.7362456340687, 37.821927697804746], [127.7362456340687, 37.821927697804746], [127.7362456340687, 37.821927697804746], [127.73623845221643, 37.81967442318935], [127.73339795035255, 37.81968008574734], [127.733405045853, 37.82193336081961], [127.73056445684641, 37.8219389553323], [127.73056445684641, 37.8219389553323], [127.733405045853, 37.82193336081961], [127.73339795035255, 37.81968008574733], [127.73339795035255, 37.81968008574733], [127.73339085564291, 37.81742680980973], [127.73055043933043, 37.81743240341977], [127.7305574476978, 37.81968567980869], [127.7305574476978, 37.81968567980869], [127.7305574476978, 37.819685679808686], [127.73055043933043, 37.81743240341977], [127.72771002223683, 37.81743792853865], [127.72771002223683, 37.81743792853865], [127.72771002223683, 37.81743792853865], [127.72770310098329, 37.81518465083869], [127.724862769451, 37.81519010702611], [127.724862769451, 37.81519010702612], [127.72202243715694, 37.81519549472779], [127.72201568932125, 37.81294221528768], [127.7191754425984, 37.812947534074375], [127.7191754425984, 37.812947534074375], [127.7163351951331, 37.81295278438074], [127.7163351951331, 37.81295278438074], [127.71349494693493, 37.81295796620672], [127.71350143580025, 37.81521124691771], [127.71350143580025, 37.81521124691771], [127.71349494693493, 37.81295796620672], [127.7163351951331, 37.81295278438074], [127.71632862067706, 37.810699503222715], [127.71348845879285, 37.8107046846306], [127.71348845879285, 37.81070468463059], [127.7106482961855, 37.810709797563554], [127.7106546980136, 37.812963079552226], [127.71349494693493, 37.81295796620671], [127.71349494693493, 37.81295796620671], [127.7106546980136, 37.812963079552226], [127.71066110055528, 37.81521636067581], [127.71066110055528, 37.81521636067581], [127.71066750381064, 37.817469640934306], [127.71350792538887, 37.8174645267636], [127.71350792538887, 37.8174645267636], [127.71634834624372, 37.81745934410139], [127.71634834624372, 37.817459344101394], [127.71350792538887, 37.81746452676361], [127.71351441570086, 37.819717805744354], [127.7163549228985, 37.81971262266399], [127.7163549228985, 37.819712622663985], [127.71919542936304, 37.81970737108665], [127.71919542936304, 37.81970737108665], [127.72203593508486, 37.81970205101239], [127.72203593508486, 37.81970205101239], [127.72487644005436, 37.81969666244128], [127.72486960437173, 37.817443385166314], [127.72486960437173, 37.817443385166314], [127.72486960437173, 37.817443385166314], [127.72487644005436, 37.81969666244128], [127.72771694426187, 37.81969120537336], [127.72771694426187, 37.81969120537336], [127.72487644005436, 37.81969666244128], [127.72487644005436, 37.81969666244128], [127.72203593508486, 37.81970205101239], [127.7220426851773, 37.82195532785688], [127.72488327649894, 37.82194993885099], [127.72488327649894, 37.82194993885099], [127.72488327649894, 37.82194993885099], [127.72489011370556, 37.82420321439543], [127.72489011370556, 37.82420321439543], [127.72489695167434, 37.826456489074566], [127.72489695167434, 37.826456489074566], [127.72490379040534, 37.8287097628884], [127.72491062989867, 37.83096303583692], [127.72491062989867, 37.83096303583692], [127.72491747015442, 37.8332163079201], [127.72775849261869, 37.83321084821006], [127.72775849261869, 37.83321084821006], [127.73059951431082, 37.83320531997011], [127.73059951431082, 37.83320531997011], [127.72775849261869, 37.83321084821006], [127.72776542004678, 37.835464118987424], [127.72776542004678, 37.835464118987424], [127.72776542004678, 37.835464118987424], [127.72492431117267, 37.83546957913792], [127.72492431117267, 37.83546957913792], [127.72776542004678, 37.835464118987424], [127.72775849261869, 37.83321084821006], [127.72491747015442, 37.83321630792011], [127.72491747015442, 37.83321630792011], [127.72207644692763, 37.83322169910018], [127.72207644692763, 37.83322169910018], [127.719235422948, 37.83322702175023], [127.719235422948, 37.83322702175023], [127.7163943982251, 37.833232275870195], [127.7163943982251, 37.83323227587019], [127.71355337276859, 37.833237461460016], [127.71355337276859, 37.83323746146002], [127.71355337276859, 37.83323746146002], [127.7135468781145, 37.83098418767045], [127.71070593833466, 37.83098930431732], [127.71071234658811, 37.83324257851967], [127.71071234658808, 37.83324257851967], [127.71070593833466, 37.83098930431732], [127.70786499784053, 37.83099435243947], [127.70786499784053, 37.83099435243947], [127.70502405664178, 37.830999332036846], [127.70503029209371, 37.83325260704819], [127.70787131969325, 37.833247627049076], [127.70787131969325, 37.833247627049076], [127.70787131969327, 37.833247627049076], [127.70787764225071, 37.83550090079347], [127.71071875555589, 37.83549585185679], [127.71071875555589, 37.83549585185679], [127.71355986814665, 37.83549073438434], [127.71355986814665, 37.83549073438433], [127.71640098001333, 37.83548554837616], [127.71640098001333, 37.83548554837616], [127.71355986814665, 37.83549073438434], [127.71356636424878, 37.83774400644338], [127.71640756253528, 37.83773882001686], [127.71640756253528, 37.83773882001686], [127.71924876008799, 37.83773356504914], [127.71924876008799, 37.83773356504914], [127.72208995689729, 37.83772824154029], [127.72208995689729, 37.83772824154029], [127.72493115295353, 37.837722849490355], [127.72493115295353, 37.837722849490355], [127.72208995689729, 37.837728241540304], [127.72209671301165, 37.83998151146231], [127.72493799549707, 37.839976118977404], [127.72493799549707, 37.839976118977404], [127.72493799549707, 37.839976118977404], [127.72494483880338, 37.84222938759904], [127.72494483880338, 37.84222938759904], [127.72495168287257, 37.84448265535524], [127.72495168287257, 37.84448265535524], [127.72494483880338, 37.84222938759904], [127.72494483880338, 37.84222938759904], [127.72493799549707, 37.839976118977404], [127.72209671301165, 37.83998151146232], [127.72209671301165, 37.839981511462305], [127.72209671301165, 37.839981511462305], [127.72208995689729, 37.83772824154029], [127.71924876008799, 37.83773356504914], [127.71924876008799, 37.83773356504914], [127.71640756253528, 37.83773882001686], [127.71641414579099, 37.83999209079223], [127.71925542977306, 37.83998683540061], [127.71925542977306, 37.83998683540061], [127.71925542977306, 37.83998683540061], [127.71926210020168, 37.8422401048867], [127.72210346987913, 37.84223478051894], [127.72210346987913, 37.84223478051895], [127.71926210020168, 37.84224010488671], [127.71926877137385, 37.844493373507426], [127.71926877137385, 37.844493373507426], [127.71927544328973, 37.846746641262754], [127.7192754432897, 37.846746641262754], [127.7192754432897, 37.846746641262754], [127.71643389996174, 37.846751897926275], [127.7164404861535, 37.84900516524021], [127.7164404861535, 37.84900516524021], [127.71643389996174, 37.84675189792627], [127.71359235589964, 37.84675708602647], [127.71359885562337, 37.8490103537589], [127.71359885562337, 37.8490103537589], [127.71359885562337, 37.8490103537589], [127.7107572243687, 37.84901547370869], [127.71076363833932, 37.85126874098871], [127.71076363833932, 37.85126874098871], [127.71077005302494, 37.85352200740336], [127.71361185724473, 37.8535168866276], [127.71361185724473, 37.8535168866276], [127.71645366073972, 37.85351169727187], [127.71645366073972, 37.85351169727187], [127.71361185724473, 37.8535168866276], [127.71361835914246, 37.855770151763835], [127.71361835914246, 37.855770151763835], [127.71361185724473, 37.8535168866276], [127.71077005302494, 37.85352200740336], [127.71077005302494, 37.85352200740336], [127.70792824809008, 37.85352705959913], [127.70793457699375, 37.8557803255559], [127.70793457699375, 37.8557803255559], [127.70794090660299, 37.85803359064728], [127.70509892795866, 37.85803857506694], [127.70510517175705, 37.86029183969494], [127.70794723691783, 37.86028685487327], [127.70794723691783, 37.86028685487327], [127.70794723691783, 37.86028685487327], [127.70794723691783, 37.86028685487328], [127.70510517175705, 37.860291839694945], [127.70510517175705, 37.86029183969494], [127.70510517175705, 37.86029183969494], [127.70509892795866, 37.85803857506694], [127.70225694861833, 37.85804349089541], [127.70225694861833, 37.85804349089541], [127.69941496859167, 37.85804833813266], [127.69941496859167, 37.85804833813267], [127.69657298788827, 37.85805311677864], [127.69657897213682, 37.86030638257949], [127.69657897213682, 37.86030638257949], [127.69658495705252, 37.86255964751502], [127.69658495705252, 37.86255964751502], [127.69659094263544, 37.86481291158521]], [[127.71634177032195, 37.815206064673646], [127.71634177032195, 37.815206064673646], [127.71634834624372, 37.81745934410139], [127.71634834624372, 37.81745934410139], [127.71634177032195, 37.815206064673646]], [[127.71078288454166, 37.85802853763651], [127.71078288454166, 37.85802853763651], [127.71078288454166, 37.858028537636514], [127.70794090660299, 37.85803359064729], [127.70794090660299, 37.85803359064728], [127.71078288454166, 37.85802853763651]], [[127.73346894096038, 37.84221279752706], [127.73346894096038, 37.84221279752706], [127.73631030677532, 37.84220713039916], [127.73631030677532, 37.84220713039916], [127.73631030677532, 37.84220713039916], [127.73631030677532, 37.842207130399174], [127.73346894096038, 37.84221279752706]], [[127.73630311771466, 37.8399538635728], [127.73346183833814, 37.83995953024359], [127.73346183833814, 37.83995953024359], [127.73062055816997, 37.83996512836799], [127.73062055816997, 37.839965128367986], [127.73062055816997, 37.839965128367986], [127.73062055816997, 37.839965128367986], [127.73346183833814, 37.83995953024359], [127.73346183833814, 37.83995953024359], [127.73630311771466, 37.8399538635728], [127.73630311771466, 37.8399538635728], [127.73630311771466, 37.8399538635728]], [[127.70511141625153, 37.86254510345757], [127.70511141625153, 37.86254510345757], [127.7051176614422, 37.86479836635476], [127.7051176614422, 37.86479836635476], [127.70511141625153, 37.86254510345757]], [[127.71362486176506, 37.85802341603465], [127.71362486176506, 37.85802341603464], [127.71362486176506, 37.85802341603464], [127.71363136511259, 37.86027667944002], [127.71647342812726, 37.86027148882854], [127.71647342812726, 37.860271488828545], [127.71647342812726, 37.860271488828545], [127.71363136511259, 37.86027667944002], [127.71362486176506, 37.85802341603465], [127.71362486176506, 37.85802341603465]], [[127.71077646842572, 37.855775272952634], [127.71361835914246, 37.855770151763835], [127.71361835914246, 37.85577015176384], [127.71077646842572, 37.85577527295264], [127.71077646842572, 37.855775272952634]], [[127.71644707307944, 37.85125843168875], [127.71644707307944, 37.85125843168875], [127.71360535607172, 37.85126362062595], [127.71360535607172, 37.85126362062594], [127.71644707307944, 37.85125843168875]], [[127.71646683826354, 37.858018225841775], [127.71646024913439, 37.85576496198956], [127.71646024913439, 37.85576496198956], [127.71645366073972, 37.85351169727187], [127.71645366073972, 37.85351169727187], [127.71646024913439, 37.85576496198955], [127.71646024913439, 37.85576496198955], [127.71646683826354, 37.858018225841775], [127.71646683826354, 37.858018225841775]], [[127.72773079062684, 37.82419775644691], [127.72773771496692, 37.826451030685696], [127.72773771496692, 37.826451030685696], [127.72773079062684, 37.82419775644691], [127.72773079062684, 37.82419775644691], [127.72773079062684, 37.82419775644691], [127.72773079062684, 37.82419775644691]], [[127.72772386705851, 37.82194448134278], [127.72772386705851, 37.82194448134278], [127.72772386705851, 37.821944481342776], [127.72772386705851, 37.821944481342776], [127.72772386705851, 37.82194448134278]], [[127.72777234824709, 37.83771738889941], [127.72777234824709, 37.8377173888994], [127.73061354276832, 37.83771185976746], [127.73061354276832, 37.837711859767474], [127.72777234824709, 37.83771738889941], [127.72777927721972, 37.83997065794594], [127.72777927721972, 37.83997065794594], [127.72777234824709, 37.83771738889941], [127.72493115295353, 37.837722849490355], [127.72493115295353, 37.837722849490355], [127.72777234824709, 37.83771738889941]], [[127.72495852770471, 37.84673592224601], [127.72495852770471, 37.84673592224601], [127.72211698587392, 37.846741316035995], [127.7221237450014, 37.84899458249636], [127.7221237450014, 37.84899458249636], [127.72213050488234, 37.85124784809128], [127.72213050488234, 37.85124784809128], [127.7221237450014, 37.84899458249636], [127.7221237450014, 37.84899458249636], [127.72211698587392, 37.846741316035995], [127.72211698587392, 37.846741316035995], [127.72211022749988, 37.844488048710176], [127.72211022749988, 37.844488048710176], [127.72211698587392, 37.846741316035995], [127.72495852770471, 37.84673592224601]], [[127.72210346987913, 37.84223478051896], [127.72210346987913, 37.84223478051896], [127.72211022749988, 37.84448804871017], [127.72211022749988, 37.84448804871017], [127.72210346987913, 37.84223478051896]], [[127.73057146677634, 37.82419222999059], [127.73057847748763, 37.82644550378351], [127.73057847748763, 37.82644550378351], [127.73057146677634, 37.82419222999059], [127.73057146677634, 37.82419222999059]], [[127.73061354276832, 37.83771185976746], [127.73061354276832, 37.83771185976746], [127.7334547365076, 37.83770626209461], [127.7334547365076, 37.83770626209463], [127.73061354276832, 37.83771185976746]]], [[[127.69663286040473, 37.88058573584584], [127.69947570670925, 37.88058095334467], [127.69946962985003, 37.87832769571791], [127.69662687014903, 37.878332477833446], [127.69663286040473, 37.88058573584584]]], [[[127.70233088132328, 37.885082614071514], [127.70232471648617, 37.882829358566966], [127.69948178424602, 37.882834210105926], [127.69948786246036, 37.88508746600169], [127.70233088132328, 37.885082614071514]]], [[[127.70518015165568, 37.88733094772594], [127.70517389949887, 37.88507769348371], [127.70233088132328, 37.885082614071514], [127.70233088132328, 37.885082614071514], [127.69948786246036, 37.88508746600169], [127.69949394135236, 37.88734072103193], [127.70233704684775, 37.88733586871052], [127.70233704684775, 37.88733586871052], [127.70518015165568, 37.88733094772594]]], [[[127.69666881596662, 37.894105265744706], [127.69951218209525, 37.89410048092931], [127.69950610116973, 37.89184722849576], [127.69666282170262, 37.891852012925405], [127.69666881596662, 37.894105265744706]]], [[[127.69952434598035, 37.898606983199606], [127.69951826369876, 37.89635373249726], [127.69667481089898, 37.896358517698445], [127.69668080649976, 37.8986117687866], [127.69952434598035, 37.898606983199606]]], [[[127.70524271157628, 37.90986344253805], [127.70523645244504, 37.90761019695248], [127.70239256751111, 37.907615121509025], [127.70239256751111, 37.907615121509025], [127.70238639579702, 37.90536187466072], [127.69954259689436, 37.90536673011282], [127.69954868188906, 37.90761997735255], [127.69954868188906, 37.90761997735255], [127.69955476756223, 37.90987322372659], [127.70239873991336, 37.9098683674916], [127.70239873991336, 37.9098683674916], [127.70524271157628, 37.90986344253805]]], [[[127.70781444837864, 37.812968124417246], [127.70781444837864, 37.812968124417246], [127.70781444837864, 37.812968124417246], [127.70782076459662, 37.815221405947895], [127.71066110055528, 37.81521636067581], [127.7106546980136, 37.812963079552226], [127.7106546980136, 37.812963079552226], [127.71064829618548, 37.810709797563554], [127.70780813286464, 37.810714842021554], [127.70780813286464, 37.81071484202155], [127.71064829618548, 37.810709797563554], [127.71064189507089, 37.80845651470984], [127.70780181805452, 37.80846155876081], [127.70780181805452, 37.80846155876081], [127.70496174033435, 37.80846653434228], [127.70496796883992, 37.8107198180045], [127.70780813286464, 37.81071484202155], [127.70780813286464, 37.81071484202155], [127.70496796883992, 37.8107198180045], [127.70496796883992, 37.810719818004515], [127.70212780412092, 37.81072472551239], [127.7021339470065, 37.81297800870557], [127.70497419803975, 37.812973100801706], [127.70497419803975, 37.812973100801706], [127.70781444837864, 37.812968124417246]]], [[[127.71077005302494, 37.853522007403356], [127.71076363833932, 37.8512687409887], [127.70792191989187, 37.85127379277699], [127.70792824809008, 37.853527059599124], [127.71077005302494, 37.853522007403356]]], [[[127.7079979048498, 37.87831293752498], [127.7079979048498, 37.87831293752498], [127.7080042415192, 37.880566193961656], [127.71084708505575, 37.880561136874334], [127.71084708505575, 37.88056113687434], [127.7080042415192, 37.88056619396166], [127.70801057889506, 37.882819449532775], [127.70801057889506, 37.882819449532775], [127.70801691697748, 37.88507270423831], [127.71085993374943, 37.885067646335386], [127.71085993374943, 37.885067646335386], [127.71085993374943, 37.885067646335386], [127.71086635917071, 37.88732089976749], [127.71370946185847, 37.887315772793706], [127.7137029498051, 37.88506251977498], [127.7137029498051, 37.88506251977498], [127.7137029498051, 37.88506251977498], [127.7137029498051, 37.88506251977498], [127.71370946185847, 37.887315772793706], [127.71655256382019, 37.88731057715696], [127.71655256382019, 37.88731057715695], [127.71939566504619, 37.8873053128573], [127.71939566504619, 37.88730531285731], [127.72223876552682, 37.88729997989479], [127.7222319935777, 37.88504672814941], [127.71938897972889, 37.88505206068194], [127.71938897972889, 37.885052060681936], [127.71654596513481, 37.88505732455713], [127.71654596513481, 37.88505732455713], [127.71654596513481, 37.88505732455713], [127.71653936718504, 37.88280407109165], [127.71369643847771, 37.8828092658906], [127.71369643847771, 37.8828092658906], [127.7108535090445, 37.882814392037666], [127.7108535090445, 37.88281439203766], [127.7108535090445, 37.88281439203766], [127.71084708505575, 37.88056113687434], [127.71368992787617, 37.88055601114061], [127.71368341800043, 37.87830275552499], [127.71084066178317, 37.87830788084542], [127.71084066178317, 37.87830788084541], [127.71368341800043, 37.878302755524984], [127.7136769088504, 37.87604949904378], [127.71651957774861, 37.87604430550134], [127.71651298274045, 37.873791048573324], [127.71367040042598, 37.87379624169698], [127.71367040042598, 37.87379624169698], [127.71367040042598, 37.87379624169698], [127.7136638927271, 37.87154298348464], [127.71082139626127, 37.871548107565324], [127.71082139626127, 37.87154810756533], [127.70797889907968, 37.871553163021744], [127.70798523363013, 37.87380642205502], [127.70798523363013, 37.87380642205502], [127.70799156888683, 37.87605968022275], [127.70799156888683, 37.87605968022275], [127.7079979048498, 37.87831293752498]]], [[[127.70515514721006, 37.878317925563614], [127.70516139727616, 37.88057118240253], [127.7080042415192, 37.88056619396166], [127.7079979048498, 37.87831293752498], [127.70515514721006, 37.878317925563614]]], [[[127.70518015165568, 37.88733094772594], [127.70518015165568, 37.88733094772594], [127.70233704684775, 37.88733586871052], [127.70234321305958, 37.88958912248396], [127.70518640450955, 37.88958420110261], [127.70518640450955, 37.88958420110261], [127.70802959526235, 37.88957921105257], [127.70802325576656, 37.88732595807826], [127.70518015165568, 37.88733094772594]]], [[[127.70810572436747, 37.91661817922031], [127.70809937638435, 37.91436493663468], [127.70525523193253, 37.914369931111885], [127.7052614931577, 37.91662317410014], [127.70810572436747, 37.91661817922031]]], [[[127.71388556202794, 37.94815327702282], [127.71387903034098, 37.945900047382956], [127.711033671825, 37.94590518511318], [127.71104011661869, 37.94815841516709], [127.71388556202794, 37.94815327702282]]], [[[127.71391823139021, 37.95941941223002], [127.71391169606046, 37.957166186920915], [127.71106590298113, 37.95717132672163], [127.71107235136911, 37.959424552444894], [127.71391823139021, 37.95941941223002]]], [[[127.7163351951331, 37.81295278438074], [127.7191754425984, 37.812947534074375], [127.7191754425984, 37.812947534074375], [127.72201568932125, 37.81294221528767], [127.72200894223764, 37.810688934982394], [127.71916878182854, 37.81069425333996], [127.71916878182854, 37.81069425333996], [127.71632862067706, 37.810699503222715], [127.7163351951331, 37.81295278438074]]], [[[127.71356636424878, 37.83774400644338], [127.71355986814665, 37.83549073438434], [127.71071875555589, 37.83549585185679], [127.71072516523812, 37.83774912432867], [127.71356636424878, 37.83774400644338]]], [[[127.71932884539994, 37.86477275214926], [127.71933552401293, 37.867026012115296], [127.7221778451546, 37.8670206830217], [127.72217107999663, 37.864767423485404], [127.72217107999663, 37.864767423485404], [127.7221643155928, 37.86251416308355], [127.7221643155928, 37.86251416308355], [127.722157551943, 37.86026090181614], [127.71931549040727, 37.860266229620564], [127.7193221675314, 37.86251949131768], [127.7193221675314, 37.86251949131768], [127.71932884539994, 37.86477275214926], [127.71932884539994, 37.86477275214926]]], [[[127.71936224591155, 37.87603904332366], [127.71935556431973, 37.87378578681998], [127.71651298274045, 37.873791048573324], [127.71651957774861, 37.87604430550134], [127.71936224591155, 37.87603904332366]]], [[[127.71653936718504, 37.88280407109165], [127.71653936718506, 37.88280407109165], [127.71654596513481, 37.88505732455713], [127.71938897972889, 37.885052060681936], [127.71938229515686, 37.88279880764087], [127.71938229515686, 37.88279880764087], [127.71938897972889, 37.885052060681936], [127.7222319935777, 37.88504672814941], [127.72222522238349, 37.8827934755383], [127.72506814885526, 37.88278807478401], [127.72506129180346, 37.88053482174266], [127.7279041308984, 37.8805293527777], [127.7279041308984, 37.8805293527777], [127.73074696921925, 37.880523815166654], [127.73074696921925, 37.880523815166654], [127.7279041308984, 37.8805293527777], [127.72791107456254, 37.88278260537804], [127.73075399949566, 37.88277706732047], [127.73075399949566, 37.88277706732047], [127.73075399949566, 37.88277706732047], [127.73076103055587, 37.885030318608486], [127.73076103055587, 37.885030318608486], [127.73076806239999, 37.8872835690307], [127.73361115980259, 37.88727796141735], [127.733604041327, 37.88502471144726], [127.733604041327, 37.88502471144726], [127.733604041327, 37.88502471144726], [127.73644705130455, 37.88501903562899], [127.73645425641153, 37.88727228514143], [127.73929735221715, 37.88726654020299], [127.7392900604789, 37.885013291153754], [127.73644705130455, 37.88501903562899], [127.73644705130455, 37.88501903562899], [127.7392900604789, 37.885013291153754], [127.73928276955353, 37.882760041238654], [127.73928276955353, 37.882760041238654], [127.73927547944093, 37.88050679045767], [127.73927547944093, 37.88050679045767], [127.73927547944093, 37.88050679045766], [127.742118314569, 37.88050097826289], [127.742118314569, 37.88050097826289], [127.74496114887471, 37.88049509742234], [127.74495368637045, 37.87824184671834], [127.74211093866687, 37.8782477270847], [127.74211093866687, 37.8782477270847], [127.73926819014102, 37.87825353881082], [127.73926819014102, 37.878253538810824], [127.73642544080259, 37.87825928189664], [127.73643264350018, 37.88051253400658], [127.73643264350018, 37.88051253400658], [127.73642544080259, 37.87825928189663], [127.73358269066122, 37.878264956342065], [127.73358980675641, 37.880518208909606], [127.73358980675641, 37.880518208909606], [127.73359692364498, 37.88277146061133], [127.73359692364498, 37.88277146061133], [127.73359692364498, 37.88277146061133], [127.73358980675641, 37.8805182089096], [127.73074696921925, 37.880523815166654], [127.73074696921925, 37.880523815166654], [127.73358980675641, 37.8805182089096], [127.73358269066122, 37.87826495634206], [127.73358269066122, 37.87826495634206], [127.73357557535932, 37.87601170290874], [127.73357557535932, 37.87601170290874], [127.73358269066122, 37.87826495634206], [127.73642544080259, 37.878259281896625], [127.73642544080259, 37.87825928189663], [127.73926819014102, 37.87825353881082], [127.73926090165368, 37.87600028629814], [127.73926090165371, 37.87600028629814], [127.73925361397887, 37.87374703291965], [127.74209618932922, 37.873741222130754], [127.74208881589352, 37.871487968355034], [127.74493130384869, 37.87148208941105], [127.74492384467143, 37.86922883524358], [127.74208144327979, 37.869234713713475], [127.74208144327979, 37.869234713713475], [127.74208144327979, 37.869234713713475], [127.7420740714879, 37.866981458206155], [127.73923175582837, 37.86698726758942], [127.73923904106628, 37.86924052356528], [127.73923904106628, 37.86924052356528], [127.73639663804059, 37.8692462647989], [127.73639663804059, 37.869246264798896], [127.73355423421233, 37.869251937414305], [127.73356134713498, 37.87150519344484], [127.73640383752704, 37.87149952037197], [127.73640383752704, 37.871499520371984], [127.73356134713498, 37.87150519344485], [127.73356846085059, 37.87375844860967], [127.73356846085059, 37.87375844860967], [127.73357557535932, 37.87601170290874], [127.73073291101754, 37.87601730826174], [127.73073993972658, 37.87827056214707], [127.73073993972658, 37.87827056214707], [127.73073993972658, 37.87827056214707], [127.72789718800831, 37.878276099311606], [127.72789718800831, 37.878276099311606], [127.72505443551606, 37.8782815678356], [127.72506129180346, 37.88053482174266], [127.72506129180346, 37.88053482174266], [127.72505443551606, 37.8782815678356], [127.72505443551606, 37.8782815678356], [127.72504757999297, 37.87602831306283], [127.72220491332953, 37.876033712510804], [127.7222116822595, 37.878286967718985], [127.7222116822595, 37.878286967719], [127.72221845194412, 37.88054022206149], [127.71937561133001, 37.88054555373412], [127.71938229515686, 37.88279880764086], [127.71938229515685, 37.88279880764086], [127.71937561133001, 37.88054555373412], [127.71653276997081, 37.88055081676052], [127.71653936718504, 37.88280407109165]], [[127.73641103781611, 37.87375277507931], [127.73641103781611, 37.87375277507931], [127.73641103781611, 37.87375277507931], [127.73641103781611, 37.87375277507931], [127.73641823890793, 37.876006028920855], [127.73641823890793, 37.876006028920855], [127.73641103781611, 37.87375277507931]], [[127.72221845194412, 37.88054022206149], [127.72222522238349, 37.8827934755383], [127.72222522238349, 37.8827934755383], [127.72221845194412, 37.88054022206149], [127.72221845194412, 37.88054022206149]], [[127.73924632711642, 37.87149377867535], [127.74208881589352, 37.87148796835503], [127.74208881589352, 37.871487968355034], [127.73924632711642, 37.871493778675365], [127.73924632711642, 37.87149377867535], [127.73640383752704, 37.871499520371984], [127.73640383752704, 37.871499520371984], [127.73924632711642, 37.87149377867535]]], [[[127.71939566504619, 37.88730531285731], [127.71655256382019, 37.88731057715696], [127.71655256382019, 37.88731057715696], [127.71370946185847, 37.887315772793706], [127.71371597463788, 37.88956902494677], [127.71655916324126, 37.88956382889108], [127.71656576339814, 37.8918170797595], [127.71940903791698, 37.891811814610875], [127.71940235110885, 37.88955856416696], [127.71939566504619, 37.88730531285731]]], [[[127.71658556828439, 37.898576827170345], [127.71942910281494, 37.89857156074809], [127.71942241376993, 37.89631831290146], [127.71657896591962, 37.89632357889916], [127.71658556828439, 37.898576827170345]]], [[[127.71946255922889, 37.90983778699388], [127.72230652655935, 37.909832449730125], [127.72229974705594, 37.907579206642914], [127.72229974705594, 37.9075792066429], [127.72229974705594, 37.9075792066429], [127.72230652655935, 37.90983244973011], [127.72515049313388, 37.909827043748194], [127.72515049313388, 37.909827043748194], [127.72799445894282, 37.90982156904815], [127.7280014126782, 37.91207481039229], [127.73084546444973, 37.9120692665273], [127.73083842397651, 37.909816025630036], [127.72799445894282, 37.90982156904815], [127.72798750598274, 37.907568326838025], [127.72798750598274, 37.907568326838025], [127.72798055379779, 37.90531508376196], [127.72513676143578, 37.9053205575794], [127.72514362690208, 37.90757380109675], [127.72514362690208, 37.90757380109675], [127.72514362690208, 37.90757380109675], [127.72513676143578, 37.9053205575794], [127.72513676143578, 37.9053205575794], [127.7251298967349, 37.903067313196146], [127.72228619031651, 37.903072717870806], [127.72229296830835, 37.905325962689794], [127.72229296830835, 37.905325962689794], [127.72229296830835, 37.905325962689794], [127.71944917442518, 37.90533129909309], [127.71944917442518, 37.905331299093085], [127.71660537979594, 37.905336566789224], [127.71660537979594, 37.905336566789224], [127.71376158443032, 37.90534176577816], [127.71376810302121, 37.90759501100529], [127.71661198510583, 37.907589811597234], [127.71661198510583, 37.907589811597234], [127.71945586645396, 37.9075845434764], [127.71945586645396, 37.90758454347642], [127.71946255922889, 37.90983778699388]]], [[[127.7166185911522, 37.9098430555394], [127.71661198510583, 37.907589811597234], [127.71376810302121, 37.907595011005306], [127.71377462233892, 37.90984825536662], [127.7166185911522, 37.9098430555394]]], [[[127.72235400425407, 37.925605127094215], [127.72234721945732, 37.923351890068716], [127.71950273155288, 37.92335722991445], [127.71950942955344, 37.925610467370376], [127.72235400425407, 37.925605127094215]]], [[[127.7138463828289, 37.93463388619244], [127.71669130629586, 37.934628681752756], [127.71669130629586, 37.93462868175277], [127.7138463828289, 37.93463388619245], [127.71385291087525, 37.93688712016265], [127.71669792118699, 37.93688191530351], [127.71669792118699, 37.93688191530351], [127.71954293076108, 37.936876641659566], [127.71953622902527, 37.93462340853384], [127.71669130629586, 37.934628681752756], [127.71669130629586, 37.934628681752756], [127.71953622902527, 37.93462340853383], [127.72238115100747, 37.934618066535734], [127.72237436318397, 37.93236483297445], [127.7195295280367, 37.93237017454202], [127.71952282779527, 37.93011693968419], [127.71952282779527, 37.93011693968419], [127.71951612830087, 37.92786370396029], [127.71667146604743, 37.927868975904346], [127.71667146604743, 37.92786897590435], [127.71382680305668, 37.92787417908577], [127.71383332891969, 37.93012741565399], [127.71383332891969, 37.93012741565399], [127.71383985551041, 37.932380651356205], [127.71383985551041, 37.932380651356205], [127.7138463828289, 37.93463388619244]]], [[[127.7195496332442, 37.939129873919235], [127.7195496332442, 37.939129873919235], [127.72239472892527, 37.93912453105999], [127.72238793958785, 37.93687129923092], [127.71954293076108, 37.936876641659566], [127.71954293076108, 37.93687664165958], [127.71669792118699, 37.93688191530351], [127.71669792118699, 37.93688191530351], [127.71385291087525, 37.93688712016265], [127.71385943964954, 37.93914035326683], [127.71670453681574, 37.939135147988196], [127.71670453681574, 37.93913514798818], [127.7195496332442, 37.939129873919235]]], [[[127.71101434175532, 37.93914548975507], [127.71385943964954, 37.93914035326683], [127.71385291087525, 37.93688712016265], [127.71100789983556, 37.93689225623695], [127.71101434175532, 37.93914548975507]]], [[[127.71956974517836, 37.945889565501496], [127.71956974517836, 37.945889565501496], [127.72241510148038, 37.945884221350376], [127.72240830987144, 37.943630992119736], [127.71956304045275, 37.943636335840196], [127.71956304045275, 37.943636335840196], [127.7167177702865, 37.9436416107593], [127.71672438812868, 37.94589484084571], [127.71956974517836, 37.945889565501496]]], [[[127.71677073369239, 37.96166742719798], [127.71677735744089, 37.963920650354886], [127.71962340990689, 37.96391537160887], [127.71961669919742, 37.961662148877274], [127.71677073369239, 37.96166742719798], [127.71676411068249, 37.95941420317483], [127.71676411068249, 37.95941420317483], [127.71675748841109, 37.95716097828546], [127.71675748841109, 37.95716097828546], [127.71675086687812, 37.95490775252987], [127.71390516145948, 37.954912960745624], [127.71391169606049, 37.957166186920915], [127.71391169606046, 37.957166186920915], [127.71391823139021, 37.95941941223002], [127.71391823139021, 37.95941941223002], [127.71392476744875, 37.961672636672894], [127.71677073369239, 37.96166742719798]]], [[[127.7221643155928, 37.86251416308356], [127.72217107999663, 37.86476742348542], [127.72501331383921, 37.864762026214116], [127.72501331383921, 37.864762026214116], [127.72785554691802, 37.86475656033542], [127.72785554691802, 37.86475656033542], [127.73069777922338, 37.864751025849394], [127.73069075521413, 37.86249776676991], [127.7278486094438, 37.86250330080961], [127.72784167274294, 37.860250040418194], [127.72499961272477, 37.86025550541533], [127.72499961272477, 37.86025550541533], [127.722157551943, 37.86026090181614], [127.7221643155928, 37.86251416308355], [127.72500646290014, 37.862508766247515], [127.72500646290014, 37.862508766247515], [127.72500646290014, 37.862508766247515], [127.72500646290014, 37.86250876624752], [127.7221643155928, 37.86251416308356]]], [[[127.72787636398152, 37.87151633371906], [127.72787636398152, 37.871516333719065], [127.73071885594992, 37.871510797893905], [127.73071885594992, 37.871510797893905], [127.73356134713498, 37.87150519344486], [127.73355423421233, 37.86925193741431], [127.73071182959119, 37.869257541411415], [127.73071182959119, 37.869257541411415], [127.72786942418678, 37.86926307679017], [127.72786942418678, 37.86926307679016], [127.72502701800876, 37.86926854355051], [127.72503387123945, 37.87152180092028], [127.72787636398152, 37.87151633371906]]], [[[127.72220491332956, 37.876033712510804], [127.7221981451542, 37.87378045643697], [127.71935556431973, 37.87378578681998], [127.71936224591155, 37.87603904332365], [127.72220491332956, 37.876033712510804]]], [[[127.71940903791699, 37.89181181461088], [127.71941572547065, 37.89406506418905], [127.72225908590477, 37.89405972993644], [127.72225908590477, 37.89405972993644], [127.72510244558359, 37.89405432700442], [127.72794580449745, 37.89404885539306], [127.72793885696161, 37.891795607121686], [127.72509558470837, 37.89180107829193], [127.72508872459802, 37.8895478287136], [127.72224553823101, 37.889553230774446], [127.72224553823101, 37.889553230774446], [127.72508872459802, 37.8895478287136], [127.72508186525245, 37.8872945782695], [127.72223876552682, 37.8872999798948], [127.72223876552682, 37.8872999798948], [127.71939566504619, 37.887305312857315], [127.71940235110885, 37.88955856416696], [127.71940235110885, 37.88955856416696], [127.71940903791699, 37.891811814610875], [127.72225231169028, 37.89180648078833], [127.72225231169028, 37.89180648078835], [127.72225231169028, 37.89180648078835], [127.71940903791699, 37.89181181461088]]], [[[127.72238115100747, 37.934618066535734], [127.72238115100747, 37.934618066535734], [127.72238793958788, 37.93687129923092], [127.72523294765766, 37.936865888017586], [127.72522607223276, 37.93461265575849], [127.72522607223276, 37.93461265575849], [127.72521919757445, 37.93235942263328], [127.72237436318397, 37.93236483297446], [127.72238115100747, 37.934618066535734]]], [[[127.71954293076108, 37.936876641659566], [127.72238793958788, 37.93687129923092], [127.72238115100747, 37.934618066535734], [127.71953622902527, 37.93462340853384], [127.71954293076108, 37.936876641659566]]], [[[127.72525357853284, 37.94362557959796], [127.72524670080762, 37.94137234993733], [127.72240151901975, 37.94137776202293], [127.72240830987144, 37.943630992119736], [127.72525357853284, 37.94362557959796]]], [[[127.73339795035255, 37.81968008574733], [127.73623845221643, 37.81967442318933], [127.73623127116466, 37.817421147708565], [127.73339085564291, 37.81742680980973], [127.73339795035255, 37.81968008574733]]], [[[127.73666355434428, 37.95261614427776], [127.73665632590233, 37.95036291988256], [127.73381079968918, 37.9503686089842], [127.73381794121917, 37.95262183383786], [127.73666355434428, 37.95261614427776]]], [[[127.73626718442917, 37.82868751645859], [127.73910803095708, 37.82868178355429], [127.73910803095708, 37.82868178355429], [127.74194887667454, 37.82867598213135], [127.74194151965929, 37.82642271104263], [127.74194151965929, 37.82642271104263], [127.74193416346405, 37.824169439088436], [127.74193416346405, 37.824169439088436], [127.74192680808875, 37.82191616626879], [127.73908622148379, 37.82192196628779], [127.73909349049791, 37.82417523957538], [127.73909349049791, 37.82417523957538], [127.7391007603223, 37.82642851199755], [127.73626000017495, 37.826434244439376], [127.73626718442917, 37.82868751645859]]], [[[127.74192680808875, 37.82191616626879], [127.74193416346408, 37.824169439088436], [127.74193416346408, 37.824169439088436], [127.74194151965929, 37.82642271104263], [127.7419415196593, 37.82642271104263], [127.74194887667454, 37.82867598213135], [127.74478972157188, 37.82867011218987], [127.7447822781763, 37.82641684157466], [127.7447822781763, 37.82641684157466], [127.7447748356103, 37.824163570093994], [127.74477483561033, 37.824163570093994], [127.74476739387387, 37.82191029774782], [127.74192680808875, 37.82191616626879]]], [[[127.74483439937319, 37.84218971770461], [127.74482695099775, 37.83993645228276], [127.74482695099775, 37.83993645228276], [127.74481950345253, 37.837683185995324], [127.74481205673744, 37.835429918842294], [127.74197095264121, 37.83543579020454], [127.74197095264121, 37.83543579020454], [127.74196359316538, 37.83318252171233], [127.7391225746581, 37.83318832407136], [127.73912984772457, 37.83544159303165], [127.73912984772457, 37.83544159303165], [127.73913712160179, 37.837694861126444], [127.7419783129374, 37.83768905783122], [127.74198567405409, 37.83994232459234], [127.74198567405409, 37.83994232459234], [127.74199303599137, 37.842195590487876], [127.74483439937319, 37.84218971770461]]], [[[127.7362959294553, 37.837700595880925], [127.73913712160179, 37.837694861126444], [127.73912984772457, 37.83544159303165], [127.73628874199717, 37.83544732732355], [127.7362959294553, 37.837700595880925]]], [[[127.73914439628986, 37.839948128355694], [127.74198567405409, 37.83994232459235], [127.7419783129374, 37.83768905783122], [127.73913712160179, 37.837694861126444], [127.73914439628986, 37.839948128355694]]], [[[127.74484184857896, 37.84444298226082], [127.74483439937319, 37.84218971770461], [127.74199303599137, 37.842195590487876], [127.74200039874934, 37.844448855517825], [127.74484184857896, 37.84444298226082]]], [[[127.74505076384963, 37.90753403832471], [127.7450432913549, 37.905280798012726], [127.74219950378837, 37.905286684071186], [127.74219950378837, 37.90528668407117], [127.74219950378837, 37.90528668407117], [127.74219950378837, 37.90528668407117], [127.7450432913549, 37.905280798012726], [127.74503581969327, 37.90302755683463], [127.74219211883512, 37.9030334424186], [127.74219211883512, 37.903033442418604], [127.73934841715365, 37.903039259301416], [127.73935571539842, 37.905292501422956], [127.73935571539842, 37.905292501422956], [127.73936301445694, 37.90754574267846], [127.74220688956503, 37.907539924857694], [127.74220688956503, 37.907539924857694], [127.74505076384963, 37.90753403832471]]], [[[127.74505823717755, 37.90978727777058], [127.74505076384963, 37.90753403832471], [127.74220688956503, 37.907539924857694], [127.74220688956503, 37.9075399248577], [127.73936301445694, 37.90754574267847], [127.73937031432928, 37.909798983067915], [127.74221427616521, 37.90979316477814], [127.74221427616521, 37.90979316477813], [127.74505823717755, 37.90978727777058]]], [[[127.74196359316538, 37.83318252171233], [127.74197095264121, 37.83543579020454], [127.74481205673744, 37.83542991884229], [127.74480461085238, 37.833176650823695], [127.74480461085238, 37.833176650823695], [127.74479716579721, 37.83092338193956], [127.74195623450987, 37.8309292523546], [127.74196359316538, 37.83318252171233], [127.74196359316538, 37.83318252171233]]], [[[127.74484184857896, 37.84444298226083], [127.74768329757816, 37.84443704044663], [127.74767576192471, 37.84218377636967], [127.75051712363626, 37.842177766483125], [127.75050950238479, 37.83992450202527], [127.7476682271112, 37.83993051142706], [127.7476682271112, 37.83993051142706], [127.74482695099778, 37.83993645228277], [127.74483439937319, 37.84218971770462], [127.74483439937319, 37.84218971770462], [127.74484184857896, 37.84444298226083]]], [[[127.75053999248857, 37.84893755466253], [127.75054761713899, 37.851190815657574], [127.75338932384877, 37.85118473525803], [127.75338932384877, 37.85118473525803], [127.7562310296989, 37.85117858628488], [127.7562310296989, 37.85117858628488], [127.7562310296989, 37.85117858628488], [127.75623882817133, 37.85343184542776], [127.75623882817133, 37.85343184542776], [127.75624662751312, 37.855685103704836], [127.7590885054753, 37.85567888515511], [127.7590885054753, 37.855678885155115], [127.76193038255838, 37.85567259802087], [127.76192241022571, 37.85341934075239], [127.76192241022571, 37.85341934075239], [127.76193038255838, 37.85567259802087], [127.76477225875269, 37.85566624230213], [127.76477225875269, 37.85566624230213], [127.76477225875269, 37.85566624230213], [127.76477225875269, 37.855666242302135], [127.76193038255838, 37.855672598020874], [127.76193835577979, 37.85792585442345], [127.76193835577979, 37.85792585442345], [127.76193038255838, 37.855672598020874], [127.7590885054753, 37.85567888515513], [127.75909639219168, 37.8579321420648], [127.75909639219168, 37.8579321420648], [127.75910427978732, 37.86018539810859], [127.75626222880523, 37.86019161766145], [127.75627003075576, 37.86244487334096], [127.75911216826228, 37.862438653286475], [127.75910427978732, 37.86018539810859], [127.76194632989008, 37.860179109960114], [127.76194632989008, 37.860179109960114], [127.75910427978732, 37.8601853981086], [127.75911216826228, 37.862438653286475], [127.75627003075576, 37.86244487334096], [127.75627783357608, 37.864698128154565], [127.75912005761664, 37.86469190759844], [127.75912794785056, 37.86694516104448], [127.7619702575552, 37.86693887137446], [127.7619702575552, 37.86693887137446], [127.7619702575552, 37.86693887137446], [127.7619702575552, 37.86693887137446], [127.75912794785056, 37.86694516104448], [127.75913583896416, 37.86919841362456], [127.76197823522205, 37.869192123447306], [127.76197823522205, 37.86919212344729], [127.76482063059053, 37.869185764652364], [127.76482063059053, 37.86918576465238], [127.76482063059053, 37.86918576465238], [127.76482063059053, 37.869185764652386], [127.76197823522205, 37.869192123447306], [127.76197823522205, 37.869192123447306], [127.75913583896416, 37.86919841362456], [127.75914373095746, 37.87145166533868], [127.76198621377824, 37.871445374654144], [127.76199419322398, 37.873698624994944], [127.76483676172771, 37.87369226517438], [127.76483676172771, 37.87369226517438], [127.76199419322398, 37.873698624994944], [127.7620021735593, 37.87595187446973], [127.76484482864514, 37.8759455141363], [127.76484482864514, 37.875945514136305], [127.76768748283162, 37.875939085168675], [127.76768748283162, 37.87593908516867], [127.77053013610906, 37.875932587566886], [127.77053013610906, 37.875932587566886], [127.77337278846784, 37.875926021331054], [127.77337278846784, 37.87592602133106], [127.77621543989831, 37.87591938646122], [127.77620702665357, 37.873666139606115], [127.77336446180477, 37.873672773940946], [127.7733561360699, 37.87141952568469], [127.77051365686503, 37.871426090861625], [127.77050541862074, 37.8691728412098], [127.76766302505999, 37.869179337239856], [127.76767117674169, 37.87143258741554], [127.76767117674169, 37.87143258741554], [127.76767117674169, 37.87143258741554], [127.76766302505999, 37.86917933723985], [127.76766302505999, 37.86917933723985], [127.77050541862074, 37.8691728412098], [127.7704971812948, 37.866919590691886], [127.76765487428698, 37.8669260861981], [127.76765487428698, 37.8669260861981], [127.76481256637057, 37.866932513092316], [127.76481256637057, 37.86693251309231], [127.76481256637057, 37.86693251309231], [127.76480450304953, 37.86467926066625], [127.76480450304953, 37.86467926066625], [127.76479644062735, 37.862426007374175], [127.76479644062735, 37.862426007374175], [127.76479644062735, 37.862426007374175], [127.76479644062735, 37.862426007374175], [127.76480450304953, 37.86467926066624], [127.76480450304953, 37.86467926066624], [127.76481256637057, 37.86693251309231], [127.76765487428698, 37.86692608619809], [127.76764672442258, 37.8646728342903], [127.76764672442258, 37.8646728342903], [127.76765487428698, 37.86692608619809], [127.7704971812948, 37.86691959069188], [127.77050541862074, 37.8691728412098], [127.77334781126316, 37.86916627656227], [127.77334781126316, 37.86916627656227], [127.77619020297757, 37.869159643297365], [127.77619020297757, 37.869159643297365], [127.77334781126316, 37.86916627656227], [127.77334781126316, 37.86916627656227], [127.77050541862074, 37.8691728412098], [127.77051365686503, 37.871426090861625], [127.7733561360699, 37.87141952568469], [127.77336446180477, 37.873672773940946], [127.77620702665357, 37.873666139606115], [127.77621543989831, 37.875919386461206], [127.77905809039079, 37.875912682957434], [127.7790495905645, 37.873659436642896], [127.7790495905645, 37.873659436642896], [127.77904109168571, 37.87140618946211], [127.7761986143467, 37.87141289188484], [127.7761986143467, 37.87141289188484], [127.77904109168571, 37.87140618946211], [127.77903259375435, 37.869152941415116], [127.77903259375435, 37.869152941415116], [127.77904109168571, 37.87140618946211], [127.77904109168571, 37.87140618946211], [127.7790495905645, 37.873659436642896], [127.7818921535279, 37.873652665051345], [127.78188356807735, 37.8713994184166], [127.78188356807735, 37.8713994184166], [127.78187498358383, 37.86914617091561], [127.78187498358383, 37.86914617091561], [127.78186640004726, 37.866892922548416], [127.78186640004726, 37.866892922548416], [127.78187498358383, 37.86914617091561], [127.78471737245638, 37.86913933179892], [127.78470870236744, 37.866886083983225], [127.78470870236744, 37.866886083983225], [127.78470003324496, 37.86463283530129], [127.78185781746751, 37.86463967331499], [127.78185781746751, 37.86463967331499], [127.78470003324496, 37.86463283530129], [127.78470003324496, 37.86463283530129], [127.78754224805603, 37.86462592868153], [127.78753349336696, 37.862372679690345], [127.78469136508883, 37.86237958575313], [127.78469136508883, 37.86237958575313], [127.78184923584449, 37.8623864232154], [127.78185781746751, 37.86463967331499], [127.78185781746751, 37.86463967331499], [127.78184923584449, 37.86238642321539], [127.78184923584449, 37.86238642321539], [127.78184923584449, 37.8623864232154], [127.78469136508883, 37.86237958575313], [127.78468269789899, 37.86012633533876], [127.78752473965376, 37.86011942983293], [127.78751598691636, 37.857866179109266], [127.78751598691636, 37.857866179109266], [127.78750723515462, 37.85561292751942], [127.78466536641754, 37.855619831911476], [127.78466536641754, 37.85561983191147], [127.78466536641754, 37.85561983191147], [127.78465670212572, 37.8533665788986], [127.78181491891725, 37.85337341415543], [127.78182349671455, 37.855626667719605], [127.78182349671455, 37.855626667719605], [127.78181491891725, 37.85337341415542], [127.78181491891725, 37.85337341415542], [127.78181491891725, 37.85337341415543], [127.78465670212572, 37.8533665788986], [127.78464803879969, 37.85111332501958], [127.7818063420761, 37.85112015972514], [127.7818063420761, 37.85112015972513], [127.77896464439645, 37.85112692585775], [127.77897313475262, 37.85338018083379], [127.77897313475262, 37.85338018083379], [127.77896464439642, 37.851126925857756], [127.7761229457704, 37.851133623417375], [127.77613134964149, 37.85338687893362], [127.77613134964149, 37.85338687893362], [127.7761229457704, 37.851133623417375], [127.77328124620762, 37.851140252403916], [127.77328124620762, 37.85114025240391], [127.77328124620762, 37.85114025240391], [127.77328124620762, 37.85114025240391], [127.7761229457704, 37.85113362341736], [127.77611454283605, 37.848880367035086], [127.77611454283605, 37.848880367035086], [127.77610614083837, 37.84662710978681], [127.77610614083837, 37.84662710978681], [127.77610614083837, 37.84662710978681], [127.77610614083837, 37.84662710978681], [127.77611454283605, 37.84888036703509], [127.77611454283607, 37.84888036703509], [127.7761229457704, 37.85113362341736], [127.77896464439645, 37.85112692585775], [127.77895615498666, 37.84887367001564], [127.77895615498666, 37.84887367001564], [127.77894766652315, 37.84662041330753], [127.77894766652315, 37.84662041330753], [127.77894766652315, 37.84662041330753], [127.77894766652315, 37.84662041330753], [127.77895615498666, 37.84887367001564], [127.77895615498666, 37.84887367001564], [127.77896464439645, 37.85112692585775], [127.7818063420761, 37.85112015972513], [127.7818063420761, 37.85112015972513], [127.78464803879969, 37.851113325019575], [127.78464803879969, 37.85111332501958], [127.78465670212572, 37.8533665788986], [127.78465670212572, 37.8533665788986], [127.78466536641754, 37.85561983191147], [127.78750723515462, 37.85561292751942], [127.78749848436843, 37.85335967506339], [127.79034026563566, 37.85335270264985], [127.79034026563566, 37.85335270264985], [127.79318204591787, 37.85334566165807], [127.79317312313793, 37.85109240946607], [127.79033142934026, 37.85109944988998], [127.79033142934026, 37.85109944988998], [127.78748973455764, 37.85110642174118], [127.78749848436843, 37.85335967506338], [127.78749848436843, 37.85335967506338], [127.78748973455764, 37.85110642174118], [127.78748973455764, 37.85110642174118], [127.79033142934026, 37.85109944988997], [127.7903225940298, 37.848846196263914], [127.7903225940298, 37.848846196263914], [127.79033142934026, 37.85109944988997], [127.79317312313793, 37.851092409466055], [127.79316420135261, 37.848839156407834], [127.79316420135261, 37.848839156407834], [127.79600580768091, 37.848832047984644], [127.79599680042494, 37.84657879463356], [127.79599680042494, 37.84657879463356], [127.79598779417294, 37.844325540416236], [127.79314636076523, 37.844332647692795], [127.79314636076523, 37.844332647692795], [127.79313744196295, 37.842079392036034], [127.79029609400698, 37.84208643018881], [127.79030492636329, 37.84433968641331], [127.78746349097672, 37.84434665657769], [127.78747223786189, 37.84659991249831], [127.78747223786189, 37.84659991249831], [127.78748098572217, 37.84885316755281], [127.78748098572217, 37.84885316755281], [127.78747223786189, 37.84659991249831], [127.78746349097672, 37.84434665657769], [127.78746349097672, 37.84434665657769], [127.78745474506648, 37.84209339979098], [127.78461339515115, 37.842100300842496], [127.78461339515115, 37.842100300842496], [127.78177204427062, 37.84210713334326], [127.78177204427062, 37.84210713334326], [127.7789306924345, 37.84211389729323], [127.7789306924345, 37.84211389729323], [127.78177204427062, 37.84210713334326], [127.7817634722085, 37.8398538745827], [127.7817634722085, 37.8398538745827], [127.78175490110183, 37.83760061495616], [127.78175490110183, 37.83760061495616], [127.7817463309505, 37.835347354463615], [127.77890523839586, 37.83535411677693], [127.77889675560769, 37.833100854872946], [127.77605574851542, 37.83310754811201], [127.77606414489561, 37.83536081055595], [127.77606414489559, 37.83536081055595], [127.77605574851542, 37.833107548112004], [127.77605574851542, 37.833107548112004], [127.77604735307109, 37.83085428480217], [127.77320643144145, 37.830860908978], [127.77320643144145, 37.83086090897801], [127.7703655088857, 37.83086746463046], [127.77037373153294, 37.833120729003554], [127.77037373153294, 37.833120729003554], [127.77037373153294, 37.833120729003554], [127.77037373153294, 37.833120729003554], [127.7703655088857, 37.83086746463046], [127.76752458541345, 37.83087395175946], [127.76752458541345, 37.83087395175946], [127.76752458541345, 37.83087395175946], [127.76751645007177, 37.82862068599726], [127.76751645007177, 37.82862068599726], [127.76752458541345, 37.83087395175946], [127.7703655088857, 37.83086746463046], [127.7703655088857, 37.83086746463046], [127.77320643144145, 37.830860908978], [127.77320643144145, 37.830860908978], [127.77604735307109, 37.83085428480217], [127.77604735307109, 37.83085428480218], [127.77604735307109, 37.83085428480218], [127.77605574851542, 37.833107548112004], [127.77889675560769, 37.83310085487294], [127.77890523839586, 37.83535411677693], [127.7817463309505, 37.835347354463615], [127.7817463309505, 37.835347354463615], [127.78458742254993, 37.835340523616075], [127.78457876694608, 37.83308726280858], [127.78457876694608, 37.83308726280858], [127.78457011230698, 37.830834001135116], [127.78172919351348, 37.83084083088067], [127.78172919351348, 37.83084083088066], [127.77888827376499, 37.830847592103034], [127.77888827376499, 37.830847592103034], [127.77888827376499, 37.830847592103034], [127.77888827376499, 37.830847592103034], [127.78172919351348, 37.83084083088066], [127.78172062622755, 37.828587567790265], [127.77887979286767, 37.828594328467226], [127.77887979286767, 37.82859432846723], [127.77603895856254, 37.82860102062648], [127.77603895856254, 37.82860102062647], [127.77319812332175, 37.82860764426794], [127.77319812332175, 37.82860764426793], [127.77603895856254, 37.82860102062646], [127.77603895856254, 37.82860102062647], [127.77887979286767, 37.828594328467226], [127.77887131291564, 37.82634106396553], [127.77887131291564, 37.82634106396553], [127.77886283390876, 37.824087798597986], [127.77886283390876, 37.824087798597986], [127.7788543558469, 37.82183453236459], [127.77601378065023, 37.82184122290436], [127.77602217235221, 37.82409448967754], [127.77602217235221, 37.82409448967754], [127.77601378065023, 37.82184122290436], [127.77317320451823, 37.82184784494292], [127.77316490010192, 37.819594576769695], [127.77032440939472, 37.81960112977827], [127.77032440939472, 37.81960112977827], [127.76748391777153, 37.81960761429106], [127.76749204948683, 37.82186088351619], [127.77033262746058, 37.82185439848022], [127.77033262746058, 37.82185439848022], [127.77317320451823, 37.82184784494292], [127.77317320451823, 37.82184784494292], [127.77033262746058, 37.82185439848022], [127.77033262746058, 37.82185439848022], [127.76749204948683, 37.82186088351619], [127.76748391777153, 37.81960761429107], [127.76464342524204, 37.819614030307974], [127.76464342524204, 37.81961403030797], [127.76180293181585, 37.819620377828926], [127.76181089082971, 37.82187364808383], [127.76181089082971, 37.82187364808383], [127.76181089082971, 37.82187364808383], [127.76180293181585, 37.819620377828926], [127.75896243750256, 37.81962665685387], [127.75897031016552, 37.821879927615385], [127.75897031016555, 37.821879927615385], [127.75897818370606, 37.82413319751129], [127.75897818370606, 37.82413319751129], [127.75898605812424, 37.82638646654155], [127.75898605812424, 37.82638646654155], [127.75899393342019, 37.82863973470617], [127.75899393342019, 37.82863973470617], [127.75900180959403, 37.83089300200514], [127.76184273575797, 37.83088672044687], [127.76183477319476, 37.82863345365463], [127.76183477319476, 37.82863345365463], [127.76182681151904, 37.826380185996705], [127.76182681151904, 37.8263801859967], [127.76182681151904, 37.8263801859967], [127.76183477319476, 37.82863345365463], [127.76183477319476, 37.82863345365463], [127.76184273575797, 37.83088672044687], [127.76184273575797, 37.83088672044687], [127.76184273575797, 37.83088672044687], [127.75900180959403, 37.83089300200514], [127.75900968664583, 37.83314626843843], [127.7618506992088, 37.83313998637341], [127.7618506992088, 37.8331399863734], [127.76469171088407, 37.8331336357792], [127.76468366103433, 37.83088037036496], [127.76468366103433, 37.83088037036496], [127.76468366103433, 37.83088037036496], [127.76468366103433, 37.83088037036496], [127.76469171088407, 37.8331336357792], [127.76753272166198, 37.833127216655896], [127.76753272166198, 37.833127216655896], [127.76469171088407, 37.8331336357792], [127.76469171088407, 37.8331336357792], [127.7618506992088, 37.83313998637341], [127.76185866354733, 37.8353932514342], [127.76185866354733, 37.8353932514342], [127.76186662877367, 37.837646515629274], [127.76470781327565, 37.8376401640104], [127.76469976163114, 37.83538690032769], [127.76469976163114, 37.83538690032769], [127.76470781327565, 37.8376401640104], [127.7675489968801, 37.83763374385137], [127.7675489968801, 37.83763374385137], [127.7675489968801, 37.83763374385137], [127.76755713584988, 37.83988700615039], [127.77039840497473, 37.83988051692784], [127.77039840497473, 37.83988051692784], [127.77039840497473, 37.83988051692784], [127.77040663128903, 37.842133777837546], [127.77040663128903, 37.842133777837546], [127.77041485852038, 37.844387037881376], [127.77325629961219, 37.84438047905523], [127.77325629961219, 37.844380479055225], [127.7760977397772, 37.844373851672536], [127.7760977397772, 37.844373851672536], [127.77893917900579, 37.844367155733366], [127.77893917900579, 37.844367155733366], [127.77893917900579, 37.844367155733366], [127.77893917900579, 37.84436715573338], [127.7760977397772, 37.84437385167254], [127.7760977397772, 37.84437385167254], [127.77325629961219, 37.84438047905523], [127.77326461421707, 37.84663373770408], [127.77326461421707, 37.84663373770408], [127.77325629961219, 37.84438047905523], [127.77041485852038, 37.844387037881376], [127.77042308666886, 37.84664029705928], [127.77042308666886, 37.84664029705928], [127.7704313157346, 37.84889355537127], [127.7704313157346, 37.84889355537127], [127.77043954571771, 37.85114681281732], [127.77043954571771, 37.85114681281732], [127.7704477766183, 37.8534000693974], [127.7732895635935, 37.85339350845485], [127.7732895635935, 37.85339350845485], [127.7704477766183, 37.85340006939741], [127.77043954571771, 37.85114681281732], [127.76759784431033, 37.85115330465752], [127.76760598872548, 37.853406561761226], [127.76760598872548, 37.853406561761226], [127.7676141340486, 37.855659817999], [127.77045600843644, 37.85565332511151], [127.77045600843644, 37.85565332511151], [127.7676141340486, 37.855659817999], [127.76760598872548, 37.853406561761226], [127.76760598872548, 37.853406561761226], [127.76759784431033, 37.851153304657515], [127.76475614199512, 37.85115972792443], [127.76476419992476, 37.85341298554624], [127.76476419992476, 37.85341298554624], [127.76475614199512, 37.85115972792444], [127.76191443878172, 37.851166082618015], [127.76191443878172, 37.85116608261801], [127.75907273467978, 37.851172368738176], [127.75907273467978, 37.851172368738176], [127.75907273467978, 37.851172368738176], [127.76191443878172, 37.85116608261801], [127.76190646822627, 37.84891282361777], [127.76190646822627, 37.84891282361777], [127.76191443878172, 37.85116608261801], [127.76475614199512, 37.85115972792443], [127.7647480849637, 37.848906469436734], [127.76190646822627, 37.84891282361777], [127.76189849855929, 37.84665956375171], [127.76189849855929, 37.84665956375171], [127.76474002883033, 37.84665321008316], [127.76474002883033, 37.84665321008316], [127.76758155820339, 37.84664678785232], [127.76757341651141, 37.84439352815088], [127.76473197359496, 37.844399949863714], [127.76473197359496, 37.844399949863714], [127.76472391925746, 37.84214668877844], [127.76472391925746, 37.84214668877844], [127.76473197359496, 37.844399949863714], [127.76757341651141, 37.84439352815087], [127.76756527572695, 37.842140267583574], [127.76756527572695, 37.842140267583574], [127.76757341651144, 37.84439352815089], [127.77041485852038, 37.844387037881376], [127.77040663128903, 37.84213377783755], [127.77040663128903, 37.84213377783755], [127.77039840497473, 37.83988051692784], [127.76755713584986, 37.839887006150406], [127.76755713584986, 37.83988700615039], [127.76471586581773, 37.83989342682733], [127.76472391925746, 37.842146688778435], [127.76472391925746, 37.842146688778435], [127.76471586581773, 37.83989342682733], [127.76471586581773, 37.83989342682733], [127.76755713584986, 37.83988700615039], [127.7675489968801, 37.83763374385137], [127.76470781327565, 37.8376401640104], [127.76470781327565, 37.8376401640104], [127.76186662877367, 37.837646515629274], [127.76185866354733, 37.8353932514342], [127.76185866354733, 37.8353932514342], [127.7618506992088, 37.83313998637342], [127.75900968664583, 37.83314626843844], [127.75901756457569, 37.83539953400603], [127.7590175645757, 37.83539953400603], [127.75902544338375, 37.8376527987079], [127.75902544338375, 37.8376527987079], [127.75902544338375, 37.8376527987079], [127.75902544338375, 37.8376527987079], [127.75901756457569, 37.83539953400602], [127.75617646472587, 37.835405748043065], [127.75617646472587, 37.835405748043065], [127.75901756457569, 37.83539953400602], [127.75900968664583, 37.83314626843843], [127.75616867320475, 37.83315248197422], [127.75332765889526, 37.83315862698071], [127.75333536400751, 37.83541189354528], [127.75333536400751, 37.83541189354528], [127.7533430699787, 37.837665159244196], [127.75618425711555, 37.83765901324622], [127.75618425711555, 37.83765901324623], [127.7533430699787, 37.837665159244196], [127.75335077680889, 37.83991842407745], [127.75619205037388, 37.839912277583686], [127.75618425711555, 37.83765901324623], [127.75618425711555, 37.83765901324623], [127.75619205037388, 37.839912277583686], [127.7590333230701, 37.83990606254404], [127.7590333230701, 37.83990606254404], [127.76187459488791, 37.83989977895857], [127.76187459488791, 37.83989977895857], [127.7618825618902, 37.84215304142208], [127.7618825618902, 37.84215304142208], [127.7618825618902, 37.84215304142209], [127.75904120363482, 37.842159325514444], [127.75904120363482, 37.842159325514444], [127.7618825618902, 37.84215304142208], [127.76187459488791, 37.83989977895857], [127.7590333230701, 37.83990606254404], [127.7590333230701, 37.839906062544046], [127.75619205037388, 37.8399122775837], [127.75619984450096, 37.84216554105544], [127.75904120363482, 37.842159325514444], [127.75904908507805, 37.84441258761906], [127.75904908507805, 37.84441258761906], [127.7590569673999, 37.8466658488579], [127.7590569673999, 37.8466658488579], [127.75905696739987, 37.8466658488579], [127.75904908507805, 37.84441258761906], [127.75904908507805, 37.844412587619054], [127.75904120363482, 37.842159325514444], [127.75619984450096, 37.84216554105544], [127.75619984450096, 37.84216554105544], [127.75619984450096, 37.84216554105544], [127.75619205037388, 37.839912277583686], [127.75335077680889, 37.83991842407745], [127.75335848449821, 37.84217168804502], [127.75335848449821, 37.84217168804502], [127.75336619304676, 37.84442495114686], [127.75620763949688, 37.84441880366144], [127.75620763949688, 37.84441880366145], [127.7562154353618, 37.84667206540169], [127.7562154353618, 37.84667206540169], [127.75622323209575, 37.84892532627617], [127.75906485060042, 37.84891910923095], [127.75906485060042, 37.848919109230955], [127.75622323209575, 37.848925326276174], [127.75622323209575, 37.84892532627617], [127.75622323209575, 37.84892532627617], [127.7562154353618, 37.84667206540169], [127.7562154353618, 37.84667206540169], [127.75620763949688, 37.84441880366144], [127.75336619304676, 37.84442495114686], [127.75337390245463, 37.84667821338301], [127.75053236868806, 37.84668429280176], [127.75053999248857, 37.84893755466253], [127.75053999248857, 37.84893755466253]], [[127.78184065517807, 37.86013317224961], [127.78184065517807, 37.86013317224961], [127.77899861150067, 37.8601399405654], [127.77900710564353, 37.862393192077064], [127.77900710564353, 37.862393192077064], [127.77899861150067, 37.86013994056541], [127.77899861150067, 37.86013994056541], [127.77899011830462, 37.85788668818764], [127.77614816019438, 37.85789338736801], [127.7761565668764, 37.86014664028608], [127.7761565668764, 37.86014664028608], [127.7761565668764, 37.86014664028609], [127.77331452131496, 37.86015327141156], [127.77331452131496, 37.86015327141156], [127.77047247482595, 37.86015983394177], [127.77048070939752, 37.86241308705785], [127.77048070939752, 37.86241308705785], [127.76763857546663, 37.862419581516484], [127.76763857546663, 37.862419581516484], [127.76763857546663, 37.862419581516484], [127.76763857546663, 37.862419581516484], [127.77048070939752, 37.86241308705785], [127.77047247482595, 37.860159833941765], [127.77331452131496, 37.860153271411555], [127.77330620114707, 37.85790001795869], [127.77614816019438, 37.857893387368], [127.77614816019438, 37.857893387368], [127.77899011830462, 37.85788668818763], [127.7789816260553, 37.85563343494375], [127.7789816260553, 37.85563343494375], [127.77897313475262, 37.8533801808338], [127.77897313475262, 37.8533801808338], [127.7789816260553, 37.85563343494375], [127.7789816260553, 37.85563343494375], [127.77899011830462, 37.85788668818763], [127.77899011830462, 37.85788668818763], [127.77899861150067, 37.860139940565396], [127.78184065517807, 37.86013317224961], [127.78183207546813, 37.85787992041767], [127.78467403167525, 37.8578730840582], [127.78467403167525, 37.857873084058205], [127.78183207546813, 37.85787992041767], [127.78184065517807, 37.86013317224961], [127.78468269789899, 37.860126335338755], [127.78468269789899, 37.86012633533876], [127.78184065517807, 37.86013317224961]], [[127.78183207546813, 37.85787992041767], [127.78182349671455, 37.85562666771961], [127.78182349671455, 37.85562666771961], [127.78183207546813, 37.85787992041767], [127.78183207546813, 37.85787992041767]], [[127.76478031847903, 37.857919498192096], [127.76478031847903, 37.857919498192096], [127.76762228027974, 37.85791307337081], [127.76762228027974, 37.85791307337081], [127.77046424117229, 37.85790657995965], [127.77046424117229, 37.85790657995965], [127.77330620114707, 37.857900017958684], [127.77330620114707, 37.85790001795869], [127.77046424117229, 37.85790657995965], [127.77046424117229, 37.85790657995965], [127.76762228027974, 37.85791307337081], [127.76762228027974, 37.85791307337082], [127.76478031847903, 37.85791949819211], [127.76478031847903, 37.8579194981921], [127.76193835577979, 37.85792585442345], [127.76193835577979, 37.85792585442345], [127.76478031847903, 37.857919498192096]], [[127.77890523839586, 37.83535411677693], [127.77890523839586, 37.83535411677693], [127.77891372212964, 37.83760737781498], [127.77891372212964, 37.83760737781498], [127.77891372212964, 37.83760737781498], [127.77891372212964, 37.83760737781498], [127.77890523839586, 37.83535411677693]], [[127.77602217235221, 37.82409448967755], [127.7760305649896, 37.82634775558491], [127.7760305649896, 37.82634775558491], [127.77602217235221, 37.82409448967755], [127.77602217235221, 37.82409448967755]], [[127.76466756402647, 37.82637383693926], [127.76750831563683, 37.8263674193693], [127.76750018210856, 37.82411415187561], [127.76750018210856, 37.82411415187561], [127.76750831563683, 37.8263674193693], [127.76750831563683, 37.8263674193693], [127.76751645007177, 37.82862068599725], [127.76751645007177, 37.82862068599725], [127.76750831563683, 37.8263674193693], [127.76466756402647, 37.82637383693926], [127.76466756402647, 37.82637383693926]], [[127.76754085881751, 37.83538048068653], [127.76754085881751, 37.83538048068653], [127.77038195509678, 37.835373992510824], [127.77038195509678, 37.835373992510824], [127.76754085881751, 37.83538048068653]], [[127.77034906634057, 37.82636093328687], [127.77034906634059, 37.82636093328687], [127.77035728715495, 37.82861419939156], [127.77035728715495, 37.82861419939156], [127.77035728715495, 37.82861419939156], [127.77034906634059, 37.82636093328687], [127.77034906634057, 37.82636093328687], [127.77034906634057, 37.82636093328687]], [[127.77318981612805, 37.82635437869205], [127.77318981612805, 37.82635437869205], [127.77318981612805, 37.82635437869205], [127.77318981612805, 37.82635437869205], [127.77318981612805, 37.82635437869205]], [[127.77039017957736, 37.837627255152256], [127.77039017957736, 37.837627255152256], [127.77039017957736, 37.837627255152256], [127.77323136135777, 37.8376206979131], [127.77323136135777, 37.83762069791311], [127.77039017957736, 37.83762725515227], [127.77039017957736, 37.837627255152256]], [[127.77323967318264, 37.839873959159725], [127.77323967318264, 37.839873959159725], [127.77323967318264, 37.839873959159725], [127.77323967318264, 37.839873959159725], [127.77323967318264, 37.839873959159725]], [[127.77322305045936, 37.8353674358006], [127.7732147404873, 37.833114172822235], [127.7732147404873, 37.833114172822235], [127.77322305045936, 37.8353674358006], [127.77322305045936, 37.8353674358006]], [[127.77606414489559, 37.83536081055595], [127.77607254221175, 37.83761407213399], [127.77607254221175, 37.83761407213399], [127.77607254221175, 37.83761407213399], [127.77607254221175, 37.83761407213399], [127.77606414489559, 37.835360810555954], [127.77322305045936, 37.835367435800606], [127.77322305045936, 37.8353674358006], [127.77606414489559, 37.83536081055595]], [[127.77324798593408, 37.84212721954044], [127.77324798593408, 37.84212721954044], [127.77324798593408, 37.84212721954044], [127.77324798593408, 37.84212721954044], [127.77324798593408, 37.84212721954044]], [[127.76763042741905, 37.86016632787664], [127.76763042741905, 37.86016632787665], [127.76763042741905, 37.86016632787665], [127.76763042741905, 37.86016632787664], [127.76763042741905, 37.86016632787664]], [[127.77903259375435, 37.869152941415116], [127.77902409677026, 37.86689969250194], [127.77902409677029, 37.86689969250194], [127.77903259375435, 37.869152941415116], [127.77903259375435, 37.869152941415116]], [[127.77618179254608, 37.866906393843735], [127.77618179254608, 37.866906393843735], [127.77617338305217, 37.864653143523974], [127.77617338305217, 37.864653143523974], [127.77618179254608, 37.866906393843735], [127.77618179254608, 37.866906393843735], [127.77619020297757, 37.86915964329736], [127.77619020297757, 37.86915964329736], [127.77618179254608, 37.866906393843735]], [[127.77901560073336, 37.86464644272258], [127.77617338305217, 37.864653143523974], [127.77617338305217, 37.86465314352397], [127.77901560073336, 37.86464644272257], [127.77901560073336, 37.86464644272257], [127.77901560073336, 37.86464644272258]], [[127.77333948738439, 37.86691302657374], [127.77333948738439, 37.86691302657374], [127.77333948738439, 37.86691302657374], [127.77333948738439, 37.86691302657374], [127.77333948738439, 37.86691302657374]], [[127.77333116443351, 37.864659775719105], [127.77333116443351, 37.864659775719105], [127.77332284241041, 37.862406523998374], [127.77332284241041, 37.862406523998374], [127.77333116443351, 37.864659775719105]], [[127.77902409677029, 37.866899692501924], [127.78186640004726, 37.866892922548395], [127.78186640004726, 37.86689292254841], [127.77902409677029, 37.86689969250193], [127.77902409677029, 37.866899692501924]], [[127.77051365686503, 37.871426090861625], [127.77051365686503, 37.871426090861625], [127.77052189602776, 37.87367933964732], [127.77052189602776, 37.87367933964732], [127.77051365686503, 37.871426090861625]], [[127.78178919126175, 37.84661364826629], [127.78178061728835, 37.84436039123781], [127.78178061728835, 37.84436039123781], [127.78178919126175, 37.84661364826629], [127.78178919126175, 37.84661364826629]], [[127.79031375970419, 37.84659294177169], [127.7903225940298, 37.848846196263914], [127.7903225940298, 37.848846196263914], [127.79031375970419, 37.84659294177169], [127.79031375970419, 37.84659294177169]], [[127.79031375970419, 37.84659294177169], [127.79030492636329, 37.84433968641332], [127.79030492636329, 37.84433968641332], [127.79031375970419, 37.84659294177169], [127.79031375970419, 37.84659294177169]]], [[[127.74772852914347, 37.857956606728855], [127.74773607067941, 37.860209864745805], [127.75057812424161, 37.86020385098013], [127.75057812424161, 37.86020385098013], [127.75342017695344, 37.86019776861866], [127.75341246238746, 37.85794451157722], [127.7505704961906, 37.857950593448166], [127.7505704961906, 37.857950593448166], [127.74772852914347, 37.857956606728855]]], [[[127.74490147212826, 37.86246906754629], [127.74490147212826, 37.86246906754629], [127.74489401627643, 37.86021580991564], [127.74205196104234, 37.860221686489545], [127.74205933036927, 37.86247494459416], [127.74490147212826, 37.86246906754629], [127.74490892881131, 37.864722324311174], [127.74490892881131, 37.864722324311174], [127.74491638632568, 37.866975580210266], [127.74775870033204, 37.86696963360189], [127.74775870033204, 37.8669696336019], [127.75060101349739, 37.866963618381064], [127.75060101349739, 37.866963618381064], [127.753443325812, 37.866957534547836], [127.75343560866561, 37.864704280103986], [127.75343560866561, 37.864704280103986], [127.75342789237945, 37.86245102479426], [127.75342789237945, 37.86245102479426], [127.75342789237945, 37.86245102479426], [127.75342789237945, 37.86245102479426], [127.75343560866561, 37.864704280103986], [127.75627783357608, 37.864698128154565], [127.75627003075576, 37.86244487334096], [127.75627003075576, 37.86244487334096], [127.75626222880523, 37.86019161766145], [127.75342017695344, 37.86019776861867], [127.75342017695344, 37.86019776861867], [127.75057812424161, 37.860203850980135], [127.750585753143, 37.86245710764628], [127.750585753143, 37.86245710764628], [127.75057812424161, 37.86020385098013], [127.74773607067941, 37.860209864745805], [127.74773607067941, 37.860209864745805], [127.74489401627643, 37.86021580991564], [127.74490147212826, 37.86246906754629]], [[127.74775115627358, 37.86471637818234], [127.74774361305606, 37.86246312189698], [127.74774361305606, 37.86246312189698], [127.74775115627358, 37.86471637818234], [127.74775115627358, 37.86471637818234]]], [[[127.7420740714879, 37.866981458206155], [127.74208144327979, 37.869234713713475], [127.74492384467143, 37.86922883524358], [127.74492384467143, 37.86922883524358], [127.74776624523157, 37.86922288815562], [127.74775870033204, 37.8669696336019], [127.74491638632568, 37.86697558021028], [127.74491638632568, 37.86697558021028], [127.7420740714879, 37.866981458206155]]], [[[127.75060864495057, 37.86921687244968], [127.75060101349739, 37.866963618381064], [127.74775870033204, 37.8669696336019], [127.74776624523157, 37.86922288815562], [127.75060864495057, 37.86921687244968]]], [[[127.75061627725454, 37.8714701256524], [127.75060864495057, 37.86921687244969], [127.74776624523157, 37.86922288815562], [127.74492384467143, 37.86922883524358], [127.74493130384869, 37.87148208941105], [127.74777379097223, 37.87147614184349], [127.75061627725454, 37.8714701256524]]], [[[127.75073086397909, 37.905268819775976], [127.75073086397909, 37.905268819775976], [127.75073086397909, 37.905268819775976], [127.75357464901735, 37.905262727597815], [127.75356691723115, 37.90300948787647], [127.75641061469936, 37.90300332748852], [127.75640279707682, 37.90075008739764], [127.75355918630692, 37.90075624728895], [127.75355918630692, 37.90075624728895], [127.75071557467516, 37.90076233848491], [127.75072321890094, 37.903015579563515], [127.74787951971844, 37.903021602549586], [127.74788707808838, 37.90527484324763], [127.74788707808838, 37.90527484324763], [127.74789463730106, 37.90752808307956], [127.75073850990961, 37.90752205912229], [127.75073086397909, 37.905268819775976]]], [[[127.75079205529964, 37.923294710292815], [127.75079970805317, 37.92554794270929], [127.75364427389944, 37.92554184610978], [127.75363653435076, 37.92328861418468], [127.75363653435076, 37.92328861418468], [127.75362879566498, 37.921035381393246], [127.75078440339931, 37.92104147701003], [127.75079205529961, 37.923294710292815], [127.75079205529964, 37.923294710292815]]], [[[127.76180293181585, 37.819620377828926], [127.76179497368906, 37.81736710670838], [127.75895456571705, 37.81737338522676], [127.75896243750256, 37.81962665685386], [127.76180293181585, 37.819620377828926]]], [[[127.75613751580372, 37.82413940904233], [127.75613751580372, 37.82413940904234], [127.75613751580372, 37.82413940904234], [127.75614530385167, 37.82639267857374], [127.75614530385167, 37.82639267857374], [127.75615309276775, 37.82864594723954], [127.75899393342019, 37.82863973470617], [127.75898605812424, 37.82638646654155], [127.75898605812424, 37.82638646654155], [127.75897818370606, 37.82413319751128], [127.75897818370603, 37.82413319751128], [127.75897031016552, 37.821879927615385], [127.75897031016552, 37.821879927615385], [127.75896243750256, 37.81962665685386], [127.75896243750256, 37.81962665685386], [127.75895456571705, 37.81737338522676], [127.75611415686767, 37.81737959525458], [127.75612194231184, 37.81963286738274], [127.75612194231184, 37.81963286738274], [127.7561297286238, 37.82188613864532], [127.75328914621416, 37.821892281173604], [127.75329684703335, 37.8241455520662], [127.75613751580372, 37.82413940904233]]], [[[127.75647318706785, 37.92102921703124], [127.75648101253898, 37.923282449325775], [127.75932548985463, 37.92327621571618], [127.75932548985463, 37.92327621571619], [127.762169966288, 37.92326991335598], [127.76501444182945, 37.923263542245195], [127.76500635600286, 37.92101031147459], [127.76500635600286, 37.92101031147459], [127.7649982710778, 37.91875707983757], [127.7649982710778, 37.91875707983757], [127.7649982710778, 37.91875707983757], [127.76784257215742, 37.91875064101436], [127.76783440136813, 37.91649740902992], [127.7649901870541, 37.91650384733413], [127.7649901870541, 37.91650384733413], [127.76214597183876, 37.916510216904456], [127.76214597183876, 37.91651021690446], [127.75930175573183, 37.91651651774084], [127.75930175573183, 37.91651651774084], [127.75930175573183, 37.91651651774084], [127.75929384612158, 37.914263283349705], [127.75644971588892, 37.914269514949744], [127.75645753874291, 37.91652274984322], [127.75645753874291, 37.91652274984322], [127.7564653624692, 37.9187759838704], [127.75647318706785, 37.92102921703124], [127.75647318706785, 37.92102921703124]]], [[[127.75648101253898, 37.92328244932578], [127.75647318706785, 37.92102921703125], [127.75362879566498, 37.921035381393246], [127.75363653435076, 37.92328861418468], [127.75648101253898, 37.92328244932578]]], [[[127.7621779662215, 37.925523143773695], [127.7621779662215, 37.9255231437737], [127.75933340299328, 37.925529446641924], [127.75934131701429, 37.92778267670124], [127.76218596704702, 37.92777637332498], [127.76218596704702, 37.92777637332498], [127.76503061618757, 37.92777000118708], [127.76503061618757, 37.927770001187085], [127.76787526442631, 37.927763560287595], [127.7678670899921, 37.925510331769004], [127.76502252855765, 37.92551677214937], [127.76502252855765, 37.925516772149365], [127.76502252855765, 37.925516772149365], [127.76501444182945, 37.923263542245195], [127.762169966288, 37.92326991335598], [127.762169966288, 37.92326991335598], [127.75932548985463, 37.92327621571619], [127.75932548985463, 37.9232762157162], [127.75648101253898, 37.92328244932579], [127.75648101253898, 37.92328244932578], [127.75363653435076, 37.92328861418468], [127.75364427389944, 37.92554184610978], [127.75648883888269, 37.92553568075397], [127.75648883888269, 37.92553568075397], [127.75933340299328, 37.925529446641924], [127.75933340299328, 37.92552944664192], [127.7621779662215, 37.925523143773695], [127.7621779662215, 37.925523143773695], [127.7621779662215, 37.925523143773695]]], [[[127.75652798369369, 37.936801824899064], [127.75652015298549, 37.93454859780288], [127.75367524072529, 37.93455476514667], [127.75368298459003, 37.936807992739936], [127.75652798369369, 37.936801824899064]]], [[[127.7566141791383, 37.96158726576782], [127.75662202033183, 37.9638404824655], [127.75662202033186, 37.9638404824655], [127.75662986239983, 37.96609369829654], [127.75947599047527, 37.96608745513498], [127.75946806143796, 37.96383423980695], [127.75946806143796, 37.96383423980695], [127.7594601332848, 37.96158102361224], [127.7566141791383, 37.96158726576782]]], [[[127.75663770534237, 37.96834691326091], [127.7594839203968, 37.96834066959631], [127.75947599047527, 37.96608745513498], [127.75662986239983, 37.96609369829654], [127.75662986239983, 37.96609369829654], [127.75662202033183, 37.96384048246551], [127.75377597835127, 37.96384665627356], [127.75378373344984, 37.96609987260205], [127.75378373344984, 37.966099872602065], [127.75379148941326, 37.968353088063914], [127.75663770534237, 37.96834691326091], [127.75663770534237, 37.96834691326091]]], [[[127.76179497368906, 37.81736710670838], [127.76180293181585, 37.819620377828926], [127.76464342524204, 37.81961403030797], [127.76463538077412, 37.817360759699525], [127.76463538077412, 37.817360759699525], [127.76462733720278, 37.81510748822546], [127.76178701644928, 37.81511383472225], [127.76179497368906, 37.81736710670838], [127.76179497368906, 37.81736710670838]]], [[[127.76205007425897, 37.88947135313076], [127.76204208858377, 37.88721810885253], [127.75919899955237, 37.88722440308883], [127.75920689858744, 37.889477647874564], [127.76205007425897, 37.88947135313076]]], [[[127.76789979319844, 37.93452324064427], [127.76505488448875, 37.9345296831013], [127.76504679415302, 37.93227645666306], [127.7622019713746, 37.93228282982821], [127.7622099748769, 37.934536056780125], [127.76221797927165, 37.93678928286554], [127.76506297572664, 37.93678290867302], [127.76790797127936, 37.93677646569674], [127.76789979319844, 37.93452324064427]]], [[[127.76222598455898, 37.939042508084455], [127.76507106786677, 37.9390361333782], [127.76506297572664, 37.93678290867302], [127.76221797927165, 37.93678928286554], [127.76222598455898, 37.939042508084455]]], [[[127.75946806143796, 37.96383423980695], [127.75947599047527, 37.96608745513498], [127.76232211766644, 37.96608114311744], [127.7623301345669, 37.96833435707019], [127.76517634784291, 37.968327975682605], [127.76516824396366, 37.966074762244], [127.76232211766644, 37.96608114311744], [127.76232211766644, 37.96608114311744], [127.76516824396366, 37.966074762244], [127.76516014098803, 37.96382154793862], [127.76516014098804, 37.96382154793862], [127.76515203891597, 37.96156833276651], [127.76515203891597, 37.96156833276651], [127.76514393774734, 37.95931511672767], [127.76229807232835, 37.95932149605891], [127.76230608654727, 37.961574712611785], [127.76230608654727, 37.961574712611785], [127.76231410165992, 37.96382792829797], [127.76231410165992, 37.96382792829797], [127.76231410165992, 37.96382792829797], [127.75946806143796, 37.96383423980695]]], [[[127.77032440939472, 37.81960112977827], [127.7703161922448, 37.81734786021061], [127.76747578696256, 37.81735434420025], [127.76748391777153, 37.81960761429106], [127.77032440939472, 37.81960112977827]]], [[[127.77042308666886, 37.84664029705928], [127.77042308666886, 37.84664029705928], [127.77041485852035, 37.844387037881376], [127.76757341651141, 37.84439352815089], [127.76758155820339, 37.84664678785233], [127.76758155820339, 37.84664678785233], [127.76758970080301, 37.84890004668788], [127.76758970080301, 37.84890004668788], [127.76759784431033, 37.85115330465752], [127.77043954571771, 37.85114681281732], [127.7704313157346, 37.84889355537127], [127.7704313157346, 37.84889355537127], [127.77042308666886, 37.84664029705928]]], [[[127.7761565668764, 37.86014664028609], [127.77614816019438, 37.85789338736801], [127.77330620114707, 37.85790001795869], [127.77331452131496, 37.86015327141156], [127.7761565668764, 37.86014664028609]]], [[[127.77358960787265, 37.93451014939584], [127.77358125703724, 37.93225692453187], [127.77073643699401, 37.932263504014806], [127.77074470099632, 37.93451672940909], [127.77358960787265, 37.93451014939584]]], [[[127.76790797127936, 37.93677646569674], [127.77075296592012, 37.93676995393678], [127.77074470099632, 37.93451672940909], [127.76789979319847, 37.93452324064427], [127.76790797127936, 37.93677646569674]]], [[[127.78459607911866, 37.83759378355757], [127.78175490110183, 37.837600614956166], [127.7817634722085, 37.8398538745827], [127.7817634722085, 37.8398538745827], [127.78177204427062, 37.84210713334326], [127.78461339515115, 37.842100300842496], [127.78461339515115, 37.842100300842496], [127.78745474506648, 37.84209339979098], [127.78744600013114, 37.839840142138186], [127.78744600013114, 37.839840142138186], [127.78745474506648, 37.842093399790976], [127.78745474506648, 37.842093399790976], [127.78746349097672, 37.84434665657769], [127.79030492636329, 37.84433968641331], [127.79029609400698, 37.84208643018881], [127.79313744196295, 37.842079392036034], [127.79312852415482, 37.83982613551311], [127.79028726263515, 37.83983317309818], [127.79028726263515, 37.839833173098164], [127.78744600013114, 37.83984014213818], [127.78744600013114, 37.83984014213818], [127.79028726263515, 37.839833173098164], [127.7902784322477, 37.83757991514143], [127.7902784322477, 37.83757991514143], [127.7902696028445, 37.83532665631862], [127.78742851318448, 37.83533362423438], [127.78742851318448, 37.83533362423438], [127.7902696028445, 37.83532665631862], [127.79026077442545, 37.83307339662973], [127.78741977117295, 37.83308036398344], [127.78741977117295, 37.83308036398344], [127.78457876694608, 37.83308726280858], [127.78458742254993, 37.835340523616075], [127.78459607911866, 37.83759378355757], [127.78743725617048, 37.83758688361931], [127.78743725617048, 37.837586883619316], [127.78459607911866, 37.83759378355757], [127.78459607911866, 37.83759378355757]]], [[[127.78459607911866, 37.83759378355757], [127.78458742254993, 37.835340523616075], [127.7817463309505, 37.835347354463615], [127.78175490110183, 37.83760061495616], [127.78459607911866, 37.83759378355757]]], [[[127.79885650773987, 37.85107812290038], [127.79884741300513, 37.84882487099441], [127.79600580768094, 37.848832047984644], [127.79600580768091, 37.848832047984644], [127.79316420135261, 37.848839156407834], [127.79317312313793, 37.851092409466055], [127.79601481594104, 37.85108530046951], [127.79601481594104, 37.85108530046951], [127.79885650773987, 37.85107812290038]]], [[[127.7818921535279, 37.873652665051345], [127.78473471553416, 37.873645824831534], [127.78472604351192, 37.87139257874836], [127.78188356807735, 37.8713994184166], [127.7818921535279, 37.873652665051345]]], [[[127.78213293517013, 37.93674321906145], [127.78497792510593, 37.93673636338411], [127.78496922596925, 37.934483141563504], [127.78212432287579, 37.93448999668834], [127.78213293517013, 37.93674321906145]]], [[[127.7878229140717, 37.93672943892348], [127.78781412809279, 37.93447621766092], [127.78496922596925, 37.934483141563504], [127.78497792510593, 37.93673636338411], [127.7878229140717, 37.93672943892348]]], [[[127.78219324812689, 37.952515751403716], [127.78218462910763, 37.950262535098105], [127.7793391169533, 37.95026932527457], [127.77934764906226, 37.952522542127376], [127.78219324812689, 37.952515751403716]]]]}}, {"type": "Feature", "properties": {"rank": 2, "method": "BFS+Zoning", "n_grids": 113, "avg_micro": 67.03931226113171, "cluster_score": 114.66603526802263, "buildable_ha": 281.25000000000006, "final_score": 101.47350970451407, "avg_bcr": 0.3982300884955753, "center_lat": 37.74412365958143, "center_lon": 127.7182817589183}, "geometry": {"type": "MultiPolygon", "coordinates": [[[[127.70188876480476, 37.722846006456514], [127.70472557075998, 37.72284111437347], [127.70471936926663, 37.72058779698917], [127.70471936926663, 37.72058779698917], [127.70471316846424, 37.71833447874055], [127.70187653436017, 37.71833937003356], [127.70188264924175, 37.720592688677186], [127.70188264924175, 37.720592688677186], [127.70188876480476, 37.722846006456514]]], [[[127.69622109522386, 37.72510890353146], [127.69905798847256, 37.72510414758424], [127.69905798847256, 37.72510414758424], [127.70189488104924, 37.72509932337154], [127.70188876480476, 37.72284600645652], [127.70188876480476, 37.72284600645652], [127.70188264924175, 37.7205926886772], [127.6990459285355, 37.72059751211082], [127.69905195816806, 37.722850830279675], [127.69621515085944, 37.722855585842865], [127.69622109522386, 37.72510890353146]]], [[[127.7047317729444, 37.72509443089342], [127.70472557075998, 37.72284111437347], [127.70188876480476, 37.72284600645652], [127.70189488104924, 37.72509932337154], [127.7047317729444, 37.72509443089342]]], [[[127.69905798847256, 37.72510414758424], [127.69622109522386, 37.72510890353146], [127.69622704025068, 37.72736222035577], [127.69906401944903, 37.7273574640245], [127.69906401944903, 37.7273574640245], [127.70190099797532, 37.72735263942223], [127.70190099797532, 37.72735263942223], [127.70190711558304, 37.72960595460856], [127.70190711558304, 37.72960595460856], [127.70190099797532, 37.72735263942223], [127.69906401944903, 37.7273574640245], [127.69907005109758, 37.729610779600414], [127.69907005109758, 37.729610779600414], [127.69906401944903, 37.7273574640245], [127.69622704025068, 37.727362220355786], [127.69623298593997, 37.729615536315784], [127.69623298593997, 37.729615536315784], [127.69623893229188, 37.731868851411456], [127.69907608341829, 37.731864094311995], [127.70191323387247, 37.73185926893051], [127.70191323387247, 37.73185926893051], [127.70475038364484, 37.73185437526708], [127.70475038364484, 37.73185437526709], [127.70758753272582, 37.73184941332174], [127.70758124249915, 37.72959609979556], [127.70474417938675, 37.729601061340254], [127.70474417938675, 37.729601061340254], [127.70474417938675, 37.729601061340254], [127.70758124249915, 37.72959609979554], [127.70757495297336, 37.72734278540494], [127.70473797581995, 37.72734774654903], [127.70473177294438, 37.72509443089343], [127.70189488104924, 37.72509932337154], [127.69905798847256, 37.72510414758424], [127.69905798847256, 37.72510414758424]]], [[[127.69623893229188, 37.731868851411456], [127.69623893229185, 37.731868851411456], [127.69623298593997, 37.729615536315784], [127.6933959201198, 37.7296202247546], [127.69340178050278, 37.731873540228875], [127.69340178050281, 37.731873540228875], [127.69340764153885, 37.73412685483881], [127.6962448793064, 37.73412216564279], [127.69623893229188, 37.731868851411456]]], [[[127.70191935284372, 37.734112582388086], [127.70191323387247, 37.73185926893052], [127.69907608341828, 37.731864094311995], [127.6990821164112, 37.73411740815921], [127.70191935284372, 37.734112582388086]]], [[[127.70191935284372, 37.7341125823881], [127.70192547249687, 37.73636589498127], [127.70192547249687, 37.73636589498127], [127.70193159283198, 37.73861920671001], [127.70476900056784, 37.73861431186104], [127.70476279423531, 37.73636100052751], [127.7047627942353, 37.73636100052751], [127.70475658859434, 37.73410768832951], [127.70475658859434, 37.73410768832951], [127.70475658859434, 37.73410768832951], [127.70475658859434, 37.73410768832951], [127.70476279423531, 37.736361000527495], [127.70760011528218, 37.73635603778079], [127.70759382365348, 37.73410272598349], [127.70759382365348, 37.73410272598349], [127.7076001152822, 37.73635603778079], [127.70760640761205, 37.73860934871361], [127.70760640761202, 37.73860934871361], [127.70761270064308, 37.740862658781964], [127.70761270064308, 37.740862658781964], [127.70761270064308, 37.740862658781964], [127.70477520759198, 37.74086762233012], [127.70478141530786, 37.743120931934726], [127.70761899437545, 37.74311596798581], [127.70761899437545, 37.74311596798581], [127.71045657274166, 37.74311093572746], [127.7104501929929, 37.7408576269299], [127.7104501929929, 37.7408576269299], [127.71045657274166, 37.74311093572746], [127.71045657274166, 37.74311093572746], [127.71045657274166, 37.74311093572746], [127.70761899437545, 37.74311596798581], [127.70762528880921, 37.745369276325135], [127.71046295320141, 37.745364243660475], [127.71046295320141, 37.745364243660475], [127.71046295320141, 37.745364243660475], [127.71046933437222, 37.74761755072894], [127.71046933437222, 37.74761755072894], [127.71047571625417, 37.7498708569328], [127.71331355201586, 37.74986575512955], [127.71331355201586, 37.74986575512955], [127.71047571625414, 37.7498708569328], [127.71047571625414, 37.7498708569328], [127.7076378797812, 37.74987589041014], [127.70763158394443, 37.74762258379991], [127.7047938328151, 37.74762754855043], [127.70480004260662, 37.74988085556149], [127.70480004260662, 37.74988085556149], [127.7047938328151, 37.74762754855043], [127.70195608099381, 37.74763244498045], [127.70196220474001, 37.749885752386824], [127.70480004260662, 37.7498808555615], [127.70480625309018, 37.75213416170801], [127.70764417631962, 37.7521291961558], [127.7076378797812, 37.74987589041014], [127.7076378797812, 37.74987589041014], [127.70764417631962, 37.7521291961558], [127.71048209884731, 37.752124162272096], [127.71048209884731, 37.752124162272096], [127.7133200206637, 37.75211906005695], [127.71331355201586, 37.749865755129555], [127.71331355201586, 37.749865755129555], [127.7133200206637, 37.75211906005694], [127.7161579417592, 37.75211388951041], [127.71615138705678, 37.749860585000434], [127.71615138705678, 37.749860585000434], [127.7161579417592, 37.75211388951041], [127.71899586212419, 37.75210865063256], [127.71899586212419, 37.752108650632564], [127.7161579417592, 37.75211388951042], [127.71616449719211, 37.75436719315574], [127.71900250362121, 37.75436195385493], [127.71900250362121, 37.75436195385493], [127.72184050931013, 37.754356646217325], [127.72184050931013, 37.75435664621734], [127.71900250362121, 37.75436195385494], [127.71900914585838, 37.756615256212605], [127.72184723762089, 37.756609948146505], [127.72184050931013, 37.75435664621734], [127.7246785142493, 37.754351270242985], [127.72467170062438, 37.75209796788307], [127.72183378174914, 37.75210334342343], [127.72183378174914, 37.75210334342343], [127.72467170062438, 37.75209796788307], [127.72466488775872, 37.7498446646584], [127.72182705493779, 37.749850039764794], [127.72183378174914, 37.75210334342343], [127.72183378174914, 37.75210334342343], [127.72182705493779, 37.749850039764794], [127.71898922136728, 37.74985534654551], [127.71898922136728, 37.74985534654549], [127.71898922136728, 37.74985534654549], [127.71898258135035, 37.747602041593765], [127.71898258135035, 37.747602041593765], [127.71898922136728, 37.74985534654548], [127.72182705493779, 37.74985003976478], [127.72182032887603, 37.74759673524148], [127.72182032887606, 37.74759673524148], [127.7218136035638, 37.74534342985348], [127.71897594207334, 37.74534873577738], [127.71898258135037, 37.74760204159376], [127.71898258135035, 37.74760204159376], [127.71897594207334, 37.745348735777384], [127.71897594207334, 37.745348735777384], [127.71896930353613, 37.743095429096364], [127.7161317273316, 37.74310066628268], [127.71613827984305, 37.74535397338655], [127.71613827984305, 37.74535397338655], [127.7161317273316, 37.74310066628268], [127.71329415039689, 37.743105835159746], [127.71330061688256, 37.74535914268094], [127.71330061688256, 37.74535914268094], [127.71329415039689, 37.74310583515973], [127.71329415039689, 37.74310583515973], [127.71328768463181, 37.74085252677396], [127.71328768463181, 37.74085252677396], [127.71328121958719, 37.73859921752363], [127.71611862449898, 37.73859404948118], [127.71611207417767, 37.73634073978358], [127.71327475526296, 37.736345907408776], [127.71327475526296, 37.736345907408776], [127.71326829165902, 37.7340925964294], [127.71043105801158, 37.73409769535011], [127.71043105801158, 37.73409769535011], [127.71043105801158, 37.73409769535011], [127.71042468110585, 37.73184438309455], [127.70758753272582, 37.73184941332174], [127.70759382365348, 37.73410272598349], [127.70759382365348, 37.73410272598349], [127.70758753272582, 37.73184941332174], [127.70475038364484, 37.73185437526709], [127.70475038364484, 37.73185437526709], [127.70191323387247, 37.73185926893052], [127.70191935284372, 37.7341125823881], [127.70191935284372, 37.7341125823881]], [[127.71330061688256, 37.74535914268094], [127.71330061688256, 37.74535914268094], [127.71613827984305, 37.74535397338655], [127.71613827984305, 37.74535397338655], [127.71330061688256, 37.74535914268094]], [[127.7104501929929, 37.7408576269299], [127.710443813955, 37.7386043172678], [127.71044381395502, 37.7386043172678], [127.71043743562795, 37.7363510067412], [127.71043743562795, 37.7363510067412], [127.71043743562795, 37.7363510067412], [127.71044381395502, 37.7386043172678], [127.7104501929929, 37.7408576269299], [127.7104501929929, 37.7408576269299]], [[127.71614483308477, 37.74760727962582], [127.71614483308477, 37.74760727962582], [127.71615138705678, 37.749860585000434], [127.71615138705678, 37.749860585000434], [127.71614483308477, 37.74760727962582]]], [[[127.69057617881921, 37.73638478986595], [127.69058195516394, 37.738638103120365], [127.69341936557049, 37.7386334814657], [127.69341350322806, 37.73638016858444], [127.69341350322806, 37.73638016858444], [127.69341350322806, 37.73638016858444], [127.69625082698366, 37.73637547900978], [127.6962448793064, 37.734122165642795], [127.69340764153885, 37.73412685483882], [127.69340764153885, 37.73412685483882], [127.69057040311817, 37.73413147574722], [127.69057617881921, 37.73638478986595], [127.69057617881921, 37.73638478986595]]], [[[127.70756866414838, 37.72508947014993], [127.70756866414838, 37.72508947014993], [127.71040555465166, 37.725084441141135], [127.71039918058764, 37.72283112542783], [127.70756237602413, 37.72283615403055], [127.70756237602413, 37.72283615403055], [127.70472557075998, 37.72284111437347], [127.7047317729444, 37.72509443089342], [127.70756866414838, 37.72508947014993]]], [[[127.70757495297336, 37.72734278540494], [127.70756866414838, 37.72508947014993], [127.7047317729444, 37.72509443089343], [127.70473797581995, 37.72734774654903], [127.70757495297336, 37.72734278540494]]], [[[127.71048848215177, 37.75437746674676], [127.71332649003243, 37.754372364119696], [127.7133200206637, 37.75211906005695], [127.71048209884731, 37.752124162272096], [127.71048848215177, 37.75437746674676]]], [[[127.70765047355975, 37.75438250103687], [127.70764417631962, 37.752129196155806], [127.70480625309018, 37.75213416170801], [127.70481246426588, 37.75438746698997], [127.70765047355975, 37.75438250103687]]], [[[127.72180687900092, 37.74309012360084], [127.7218136035638, 37.74534342985348], [127.72465126430484, 37.74533805561491], [127.72748892428692, 37.74533261306172], [127.72748202767302, 37.74307930768233], [127.72464445371642, 37.74308474979613], [127.72464445371642, 37.74308474979613], [127.72463764388692, 37.74083144311268], [127.7246308348162, 37.73857813556457], [127.72179343212306, 37.73858350850159], [127.7218001551874, 37.74083681648353], [127.72180687900092, 37.74309012360084], [127.72180687900092, 37.74309012360084]]], [[[127.7303265835004, 37.74532710219397], [127.7303265835004, 37.74532710219397], [127.7303265835004, 37.74532710219397], [127.73033356691784, 37.74758040626371], [127.73317131138802, 37.747574826630995], [127.73316424193573, 37.74532152301172], [127.73316424193573, 37.74532152301172], [127.73315717327115, 37.743068218527654], [127.73031960086114, 37.743073797259484], [127.73031960086114, 37.743073797259484], [127.72748202767302, 37.74307930768233], [127.72748892428692, 37.74533261306172], [127.7303265835004, 37.74532710219397]]], [[[127.72465807565226, 37.747591360569004], [127.72465126430484, 37.74533805561491], [127.7218136035638, 37.74534342985348], [127.72182032887606, 37.74759673524148], [127.72465807565226, 37.747591360569004]]], [[[127.72466488775872, 37.7498446646584], [127.72466488775872, 37.7498446646584], [127.72466488775872, 37.7498446646584], [127.72467170062438, 37.75209796788307], [127.72467170062438, 37.75209796788307], [127.7246785142493, 37.75435127024298], [127.72751651842914, 37.75434582593195], [127.72750961874038, 37.75209252401153], [127.72750961874038, 37.75209252401153], [127.7275027198205, 37.749839221226345], [127.7275027198205, 37.749839221226345], [127.72749582166936, 37.7475859175764], [127.72465807565226, 37.74759136056901], [127.72465807565226, 37.747591360569004], [127.72182032887606, 37.74759673524148], [127.72182705493779, 37.749850039764794], [127.72466488775872, 37.7498446646584]]], [[[127.72750961874038, 37.75209252401153], [127.72751651842914, 37.75434582593195], [127.73035452184001, 37.7543403132843], [127.73034753608755, 37.752087011808875], [127.73034753608755, 37.752087011808875], [127.7303405511135, 37.74983370946869], [127.73317838162815, 37.7498281293855], [127.73318545265626, 37.752081431275194], [127.73602336843692, 37.752075782410515], [127.73601621135487, 37.74982248097683], [127.7360162113549, 37.74982248097683], [127.73602336843692, 37.752075782410515], [127.73886128341998, 37.752070065214895], [127.73886128341998, 37.75207006521488], [127.74169919759582, 37.752064279688376], [127.74169919759582, 37.752064279688376], [127.74453711095487, 37.75205842583107], [127.74452969571155, 37.74980512579855], [127.74169186840616, 37.74981097918329], [127.74169186840616, 37.749810979183295], [127.74169186840616, 37.749810979183295], [127.74168454003318, 37.747557677813326], [127.73884679795528, 37.74756346240575], [127.73885404028408, 37.74981676424274], [127.73885404028408, 37.74981676424274], [127.73885404028408, 37.74981676424274], [127.73885404028408, 37.74981676424274], [127.73884679795528, 37.74756346240575], [127.73600905507038, 37.747569178678326], [127.73601621135487, 37.74982248097683], [127.73317838162815, 37.7498281293855], [127.73317131138802, 37.747574826631], [127.73033356691784, 37.747580406263715], [127.73033356691784, 37.74758040626371], [127.72749582166936, 37.747585917576394], [127.7275027198205, 37.74983922122634], [127.7275027198205, 37.74983922122634], [127.72750961874038, 37.75209252401153], [127.72750961874038, 37.75209252401153]]], [[[127.730361508371, 37.7565936138949], [127.73035452184001, 37.7543403132843], [127.72751651842914, 37.75434582593195], [127.7275234188868, 37.7565991269876], [127.730361508371, 37.7565936138949]]], [[[127.73320667046904, 37.7588413317553], [127.73320667046904, 37.7588413317553], [127.73604484446912, 37.758835681522385], [127.7360520047422, 37.76108897949658], [127.7360520047422, 37.76108897949658], [127.73605916581332, 37.76334227660585], [127.73889751120954, 37.76333655710213], [127.73889026403666, 37.761083260454534], [127.74172852252346, 37.76107747305955], [127.74172852252346, 37.76107747305955], [127.7445667801931, 37.76107161731167], [127.74455936164362, 37.75881832073898], [127.741721190066, 37.75882417601417], [127.741721190066, 37.75882417601417], [127.741721190066, 37.75882417601417], [127.74171385842565, 37.75657087810385], [127.73887577211352, 37.75657666456454], [127.73886852736308, 37.754323365322165], [127.73603052631658, 37.754329082979346], [127.73603052631658, 37.754329082979346], [127.73319252447237, 37.75433473230008], [127.73319252447237, 37.75433473230008], [127.73035452184001, 37.75434031328431], [127.73036150837103, 37.7565936138949], [127.730361508371, 37.7565936138949], [127.73036849568064, 37.75884691364067], [127.73320667046904, 37.7588413317553]], [[127.73888301767131, 37.758829962941995], [127.73888301767131, 37.758829962941995], [127.73889026403663, 37.761083260454534], [127.73889026403663, 37.761083260454534], [127.73888301767131, 37.758829962941995]]], [[[127.73603052631658, 37.754329082979346], [127.73602336843692, 37.752075782410515], [127.73318545265626, 37.752081431275194], [127.73319252447237, 37.75433473230008], [127.73603052631658, 37.754329082979346]]], [[[127.74170652760229, 37.75431757932857], [127.74169919759582, 37.75206427968838], [127.73886128341998, 37.752070065214895], [127.73886852736308, 37.754323365322165], [127.74170652760229, 37.75431757932857]]], [[[127.74455194392083, 37.7565650233013], [127.74455194392083, 37.7565650233013], [127.74455194392083, 37.7565650233013], [127.7445445270246, 37.754311724998665], [127.74170652760229, 37.75431757932857], [127.74170652760229, 37.75431757932857], [127.73886852736308, 37.754323365322165], [127.73887577211352, 37.756576664564534], [127.74171385842565, 37.756570878103844], [127.74171385842565, 37.756570878103844], [127.741721190066, 37.75882417601417], [127.74455936164362, 37.758818320738975], [127.74455936164362, 37.75881832073897], [127.74739753239453, 37.75881239711647], [127.7473900285894, 37.75655910015698], [127.7473900285894, 37.75655910015698], [127.74738252562042, 37.75430580233248], [127.7445445270246, 37.754311724998665], [127.74455194392083, 37.7565650233013], [127.74455194392083, 37.7565650233013]]], [[[127.74741254251377, 37.76331898844044], [127.74740503703596, 37.76106569321098], [127.7445667801931, 37.76107161731167], [127.7445667801931, 37.76107161731167], [127.74172852252346, 37.76107747305955], [127.74173585579811, 37.76333076923995], [127.74457419956939, 37.763324913019375], [127.74457419956939, 37.76332491301937], [127.74741254251377, 37.76331898844044]]], [[[127.73890475919015, 37.76558985288477], [127.73889751120954, 37.763336557102136], [127.73605916581332, 37.76334227660585], [127.73606632768248, 37.765595572850195], [127.73890475919015, 37.76558985288477]]]]}}, {"type": "Feature", "properties": {"rank": 3, "method": "BFS+Zoning", "n_grids": 67, "avg_micro": 72.3965814269239, "cluster_score": 118.21827140082114, "buildable_ha": 167.49999999999994, "final_score": 103.96007499747303, "avg_bcr": 0.3999999999999999, "center_lat": 37.784307567093514, "center_lon": 127.53418462731138}, "geometry": {"type": "MultiPolygon", "coordinates": [[[[127.52886717822386, 37.786108272581906], [127.53170641824771, 37.786107542771695], [127.53170545561342, 37.783854235561854], [127.53170545561342, 37.783854235561854], [127.53170449308641, 37.78160092748805], [127.53170449308641, 37.78160092748805], [127.53170545561342, 37.783854235561854], [127.53454460932821, 37.78385343739993], [127.53454356060908, 37.78160012939054], [127.53454356060908, 37.78160012939054], [127.53454251200681, 37.7793468205172], [127.53454251200681, 37.7793468205172], [127.53454146352142, 37.77709351077992], [127.53454146352142, 37.77709351077992], [127.53454251200681, 37.77934682051719], [127.53454356060908, 37.78160012939054], [127.53738262801488, 37.781599262887944], [127.5373814932301, 37.779345954084526], [127.53738035857177, 37.77709264441718], [127.54021925349568, 37.777091709660404], [127.54021803280052, 37.774838399204576], [127.5373792240399, 37.7748393338859], [127.5373792240399, 37.7748393338859], [127.53454041515283, 37.77484020017871], [127.53454146352139, 37.77709351077992], [127.5317025683542, 37.7770943087486], [127.53170353066666, 37.77934761855029], [127.53170353066666, 37.77934761855029], [127.53170449308641, 37.78160092748805], [127.52886542545649, 37.78160165718047], [127.52886630179134, 37.78385496531317], [127.52886630179134, 37.78385496531317], [127.52886717822386, 37.786108272581906]]], [[[127.52602793810236, 37.78610893397598], [127.52318869789276, 37.7861095269539], [127.52318940200023, 37.78836283345989], [127.52318940200023, 37.78836283345989], [127.52319010618618, 37.79061613910189], [127.52035069346572, 37.79061666374833], [127.52035131149952, 37.79286996856867], [127.5231908104506, 37.792869443879894], [127.52319010618618, 37.79061613910189], [127.52319010618618, 37.79061613910189], [127.5231908104506, 37.792869443879894], [127.52603030932318, 37.792868850758396], [127.52602951882814, 37.790615546028256], [127.52602951882814, 37.790615546028256], [127.52603030932318, 37.792868850758396], [127.52886980810763, 37.79286818920418], [127.52886980810763, 37.79286818920418], [127.53170930679437, 37.79286745921725], [127.53170834383816, 37.79061415459942], [127.53170834383816, 37.79061415459942], [127.53170738098927, 37.78836084911756], [127.53454670711717, 37.788360050826796], [127.53454565816425, 37.786106744545364], [127.53170641824771, 37.7861075427717], [127.53170738098927, 37.78836084911756], [127.53170738098927, 37.78836084911756], [127.53170641824771, 37.7861075427717], [127.52886717822386, 37.78610827258192], [127.52886717822386, 37.78610827258192], [127.52602793810236, 37.78610893397598], [127.52602793810236, 37.78610893397598]], [[127.52602951882814, 37.790615546028256], [127.52602951882814, 37.790615546028256], [127.5260287284212, 37.788362240434125], [127.5260287284212, 37.788362240434125], [127.52602951882814, 37.790615546028256]]], [[[127.52319221921495, 37.79737605084377], [127.52319221921495, 37.79737605084377], [127.52319221921495, 37.79737605084377], [127.52319292371492, 37.79962935302965], [127.52603268133696, 37.799628759764545], [127.52603189057756, 37.79737545762656], [127.52603189057756, 37.79737545762656], [127.52603268133696, 37.799628759764545], [127.52887243887088, 37.79962809805016], [127.52887243887088, 37.79962809805016], [127.52603268133696, 37.79962875976455], [127.52603347218448, 37.80188206103846], [127.52603347218448, 37.80188206103846], [127.52603426312017, 37.80413536144828], [127.52887419320176, 37.80413469962709], [127.52887419320176, 37.80413469962709], [127.5317141231856, 37.804133969345564], [127.53171315969261, 37.801880669048074], [127.52887331598743, 37.80188139927068], [127.52887331598743, 37.80188139927068], [127.53171315969261, 37.801880669048074], [127.53171219630703, 37.79962736788649], [127.53171219630703, 37.79962736788649], [127.53171123302879, 37.797374065860794], [127.53171123302879, 37.797374065860794], [127.5317102698579, 37.79512076297105], [127.5317102698579, 37.79512076297105], [127.53170930679437, 37.792867459217256], [127.52886980810763, 37.792868189204185], [127.52887068493096, 37.795121493016886], [127.52887068493096, 37.795121493016886], [127.52886980810763, 37.792868189204185], [127.52603030932318, 37.7928688507584], [127.52603109990629, 37.7951221546245], [127.52603109990629, 37.7951221546245], [127.52603030932318, 37.7928688507584], [127.5231908104506, 37.7928694438799], [127.5231908104506, 37.792869443879894], [127.52035131149952, 37.79286996856867], [127.52035192960224, 37.79512327252499], [127.52035192960224, 37.79512327252499], [127.52035254777383, 37.79737657561725], [127.52319221921495, 37.79737605084377]], [[127.52887156185206, 37.79737479596555], [127.52887156185206, 37.79737479596555], [127.52887243887088, 37.79962809805016], [127.52887243887088, 37.79962809805016], [127.52887156185206, 37.79737479596555]], [[127.52603109990629, 37.7951221546245], [127.52603189057756, 37.79737545762655], [127.52603189057756, 37.79737545762655], [127.52603109990629, 37.7951221546245], [127.52603109990629, 37.7951221546245]], [[127.52887068493096, 37.795121493016886], [127.52887156185206, 37.79737479596555], [127.52887156185206, 37.79737479596555], [127.52887068493096, 37.795121493016886], [127.52887068493096, 37.795121493016886]]], [[[127.52887507051388, 37.80638799911939], [127.53171508678598, 37.806387268778934], [127.5317141231856, 37.80413396934557], [127.52887419320176, 37.804134699627106], [127.52887507051388, 37.80638799911939]]], [[[127.53452889080653, 37.75005372655164], [127.53736675253069, 37.75005286102772], [127.53736675253069, 37.75005286102772], [127.53452889080653, 37.75005372655165], [127.5345299378907, 37.752307046654835], [127.53736788567262, 37.75230618106104], [127.53736901894082, 37.75455950023062], [127.54020705266379, 37.75455856622808], [127.54020705266379, 37.75455856622809], [127.54020705266379, 37.75455856622809], [127.54020827213522, 37.7568118844585], [127.54304639179918, 37.75681088203622], [127.54304508625087, 37.754557563886706], [127.54304508625087, 37.754557563886706], [127.54304378084804, 37.75230424487344], [127.54020583332826, 37.7523052471339], [127.54020583332826, 37.7523052471339], [127.53736788567262, 37.75230618106104], [127.53736788567262, 37.75230618106102], [127.54020583332826, 37.7523052471339], [127.54020461412863, 37.750051927175974], [127.53736675253072, 37.75005286102772], [127.53736561951504, 37.74779954013068], [127.53452784383902, 37.747800405584734], [127.53452889080653, 37.75005372655164]]], [[[127.53169102896564, 37.750054523747735], [127.5345288908065, 37.75005372655165], [127.53452784383902, 37.74780040558474], [127.53169006804632, 37.747801202716474], [127.53169102896564, 37.750054523747735]]], [[[127.53737808963446, 37.7725860224907], [127.53737808963446, 37.7725860224907], [127.5373792240399, 37.7748393338859], [127.54021803280052, 37.77483839920457], [127.5402168122414, 37.77258508788481], [127.54021681224143, 37.77258508788481], [127.54021559181832, 37.77033177570118], [127.54021559181832, 37.77033177570118], [127.54021681224143, 37.77258508788482], [127.54021681224143, 37.77258508788482], [127.54021803280052, 37.774838399204576], [127.54305684142513, 37.77483739613474], [127.54305553471234, 37.772584084895946], [127.54305553471234, 37.772584084895946], [127.54305422814515, 37.770330772793265], [127.54305422814515, 37.770330772793265], [127.54305422814515, 37.77033077279326], [127.54589286432639, 37.77032970150788], [127.54589147177037, 37.76807638862778], [127.54589147177037, 37.76807638862778], [127.54589007936953, 37.76582307488382], [127.54589007936953, 37.76582307488382], [127.54588868712386, 37.763569760276006], [127.5430503093172, 37.76357083130199], [127.5430516154476, 37.76582414599626], [127.5430516154476, 37.76582414599626], [127.54021315138012, 37.76582514874228], [127.54021437153122, 37.76807846265366], [127.54021437153122, 37.76807846265366], [127.54021559181832, 37.77033177570117], [127.53737695535546, 37.77033271023163], [127.53737808963446, 37.7725860224907]]], [[[127.53170641824771, 37.7861075427717], [127.53454565816425, 37.786106744545364], [127.53454460932821, 37.783853437399934], [127.53170545561342, 37.78385423556186], [127.53170641824771, 37.7861075427717]]], [[[127.53171508678598, 37.806387268778934], [127.53171605049377, 37.80864056734817], [127.53455615295631, 37.80863976847743], [127.53455510295066, 37.806386469972644], [127.53455510295066, 37.80638646997264], [127.53739511899833, 37.80638560270051], [127.53739398282144, 37.80413230340157], [127.53455405306204, 37.80413317060372], [127.53455405306204, 37.80413317060373], [127.5317141231856, 37.804133969345564], [127.53171508678598, 37.806387268778934]]], [[[127.54304639179918, 37.75681088203622], [127.543047697493, 37.759064199321934], [127.543047697493, 37.759064199321934], [127.54304900333233, 37.76131751574386], [127.54588729503334, 37.76131644480433], [127.54588590309794, 37.759063128468846], [127.54588590309794, 37.759063128468846], [127.54588451131767, 37.756809811269584], [127.54588451131767, 37.756809811269584], [127.54588311969248, 37.754556493206515], [127.54304508625087, 37.75455756388671], [127.54304639179918, 37.75681088203622], [127.54304639179918, 37.75681088203622]]], [[[127.5430503093172, 37.763570831301976], [127.54588868712386, 37.763569760276], [127.54588729503334, 37.761316444804336], [127.54304900333233, 37.76131751574386], [127.5430503093172, 37.763570831301976]]], [[[127.53739511899833, 37.80638560270051], [127.54023513491936, 37.806384666962565], [127.54023391245426, 37.804131367739146], [127.54023391245426, 37.804131367739146], [127.54023513491936, 37.80638466696257], [127.54023513491936, 37.80638466696257], [127.5402363575207, 37.80863796532186], [127.5402363575207, 37.80863796532186], [127.54023758025834, 37.810891262816966], [127.54307776864835, 37.81089025845114], [127.54307645960328, 37.80863696103705], [127.54591656153997, 37.808635888280925], [127.54591516634297, 37.80638259008922], [127.5430751507041, 37.8063836627588], [127.5430738419508, 37.804130363616395], [127.5430738419508, 37.804130363616395], [127.54307253334336, 37.80187706360985], [127.5402326901254, 37.80187806765157], [127.54023391245426, 37.80413136773914], [127.53739398282144, 37.80413230340157], [127.53739511899833, 37.80638560270051]]], [[[127.53739625530184, 37.80863890113532], [127.5402363575207, 37.80863796532186], [127.54023513491936, 37.80638466696257], [127.53739511899833, 37.806385602700516], [127.53739625530184, 37.80863890113532]]]]}}, {"type": "Feature", "properties": {"rank": 4, "method": "BFS+Zoning", "n_grids": 55, "avg_micro": 68.65125277758608, "cluster_score": 110.10306824348741, "buildable_ha": 143.12499999999994, "final_score": 98.27943278733943, "avg_bcr": 0.41636363636363616, "center_lat": 37.763350568530036, "center_lon": 127.77912489995089}, "geometry": {"type": "MultiPolygon", "coordinates": [[[[127.77011106086334, 37.7610158397113], [127.77011106086334, 37.7610158397113], [127.76727281098015, 37.7610223106323], [127.76728091916586, 37.763275602359684], [127.76444258227829, 37.76328200544523], [127.76444258227829, 37.76328200544523], [127.7616042444967, 37.76328834017288], [127.76161218136511, 37.76554163206324], [127.76445060525722, 37.765535296824225], [127.76445862913032, 37.76778858733798], [127.76445862913032, 37.76778858733798], [127.76446665389768, 37.77004187698647], [127.76446665389768, 37.77004187698647], [127.7644746795594, 37.7722951657697], [127.76731336094619, 37.77228876061643], [127.76730524914527, 37.77003547235018], [127.76730524914527, 37.77003547235018], [127.7672971382483, 37.767782183218635], [127.7701356464624, 37.76777571073043], [127.7701356464624, 37.76777571073043], [127.77297415376307, 37.767769169873425], [127.77296587153029, 37.76551588092696], [127.7701274503494, 37.76552242125602], [127.7701274503494, 37.76552242125602], [127.76728902825519, 37.7655288932218], [127.7672971382483, 37.767782183218635], [127.7672971382483, 37.767782183218635], [127.76728902825519, 37.7655288932218], [127.76728902825519, 37.7655288932218], [127.76728091916586, 37.763275602359684], [127.77011925514975, 37.76326913091631], [127.77011925514975, 37.76326913091631], [127.77295759022041, 37.763262591115165], [127.77294930983341, 37.761009300438054], [127.77294930983342, 37.761009300438054], [127.77294930983342, 37.761009300438054], [127.77578755788073, 37.76100269281263], [127.77578755788076, 37.76100269281263], [127.77862580499577, 37.760996016835094], [127.7786173533498, 37.75874272636495], [127.7786173533498, 37.75874272636495], [127.7786173533498, 37.75874272636495], [127.78145551343223, 37.75873598257978], [127.78144697664698, 37.756482691788676], [127.78144697664698, 37.756482691788676], [127.781438440813, 37.75422940013218], [127.77860045288315, 37.75423614282863], [127.77860890264563, 37.75648943502945], [127.77860890264563, 37.75648943502945], [127.77860890264563, 37.756489435029465], [127.7757708277026, 37.75649610992924], [127.77577919232556, 37.758749401803584], [127.77577919232556, 37.758749401803584], [127.77294103036913, 37.75875600889564], [127.77294103036913, 37.75875600889564], [127.77010286749007, 37.75876254764103], [127.77011106086334, 37.7610158397113], [127.77011106086334, 37.7610158397113]]], [[[127.77296587153029, 37.76551588092696], [127.77580429178819, 37.7655092722347], [127.77580429178819, 37.7655092722347], [127.77296587153029, 37.76551588092696], [127.77297415376307, 37.767769169873425], [127.77581266014069, 37.76776256064769], [127.77581266014069, 37.76776256064769], [127.77865116558563, 37.76775588305329], [127.77865962099995, 37.770009170061876], [127.7814982116317, 37.770002423554345], [127.78148967008835, 37.76774913709031], [127.78148967008835, 37.76774913709031], [127.7814982116317, 37.770002423554345], [127.7814982116317, 37.770002423554345], [127.78150675412704, 37.77225570915294], [127.78434542994539, 37.77224889372128], [127.78433680131153, 37.76999560867278], [127.78433680131153, 37.76999560867278], [127.78432817363921, 37.76774232275881], [127.78432817363921, 37.76774232275881], [127.78432817363921, 37.7677423227588], [127.78716667622862, 37.76773544005884], [127.78715796339851, 37.76548215383491], [127.78999637889775, 37.76547520332764], [127.78998758092906, 37.76322191679923], [127.78714925153935, 37.76322886674547], [127.78714925153935, 37.76322886674547], [127.78714925153932, 37.76322886674547], [127.78714054065097, 37.760975578790564], [127.78714054065097, 37.760975578790564], [127.78713183073332, 37.758722289970194], [127.78429367256327, 37.758729170448184], [127.78430229639048, 37.760982459823985], [127.78430229639048, 37.760982459823985], [127.7843109211788, 37.76323574833438], [127.7843109211788, 37.76323574833438], [127.7843109211788, 37.76323574833438], [127.78147258985706, 37.76324256156588], [127.78148112949684, 37.76549584976082], [127.78431954692833, 37.76548903597933], [127.78431954692833, 37.76548903597933], [127.78431954692833, 37.76548903597933], [127.78431954692833, 37.76548903597933], [127.78148112949684, 37.76549584976082], [127.78148112949684, 37.76549584976082], [127.77864271111359, 37.76550259517929], [127.77865116558566, 37.76775588305328], [127.77865116558563, 37.76775588305328], [127.77864271111358, 37.76550259517929], [127.77864271111359, 37.76550259517929], [127.77863425758366, 37.76324930643988], [127.77579592436828, 37.76325598295633], [127.77580429178819, 37.7655092722347], [127.77580429178819, 37.7655092722347], [127.77579592436828, 37.76325598295633], [127.77295759022041, 37.763262591115165], [127.77296587153029, 37.76551588092696]]], [[[127.75877375658841, 37.76554789893878], [127.76161218136511, 37.76554163206324], [127.7616042444967, 37.76328834017288], [127.75876590583061, 37.76329460654257], [127.75877375658841, 37.76554789893878]]], [[[127.76163599727813, 37.772301502542994], [127.7644746795594, 37.7722951657697], [127.76446665389768, 37.77004187698647], [127.76162805775573, 37.770048213248316], [127.76163599727813, 37.772301502542994]]], [[[127.7616439376854, 37.77455479097241], [127.76448270611559, 37.77454845368763], [127.7644746795594, 37.7722951657697], [127.76163599727813, 37.772301502542994], [127.7616439376854, 37.77455479097241]]], [[[127.77016024028259, 37.774535573961664], [127.7673214736512, 37.774542048017366], [127.76732958726035, 37.77679533455295], [127.77016844005007, 37.7767888599747], [127.77016024028259, 37.774535573961664], [127.77299900600022, 37.77452903152062], [127.77299072099794, 37.77227574517027], [127.7701520414289, 37.77228228708327], [127.7701520414289, 37.77228228708327], [127.76731336094619, 37.77228876061645], [127.76731336094619, 37.77228876061645], [127.7644746795594, 37.772295165769705], [127.76448270611559, 37.774548453687636], [127.7673214736512, 37.774542048017366], [127.7673214736512, 37.774542048017366], [127.77016024028259, 37.774535573961664], [127.77016024028259, 37.774535573961664]]], [[[127.78144697664698, 37.75648269178866], [127.78144697664698, 37.75648269178866], [127.78145551343223, 37.75873598257978], [127.78429367256327, 37.75872917044818], [127.78428504969705, 37.75647588020694], [127.78428504969705, 37.75647588020694], [127.78429367256327, 37.75872917044818], [127.78713183073332, 37.758722289970194], [127.78712312178622, 37.756469000284376], [127.78712312178622, 37.756469000284376], [127.78712312178622, 37.756469000284376], [127.78713183073332, 37.758722289970194], [127.78996998793276, 37.75871534114589], [127.78996119290495, 37.75646205202101], [127.78996119290495, 37.756462052021], [127.78995239885718, 37.75420876203066], [127.78711441380963, 37.754215709733124], [127.78711441380963, 37.75421570973312], [127.78427642779171, 37.75422258910032], [127.78427642779171, 37.75422258910032], [127.78143844081302, 37.75422940013218], [127.78144697664698, 37.75648269178866]]], [[[127.7786680773566, 37.77226245620504], [127.78150675412704, 37.772255709152944], [127.7814982116317, 37.77000242355435], [127.77865962099995, 37.770009170061876], [127.7786680773566, 37.77226245620504]]], [[[127.78151529757443, 37.774508993886045], [127.78435405954093, 37.77450217790427], [127.78434542994539, 37.77224889372128], [127.78150675412704, 37.772255709152944], [127.78151529757443, 37.774508993886045]]], [[[127.79278150379555, 37.751948455703534], [127.79561940081233, 37.751941371902625], [127.79561043662075, 37.74968808131959], [127.79277262565573, 37.74969516454865], [127.79278150379555, 37.751948455703534]]], [[[127.78711441380963, 37.75421570973312], [127.78995239885718, 37.75420876203064], [127.78994360578938, 37.75195547117484], [127.78710570680336, 37.75196241831646], [127.78711441380963, 37.75421570973312]]], [[[127.79279038292482, 37.75420174599297], [127.79562836600289, 37.75419466162017], [127.79561940081233, 37.75194137190263], [127.79278150379555, 37.75194845570354], [127.79279038292482, 37.75420174599297]]], [[[127.79280814415205, 37.75870832397536], [127.79564629938156, 37.75870123845867], [127.79563733219261, 37.756447950472186], [127.79563733219261, 37.756447950472186], [127.79562836600289, 37.75419466162017], [127.79279038292482, 37.75420174599297], [127.79279926304362, 37.75645503541692], [127.79279926304362, 37.75645503541692], [127.79279926304362, 37.75645503541692], [127.79279926304362, 37.75645503541692], [127.79279038292482, 37.754201745992965], [127.78995239885718, 37.75420876203064], [127.78996119290495, 37.756462052021], [127.78996119290495, 37.756462052021], [127.78996998793276, 37.75871534114589], [127.79280814415205, 37.75870832397536], [127.79280814415205, 37.75870832397536]]], [[[127.78996998793276, 37.75871534114589], [127.78997878394075, 37.76096862940531], [127.79281702625028, 37.760961611668314], [127.79280814415205, 37.75870832397536], [127.78996998793276, 37.75871534114589]]], [[[127.78714925153935, 37.76322886674547], [127.78998758092906, 37.76322191679923], [127.78997878394078, 37.76096862940531], [127.78714054065097, 37.760975578790564], [127.78714925153935, 37.76322886674547]]], [[[127.78998758092906, 37.76322191679923], [127.79282590933839, 37.76321489849572], [127.79281702625028, 37.760961611668314], [127.78997878394078, 37.76096862940532], [127.78998758092906, 37.76322191679923]]]]}}, {"type": "Feature", "properties": {"rank": 5, "method": "BFS+Zoning", "n_grids": 51, "avg_micro": 68.30113087444938, "cluster_score": 108.78229302540082, "buildable_ha": 127.49999999999997, "final_score": 97.35489013467881, "avg_bcr": 0.3999999999999999, "center_lat": 37.785177046291224, "center_lon": 127.76326799188153}, "geometry": {"type": "MultiPolygon", "coordinates": [[[[127.75596639817972, 37.774567260385254], [127.75597416715463, 37.77682054895586], [127.7588130235039, 37.77681434794178], [127.75880516837024, 37.77456105987165], [127.75879731411199, 37.772307770936266], [127.7559586300706, 37.772313970949426], [127.7559586300706, 37.772313970949426], [127.7531199451635, 37.77232010258241], [127.75312762712342, 37.77457339251317], [127.75596639817972, 37.77456726038525], [127.75596639817972, 37.774567260385254]]], [[[127.75313530993951, 37.77682668157875], [127.75313530993951, 37.776826681578754], [127.75029645186811, 37.776832745810374], [127.75030404937195, 37.77908603450019], [127.75030404937195, 37.77908603450019], [127.74746510428524, 37.77909203082444], [127.74747261645763, 37.78134531913304], [127.74747261645763, 37.78134531913304], [127.74748012946728, 37.78359860657646], [127.75031924692006, 37.78359260928424], [127.75031164772255, 37.78133932232482], [127.75315067814063, 37.78133325711424], [127.75314299361187, 37.779079969779104], [127.75314299361187, 37.779079969779104], [127.75598193699544, 37.77907383666123], [127.75597416715463, 37.77682054895586], [127.75597416715463, 37.77682054895586], [127.75596639817972, 37.774567260385254], [127.75312762712342, 37.774573392513176], [127.75313530993951, 37.77682668157875]]], [[[127.74748012946728, 37.78359860657646], [127.74748764331429, 37.78585189315469], [127.75032684696453, 37.78584589537845], [127.75031924692006, 37.78359260928425], [127.74748012946728, 37.78359860657646]]], [[[127.75317373686615, 37.788093113928134], [127.75601302501944, 37.788086978830016], [127.75885231230636, 37.78808077531309], [127.75884445279429, 37.785827491569464], [127.7560052517141, 37.785833694585776], [127.75316604976766, 37.78583982918878], [127.75317373686615, 37.788093113928134]]], [[[127.74750267352081, 37.79035846371548], [127.75034204959474, 37.79035246497106], [127.75034965218073, 37.79260574846946], [127.75318911363354, 37.79259968081095], [127.75318142482139, 37.7903463978022], [127.75318142482139, 37.7903463978022], [127.75317373686615, 37.788093113928134], [127.75033444785603, 37.78809918060738], [127.75034204959474, 37.79035246497106], [127.75034204959474, 37.79035246497106], [127.75033444785603, 37.78809918060738], [127.74749515799877, 37.78810517886771], [127.74750267352081, 37.79035846371548]]], [[[127.75318142482139, 37.7903463978022], [127.75318142482139, 37.7903463978022], [127.75318911363354, 37.79259968081096], [127.75602857422939, 37.79259354472254], [127.75602079919116, 37.79034026220895], [127.75602079919116, 37.79034026220895], [127.75602079919116, 37.79034026220895], [127.75886017269444, 37.79033405819136], [127.75885231230636, 37.78808077531309], [127.75601302501944, 37.78808697883002], [127.75601302501944, 37.78808697883002], [127.75317373686615, 37.788093113928134], [127.75318142482139, 37.7903463978022]]], [[[127.76449073356635, 37.776801740740254], [127.76165187897766, 37.776808078536554], [127.76165187897766, 37.77680807853655], [127.7588130235039, 37.77681434794177], [127.75882087951302, 37.77906763514663], [127.761659821155, 37.779061365235385], [127.761659821155, 37.77906136523539], [127.76449876191181, 37.779055026927544], [127.76450679115206, 37.78130831224948], [127.76734581719167, 37.781301905028], [127.76734581719167, 37.781301905028], [127.76734581719167, 37.781301905028], [127.76735393351406, 37.783555188967455], [127.77019304483628, 37.78354871282135], [127.77019304483628, 37.78354871282135], [127.77019304483628, 37.78354871282135], [127.77019304483628, 37.78354871282135], [127.76735393351406, 37.783555188967455], [127.76736205074101, 37.785808472041495], [127.77020124825998, 37.78580199537271], [127.77020124825998, 37.78580199537271], [127.77304044486459, 37.78579545029096], [127.7730321552443, 37.7835421682678], [127.7730321552443, 37.7835421682678], [127.77302386654783, 37.78128888537917], [127.77018484232681, 37.781295429404544], [127.77018484232681, 37.781295429404544], [127.77018484232681, 37.781295429404544], [127.77017664073145, 37.77904214512232], [127.76733770177381, 37.77904862022316], [127.76732958726035, 37.77679533455293], [127.76449073356635, 37.77680174074025], [127.76449073356635, 37.776801740740254]]], [[[127.75598193699544, 37.77907383666124], [127.75882087951302, 37.77906763514664], [127.7588130235039, 37.77681434794178], [127.75597416715463, 37.77682054895586], [127.75598193699544, 37.77907383666124]]], [[[127.75884445279429, 37.785827491569464], [127.76168365299857, 37.78582122013994], [127.76167570816536, 37.78356793603709], [127.75883659415811, 37.7835742069605], [127.75884445279429, 37.785827491569464]]], [[[127.76736205074101, 37.7858084720415], [127.76452285231734, 37.785814880297266], [127.76452285231734, 37.785814880297266], [127.76168365299857, 37.78582122013995], [127.75884445279429, 37.78582749156947], [127.75885231230636, 37.78808077531309], [127.75885231230636, 37.78808077531309], [127.75886017269444, 37.79033405819136], [127.76169954532162, 37.790327785749504], [127.76453891706306, 37.79032144488345], [127.76453088424259, 37.78806816302307], [127.76453088424262, 37.78806816302307], [127.76737016887269, 37.78806175425011], [127.76736205074101, 37.7858084720415]]], [[[127.76737016887269, 37.78806175425011], [127.76737828790921, 37.790315035593274], [127.77021765785042, 37.790308557879015], [127.77020945259797, 37.788055277058604], [127.77020124825998, 37.785801995372715], [127.76736205074101, 37.7858084720415], [127.76737016887269, 37.78806175425011]]], [[[127.76170749281165, 37.792581067256215], [127.76454695077886, 37.79257472587842], [127.76453891706306, 37.79032144488346], [127.76169954532162, 37.79032778574951], [127.76170749281165, 37.792581067256215]]], [[[127.7730321552443, 37.7835421682678], [127.7730321552443, 37.7835421682678], [127.77304044486459, 37.78579545029096], [127.7758796405453, 37.78578883679632], [127.77587126472851, 37.78353555530689], [127.77587126472851, 37.78353555530689], [127.77586288984514, 37.78128227295196], [127.77302386654783, 37.78128888537917], [127.7730321552443, 37.7835421682678]]], [[[127.7758796405453, 37.78578883679633], [127.77304044486459, 37.78579545029097], [127.77304044486459, 37.78579545029097], [127.77020124825998, 37.785801995372715], [127.77020945259797, 37.788055277058604], [127.77020945259797, 37.788055277058604], [127.77021765785042, 37.790308557879015], [127.77305702687708, 37.79030201174078], [127.77305702687708, 37.790302011740785], [127.77021765785042, 37.79030855787902], [127.77021765785042, 37.79030855787902], [127.76737828790921, 37.790315035593274], [127.76738640785065, 37.792568316070984], [127.77022586401739, 37.79256183783396], [127.77023407109901, 37.79481511692336], [127.77023407109901, 37.79481511692336], [127.77024227909541, 37.79706839514725], [127.77308190682719, 37.79706184742401], [127.77307361258616, 37.794808569728495], [127.77307361258616, 37.794808569728495], [127.77306531926949, 37.7925552911674], [127.77590477359733, 37.792548676071405], [127.7758963949796, 37.790295397178596], [127.7758963949796, 37.790295397178596], [127.7758963949796, 37.790295397178596], [127.77590477359733, 37.792548676071405], [127.77874422699131, 37.79254199254602], [127.77873576214836, 37.790288714192556], [127.77873576214836, 37.790288714192556], [127.77872729824878, 37.7880354349735], [127.77588801729561, 37.78804211742023], [127.77588801729561, 37.78804211742023], [127.77304873540882, 37.78804873144863], [127.77304873540882, 37.78804873144863], [127.77304873540882, 37.78804873144863], [127.77588801729561, 37.78804211742023], [127.77588801729561, 37.78804211742023], [127.77872729824878, 37.7880354349735], [127.77871883529247, 37.78578215488888], [127.7758796405453, 37.78578883679633], [127.7758796405453, 37.78578883679633]]]]}}, {"type": "Feature", "properties": {"rank": 6, "method": "BFS+Zoning", "n_grids": 17, "avg_micro": 86.36315221803896, "cluster_score": 123.80639463212506, "buildable_ha": 50.0, "final_score": 107.87176125938578, "avg_bcr": 0.47058823529411764, "center_lat": 37.890098763725824, "center_lon": 127.74775256291298}, "geometry": {"type": "MultiPolygon", "coordinates": [[[[127.75065445154, 37.88273637867721], [127.74781153229635, 37.88274239729442], [127.74781908308603, 37.88499564578682], [127.75066208895092, 37.884989626684295], [127.75065445154, 37.88273637867721]]], [[[127.74782663471754, 37.88724889341324], [127.74498354137982, 37.88725484433884], [127.74499100721265, 37.88950809157912], [127.74783418719105, 37.889502140173676], [127.74782663471754, 37.88724889341324]]], [[[127.74214782640188, 37.88951397431669], [127.7421552064167, 37.89176722116532], [127.7421552064167, 37.89176722116532], [127.74216258725433, 37.89402046714797], [127.74500594137558, 37.89401458346171], [127.74501340970586, 37.896267828104], [127.74785684966416, 37.89626187525889], [127.74784929466423, 37.89400863109652], [127.74784929466423, 37.89400863109652], [127.74784929466423, 37.89400863109652], [127.75069264711063, 37.89400261005244], [127.75069264711063, 37.89400261005245], [127.75353599870513, 37.89399652032957], [127.75352827122781, 37.891743276277566], [127.7506850062931, 37.89174936550948], [127.7506850062931, 37.89174936550948], [127.75352827122781, 37.891743276277566], [127.75352054461197, 37.88949003135947], [127.75352054461197, 37.88949003135947], [127.7535128188575, 37.88723678557531], [127.75066972721334, 37.887242873825386], [127.75067736632735, 37.88949612010044], [127.75067736632735, 37.88949612010044], [127.75067736632735, 37.889496120100446], [127.74783418719105, 37.889502140173676], [127.74783418719105, 37.889502140173676], [127.74499100721266, 37.889508091579124], [127.74499847387787, 37.891761337953405], [127.74499847387787, 37.891761337953405], [127.74500594137558, 37.89401458346171], [127.74500594137558, 37.89401458346171], [127.74499847387787, 37.89176133795341], [127.74499847387787, 37.89176133795341], [127.74499100721266, 37.889508091579124], [127.74499100721265, 37.889508091579124], [127.74498354137982, 37.88725484433885], [127.7421404472098, 37.88726072660212], [127.74214782640188, 37.88951397431669], [127.74214782640188, 37.88951397431669]]], [[[127.7421552064167, 37.89176722116532], [127.73931193813269, 37.89177303570375], [127.73931923231015, 37.89402628215521], [127.74216258725433, 37.89402046714797], [127.7421552064167, 37.89176722116532]]], [[[127.7535050939643, 37.8849835389251], [127.75066208895092, 37.884989626684295], [127.75066972721334, 37.88724287382538], [127.7535128188575, 37.88723678557531], [127.7535050939643, 37.8849835389251]]], [[[127.74782663471754, 37.88724889341325], [127.74783418719105, 37.889502140173676], [127.75067736632735, 37.88949612010044], [127.75066972721334, 37.88724287382538], [127.75066972721334, 37.88724287382538], [127.75066208895092, 37.8849896266843], [127.74781908308603, 37.88499564578683], [127.74782663471754, 37.88724889341325], [127.74782663471754, 37.88724889341325]]]]}}, {"type": "Feature", "properties": {"rank": 7, "method": "BFS+Zoning", "n_grids": 27, "avg_micro": 73.06914012147963, "cluster_score": 109.5913378615924, "buildable_ha": 67.50000000000001, "final_score": 97.9212215200129, "avg_bcr": 0.4000000000000001, "center_lat": 37.98868302826627, "center_lon": 127.65163221611857}, "geometry": {"type": "MultiPolygon", "coordinates": [[[[127.6428103151896, 37.979806332422015], [127.64281468181939, 37.982059557763776], [127.64281468181939, 37.982059557763776], [127.64281904893616, 37.984312782239705], [127.64566590055864, 37.984309291113654], [127.64566590055864, 37.984309291113654], [127.64566590055864, 37.984309291113654], [127.64567035522242, 37.98656251444246], [127.64567035522242, 37.98656251444246], [127.64567481038299, 37.988815736905366], [127.64852183563812, 37.98881217630327], [127.64852637837487, 37.99106539761342], [127.65137349020262, 37.99106176780545], [127.65137349020262, 37.991061767805455], [127.65137349020262, 37.991061767805455], [127.64852637837487, 37.991065397613426], [127.64853092161827, 37.99331861805765], [127.65137812053496, 37.993314987957284], [127.65137812053496, 37.993314987957284], [127.6542253189352, 37.99331128893234], [127.654220601514, 37.991058069078484], [127.654220601514, 37.991058069078484], [127.65421588461889, 37.98880484835864], [127.65136886038667, 37.98880854678768], [127.65136886038667, 37.98880854678768], [127.65421588461889, 37.98880484835864], [127.65421588461889, 37.98880484835864], [127.6570629083251, 37.9888010810162], [127.65705810488664, 37.986547859733875], [127.65705810488664, 37.986547859733875], [127.6570629083251, 37.9888010810162], [127.65990993149558, 37.988797244760384], [127.65990504098781, 37.986544023787076], [127.65705810488664, 37.98654785973387], [127.65705330198385, 37.98429463758557], [127.65420645240667, 37.98429840432108], [127.6542111682498, 37.98655162677284], [127.6542111682498, 37.98655162677284], [127.6542111682498, 37.98655162677284], [127.65136423108702, 37.98655532490395], [127.65136423108702, 37.98655532490395], [127.6542111682498, 37.98655162677284], [127.65420645240667, 37.98429840432108], [127.6513596023036, 37.98430210215429], [127.65135497403638, 37.982048878538706], [127.64850821046723, 37.98205250717725], [127.64850821046723, 37.98205250717726], [127.64566144639166, 37.98205606691895], [127.64566144639166, 37.98205606691895], [127.64566144639166, 37.98205606691895], [127.64565699272138, 37.979802841858394], [127.64565699272138, 37.979802841858394], [127.64565253954775, 37.977549615932], [127.64280594904675, 37.97755310621441], [127.6428103151896, 37.979806332422015], [127.6428103151896, 37.979806332422015]]], [[[127.64853092161827, 37.99331861805765], [127.64853546536838, 37.995571837635914], [127.65138275138372, 37.99556820724312], [127.65137812053496, 37.993314987957284], [127.64853092161827, 37.99331861805765]]], [[[127.64853546536838, 37.99557183763592], [127.64854000962531, 37.9978250563482], [127.64854000962531, 37.9978250563482], [127.64854455438905, 38.00007827419447], [127.65139201463079, 38.00007464321676], [127.65138738274898, 37.997821425662956], [127.65138738274898, 37.997821425662956], [127.65138275138372, 37.99556820724312], [127.64853546536838, 37.99557183763592]]], [[[127.65706771229932, 37.99105430143255], [127.6570629083251, 37.98880108101621], [127.65421588461889, 37.98880484835865], [127.654220601514, 37.991058069078484], [127.65422060151403, 37.991058069078484], [127.6542253189352, 37.99331128893234], [127.6542253189352, 37.99331128893234], [127.6542253189352, 37.993311288932354], [127.65137812053496, 37.99331498795729], [127.65138275138372, 37.99556820724312], [127.65423003688255, 37.99556450792021], [127.65423003688255, 37.99556450792019], [127.65707732185516, 37.99556073966723], [127.65707251680932, 37.9933075209829], [127.65707251680932, 37.9933075209829], [127.65706771229932, 37.99105430143255], [127.65991482254883, 37.9910504648677], [127.65991482254883, 37.9910504648677], [127.66276193225282, 37.991046559383975], [127.66275695412064, 37.988793339591254], [127.65990993149558, 37.98879724476039], [127.65990993149558, 37.988797244760384], [127.6570629083251, 37.9888010810162], [127.65706771229932, 37.99105430143255], [127.65706771229932, 37.99105430143255]]]]}}, {"type": "Feature", "properties": {"rank": 8, "method": "BFS+Zoning", "n_grids": 35, "avg_micro": 67.55175605548968, "cluster_score": 103.86270562811185, "buildable_ha": 87.50000000000001, "final_score": 93.91117895657653, "avg_bcr": 0.4000000000000001, "center_lat": 37.72775016578828, "center_lon": 127.51283566361329}, "geometry": {"type": "MultiPolygon", "coordinates": [[[[127.5089843184807, 37.7185118640602], [127.5089845906198, 37.720765196634176], [127.5089845906198, 37.720765196634176], [127.50898486278923, 37.723018528344674], [127.50898486278923, 37.723018528344674], [127.5089845906198, 37.720765196634176], [127.50614784603992, 37.72076537868836], [127.50614803227609, 37.72301871041358], [127.50614803227609, 37.72301871041358], [127.506148218533, 37.72527204127531], [127.50898513498896, 37.725271859191714], [127.5089848627892, 37.72301852834468], [127.50898486278923, 37.72301852834468], [127.50898513498896, 37.725271859191714], [127.5118220514146, 37.72527160884089], [127.5118220514146, 37.725271608840906], [127.51465896780033, 37.725271290222885], [127.51465852371491, 37.723017959421796], [127.51182169327203, 37.723018278014095], [127.51182169327203, 37.72301827801408], [127.51182169327203, 37.72301827801408], [127.51182169327203, 37.723018278014095], [127.51465852371491, 37.723017959421796], [127.51465852371491, 37.723017959421796], [127.51749535410833, 37.7230175725678], [127.51749482413916, 37.720764240934464], [127.51749429422907, 37.718510908437665], [127.51465763569256, 37.718511295229185], [127.51465763569256, 37.71851129522918], [127.51182097710658, 37.718511613770026], [127.51182097710658, 37.718511613770026], [127.51465763569256, 37.71851129522918], [127.51465719175559, 37.716257961837684], [127.51465719175559, 37.716257961837684], [127.51465674786806, 37.714004627582746], [127.51182026110072, 37.71400494607216], [127.5118206190837, 37.7162582803528], [127.5118206190837, 37.7162582803528], [127.5118206190837, 37.7162582803528], [127.51182026110072, 37.71400494607216], [127.50898377429347, 37.71400519632191], [127.50898404637194, 37.716258530622774], [127.50898404637194, 37.716258530622774], [127.5089843184807, 37.7185118640602]], [[127.51182133516936, 37.72076494632379], [127.51465807967901, 37.72076462775722], [127.51465807967901, 37.72076462775722], [127.51182133516936, 37.7207649463238], [127.51182133516936, 37.72076494632379]]], [[[127.506148218533, 37.72527204127532], [127.50614840481069, 37.727525371273536], [127.50614840481069, 37.727525371273536], [127.50614859110914, 37.72977870040824], [127.50898567947947, 37.729778518295234], [127.50898567947947, 37.729778518295234], [127.50614859110914, 37.72977870040824], [127.50614877742832, 37.73203202867941], [127.50614877742832, 37.73203202867941], [127.50614896376828, 37.734285356087035], [127.50898622409134, 37.73428517394461], [127.50898622409134, 37.73428517394461], [127.51182348438407, 37.73428492351293], [127.51182312608181, 37.732031596140246], [127.50898595177024, 37.732031846551706], [127.50898595177024, 37.732031846551706], [127.50898595177024, 37.732031846551706], [127.50898595177024, 37.732031846551706], [127.51182312608181, 37.73203159614024], [127.5118227678195, 37.72977826790399], [127.5118227678195, 37.72977826790399], [127.51182240959709, 37.727524938804216], [127.51182240959709, 37.727524938804216], [127.5118220514146, 37.725271608840906], [127.50898513498896, 37.72527185919172], [127.50898513498896, 37.725271859191714], [127.506148218533, 37.72527204127532]]], [[[127.51182420110835, 37.73879157566756], [127.5118245595304, 37.741044900449495], [127.5146620777841, 37.74104458165132], [127.51466163335216, 37.73879125689514], [127.51466163335216, 37.73879125689514], [127.51466163335216, 37.73879125689514], [127.5146620777841, 37.74104458165132], [127.51749959598828, 37.74104419454735], [127.51749906554646, 37.738790869822424], [127.51749906554646, 37.738790869822424], [127.51749853516375, 37.7365375442339], [127.51466118896974, 37.73653793127535], [127.51466118896974, 37.73653793127535], [127.51182384272624, 37.73653825002205], [127.51182384272624, 37.73653825002205], [127.51182348438407, 37.73428492351293], [127.50898622409134, 37.73428517394461], [127.5089864964428, 37.73653850047396], [127.5089864964428, 37.73653850047396], [127.50898676882461, 37.7387918261397], [127.51182420110835, 37.73879157566756]]], [[[127.51749482413916, 37.72076424093445], [127.51749535410833, 37.72301757256779], [127.52033218444271, 37.72301711745211], [127.5203315685403, 37.72076378585553], [127.51749482413916, 37.72076424093445]]], [[[127.52033280041373, 37.7252704481852], [127.52316971662225, 37.72526992476556], [127.52316901470843, 37.723016594074736], [127.52033218444271, 37.72301711745211], [127.52033280041373, 37.7252704481852]]], [[[127.51749535410833, 37.7230175725678], [127.51749588413655, 37.725270903337645], [127.52033280041373, 37.7252704481852], [127.52033218444271, 37.72301711745211], [127.51749535410833, 37.7230175725678]]], [[[127.5118220514146, 37.725271608840906], [127.51182240959709, 37.727524938804216], [127.51465941193523, 37.72752462016045], [127.51465896780033, 37.725271290222885], [127.5118220514146, 37.725271608840906]]], [[[127.51750012648921, 37.74329751840865], [127.52033773065372, 37.74329706296211], [127.52033711413333, 37.741043739137574], [127.52033711413333, 37.741043739137574], [127.52033773065372, 37.74329706296211], [127.52317533474955, 37.74329653920426], [127.5231746322097, 37.74104321542202], [127.52033711413333, 37.741043739137574], [127.52033649768165, 37.73879041444942], [127.51749906554646, 37.738790869822424], [127.51749959598828, 37.74104419454735], [127.51749959598828, 37.74104419454735], [127.51750012648921, 37.74329751840865]]]]}}, {"type": "Feature", "properties": {"rank": 9, "method": "BFS+Zoning", "n_grids": 30, "avg_micro": 69.63833273350322, "cluster_score": 105.5089042657826, "buildable_ha": 75.00000000000003, "final_score": 95.06351800294605, "avg_bcr": 0.40000000000000013, "center_lat": 37.83898094330811, "center_lon": 127.54404118868689}, "geometry": {"type": "MultiPolygon", "coordinates": [[[[127.54593331603931, 37.83567539917063], [127.54593191897492, 37.83342211135019], [127.54309086712723, 37.833423185058784], [127.54309086712723, 37.833423185058784], [127.54024981513346, 37.83342419023526], [127.54025103937123, 37.835677478223424], [127.54025103937123, 37.835677478223424], [127.54025226374544, 37.83793076534722], [127.54309348857551, 37.83792976000856], [127.54309348857551, 37.83792976000855], [127.54593471325944, 37.837928686126716], [127.54593331603931, 37.83567539917063], [127.54593331603931, 37.83567539917063]]], [[[127.5374110387789, 37.83793170214268], [127.53741217685699, 37.84018498847766], [127.54025348825614, 37.84018405160662], [127.54025226374544, 37.83793076534722], [127.5374110387789, 37.83793170214268]]], [[[127.53457086533095, 37.840185856799955], [127.53457191709367, 37.84243914234059], [127.53173051900814, 37.842439942178665], [127.53173148443616, 37.84469322691938], [127.5345729689736, 37.84469242701679], [127.5345729689736, 37.84469242701679], [127.53741445339381, 37.84469155855439], [127.53741559185256, 37.84694484229611], [127.54025716260739, 37.846943905198344], [127.5402559376871, 37.8446906215322], [127.5402559376871, 37.8446906215322], [127.54025471290336, 37.84243733700163], [127.54025471290336, 37.84243733700163], [127.54025348825614, 37.84018405160662], [127.53741217685699, 37.840184988477674], [127.53741331506195, 37.84243827394824], [127.53741331506195, 37.84243827394824], [127.53741445339381, 37.84469155855438], [127.53741445339381, 37.84469155855438], [127.53741331506195, 37.84243827394824], [127.53741331506195, 37.84243827394824], [127.53741217685699, 37.84018498847766], [127.53457086533095, 37.840185856799955]]], [[[127.54309479951883, 37.84018304618687], [127.54025348825617, 37.84018405160662], [127.54025471290339, 37.84243733700163], [127.54025471290339, 37.84243733700163], [127.5402559376871, 37.8446906215322], [127.5402559376871, 37.8446906215322], [127.54025716260739, 37.846943905198344], [127.54309873322565, 37.84694289953526], [127.54309742184388, 37.84468961595024], [127.54309742184388, 37.84468961595024], [127.54309873322565, 37.84694289953526], [127.54594030369773, 37.84694182530688], [127.54594030369773, 37.84694182530688], [127.54878187401398, 37.84694068251321], [127.54878038970924, 37.84468739910699], [127.54593890585447, 37.844688541808495], [127.54593890585447, 37.844688541808495], [127.54593890585447, 37.844688541808495], [127.54593890585447, 37.84468854180848], [127.54878038970924, 37.84468739910699], [127.54877890556995, 37.84243411483633], [127.54877890556995, 37.84243411483633], [127.54877742159609, 37.84018082970123], [127.54593611063534, 37.8401819722184], [127.54593611063534, 37.8401819722184], [127.54309479951883, 37.84018304618687]], [[127.54309611060827, 37.84243633150077], [127.54309611060827, 37.84243633150077], [127.54309742184388, 37.84468961595023], [127.54309742184388, 37.84468961595023], [127.54309611060827, 37.84243633150077]]], [[[127.54876852122584, 37.82666110073841], [127.54592772871597, 37.82666224270272], [127.54592912531326, 37.82891553311621], [127.54877000420751, 37.828914391059776], [127.54876852122584, 37.82666110073841]]], [[[127.54876852122584, 37.82666110073841], [127.54877000420751, 37.828914391059776], [127.55161088293649, 37.82891318048232], [127.55160931357041, 37.8266598902586], [127.54876852122584, 37.82666110073841]]], [[[127.54877297066687, 37.83342096910949], [127.54877445414458, 37.835674256837784], [127.54593331603931, 37.83567539917063], [127.54593471325944, 37.837928686126716], [127.54877593778764, 37.8379275437017], [127.54877593778764, 37.83792754370171], [127.55161716215042, 37.83792633273355], [127.55161559208446, 37.835673045967305], [127.55161559208446, 37.835673045967305], [127.55161402219348, 37.833419758336674], [127.55161245247751, 37.831166469841676], [127.54877148735454, 37.83116768051681], [127.54877148735454, 37.83116768051681], [127.54877000420751, 37.82891439105978], [127.54592912531326, 37.828915533116216], [127.54593052206624, 37.831168822665376], [127.54593052206624, 37.831168822665376], [127.54593191897492, 37.83342211135019], [127.54877297066687, 37.83342096910949]]], [[[127.5516187323914, 37.84017961863538], [127.55161716215042, 37.83792633273355], [127.54877593778764, 37.83792754370171], [127.54877593778764, 37.83792754370171], [127.54593471325944, 37.837928686126716], [127.54593611063534, 37.8401819722184], [127.54877742159609, 37.84018082970123], [127.54877742159609, 37.84018082970123], [127.5516187323914, 37.84017961863538]]]]}}, {"type": "Feature", "properties": {"rank": 10, "method": "BFS+Zoning", "n_grids": 28, "avg_micro": 65.59097725897514, "cluster_score": 98.72061089030784, "buildable_ha": 70.00000000000001, "final_score": 90.31171264011373, "avg_bcr": 0.4000000000000001, "center_lat": 37.79391213839144, "center_lon": 127.6425531518395}, "geometry": {"type": "MultiPolygon", "coordinates": [[[[127.63959737184359, 37.786029113761884], [127.63959737184359, 37.786029113761884], [127.63960161059705, 37.788282413777914], [127.64244092552711, 37.78827901547683], [127.64243660056364, 37.78602571573506], [127.64243660056364, 37.78602571573506], [127.64243660056364, 37.786025715735065], [127.64243660056364, 37.786025715735065], [127.64244092552711, 37.78827901547683], [127.64244092552711, 37.78827901547683], [127.64244525097263, 37.79053231435422], [127.64528465164021, 37.79052884735256], [127.64528465164021, 37.79052884735256], [127.64244525097263, 37.79053231435422], [127.64244957690026, 37.792785612367204], [127.64528906379704, 37.79278214508574], [127.64528906379704, 37.79278214508574], [127.64812855020202, 37.79277860937246], [127.64812405181608, 37.790525311924604], [127.65096345149061, 37.79052170807039], [127.65095886738656, 37.788268410048936], [127.65095886738656, 37.788268410048936], [127.65095428379337, 37.786015111163024], [127.64811505654815, 37.7860187144356], [127.64811505654815, 37.7860187144356], [127.64811505654815, 37.7860187144356], [127.65095428379337, 37.786015111163024], [127.65094970071101, 37.78376181141268], [127.64811055966601, 37.783765414394445], [127.64810606328504, 37.781512113488915], [127.64526700792956, 37.78151564777575], [127.64526700792956, 37.78151564777575], [127.64242795208264, 37.781519113658376], [127.64243227608218, 37.7837724151289], [127.63959313356256, 37.783775812881494], [127.63959737184359, 37.786029113761884]], [[127.64811055966601, 37.78376541439446], [127.64527141811986, 37.78376894896654], [127.6452758288017, 37.786022249292955], [127.6452758288017, 37.78602224929296], [127.64528023997512, 37.78827554875495], [127.64528023997512, 37.78827554875495], [127.6452758288017, 37.786022249292955], [127.6452758288017, 37.786022249292955], [127.64527141811986, 37.78376894896654], [127.64243227608218, 37.78377241512891], [127.64243227608218, 37.7837724151289], [127.64527141811986, 37.78376894896654], [127.64527141811986, 37.78376894896654], [127.64811055966601, 37.783765414394445], [127.64811055966601, 37.78376541439446]]], [[[127.63961008952133, 37.792789011216826], [127.63961432969228, 37.795042308639665], [127.64245390331006, 37.795038909515746], [127.64244957690026, 37.792785612367204], [127.63961008952133, 37.792789011216826]]], [[[127.63962281145204, 37.799548900892034], [127.639627053041, 37.801802195721514], [127.639627053041, 37.801802195721514], [127.63963129510272, 37.80405548968653], [127.64247121377205, 37.80405208946527], [127.64246688543302, 37.80179879577462], [127.64246688543302, 37.80179879577462], [127.6424625575764, 37.799545501219484], [127.6424625575764, 37.799545501219484], [127.64245823020208, 37.79729220579985], [127.64245823020208, 37.79729220579985], [127.64245390331006, 37.79503890951576], [127.63961432969228, 37.795042308639665], [127.63961857033584, 37.797295605198066], [127.63961857033584, 37.797295605198066], [127.63962281145204, 37.799548900892034], [127.63962281145204, 37.799548900892034]]], [[[127.63677890999693, 37.79729893615336], [127.636783064855, 37.79955223211613], [127.63962281145204, 37.799548900892034], [127.63961857033584, 37.797295605198066], [127.63677890999693, 37.79729893615336]]], [[[127.63679137596058, 37.804058821448294], [127.63679553220814, 37.80631211481765], [127.63679553220814, 37.80631211481765], [127.63679553220814, 37.80631211481765], [127.63395552631573, 37.80631537838321], [127.63395552631573, 37.80631537838321], [127.63111551996968, 37.80631857348367], [127.63111950408718, 37.808571866509716], [127.63395959672995, 37.80856867115142], [127.63395959672995, 37.80856867115141], [127.636799688919, 37.808565407322526], [127.636799688919, 37.808565407322526], [127.63963978064473, 37.80856207502304], [127.63963553763728, 37.806308782787035], [127.63963553763728, 37.806308782787035], [127.63963129510272, 37.80405548968653], [127.63963129510272, 37.80405548968653], [127.639627053041, 37.801802195721514], [127.6367872201762, 37.80180552721444], [127.63679137596058, 37.804058821448294], [127.63679137596058, 37.804058821448294]]], [[[127.636799688919, 37.808565407322526], [127.6368038460932, 37.81081869896288], [127.63964402412513, 37.81081536639451], [127.63963978064473, 37.80856207502304], [127.636799688919, 37.808565407322526]]], [[[127.64244957690026, 37.79278561236722], [127.64245390331006, 37.79503890951576], [127.64529347644563, 37.79503544195447], [127.64528906379704, 37.792782145085745], [127.64244957690026, 37.79278561236722]]]]}}]}