{"type": "FeatureCollection", "features": [{"type": "Feature", "properties": {"rank": 1, "method": "BFS+Zoning", "n_grids": 582, "avg_micro": 81.26197610055513, "cluster_score": 158.8856973417164, "buildable_ha": 1314.9999999999998, "final_score": 114.25322133484552, "avg_bcr": 0.36151202749140887, "center_lat": 36.11421474854778, "center_lon": 129.37518242699795}, "geometry": {"type": "MultiPolygon", "coordinates": [[[[129.30777616320142, 36.10946616619725], [129.30777616320142, 36.10946616619725], [129.30777616320142, 36.10946616619725], [129.30772452532028, 36.107213345969754], [129.30494829988217, 36.10725521408037], [129.30499985856514, 36.10950803774463], [129.30499985856514, 36.10950803774463], [129.30505142297213, 36.11176086049621], [129.3078278068154, 36.11171898551189], [129.3078278068154, 36.11171898551189], [129.31060418492518, 36.11167704623138], [129.31055246210488, 36.10942423035895], [129.30777616320142, 36.10946616619725]]], [[[129.31060418492518, 36.11167704623138], [129.3078278068154, 36.11171898551189], [129.30787945616288, 36.113971803913664], [129.30787945616288, 36.113971803913664], [129.30787945616288, 36.113971803913664], [129.30510299310384, 36.11401368233512], [129.3051545689609, 36.11626650326129], [129.30793111124447, 36.1162246214025], [129.30793111124447, 36.1162246214025], [129.31070764779324, 36.116182675236956], [129.31070764779324, 36.116182675236956], [129.31070764779324, 36.116182675236956], [129.3107593878423, 36.11843548837007], [129.31353599787954, 36.11839347445013], [129.31348417859843, 36.1161406647651], [129.31348417859843, 36.1161406647651], [129.3134323650697, 36.113887854166755], [129.31620881089992, 36.11384578284214], [129.31615692390912, 36.111592974783434], [129.31338055729267, 36.111635042655095], [129.31338055729267, 36.11163504265509], [129.31060418492518, 36.11167704623138], [129.31060418492518, 36.11167704623138]]], [[[129.32176168527016, 36.113761447292724], [129.31898525096972, 36.113803647217324], [129.31903722294297, 36.116056450904104], [129.32181373646472, 36.11601424751579], [129.32181373646472, 36.11601424751579], [129.32459024420774, 36.11597197982285], [129.32453811379256, 36.113719183068774], [129.32453811379256, 36.113719183068774], [129.32448598916423, 36.1114663854006], [129.32170963985368, 36.11150864615577], [129.32170963985368, 36.11150864615576], [129.3189332847657, 36.11155084261685], [129.3189332847657, 36.111550842616865], [129.31615692390912, 36.11159297478345], [129.31620881089992, 36.11384578284215], [129.31898525096972, 36.113803647217324], [129.31898525096972, 36.11380364721732], [129.32176168527016, 36.11376144729272], [129.32176168527016, 36.113761447292724], [129.32176168527016, 36.113761447292724]]], [[[129.30232652431945, 36.11405549645468], [129.30237802095135, 36.11630832081291], [129.3051545689609, 36.11626650326129], [129.30510299310384, 36.11401368233512], [129.30232652431945, 36.11405549645468]]], [[[129.31358782291366, 36.120646283221795], [129.31358782291366, 36.120646283221795], [129.31353599787954, 36.11839347445013], [129.31075938784232, 36.11843548837007], [129.3108111336356, 36.12068830059], [129.3108111336356, 36.12068830059], [129.31086288517378, 36.122941111896736], [129.31363965370141, 36.12289909108006], [129.31358782291366, 36.120646283221795]]], [[[129.31363965370144, 36.122899091080065], [129.31363965370141, 36.122899091080065], [129.31369149024354, 36.12515189802492], [129.3164683322746, 36.12510980943259], [129.31652025383818, 36.12736261200986], [129.3192971693714, 36.12732045563156], [129.3192971693714, 36.12732045563156], [129.3220740791314, 36.127278234921825], [129.3220219990367, 36.125025439268626], [129.3220219990367, 36.125025439268626], [129.3220219990367, 36.125025439268626], [129.32479882375014, 36.12498315769785], [129.32479882375014, 36.12498315769785], [129.32479882375014, 36.12498315769785], [129.32485098310943, 36.1272359498811], [129.32762788129665, 36.127193600509784], [129.32762788129665, 36.127193600509784], [129.32485098310943, 36.1272359498811], [129.32485098310943, 36.1272359498811], [129.32479882375014, 36.124983157697855], [129.3220219990367, 36.125025439268626], [129.32207407913143, 36.127278234921825], [129.3192971693714, 36.12732045563156], [129.3192971693714, 36.12732045563157], [129.31652025383818, 36.12736261200986], [129.3165721811662, 36.12961541367346], [129.31934917597408, 36.129573253835574], [129.31934917597408, 36.12957325383556], [129.3221261650081, 36.12953102966096], [129.3221261650081, 36.12953102966096], [129.32490314825947, 36.129488741150084], [129.32490314825947, 36.129488741150084], [129.32768012571938, 36.12944638830335], [129.32768012571938, 36.12944638830334], [129.3304570973791, 36.129403971121185], [129.33040477368428, 36.12715118680833], [129.3304047736843, 36.12715118680833], [129.33035245579785, 36.12489840158081], [129.32757564267345, 36.12494081180176], [129.32757564267345, 36.12494081180176], [129.32757564267345, 36.12494081180176], [129.32757564267345, 36.12494081180176], [129.33035245579785, 36.12489840158081], [129.33030014371909, 36.122645615438664], [129.33030014371909, 36.122645615438664], [129.33024783744742, 36.120392828381945], [129.32747118282316, 36.12043523164249], [129.32747118282316, 36.12043523164249], [129.32469452240133, 36.1204775705887], [129.32469452240133, 36.1204775705887], [129.32191785619065, 36.120519845220166], [129.32196992472333, 36.12277264270139], [129.32196992472333, 36.12277264270139], [129.32196992472333, 36.12277264270139], [129.32191785619065, 36.120519845220166], [129.31914118419996, 36.120562055536446], [129.3190892006862, 36.11830925367715], [129.31631260216378, 36.118351396219026], [129.31631260216378, 36.11835139621902], [129.31353599787954, 36.11839347445013], [129.31358782291366, 36.120646283221795], [129.31636450643805, 36.120604201537134], [129.31636450643805, 36.12060420153714], [129.31358782291366, 36.1206462832218], [129.31363965370144, 36.122899091080065]], [[129.3164683322746, 36.12510980943259], [129.31641641647477, 36.12285700594168], [129.31641641647477, 36.12285700594168], [129.3164683322746, 36.12510980943259], [129.3164683322746, 36.12510980943259]], [[129.31636450643805, 36.12060420153714], [129.31636450643805, 36.12060420153714], [129.31914118419996, 36.12056205553645], [129.31914118419996, 36.12056205553645], [129.31636450643805, 36.12060420153714]], [[129.32474667018099, 36.12273036460037], [129.32752340984916, 36.122688022179325], [129.32752340984916, 36.122688022179325], [129.32752340984916, 36.122688022179325], [129.32474667018099, 36.12273036460037], [129.32474667018099, 36.12273036460037]]], [[[129.30798277206085, 36.11847743797842], [129.3080344386127, 36.12073025364135], [129.3108111336356, 36.120688300590004], [129.3107593878423, 36.118435488370075], [129.30798277206085, 36.11847743797842]]], [[[129.33035245579785, 36.1248984015808], [129.33035245579788, 36.1248984015808], [129.3304047736843, 36.12715118680832], [129.33318166026362, 36.127108708777136], [129.33318166026362, 36.12710870877714], [129.33595854102575, 36.127066166416675], [129.33595854102575, 36.127066166416675], [129.33873541596196, 36.12702355972735], [129.33873541596196, 36.12702355972735], [129.33873541596196, 36.12702355972735], [129.33595854102575, 36.127066166416675], [129.33595854102575, 36.127066166416675], [129.33318166026362, 36.12710870877714], [129.3332340632298, 36.129361489604044], [129.3360110232627, 36.12931894375233], [129.3360110232627, 36.12931894375233], [129.3360110232627, 36.12931894375233], [129.3360110232627, 36.12931894375233], [129.3332340632298, 36.12936148960405], [129.33328647201384, 36.131614269516064], [129.33328647201384, 36.131614269516064], [129.33328647201384, 36.131614269516064], [129.3332340632298, 36.12936148960405], [129.3304570973791, 36.12940397112119], [129.33050942688294, 36.13165675451939], [129.33050942688294, 36.13165675451939], [129.33056176219648, 36.13390953700285], [129.33333888661633, 36.13386704851317], [129.33339130703794, 36.13611982659534], [129.33616850493578, 36.1360772702687], [129.33611600521706, 36.133824495678354], [129.33611600521706, 36.133824495678354], [129.33616850493578, 36.1360772702687], [129.33339130703794, 36.13611982659535], [129.33344373327935, 36.13837260376255], [129.33344373327935, 36.13837260376255], [129.33339130703794, 36.13611982659535], [129.3306141033203, 36.136162318571586], [129.33066645025517, 36.138415099225554], [129.3278891614193, 36.138457530332445], [129.3278891614193, 36.13845753033245], [129.32511186678062, 36.13849989708283], [129.3251640608944, 36.140752683780065], [129.32794143484978, 36.140710313553306], [129.32799371408376, 36.14296309585951], [129.33077116156045, 36.14292065778906], [129.33077116156045, 36.14292065778906], [129.32799371408376, 36.14296309585951], [129.32799371408376, 36.14296309585951], [129.32794143484978, 36.140710313553306], [129.3251640608944, 36.140752683780065], [129.3252162608029, 36.14300546956287], [129.3224388017267, 36.14304777889872], [129.3224388017267, 36.143047778898705], [129.3252162608029, 36.143005469562866], [129.3251640608944, 36.14075268378006], [129.3251640608944, 36.14075268378006], [129.32511186678062, 36.138499897082816], [129.32233456634785, 36.138542199476234], [129.3223866811443, 36.140794989644604], [129.3223866811443, 36.140794989644604], [129.3224388017267, 36.143047778898705], [129.3196613368639, 36.14309002386663], [129.31971338389727, 36.1453428156727], [129.32249092809565, 36.14530056723855], [129.32249092809565, 36.14530056723856], [129.3252684665068, 36.14525825443119], [129.3252684665068, 36.14525825443119], [129.3280459991219, 36.14521587725105], [129.3280459991219, 36.14521587725105], [129.32809828996488, 36.147468657727885], [129.33087589611762, 36.14742621269311], [129.33365349645604, 36.147383703281115], [129.33365349645604, 36.14738370328111], [129.3364310909714, 36.14734112949234], [129.3364310909714, 36.14734112949235], [129.33365349645604, 36.147383703281115], [129.33370595180628, 36.14963647587304], [129.3364836256715, 36.14959389859125], [129.3364836256715, 36.14959389859125], [129.3392612937042, 36.149551256927836], [129.33920867965483, 36.14729849132722], [129.33920867965483, 36.14729849132722], [129.33915607144615, 36.1450457248111], [129.33910346907751, 36.1427929573795], [129.33910346907751, 36.1427929573795], [129.3390508725482, 36.14054018903244], [129.3390508725482, 36.14054018903244], [129.33910346907751, 36.1427929573795], [129.34188089324954, 36.142750261845], [129.34188089324954, 36.142750261844995], [129.3446583115734, 36.142707501945566], [129.3446583115734, 36.14270750194557], [129.3474357240403, 36.142664677681644], [129.34738288954645, 36.14041191985936], [129.34738288954645, 36.14041191985936], [129.34733006091773, 36.13815916112105], [129.34733006091773, 36.13815916112105], [129.3472772381534, 36.135906401466784], [129.3472772381534, 36.135906401466784], [129.3472244212528, 36.13365364089656], [129.3444473260165, 36.13369645110754], [129.34450006362263, 36.13594921519071], [129.34450006362263, 36.13594921519071], [129.3445528070837, 36.138201978358126], [129.3445528070837, 36.138201978358126], [129.3445528070837, 36.13820197835812], [129.3445528070837, 36.13820197835812], [129.34450006362263, 36.13594921519071], [129.34450006362263, 36.13594921519071], [129.3444473260165, 36.13369645110754], [129.34167022492593, 36.13373919697513], [129.34167022492593, 36.13373919697512], [129.34167022492593, 36.13373919697512], [129.34161757246045, 36.13148642846877], [129.34161757246048, 36.13148642846877], [129.34156492583983, 36.12923365904692], [129.33878797746897, 36.12927633356648], [129.33878797746897, 36.12927633356647], [129.33878797746897, 36.12927633356647], [129.33878797746897, 36.12927633356647], [129.34156492583983, 36.1292336590469], [129.34156492583983, 36.129233659046896], [129.34434186836654, 36.12919092019405], [129.34428914832137, 36.12693815336381], [129.34428914832137, 36.12693815336381], [129.34706600572702, 36.12689535369047], [129.34701321227482, 36.12464258945674], [129.3442364341285, 36.12468538561794], [129.3414596501305, 36.124728117456826], [129.3415122850634, 36.12698088870959], [129.3415122850634, 36.12698088870959], [129.3414596501305, 36.124728117456826], [129.34140702104045, 36.12247534528866], [129.33863031045144, 36.12251800930343], [129.33868286028965, 36.124770784972995], [129.33868286028965, 36.124770784972995], [129.33863031045144, 36.12251800930343], [129.33585359402906, 36.1225606090003], [129.33580112926796, 36.12030782891961], [129.3330244862653, 36.120350360807514], [129.333076871782, 36.12260314437886], [129.333076871782, 36.12260314437886], [129.333076871782, 36.12260314437885], [129.3330244862653, 36.120350360807514], [129.33024783744742, 36.120392828381945], [129.33030014371909, 36.12264561543866], [129.33030014371909, 36.122645615438664], [129.33035245579785, 36.1248984015808]], [[129.3308235259322, 36.14517343569851], [129.33360104692886, 36.14513092977406], [129.33354860322416, 36.14287815535193], [129.33354860322416, 36.14287815535193], [129.3334961653412, 36.14062538001476], [129.33071880300164, 36.14066787896472], [129.33071880300164, 36.14066787896472], [129.32794143484978, 36.140710313553306], [129.32794143484978, 36.14071031355329], [129.33071880300164, 36.14066787896471], [129.33071880300164, 36.14066787896471], [129.3334961653412, 36.14062538001476], [129.33354860322416, 36.142878155351944], [129.33354860322416, 36.142878155351944], [129.3336010469289, 36.14513092977406], [129.3336010469289, 36.14513092977406], [129.3336010469289, 36.14513092977408], [129.3308235259322, 36.145173435698524], [129.3308235259322, 36.145173435698524], [129.3308235259322, 36.14517343569851]], [[129.3334961653412, 36.14062538001476], [129.33627352185965, 36.140582816703855], [129.3362210104831, 36.138330043943874], [129.3362210104831, 36.138330043943874], [129.3389982818576, 36.13828741976995], [129.3389982818576, 36.13828741976996], [129.3362210104831, 36.13833004394388], [129.33627352185965, 36.14058281670387], [129.33627352185965, 36.14058281670387], [129.3363260390661, 36.142835588548614], [129.3363260390661, 36.142835588548614], [129.33637856210314, 36.14508835947811], [129.3363785621031, 36.14508835947811], [129.3363260390661, 36.142835588548614], [129.3363260390661, 36.142835588548614], [129.33627352185965, 36.140582816703855], [129.3334961653412, 36.14062538001476], [129.3334961653412, 36.14062538001476]], [[129.33884054481138, 36.13152910649032], [129.33606351132624, 36.13157172017289], [129.33606351132624, 36.13157172017289], [129.33884054481138, 36.13152910649032], [129.33884054481138, 36.13152910649032], [129.33884054481138, 36.13152910649032]], [[129.34182821739805, 36.14049749700092], [129.34460555640038, 36.14045474060975], [129.34460555640038, 36.14045474060975], [129.34182821739805, 36.14049749700092], [129.34182821739805, 36.14049749700092]]], [[[129.3304570973791, 36.12940397112119], [129.3332340632298, 36.129361489604044], [129.33318166026362, 36.12710870877714], [129.3304047736843, 36.12715118680833], [129.3304570973791, 36.12940397112119]]], [[[129.32768012571938, 36.12944638830335], [129.3277323759424, 36.13169917518244], [129.33050942688294, 36.13165675451939], [129.3304570973791, 36.12940397112119], [129.32768012571938, 36.12944638830335]]], [[[129.32495531920094, 36.13174153150478], [129.32495531920094, 36.13174153150478], [129.3277323759424, 36.13169917518244], [129.32768012571938, 36.12944638830335], [129.32490314825947, 36.129488741150084], [129.32490314825947, 36.129488741150084], [129.3221261650081, 36.12953102966097], [129.3221261650081, 36.12953102966097], [129.31934917597408, 36.129573253835574], [129.31940118835058, 36.13182605112567], [129.3221782566674, 36.131783823486], [129.3221782566674, 36.131783823486], [129.32495531920094, 36.13174153150478]]], [[[129.32809828996488, 36.14746865772789], [129.32815058661333, 36.14972143729001], [129.33092827211726, 36.14967898877278], [129.3308758961176, 36.14742621269311], [129.32809828996488, 36.14746865772789]]], [[[129.34323597552333, 36.08188262451618], [129.3431833782378, 36.079629838464], [129.3431833782378, 36.079629838464], [129.3431833782378, 36.07962983846399], [129.34595857304242, 36.07958711250446], [129.34595857304242, 36.07958711250446], [129.34873376199985, 36.079544322328495], [129.34868101240355, 36.07729154238261], [129.3459059025204, 36.077334329045286], [129.3459059025204, 36.077334329045286], [129.3458532378449, 36.075081544670965], [129.34307820118138, 36.07512426361466], [129.3431307867907, 36.07737705149681], [129.3431307867907, 36.07737705149681], [129.3431307867907, 36.07737705149681], [129.34035566522323, 36.077419709736745], [129.34040817759475, 36.07967250020667], [129.34040817759472, 36.07967250020667], [129.34046069579588, 36.081925289761806], [129.34323597552333, 36.08188262451618]]], [[[129.34606393162878, 36.08409267667721], [129.34606393162878, 36.08409267667721], [129.34611661969439, 36.08634545739069], [129.34611661969439, 36.08634545739069], [129.34616931360918, 36.088598237188904], [129.34894481895145, 36.08855543295783], [129.34894481895145, 36.08855543295783], [129.3517203184351, 36.08851256448969], [129.35166746630225, 36.0862597917249], [129.3488920459273, 36.086302656673695], [129.34883927876106, 36.08404987947409], [129.34883927876106, 36.08404987947409], [129.34878651745214, 36.08179710135901], [129.34878651745214, 36.08179710135901], [129.34873376199985, 36.079544322328495], [129.34595857304242, 36.07958711250446], [129.34601124941167, 36.081839895048454], [129.34601124941167, 36.081839895048454], [129.34601124941167, 36.081839895048454], [129.34323597552333, 36.08188262451619], [129.34328857864796, 36.084135409653356], [129.34606393162878, 36.08409267667721], [129.34606393162878, 36.08409267667721]]], [[[129.3491031731783, 36.095313756317054], [129.35187891004068, 36.09527087728969], [129.35182604030365, 36.09301810727213], [129.35182604030365, 36.09301810727213], [129.35187891004068, 36.0952708772897], [129.3546546410337, 36.09522793400989], [129.3546546410337, 36.09522793400989], [129.3546546410337, 36.09522793400989], [129.35470759578325, 36.09748069958626], [129.35748340004056, 36.09743768852375], [129.35748340004056, 36.09743768852376], [129.3602591984103, 36.0973946132044], [129.3602060853765, 36.09514185469464], [129.35743036614858, 36.09518492647806], [129.35743036614858, 36.095184926478055], [129.3602060853765, 36.09514185469464], [129.36015297823837, 36.09288909526849], [129.35737733814346, 36.09293216351617], [129.35743036614858, 36.095184926478055], [129.35743036614855, 36.095184926478055], [129.35737733814346, 36.092932163516174], [129.3546016921623, 36.09297516751754], [129.35454874916843, 36.090722400109186], [129.35177317643536, 36.09076533633879], [129.35177317643536, 36.09076533633879], [129.34899759783423, 36.09080820832647], [129.34905038257628, 36.09306098277955], [129.34905038257628, 36.09306098277955], [129.34899759783423, 36.09080820832647], [129.34622201337382, 36.09085101607181], [129.34622201337382, 36.09085101607181], [129.34344642306291, 36.09089375957436], [129.3434990495505, 36.093146541051105], [129.34627471898898, 36.09310379403935], [129.34627471898898, 36.093103794039365], [129.34627471898898, 36.093103794039365], [129.34632743045532, 36.095356571091514], [129.3491031731783, 36.095313756317054], [129.3491031731783, 36.095313756317054]], [[129.35182604030368, 36.09301810727213], [129.35182604030368, 36.09301810727213], [129.3546016921623, 36.09297516751754], [129.3546016921623, 36.09297516751754], [129.35182604030368, 36.09301810727213]]], [[[129.34957855240307, 36.115588676948825], [129.3468020970639, 36.11563152336415], [129.34685486707826, 36.11788429126088], [129.34685486707826, 36.11788429126089], [129.34690764295112, 36.12013705824192], [129.3496842567461, 36.120094204793126], [129.34963140164098, 36.11784144132894], [129.34963140164098, 36.11784144132893], [129.34957855240307, 36.115588676948825]]], [[[129.3443945942647, 36.131443686108646], [129.34161757246048, 36.13148642846876], [129.34167022492596, 36.13373919697512], [129.3444473260165, 36.13369645110754], [129.3444473260165, 36.13369645110754], [129.3472244212528, 36.133653640896554], [129.34717161021533, 36.13140087941042], [129.34717161021533, 36.13140087941042], [129.34711880504028, 36.12914811700837], [129.34711880504028, 36.12914811700837], [129.347066005727, 36.12689535369047], [129.34428914832137, 36.12693815336381], [129.34434186836654, 36.12919092019406], [129.34156492583983, 36.1292336590469], [129.34161757246048, 36.13148642846876], [129.3443945942647, 36.131443686108646], [129.3443945942647, 36.131443686108646]], [[129.3443945942647, 36.131443686108646], [129.3443945942647, 36.131443686108646], [129.34434186836654, 36.12919092019406], [129.34434186836654, 36.12919092019406], [129.3443945942647, 36.131443686108646]]], [[[129.3472772381534, 36.135906401466784], [129.34733006091773, 36.13815916112105], [129.34733006091773, 36.13815916112105], [129.34738288954648, 36.14041191985935], [129.34738288954645, 36.14041191985935], [129.34743572404034, 36.14266467768164], [129.3502131306415, 36.14262178905363], [129.3502131306415, 36.14262178905363], [129.3474357240403, 36.14266467768164], [129.3474885643999, 36.14491743458788], [129.35026605033008, 36.14487454244085], [129.35026605033008, 36.144874542440846], [129.35304353038498, 36.14483158592492], [129.35304353038498, 36.14483158592492], [129.35582100455593, 36.14478856504049], [129.3557679262114, 36.14253581870714], [129.3557679262114, 36.14253581870714], [129.3557679262114, 36.14253581870714], [129.35582100455593, 36.1447885650405], [129.35859847283405, 36.144745479788035], [129.35854531516253, 36.1424927369895], [129.35854531516253, 36.142492736989496], [129.35849216339193, 36.14023999327412], [129.355714853759, 36.1402830714571], [129.355714853759, 36.1402830714571], [129.35293753823456, 36.14032608528261], [129.35293753823456, 36.140326085282595], [129.35016021682748, 36.14036903475016], [129.35021313064152, 36.14262178905362], [129.3502131306415, 36.14262178905362], [129.35016021682748, 36.140369034750165], [129.35016021682748, 36.140369034750165], [129.35016021682748, 36.14036903475016], [129.35293753823456, 36.140326085282595], [129.35293753823456, 36.14032608528259], [129.355714853759, 36.14028307145709], [129.35566178719804, 36.13803032329048], [129.35566178719804, 36.13803032329048], [129.3556087265279, 36.13577757420728], [129.3556087265279, 36.13577757420728], [129.3556087265279, 36.13577757420727], [129.35838587755086, 36.135734503092976], [129.35838587755086, 36.13573450309298], [129.3556087265279, 36.13577757420728], [129.35566178719807, 36.13803032329048], [129.3584390175216, 36.13798724864194], [129.3584390175216, 36.13798724864194], [129.35566178719804, 36.13803032329049], [129.355714853759, 36.1402830714571], [129.35849216339193, 36.14023999327412], [129.35854531516253, 36.142492736989496], [129.36132269821272, 36.14244959090953], [129.3612694671246, 36.140196850734085], [129.3612694671246, 36.140196850734085], [129.36132269821272, 36.142449590909536], [129.36410007535318, 36.14240638046766], [129.36404676494823, 36.14015364383741], [129.3612694671246, 36.14019685073408], [129.3612694671246, 36.14019685073408], [129.36404676494823, 36.14015364383741], [129.36404676494823, 36.1401536438374], [129.36682405685397, 36.14011037258453], [129.36682405685397, 36.14011037258453], [129.36960134283308, 36.140067036975914], [129.36954787973184, 36.137814306534274], [129.37232508046947, 36.13777091013117], [129.37227154400574, 36.135518182332575], [129.3694944225654, 36.13556157517507], [129.36954787973184, 36.13781430653427], [129.36954787973184, 36.13781430653427], [129.3694944225654, 36.13556157517507], [129.36944097133303, 36.1333088428983], [129.36666392324773, 36.133352167840876], [129.36661055722917, 36.13109943109166], [129.36661055722917, 36.13109943109166], [129.36661055722917, 36.131099431091656], [129.36938752603416, 36.13105610970403], [129.369334086668, 36.12880337559229], [129.369334086668, 36.128803375592284], [129.36928065323394, 36.1265506405631], [129.36928065323394, 36.1265506405631], [129.36922722573132, 36.12429790461649], [129.36922722573132, 36.12429790461649], [129.36928065323394, 36.1265506405631], [129.36928065323394, 36.12655064056311], [129.369334086668, 36.12880337559229], [129.37211097026938, 36.12875999343048], [129.37211097026938, 36.128759993430485], [129.37211097026938, 36.128759993430485], [129.3721644889064, 36.1310127239822], [129.37494144583707, 36.13096927392659], [129.37494144583707, 36.1309692739266], [129.37771839681741, 36.13092575953766], [129.37766471964065, 36.1286730361218], [129.37488784792984, 36.12871654694018], [129.37488784792984, 36.128716546940176], [129.37766471964065, 36.1286730361218], [129.37766471964065, 36.1286730361218], [129.37766471964065, 36.1286730361218], [129.37771839681741, 36.130925759537654], [129.3804953418386, 36.130882180815796], [129.3804953418386, 36.130882180815796], [129.38327228089187, 36.1308385377615], [129.38321844517807, 36.12858582150262], [129.38044158539302, 36.12862946097581], [129.380441585393, 36.12862946097581], [129.380441585393, 36.12862946097581], [129.38038783491464, 36.126376740217566], [129.37761104842235, 36.12642031178791], [129.37761104842235, 36.1264203117879], [129.37483425597227, 36.126463819035905], [129.37483425597227, 36.126463819035905], [129.37205745757322, 36.12650726196112], [129.37205745757322, 36.12650726196112], [129.37205745757322, 36.126507261961116], [129.37205745757322, 36.126507261961116], [129.37483425597227, 36.126463819035905], [129.37478066996374, 36.12421109021381], [129.37755738316184, 36.12416758653599], [129.37750372385844, 36.12191486036609], [129.37750372385844, 36.12191486036609], [129.3774500705115, 36.119662133278226], [129.3746735157909, 36.11970562981631], [129.37472708990347, 36.12195836047394], [129.37472708990347, 36.12195836047394], [129.3746735157909, 36.11970562981631], [129.37189695512336, 36.119749062047426], [129.37189695512336, 36.11974906204742], [129.3746735157909, 36.119705629816295], [129.3746199476253, 36.11745289824093], [129.371843466184, 36.11749632690775], [129.371843466184, 36.117496326907755], [129.36906697880522, 36.117539691272434], [129.36906697880522, 36.11753969127243], [129.36629048549767, 36.117582991334544], [129.36634381598248, 36.119835733586996], [129.36912038851762, 36.11979242997113], [129.36912038851762, 36.11979242997113], [129.37189695512336, 36.119749062047426], [129.37189695512336, 36.11974906204743], [129.36912038851762, 36.119792429971135], [129.36912038851762, 36.11979242997113], [129.36634381598245, 36.119835733587], [129.3663971523879, 36.12208847492231], [129.3691738041594, 36.12204516775249], [129.3691738041594, 36.12204516775249], [129.3663971523879, 36.12208847492231], [129.3663971523879, 36.12208847492231], [129.36362049469506, 36.12213171777858], [129.36367375777593, 36.1243844617456], [129.36367375777593, 36.1243844617456], [129.36362049469506, 36.12213171777858], [129.3663971523879, 36.12208847492231], [129.36634381598245, 36.119835733587], [129.3635672375267, 36.11987897289459], [129.3635672375267, 36.11987897289458], [129.3607906531591, 36.11992214789347], [129.3608438310897, 36.12217489632086], [129.3608438310897, 36.12217489632086], [129.36089701492406, 36.12442764383149], [129.36089701492406, 36.12442764383149], [129.36095020466277, 36.12668039042533], [129.36095020466277, 36.12668039042533], [129.36100340030657, 36.12893313610234], [129.3637803016778, 36.12888994692865], [129.3637803016778, 36.12888994692866], [129.3637803016778, 36.12888994692866], [129.3637803016778, 36.128889946928666], [129.36100340030657, 36.128933136102354], [129.36100340030657, 36.128933136102354], [129.35822649302958, 36.12897626094579], [129.35827961530552, 36.131229009244876], [129.35827961530552, 36.131229009244876], [129.35833274347905, 36.13348175662728], [129.3555556717479, 36.13352482420753], [129.3555556717479, 36.13352482420754], [129.3527785941273, 36.13356782744612], [129.3527785941273, 36.13356782744612], [129.35272562452045, 36.131315073001296], [129.35272562452045, 36.131315073001296], [129.35267266079362, 36.129062317640184], [129.35544957985567, 36.12901932145855], [129.35539654274208, 36.12676656870934], [129.35261970294613, 36.126809561362805], [129.35261970294613, 36.126809561362805], [129.3498428572715, 36.12685248969], [129.3498428572715, 36.126852489689995], [129.34706600572702, 36.12689535369047], [129.34711880504028, 36.12914811700837], [129.34989573585221, 36.129105249490266], [129.34989573585221, 36.129105249490266], [129.34989573585221, 36.129105249490266], [129.34989573585221, 36.12910524949028], [129.34711880504028, 36.12914811700839], [129.34717161021533, 36.13140087941042], [129.34717161021533, 36.13140087941042], [129.3472244212528, 36.13365364089656], [129.3472772381534, 36.135906401466784], [129.3472772381534, 36.135906401466784]], [[129.36922722573132, 36.12429790461649], [129.36922722573132, 36.12429790461648], [129.3720039508173, 36.12425452957413], [129.3720039508173, 36.12425452957414], [129.3720039508173, 36.12425452957414], [129.3720039508173, 36.12425452957414], [129.36922722573132, 36.12429790461649]], [[129.350001510626, 36.133610766342606], [129.350001510626, 36.1336107663426], [129.3500544068204, 36.13586352339462], [129.3528315696148, 36.13582058097464], [129.3528315696148, 36.13582058097464], [129.3528315696148, 36.13582058097464], [129.3500544068204, 36.13586352339461], [129.3500544068204, 36.13586352339462], [129.3500544068204, 36.13586352339462], [129.350001510626, 36.13361076634261], [129.350001510626, 36.133610766342606]], [[129.36121624194553, 36.137944109641616], [129.36121624194553, 36.13794410964162], [129.3584390175216, 36.13798724864194], [129.3584390175216, 36.137987248641934], [129.36121624194553, 36.137944109641616]], [[129.36110980931193, 36.13343862470581], [129.35833274347905, 36.1334817566273], [129.35833274347905, 36.13348175662729], [129.36110980931193, 36.13343862470581], [129.36105660185606, 36.131185880862525], [129.36105660185606, 36.131185880862525], [129.36105660185606, 36.131185880862525], [129.36110980931193, 36.13343862470581], [129.36388686923775, 36.13339542844352], [129.36388686923775, 36.13339542844353], [129.36110980931193, 36.13343862470581], [129.36116302267487, 36.135691367632184], [129.36394016189118, 36.13564816782531], [129.3639934604611, 36.13790090628993], [129.3639934604611, 36.13790090628993], [129.3639934604611, 36.13790090628994], [129.3639934604611, 36.13790090628994], [129.36394016189118, 36.13564816782531], [129.36116302267487, 36.135691367632184], [129.36116302267487, 36.135691367632184], [129.36116302267487, 36.135691367632184], [129.36110980931193, 36.13343862470581]], [[129.36655719713457, 36.12884669342517], [129.36650384296325, 36.12659395484142], [129.36372702676994, 36.126637204795635], [129.36372702676994, 36.126637204795635], [129.36650384296325, 36.12659395484142], [129.36655719713457, 36.12884669342516], [129.36655719713457, 36.12884669342517], [129.36655719713457, 36.12884669342517], [129.36655719713457, 36.12884669342517]], [[129.3664504947146, 36.12434121534046], [129.3664504947146, 36.12434121534046], [129.36650384296325, 36.12659395484142], [129.36650384296325, 36.12659395484142], [129.3664504947146, 36.12434121534046]], [[129.37478066996374, 36.124211090213805], [129.37478066996374, 36.124211090213805], [129.37472708990347, 36.12195836047394], [129.3747270899035, 36.12195836047394], [129.37478066996374, 36.124211090213805]]], [[[129.33920867965483, 36.14729849132722], [129.3392612937042, 36.149551256927836], [129.34203895589553, 36.149508550883226], [129.34203895589553, 36.149508550883226], [129.34481661223674, 36.14946578045784], [129.3447638394909, 36.14721302186964], [129.34754141062592, 36.14717019057805], [129.3474885643999, 36.14491743458789], [129.34471107260336, 36.14496026236555], [129.34471107260336, 36.14496026236555], [129.3474885643999, 36.14491743458789], [129.3474357240403, 36.142664677681644], [129.3446583115734, 36.14270750194557], [129.3446583115734, 36.14270750194557], [129.3418808932495, 36.142750261845], [129.3418808932495, 36.14275026184501], [129.33910346907751, 36.1427929573795], [129.33915607144615, 36.145045724811105], [129.33915607144615, 36.145045724811105], [129.33920867965483, 36.14729849132722]]], [[[129.34748856439992, 36.14491743458789], [129.34754141062592, 36.14717019057805], [129.35031897589386, 36.147127294911826], [129.35031897589386, 36.147127294911826], [129.35031897589386, 36.147127294911826], [129.3503719073335, 36.14938004646649], [129.3531495460715, 36.14933708290139], [129.3530965352859, 36.1470843348714], [129.3530965352859, 36.1470843348714], [129.353043530385, 36.144831585924926], [129.35026605033008, 36.14487454244086], [129.35026605033008, 36.14487454244086], [129.34748856439992, 36.14491743458789]]], [[[129.3517203184351, 36.0885125644897], [129.34894481895145, 36.08855543295783], [129.34899759783423, 36.09080820832647], [129.35177317643536, 36.09076533633879], [129.3517203184351, 36.0885125644897]]], [[[129.3603123173405, 36.099647370797726], [129.36036544216773, 36.10190012747459], [129.3631413929497, 36.10185698081578], [129.3631413929497, 36.101856980815796], [129.36036544216773, 36.1019001274746], [129.36036544216773, 36.1019001274746], [129.35758948548806, 36.10194320986644], [129.35764253704488, 36.10419596916336], [129.35764253704485, 36.10419596916336], [129.35769559449125, 36.106448727543956], [129.35769559449125, 36.106448727543956], [129.35764253704485, 36.10419596916336], [129.35486649530745, 36.10423899081908], [129.35491947357627, 36.106491752731145], [129.35491947357627, 36.106491752731145], [129.35497245772657, 36.10874451372706], [129.3577486578279, 36.108701485008204], [129.3577486578279, 36.108701485008204], [129.35497245772657, 36.10874451372706], [129.355025447759, 36.1109972738068], [129.3578017270555, 36.110954241556094], [129.3577486578279, 36.10870148500821], [129.3577486578279, 36.10870148500821], [129.3578017270555, 36.110954241556094], [129.3605780004604, 36.11091114501689], [129.36052485203834, 36.108658392006156], [129.36052485203834, 36.108658392006156], [129.36047170951596, 36.10640563807885], [129.36047170951596, 36.10640563807885], [129.36041857289268, 36.10415288323498], [129.36041857289268, 36.10415288323498], [129.36041857289268, 36.10415288323498], [129.3631946028421, 36.10410973303435], [129.3631946028421, 36.10410973303436], [129.36041857289268, 36.10415288323499], [129.360471709516, 36.10640563807885], [129.36047170951596, 36.10640563807885], [129.36052485203834, 36.10865839200617], [129.36052485203834, 36.10865839200617], [129.3605780004604, 36.1109111450169], [129.36335426796492, 36.11086798418965], [129.36340750148995, 36.11312073274117], [129.36618384228726, 36.11307750407842], [129.36613052956028, 36.11082475907477], [129.36335426796495, 36.11086798418965], [129.36335426796495, 36.11086798418964], [129.3661305295603, 36.11082475907475], [129.3661305295603, 36.11082475907475], [129.3689067852377, 36.110781469672695], [129.3689067852377, 36.110781469672695], [129.3689067852377, 36.110781469672695], [129.3689067852377, 36.11078146967271], [129.3661305295603, 36.11082475907477], [129.36618384228726, 36.11307750407842], [129.36618384228726, 36.11307750407842], [129.3662371609328, 36.11533024816501], [129.36623716093283, 36.11533024816501], [129.36629048549767, 36.117582991334544], [129.36906697880522, 36.11753969127243], [129.36906697880522, 36.11753969127243], [129.371843466184, 36.11749632690775], [129.371843466184, 36.11749632690775], [129.3746199476253, 36.11745289824093], [129.3746199476253, 36.11745289824093], [129.37739642312025, 36.11740940527243], [129.37734278168415, 36.11515667634873], [129.37734278168415, 36.11515667634873], [129.3801191720079, 36.11511312265362], [129.38006545731886, 36.1128603963865], [129.38006545731886, 36.1128603963865], [129.38006545731886, 36.1128603963865], [129.38284176247274, 36.11281678197556], [129.38278797454834, 36.11056405836994], [129.38278797454836, 36.11056405836994], [129.38284176247276, 36.11281678197556], [129.38284176247274, 36.11281678197556], [129.38289555636848, 36.115069504662955], [129.38567193475706, 36.1150258223772], [129.38561806165535, 36.1127731032748], [129.38561806165535, 36.1127731032748], [129.38567193475706, 36.115025822377184], [129.38567193475706, 36.1150258223772], [129.38572581383954, 36.11727854056113], [129.38850226546145, 36.11723479039024], [129.38844830716488, 36.114982075796775], [129.38844830716488, 36.114982075796775], [129.38850226546145, 36.11723479039024], [129.38850226546148, 36.11723479039024], [129.38850226546148, 36.11723479039024], [129.38572581383954, 36.11727854056113], [129.38577969890346, 36.11953125782657], [129.3885562297483, 36.11948750406503], [129.38861020002602, 36.12174021682106], [129.3913868041109, 36.1216963951586], [129.3913327546022, 36.1194436859987], [129.3941092734564, 36.11939980362806], [129.39405515072582, 36.11714709715045], [129.39127871109315, 36.117190975919875], [129.39127871109315, 36.117190975919875], [129.39127871109315, 36.117190975919875], [129.39122467358314, 36.11493826492214], [129.39122467358314, 36.11493826492214], [129.39122467358314, 36.11493826492214], [129.39400103400305, 36.114894389753715], [129.39400103400305, 36.114894389753715], [129.39677738841587, 36.114850450291954], [129.39677738841587, 36.114850450291954], [129.3995537368128, 36.1148064465373], [129.39949946769124, 36.112553745438944], [129.39949946769124, 36.112553745438944], [129.3994452045937, 36.110301043421124], [129.3966690145932, 36.11034503995327], [129.3966690145932, 36.11034503995327], [129.3938928185782, 36.11038897220307], [129.3938928185782, 36.110388972203076], [129.3911166165574, 36.11043284017008], [129.39117064207147, 36.112685553005534], [129.39117064207144, 36.112685553005534], [129.39117064207144, 36.112685553005534], [129.3883943548578, 36.11272936028463], [129.3883943548578, 36.11272936028463], [129.3883943548578, 36.11272936028463], [129.38834040853965, 36.11047664385385], [129.38556419453369, 36.11052038325395], [129.38556419453369, 36.11052038325395], [129.38834040853965, 36.11047664385385], [129.38828646820966, 36.10822392650445], [129.38828646820969, 36.10822392650445], [129.38828646820969, 36.10822392650445], [129.38834040853968, 36.11047664385385], [129.38834040853965, 36.11047664385385], [129.3883943548578, 36.11272936028463], [129.39117064207144, 36.112685553005534], [129.3911166165574, 36.11043284017007], [129.3911166165574, 36.11043284017007], [129.3938928185782, 36.11038897220307], [129.3938928185782, 36.11038897220306], [129.3966690145932, 36.110345039953266], [129.39661483670403, 36.10809233340508], [129.39661483670403, 36.10809233340508], [129.3966690145932, 36.110345039953266], [129.3994452045937, 36.110301043421124], [129.39939094751946, 36.10804834048388], [129.39939094751946, 36.10804834048388], [129.39939094751946, 36.10804834048388], [129.3994452045937, 36.110301043421124], [129.40222138857087, 36.110256982607076], [129.40222138857087, 36.110256982607076], [129.3994452045937, 36.110301043421124], [129.39949946769124, 36.112553745438944], [129.39949946769124, 36.112553745438944], [129.3995537368128, 36.1148064465373], [129.40233007918505, 36.114762378490205], [129.40227573086156, 36.112509681008476], [129.40227573086156, 36.112509681008476], [129.40233007918505, 36.11476237849021], [129.40233007918505, 36.11476237849021], [129.40238443354198, 36.11701507505228], [129.40516084909078, 36.116970939091075], [129.40516084909078, 36.11697093909107], [129.40793725859663, 36.11692673883303], [129.40793725859663, 36.11692673883303], [129.4107136620508, 36.11688247427861], [129.4107136620508, 36.11688247427861], [129.41349005944443, 36.116838145428254], [129.41349005944443, 36.116838145428254], [129.41626645076883, 36.11679375228239], [129.41621170036862, 36.11454107388356], [129.41343538825151, 36.11458546338623], [129.41343538825151, 36.114585463386234], [129.41065907006583, 36.11462978859868], [129.41065907006583, 36.11462978859866], [129.41343538825151, 36.11458546338623], [129.41343538825151, 36.11458546338623], [129.41621170036862, 36.11454107388356], [129.41621170036862, 36.11454107388356], [129.41621170036862, 36.11454107388356], [129.41626645076883, 36.11679375228239], [129.41904283601517, 36.11674929484148], [129.41898800640834, 36.11449662009112], [129.4189880064083, 36.11449662009112], [129.41893318288766, 36.11224394441985], [129.41893318288766, 36.11224394441985], [129.41887836545249, 36.1099912678277], [129.41610221779962, 36.110035714323836], [129.41610221779962, 36.11003571432383], [129.41887836545249, 36.109991267827695], [129.41893318288766, 36.11224394441985], [129.41893318288768, 36.11224394441985], [129.41898800640834, 36.11449662009112], [129.41898800640834, 36.11449662009112], [129.41904283601517, 36.116749294841476], [129.42181921517462, 36.11670477310597], [129.42181921517462, 36.11670477310599], [129.41904283601517, 36.11674929484148], [129.4190976717088, 36.11900196867091], [129.42187413008298, 36.11895744328147], [129.42181921517462, 36.11670477310598], [129.42459558823847, 36.116660187076334], [129.42459558823847, 36.116660187076334], [129.42737195519788, 36.116615536752974], [129.42731688797542, 36.11436287297964], [129.42731688797542, 36.11436287297963], [129.42731688797542, 36.11436287297963], [129.43009316961783, 36.114318162032596], [129.4300380293128, 36.11206550100707], [129.4300380293128, 36.11206550100707], [129.42998289512838, 36.10981283905986], [129.42998289512838, 36.10981283905986], [129.42992776706384, 36.10756017619097], [129.42715172298028, 36.1076048761306], [129.42715172298028, 36.107604876130594], [129.42715172298028, 36.10760487613058], [129.42992776706384, 36.10756017619096], [129.4298726451185, 36.10530751240043], [129.4298726451185, 36.10530751240043], [129.42992776706384, 36.10756017619096], [129.43270380502824, 36.10751541197961], [129.43264860391486, 36.10526275186309], [129.43264860391486, 36.10526275186309], [129.43259340892882, 36.10301009082475], [129.43253822006935, 36.10075742886463], [129.43253822006935, 36.10075742886463], [129.43253822006935, 36.10075742886463], [129.43259340892882, 36.10301009082475], [129.43259340892882, 36.10301009082475], [129.43264860391486, 36.10526275186309], [129.43264860391488, 36.10526275186309], [129.43270380502824, 36.10751541197961], [129.43547983686463, 36.107470583497026], [129.43547983686463, 36.107470583497026], [129.43270380502824, 36.10751541197961], [129.43275901226957, 36.1097680711743], [129.43553512328205, 36.109723239012226], [129.43553512328205, 36.10972323901222], [129.43831122815712, 36.10967834257407], [129.43825586256426, 36.10742569074362], [129.43825586256426, 36.10742569074362], [129.43825586256426, 36.10742569074362], [129.43825586256426, 36.10742569074362], [129.43831122815712, 36.10967834257408], [129.43831122815712, 36.10967834257408], [129.43836659989623, 36.11193099348224], [129.44114277780855, 36.111886029078235], [129.44108732688593, 36.1096333818603], [129.44108732688593, 36.1096333818603], [129.44103188211832, 36.10738073371986], [129.44103188211832, 36.10738073371986], [129.44097644350506, 36.105128084656954], [129.44097644350506, 36.105128084656954], [129.44092101104542, 36.10287543467161], [129.43814514981443, 36.10292038431596], [129.43814514981443, 36.10292038431595], [129.43814514981443, 36.10292038431595], [129.43808980265612, 36.100667729718815], [129.43531401443008, 36.10071261141922], [129.43531401443008, 36.10071261141922], [129.43531401443008, 36.100712611419226], [129.4352587525555, 36.098459952216004], [129.43248303733577, 36.09850476598276], [129.43248303733577, 36.09850476598276], [129.42970731599087, 36.098549515499336], [129.42965221851543, 36.09629684802256], [129.42687657018766, 36.09634152962061], [129.42693158852947, 36.098594200765284], [129.42693158852947, 36.098594200765284], [129.42698661297894, 36.10084687098865], [129.42698661297894, 36.10084687098865], [129.42693158852947, 36.098594200765284], [129.42415585496045, 36.09863882178015], [129.42421080026685, 36.10089149566635], [129.42421080026685, 36.10089149566635], [129.4242657516728, 36.103144168631424], [129.42148985370858, 36.103188732710116], [129.4215447320535, 36.105441408412], [129.4215447320535, 36.105441408412], [129.4215996164906, 36.107694083192904], [129.4188235541021, 36.10773859031469], [129.4188235541021, 36.10773859031469], [129.41604748562946, 36.10778303316297], [129.41604748562946, 36.107783033162974], [129.41604748562946, 36.107783033162974], [129.41599275953462, 36.10553035108151], [129.41321676415885, 36.10557472601345], [129.41321676415885, 36.10557472601345], [129.41321676415885, 36.10557472601345], [129.41321676415885, 36.10557472601345], [129.41599275953462, 36.105530351081505], [129.4159380395144, 36.103277668079464], [129.41316212330202, 36.103322039369246], [129.41316212330202, 36.103322039369246], [129.4103862010245, 36.10336634639517], [129.4103316453881, 36.10111365519392], [129.41310748851035, 36.101069351804696], [129.41310748851035, 36.101069351804696], [129.4158833255681, 36.10102498415687], [129.4158833255681, 36.10102498415687], [129.41865915655262, 36.10098055225092], [129.41860436953448, 36.09872787105485], [129.4158286176951, 36.09877229931377], [129.4158286176951, 36.098772299313765], [129.41305285978316, 36.09881666331982], [129.41305285978316, 36.09881666331983], [129.41305285978316, 36.09881666331983], [129.41299823711975, 36.09656397391468], [129.41022255228174, 36.096608270031126], [129.41022255228174, 36.09660827003112], [129.40744686138945, 36.09665250189907], [129.40744686138945, 36.09665250189907], [129.40467116445157, 36.09669666951808], [129.4047255496997, 36.098949369816275], [129.4047255496997, 36.098949369816275], [129.40467116445157, 36.09669666951808], [129.4018954614769, 36.0967407728877], [129.4018954614769, 36.09674077288769], [129.4018954614769, 36.09674077288769], [129.40184116139656, 36.09448806804958], [129.3990655315256, 36.094532103554364], [129.3990655315256, 36.09453210355434], [129.40184116139656, 36.09448806804957], [129.40184116139656, 36.09448806804957], [129.4046167852402, 36.09444396830022], [129.40456241206493, 36.09219126616279], [129.40456241206493, 36.09219126616279], [129.4046167852402, 36.09444396830022], [129.4046167852402, 36.09444396830022], [129.40467116445157, 36.09669666951807], [129.40744686138942, 36.096652501899065], [129.40744686138945, 36.096652501899065], [129.41022255228174, 36.09660827003111], [129.4101680148104, 36.09435557606963], [129.4101680148104, 36.09435557606963], [129.41022255228174, 36.09660827003112], [129.41299823711975, 36.09656397391468], [129.41299823711975, 36.09656397391468], [129.41305285978316, 36.09881666331982], [129.4158286176951, 36.098772299313765], [129.4158286176951, 36.09877229931376], [129.41860436953448, 36.098727871054834], [129.41854958859764, 36.096475188938065], [129.41854958859764, 36.096475188938065], [129.41849481374146, 36.09422250590063], [129.41849481374146, 36.09422250590063], [129.41844004496522, 36.091969821942584], [129.41566453050865, 36.092014239261644], [129.41566453050865, 36.092014239261644], [129.41844004496522, 36.091969821942584], [129.41844004496522, 36.09196982194258], [129.42121555334256, 36.091925340386894], [129.42121555334256, 36.091925340386894], [129.42121555334256, 36.091925340386894], [129.4212704012369, 36.09417802069326], [129.42404598264363, 36.09413347124445], [129.42404598264363, 36.09413347124445], [129.42682155795282, 36.09408885755464], [129.42687657018766, 36.096341529620595], [129.42965221851543, 36.096296848022554], [129.42959712715574, 36.0940441796243], [129.42959712715574, 36.0940441796243], [129.42954204191113, 36.0917915103046], [129.42676655182427, 36.09183618456745], [129.42682155795285, 36.09408885755463], [129.42682155795282, 36.09408885755463], [129.42676655182427, 36.09183618456745], [129.4239910556318, 36.09188079459503], [129.4239910556318, 36.091880794595035], [129.4239910556318, 36.091880794595035], [129.42393613471685, 36.0896281170246], [129.42393613471685, 36.0896281170246], [129.423881219898, 36.08737543853319], [129.42110587581732, 36.08741997701175], [129.42116071153626, 36.0896726591597], [129.42116071153626, 36.0896726591597], [129.42116071153626, 36.0896726591597], [129.4183852822683, 36.089717137063914], [129.4183852822683, 36.089717137063914], [129.41560984692177, 36.08976155073677], [129.41566453050865, 36.09201423926164], [129.41288900998157, 36.09205859234364], [129.41294362051946, 36.09431128358926], [129.41294362051946, 36.09431128358926], [129.41294362051946, 36.09431128358926], [129.41288900998157, 36.09205859234364], [129.41288900998157, 36.09205859234364], [129.4128344055054, 36.08980590017782], [129.4128344055054, 36.08980590017782], [129.4127798070903, 36.08755320709186], [129.41000443871553, 36.087597488665196], [129.41000443871553, 36.08759748866519], [129.4072290642892, 36.08764170601112], [129.4072835044983, 36.08989440636277], [129.4072835044983, 36.089894406362774], [129.40450804492514, 36.08993856310577], [129.40456241206496, 36.09219126616278], [129.40456241206493, 36.09219126616278], [129.4045080449251, 36.08993856310577], [129.40173257931718, 36.08998265561518], [129.40178686734356, 36.09223536229206], [129.40178686734356, 36.09223536229206], [129.40173257931718, 36.089982655615174], [129.39895710768332, 36.09002668389055], [129.39895710768332, 36.09002668389055], [129.39618163003223, 36.09007064793146], [129.3962357598296, 36.092323361832285], [129.3962357598296, 36.092323361832285], [129.3962357598296, 36.09232336183229], [129.3934601970546, 36.09236726524236], [129.3934601970546, 36.092367265242345], [129.39068462827927, 36.092411104411774], [129.3906846282793, 36.09241110441179], [129.3879090535124, 36.09245487934016], [129.3879090535124, 36.09245487934016], [129.38513347276276, 36.09249859002702], [129.385187292068, 36.09475131739428], [129.385187292068, 36.09475131739428], [129.385187292068, 36.09475131739428], [129.38241162621733, 36.094794967422374], [129.38241162621733, 36.094794967422374], [129.37963595440078, 36.09483855320281], [129.3796896214085, 36.097091286813374], [129.3824653723615, 36.097047697454826], [129.38251912447225, 36.09930042656925], [129.38529494860322, 36.09925676937419], [129.38524111734793, 36.09700404384335], [129.388016856359, 36.096960325979374], [129.38796295194396, 36.09470760311897], [129.387962951944, 36.09470760311897], [129.388016856359, 36.096960325979374], [129.39079258938594, 36.09691654386337], [129.39079258938594, 36.09691654386337], [129.39356831642, 36.096872697495755], [129.39356831642, 36.096872697495755], [129.39356831642, 36.096872697495755], [129.39356831642, 36.096872697495755], [129.39079258938597, 36.09691654386337], [129.39079258938597, 36.09691654386338], [129.388016856359, 36.09696032597939], [129.388016856359, 36.09696032597939], [129.38524111734793, 36.097004043843356], [129.38529494860325, 36.09925676937419], [129.38807076675818, 36.09921304792138], [129.38807076675818, 36.09921304792138], [129.39084657892832, 36.09916926221125], [129.39084657892832, 36.09916926221124], [129.39362238510486, 36.09912541224423], [129.39362238510486, 36.09912541224423], [129.39362238510486, 36.09912541224423], [129.39362238510486, 36.099125412244234], [129.39084657892832, 36.09916926221125], [129.39090057446427, 36.10142197964045], [129.39090057446424, 36.10142197964045], [129.39095457599447, 36.10367469615096], [129.39373054048235, 36.103630838984564], [129.39373054048235, 36.103630838984564], [129.39378462717633, 36.10588355097635], [129.39378462717633, 36.10588355097636], [129.39383871987474, 36.1081362620492], [129.3938387198747, 36.10813626204921], [129.39378462717633, 36.10588355097636], [129.39378462717633, 36.10588355097636], [129.39373054048235, 36.103630838984564], [129.39095457599447, 36.10367469615096], [129.3910085835196, 36.10592741174276], [129.39100858351958, 36.10592741174276], [129.39100858351958, 36.10592741174276], [129.3882325338672, 36.10597120823647], [129.385456478228, 36.10601494045706], [129.3855103333915, 36.10826766231469], [129.3855103333915, 36.10826766231469], [129.3855103333915, 36.10826766231469], [129.3855103333915, 36.10826766231469], [129.385456478228, 36.10601494045706], [129.38268041661073, 36.10605860840406], [129.38268041661073, 36.10605860840406], [129.3799043490242, 36.106102212077055], [129.3799043490242, 36.106102212077055], [129.37712827547713, 36.1061457514756], [129.37712827547713, 36.1061457514756], [129.3743521959784, 36.106189226599255], [129.3743521959784, 36.106189226599255], [129.37712827547713, 36.1061457514756], [129.37707466380635, 36.103893017962896], [129.37707466380635, 36.103893017962896], [129.37707466380635, 36.103893017962896], [129.3798506581812, 36.10384948213798], [129.3798506581812, 36.10384948213798], [129.3826266465962, 36.1038058820439], [129.38257288255025, 36.101553154765625], [129.38257288255028, 36.101553154765625], [129.38534878583454, 36.10150949398678], [129.38534878583454, 36.10150949398678], [129.38257288255028, 36.101553154765625], [129.3826266465962, 36.1038058820439], [129.3854026290426, 36.10376221768108], [129.3854026290426, 36.10376221768107], [129.3881786055116, 36.10371848904995], [129.38812468314214, 36.101465768944905], [129.38812468314214, 36.101465768944905], [129.38807076675818, 36.09921304792138], [129.38529494860322, 36.09925676937419], [129.38529494860322, 36.09925676937419], [129.38251912447225, 36.09930042656926], [129.379743294374, 36.099344019506105], [129.37979697329803, 36.101596751280994], [129.37979697329803, 36.101596751280994], [129.37979697329803, 36.101596751280994], [129.37702105808665, 36.10164028353246], [129.37702105808665, 36.10164028353246], [129.3742451369249, 36.10168375151957], [129.37146920982156, 36.10172715524189], [129.37146920982156, 36.10172715524188], [129.37146920982156, 36.10172715524188], [129.37141576836356, 36.09947441276311], [129.36863991448408, 36.099517748662784], [129.36863991448408, 36.099517748662784], [129.36586405468123, 36.099561020302076], [129.36586405468123, 36.099561020302076], [129.36308818896376, 36.09960422768054], [129.36308818896376, 36.09960422768054], [129.36308818896376, 36.09960422768054], [129.36303499088365, 36.09735147362862], [129.3602591984103, 36.09739461320441], [129.3602591984103, 36.09739461320441], [129.35748340004056, 36.09743768852377], [129.35748340004056, 36.09743768852376], [129.35470759578325, 36.097480699586264], [129.35470759578325, 36.09748069958628], [129.3519317856471, 36.09752364639149], [129.35198466712356, 36.09977641457742], [129.3547605564116, 36.09973346424661], [129.3547605564116, 36.099733464246604], [129.35753643982017, 36.09969044965324], [129.35753643982017, 36.099690449653245], [129.35753643982017, 36.099690449653245], [129.35758948548806, 36.10194320986644], [129.36036544216773, 36.10190012747459], [129.3603123173405, 36.099647370797726], [129.3603123173405, 36.099647370797726]], [[129.42976241958272, 36.100802182054586], [129.42976241958272, 36.100802182054586], [129.42976241958272, 36.10080218205458], [129.42976241958272, 36.10080218205458], [129.42970731599087, 36.098549515499336], [129.42970731599087, 36.098549515499336], [129.42976241958272, 36.100802182054586]], [[129.3938387198747, 36.10813626204921], [129.39106259704036, 36.10818012641581], [129.39106259704036, 36.10818012641581], [129.39106259704036, 36.10818012641581], [129.3938387198747, 36.10813626204921], [129.3938387198747, 36.10813626204921]], [[129.36896017716595, 36.1130342111232], [129.36896017716595, 36.1130342111232], [129.36896017716595, 36.1130342111232], [129.36896017716595, 36.11303421112319], [129.3717365061172, 36.112990853875964], [129.3717365061172, 36.112990853875964], [129.3717365061172, 36.112990853875964], [129.3717365061172, 36.11299085387597], [129.36896017716595, 36.1130342111232]], [[129.3716830349884, 36.1107381159839], [129.37162956979512, 36.10848537717443], [129.37162956979512, 36.10848537717443], [129.3716830349884, 36.1107381159839], [129.3716830349884, 36.1107381159839]], [[129.37157611053667, 36.10623263744759], [129.3715761105367, 36.10623263744759], [129.37162956979512, 36.108485377174425], [129.37162956979512, 36.108485377174425], [129.37157611053667, 36.10623263744759]], [[129.3688000191608, 36.10627598402014], [129.3688000191608, 36.10627598402013], [129.37157611053667, 36.10623263744757], [129.37157611053667, 36.106232637447576], [129.3688000191608, 36.10627598402014]], [[129.36874664501073, 36.10402323981811], [129.36874664501073, 36.10402323981811], [129.36874664501073, 36.10402323981811], [129.36597062688438, 36.10406651856192], [129.36602392185955, 36.10631926631648], [129.36602392185952, 36.10631926631648], [129.36597062688438, 36.10406651856192], [129.36597062688438, 36.10406651856192], [129.36597062688438, 36.10406651856192], [129.36874664501073, 36.10402323981811], [129.36869327678536, 36.10177049469899], [129.36869327678536, 36.10177049469899], [129.36874664501073, 36.10402323981811]], [[129.36324781864167, 36.106362484336216], [129.36330104034906, 36.10861523472131], [129.36330104034906, 36.10861523472131], [129.36324781864167, 36.106362484336216], [129.36324781864167, 36.106362484336216]], [[129.3688533992362, 36.108528727305], [129.3688533992362, 36.108528727305], [129.3688000191608, 36.10627598402014], [129.3688000191608, 36.10627598402014], [129.36885339923623, 36.108528727305], [129.3688533992362, 36.108528727305], [129.3688533992362, 36.108528727305]], [[129.4050519879991, 36.112465552291276], [129.4050519879991, 36.11246555229127], [129.40782823909504, 36.11242135928777], [129.40782823909504, 36.11242135928778], [129.4050519879991, 36.112465552291276], [129.4050519879991, 36.112465552291276], [129.4050519879991, 36.112465552291276]], [[129.40227573086156, 36.112509681008476], [129.40227573086156, 36.112509681008476], [129.4022213885709, 36.110256982607076], [129.40499756651593, 36.11021285751156], [129.40499756651593, 36.11021285751157], [129.4022213885709, 36.11025698260708], [129.40227573086156, 36.112509681008476]], [[129.4077737384201, 36.110168668135024], [129.40771924379484, 36.10791597606227], [129.40771924379484, 36.10791597606227], [129.40766475521855, 36.105663283069504], [129.40766475521855, 36.105663283069504], [129.40761027269053, 36.103410589156766], [129.40761027269053, 36.103410589156766], [129.40755579621015, 36.1011578943241], [129.40755579621015, 36.1011578943241], [129.40755579621015, 36.10115789432412], [129.40755579621015, 36.10115789432412], [129.40761027269056, 36.103410589156766], [129.40761027269056, 36.103410589156766], [129.40766475521855, 36.105663283069504], [129.41044076271723, 36.10561903667628], [129.41044076271723, 36.10561903667628], [129.41044076271723, 36.10561903667628], [129.41049533046709, 36.10787172603721], [129.41049533046709, 36.10787172603721], [129.41044076271723, 36.10561903667628], [129.40766475521855, 36.105663283069504], [129.40771924379487, 36.10791597606227], [129.40771924379484, 36.10791597606227], [129.40777373842013, 36.110168668135024], [129.41054990427463, 36.11012441447793], [129.41054990427463, 36.11012441447793], [129.41054990427463, 36.11012441447793], [129.41054990427463, 36.110124414477944], [129.40777373842013, 36.11016866813504], [129.40777373842013, 36.110168668135024], [129.40499756651593, 36.11021285751156], [129.40499756651593, 36.110212857511556], [129.4077737384201, 36.110168668135024]], [[129.4047255496997, 36.09894936981628], [129.40477994098526, 36.10120206919479], [129.40477994098526, 36.10120206919479], [129.4047255496997, 36.09894936981628], [129.4047255496997, 36.09894936981628]], [[129.3824653723615, 36.097047697454826], [129.3824653723615, 36.097047697454826], [129.38524111734793, 36.09700404384335], [129.38524111734793, 36.09700404384335], [129.3824653723615, 36.097047697454826]], [[129.3745128291323, 36.112947432337144], [129.37445927880358, 36.11069469800878], [129.37445927880358, 36.11069469800878], [129.3745128291323, 36.112947432337144], [129.3745128291323, 36.112947432337144], [129.3745128291323, 36.112947432337144]], [[129.37718189309965, 36.10839848407058], [129.37723551667452, 36.11065121574777], [129.38001174859235, 36.11060766920134], [129.38001174859235, 36.11060766920135], [129.37723551667452, 36.11065121574778], [129.37718189309965, 36.10839848407058], [129.37440573441918, 36.108441962762804], [129.37445927880358, 36.11069469800878], [129.37445927880358, 36.11069469800878], [129.37440573441918, 36.108441962762804], [129.37440573441918, 36.108441962762804], [129.37440573441918, 36.108441962762804], [129.37718189309965, 36.10839848407058]], [[129.37723551667452, 36.11065121574779], [129.37723551667452, 36.11065121574779], [129.3772891462025, 36.112903946507174], [129.3772891462025, 36.112903946507174], [129.37723551667452, 36.11065121574779]], [[129.3913327546022, 36.1194436859987], [129.3885562297483, 36.11948750406503], [129.3885562297483, 36.11948750406503], [129.3913327546022, 36.1194436859987], [129.3913327546022, 36.1194436859987]], [[129.39922821242988, 36.10129022615595], [129.39922821242988, 36.10129022615597], [129.40200407972225, 36.10124617980558], [129.40205839788865, 36.10349888188526], [129.39928245143824, 36.10354293185126], [129.39928245143824, 36.10354293185126], [129.3992824514382, 36.10354293185126], [129.39922821242985, 36.10129022615597], [129.39645233911688, 36.10133420824553], [129.39645233911688, 36.10133420824553], [129.39645233911688, 36.10133420824553], [129.39645233911688, 36.101334208245525], [129.39922821242988, 36.10129022615595]], [[129.39351425373678, 36.09461998182844], [129.39351425373678, 36.09461998182844], [129.3907386058365, 36.094663824596864], [129.3907386058365, 36.094663824596864], [129.39351425373678, 36.09461998182844]], [[129.3991197524742, 36.09678481200746], [129.3991197524742, 36.09678481200747], [129.39911975247423, 36.09678481200747], [129.3991739794421, 36.09903751954135], [129.40194976758522, 36.09899347680636], [129.40200407972225, 36.10124617980557], [129.40200407972225, 36.10124617980557], [129.40194976758522, 36.09899347680637], [129.3991739794421, 36.099037519541355], [129.3991739794421, 36.09903751954135], [129.39639818527903, 36.09908149802079], [129.39639818527903, 36.09908149802079], [129.39639818527903, 36.09908149802079], [129.39634403745234, 36.09682878687697], [129.39634403745234, 36.09682878687697], [129.39628989563607, 36.09457607481413], [129.39628989563607, 36.09457607481413], [129.39628989563607, 36.09457607481413], [129.39628989563607, 36.09457607481413], [129.39634403745234, 36.09682878687696], [129.3991197524742, 36.09678481200746]], [[129.39933669646788, 36.105795636627256], [129.39933669646788, 36.105795636627256], [129.3965606648287, 36.10583962593771], [129.39661483670403, 36.10809233340508], [129.39661483670403, 36.10809233340508], [129.3965606648287, 36.10583962593771], [129.3965606648287, 36.10583962593771], [129.39650649896654, 36.10358691755118], [129.39650649896654, 36.10358691755118], [129.3965606648287, 36.10583962593771], [129.39933669646788, 36.105795636627256]], [[129.4021127220851, 36.10575158304544], [129.4021127220851, 36.105751583045446], [129.39933669646788, 36.10579563662727], [129.39933669646788, 36.105795636627256], [129.4021127220851, 36.10575158304544]], [[129.40733795075093, 36.092147105794666], [129.40733795075093, 36.092147105794666], [129.4101134833927, 36.09210288118813], [129.4101680148104, 36.09435557606963], [129.4101680148104, 36.09435557606963], [129.4101134833927, 36.09210288118813], [129.40733795075093, 36.092147105794666]], [[129.40739240304774, 36.09439980430677], [129.40739240304774, 36.09439980430677], [129.40733795075093, 36.092147105794666], [129.40733795075093, 36.092147105794666], [129.40739240304774, 36.09439980430677]], [[129.4102770958074, 36.09886096307256], [129.40750132577668, 36.09890519857153], [129.40750132577668, 36.09890519857152], [129.40750132577668, 36.09890519857152], [129.4102770958074, 36.09886096307256], [129.4102770958074, 36.09886096307256]], [[129.41327141108152, 36.107827411737304], [129.41332606407076, 36.11008009654071], [129.41332606407073, 36.11008009654071], [129.41327141108152, 36.107827411737304], [129.41327141108152, 36.107827411737304]], [[129.41338072312718, 36.11233278042371], [129.41338072312718, 36.11233278042371], [129.41615695604577, 36.112288394564025], [129.4161022177996, 36.110035714323836], [129.41610221779962, 36.110035714323836], [129.41615695604577, 36.112288394564025], [129.4133807231272, 36.11233278042371], [129.41338072312718, 36.11233278042371], [129.41338072312718, 36.11233278042371]], [[129.4106044841407, 36.11237710199844], [129.41065907006583, 36.11462978859866], [129.41065907006583, 36.11462978859866], [129.4106044841407, 36.11237710199844], [129.4106044841407, 36.11237710199844]], [[129.42437567278625, 36.10764951179805], [129.4244306424951, 36.10990218199953], [129.4272067718673, 36.109857542668415], [129.4272067718673, 36.10985754266842], [129.4272067718673, 36.10985754266842], [129.4272067718673, 36.10985754266842], [129.4244306424951, 36.10990218199954], [129.4244306424951, 36.10990218199954], [129.42165450702058, 36.10994675705279], [129.42170940364412, 36.11219942999161], [129.42170940364412, 36.11219942999161], [129.42165450702058, 36.109946757052775], [129.4215996164906, 36.107694083192904], [129.4215996164906, 36.107694083192904], [129.42165450702058, 36.109946757052775], [129.4244306424951, 36.10990218199953], [129.42437567278625, 36.10764951179805], [129.42437567278625, 36.10764951179805], [129.42432070917906, 36.10539684067534], [129.42432070917906, 36.10539684067534], [129.42432070917906, 36.10539684067534], [129.42437567278625, 36.10764951179805], [129.42437567278625, 36.10764951179805]], [[129.4298175292917, 36.1030548476883], [129.4298175292917, 36.1030548476883], [129.4298726451185, 36.10530751240043], [129.4298726451185, 36.10530751240043], [129.4298175292917, 36.1030548476883], [129.4270416435368, 36.10309954029067], [129.4270416435368, 36.103099540290664], [129.4298175292917, 36.1030548476883]], [[129.43542455658394, 36.10521792705975], [129.43820050311692, 36.105173037990895], [129.43820050311692, 36.105173037990895], [129.43542455658394, 36.10521792705975], [129.43542455658394, 36.10521792705975]], [[129.42176430636192, 36.114452102009345], [129.42454060022052, 36.11440751963871], [129.42454060022052, 36.11440751963871], [129.42454060022052, 36.11440751963871], [129.42454060022052, 36.11440751963871], [129.42176430636192, 36.11445210200936], [129.42176430636192, 36.114452102009345]]], [[[129.34915596964092, 36.09756652893896], [129.34920877196478, 36.09981930064524], [129.35198466712353, 36.09977641457742], [129.3519317856471, 36.09752364639149], [129.34915596964092, 36.09756652893896]]], [[[129.35224916257968, 36.111040241768585], [129.35230207929035, 36.113293004458896], [129.35507844367424, 36.11325003297032], [129.35502544775898, 36.1109972738068], [129.35224916257968, 36.111040241768585]]], [[[129.35502544775898, 36.1109972738068], [129.35507844367424, 36.11325003297032], [129.35785480217467, 36.11320699718756], [129.3578017270555, 36.110954241556094], [129.35502544775898, 36.1109972738068]]], [[[129.35246086467316, 36.12005128703347], [129.35251380488657, 36.122304046059405], [129.3497371177191, 36.122346967341386], [129.34978998456072, 36.124599728973685], [129.35256675097733, 36.124556804169195], [129.35256675097733, 36.1245568041692], [129.355343511516, 36.12451381504371], [129.355343511516, 36.12451381504371], [129.35256675097736, 36.1245568041692], [129.35256675097733, 36.1245568041692], [129.34978998456072, 36.12459972897369], [129.34978998456072, 36.12459972897369], [129.34701321227482, 36.12464258945674], [129.34706600572702, 36.12689535369047], [129.3498428572715, 36.126852489689995], [129.3498428572715, 36.126852489689995], [129.35261970294613, 36.126809561362805], [129.35261970294613, 36.126809561362805], [129.35539654274208, 36.126766568709336], [129.35539654274208, 36.126766568709336], [129.35817337665057, 36.126723511730034], [129.35817337665057, 36.126723511730034], [129.35817337665057, 36.126723511730034], [129.35817337665057, 36.12672351173004], [129.35539654274208, 36.12676656870934], [129.35544957985567, 36.12901932145855], [129.35822649302958, 36.12897626094579], [129.35822649302958, 36.12897626094579], [129.36100340030657, 36.12893313610234], [129.36095020466277, 36.12668039042533], [129.36095020466277, 36.12668039042533], [129.36089701492406, 36.12442764383149], [129.36089701492406, 36.12442764383149], [129.3608438310897, 36.122174896320864], [129.35806716158066, 36.12221801054872], [129.35806716158066, 36.12221801054872], [129.3608438310897, 36.122174896320864], [129.3607906531591, 36.119922147893476], [129.35801406288846, 36.11996525858319], [129.35801406288846, 36.11996525858319], [129.35523746672354, 36.12000830496333], [129.35523746672354, 36.12000830496333], [129.35801406288846, 36.11996525858319], [129.3607906531591, 36.119922147893476], [129.3607906531591, 36.11992214789347], [129.3635672375267, 36.11987897289458], [129.36351398627016, 36.11762622709367], [129.36351398627016, 36.11762622709367], [129.3635672375267, 36.119878972894575], [129.36634381598245, 36.11983573358699], [129.36629048549767, 36.117582991334544], [129.36629048549767, 36.117582991334544], [129.3662371609328, 36.11533024816501], [129.3634607409248, 36.115373480375844], [129.36351398627016, 36.11762622709367], [129.3607374811315, 36.11766939854933], [129.3607374811315, 36.11766939854934], [129.3579609700905, 36.117712505701135], [129.35518445315586, 36.11775554854864], [129.35518445315586, 36.11775554854864], [129.35240793033643, 36.117798527091374], [129.35240793033643, 36.11779852709136], [129.34963140164098, 36.117841441328935], [129.3496842567461, 36.12009420479313], [129.35246086467316, 36.12005128703346], [129.35246086467316, 36.12005128703347], [129.35246086467316, 36.12005128703347]], [[129.35529048617667, 36.12226106046171], [129.35529048617667, 36.12226106046171], [129.35523746672354, 36.12000830496333], [129.35523746672354, 36.12000830496333], [129.35529048617667, 36.12226106046171]], [[129.35812026616782, 36.12447076159767], [129.35806716158066, 36.12221801054872], [129.35806716158066, 36.12221801054872], [129.35812026616782, 36.12447076159767], [129.35812026616782, 36.12447076159767]]], [[[129.3657042407343, 36.09280276603593], [129.36575750613645, 36.09505551837478], [129.36853320765093, 36.09501225383921], [129.36847986311776, 36.09275950505192], [129.3657042407343, 36.09280276603593]]], [[[129.3601529782384, 36.092889095268504], [129.36020608537652, 36.09514185469464], [129.36298179870872, 36.09509871866007], [129.36292861243825, 36.092845962774945], [129.3601529782384, 36.092889095268504]]], [[[129.36298179870872, 36.09509871866008], [129.36303499088368, 36.09735147362861], [129.36303499088365, 36.09735147362861], [129.36308818896376, 36.09960422768053], [129.36586405468123, 36.09956102030207], [129.36581077745188, 36.09730826979684], [129.36581077745188, 36.09730826979684], [129.36581077745188, 36.097308269796834], [129.36858655810616, 36.0972650017095], [129.36863991448408, 36.09951774866277], [129.37141576836356, 36.099474412763094], [129.37141576836356, 36.099474412763094], [129.3741916163109, 36.099431012603475], [129.3741381016378, 36.09717827276993], [129.37136233283772, 36.09722166936705], [129.37130890324335, 36.0949689250538], [129.36853320765093, 36.095012253839215], [129.36853320765093, 36.095012253839215], [129.36575750613645, 36.095055518374785], [129.36575750613645, 36.09505551837479], [129.36298179870872, 36.09509871866008]]], [[[129.3801191720079, 36.11511312265362], [129.38289555636848, 36.115069504662955], [129.38284176247274, 36.11281678197556], [129.38006545731886, 36.1128603963865], [129.3801191720079, 36.11511312265362]]], [[[129.3774500705115, 36.11966213327822], [129.3774500705115, 36.11966213327822], [129.38022661927627, 36.119618572433616], [129.38017289266017, 36.11736584800266], [129.37739642312027, 36.11740940527243], [129.37739642312027, 36.11740940527243], [129.3746199476253, 36.11745289824093], [129.3746735157909, 36.119705629816295], [129.3774500705115, 36.11966213327822]]], [[[129.38321844517807, 36.12858582150262], [129.38321844517807, 36.12858582150261], [129.38599529898713, 36.12854211770268], [129.38594138999068, 36.12628940411157], [129.38316461544034, 36.12633310432529], [129.38316461544034, 36.12633310432529], [129.38038783491464, 36.12637674021756], [129.38033409040287, 36.12412401854108], [129.37755738316184, 36.12416758653599], [129.37761104842235, 36.1264203117879], [129.38038783491464, 36.12637674021756], [129.38044158539302, 36.12862946097581], [129.38321844517807, 36.12858582150262]]], [[[129.38871815855688, 36.12624563957681], [129.38871815855688, 36.12624563957681], [129.3886641762953, 36.12399292865834], [129.38588748697836, 36.12403668960182], [129.38594138999068, 36.12628940411157], [129.38594138999068, 36.12628940411157], [129.38599529898715, 36.128542117702686], [129.38877214681136, 36.12849834957646], [129.38871815855688, 36.12624563957681]]], [[[129.3888261410595, 36.13075105865726], [129.38877214681136, 36.12849834957646], [129.38599529898713, 36.128542117702686], [129.38599529898713, 36.128542117702686], [129.38321844517807, 36.12858582150262], [129.38327228089187, 36.1308385377615], [129.38604921396845, 36.130794830375166], [129.38604921396845, 36.130794830375166], [129.3888261410595, 36.13075105865726]]], [[[129.39585697740102, 36.076554345229894], [129.39591107115808, 36.0788070646439], [129.39868615336653, 36.07876311864657], [129.39863198054726, 36.07651040284069], [129.39585697740102, 36.076554345229894]]], [[[129.4014069776804, 36.076466396248634], [129.40146122956122, 36.078719108441135], [129.40423629973333, 36.078675034028], [129.40418196879168, 36.076422325454146], [129.4014069776804, 36.076466396248634]]], [[[129.393190003635, 36.081103668530915], [129.39596517092016, 36.08105978313912], [129.39596517092016, 36.08105978313911], [129.3987403321996, 36.08101583353348], [129.3987403321996, 36.08101583353348], [129.4015154874646, 36.08097181971445], [129.40146122956122, 36.078719108441135], [129.40146122956122, 36.078719108441135], [129.4014069776804, 36.076466396248634], [129.39863198054726, 36.07651040284069], [129.39868615336653, 36.07876311864657], [129.39591107115808, 36.0788070646439], [129.39591107115808, 36.078807064643904], [129.39313598294459, 36.07885094643266], [129.393190003635, 36.081103668530915]]], [[[129.4015154874646, 36.08097181971445], [129.40429063670632, 36.080927741682466], [129.40429063670632, 36.080927741682466], [129.40706577991605, 36.08088359943799], [129.40706577991605, 36.08088359943799], [129.409840917085, 36.08083939298144], [129.40978642197481, 36.07858669258048], [129.40701136387415, 36.078630895407635], [129.40701136387412, 36.078630895407635], [129.40423629973333, 36.078675034028], [129.40423629973333, 36.078675034028], [129.40146122956122, 36.078719108441135], [129.4015154874646, 36.08097181971445]]], [[[129.3989029047883, 36.08777397267992], [129.39895710768332, 36.09002668389055], [129.40173257931718, 36.089982655615174], [129.4016782973168, 36.08772994801892], [129.3989029047883, 36.08777397267992]]], [[[129.39966229313063, 36.11931184597558], [129.40243879393304, 36.11926777069463], [129.40249316035897, 36.12152046541721], [129.40526973435416, 36.1214763222112], [129.40521528870065, 36.11922363111111], [129.40521528870067, 36.11922363111111], [129.40516084909078, 36.116970939091075], [129.40238443354198, 36.11701507505228], [129.40243879393307, 36.11926777069463], [129.40243879393304, 36.11926777069463], [129.40238443354198, 36.11701507505228], [129.39960801195903, 36.11705914671621], [129.39966229313063, 36.11931184597558]]], [[[129.3997708735526, 36.12381724173567], [129.40254753282036, 36.12377315922004], [129.40249316035897, 36.12152046541722], [129.39971658032823, 36.12156454431541], [129.3997708735526, 36.12381724173567]]], [[[129.40254753282036, 36.12377315922004], [129.40532418605196, 36.12372901239132], [129.40526973435416, 36.12147632221121], [129.40249316035897, 36.12152046541723], [129.40254753282036, 36.12377315922004]]], [[[129.391548988642, 36.128454517124375], [129.39160306215626, 36.13070722260822], [129.39437997724994, 36.130663322228486], [129.3943258244702, 36.12841062034686], [129.391548988642, 36.128454517124375]]], [[[129.38877214681136, 36.12849834957646], [129.3888261410595, 36.13075105865727], [129.39160306215626, 36.13070722260823], [129.391548988642, 36.12845451712438], [129.38877214681136, 36.12849834957646]]], [[[129.40984091708503, 36.08083939298144], [129.40989541824473, 36.083092092462564], [129.4126706284405, 36.08304781815956], [129.41261604820443, 36.08079512231327], [129.40984091708503, 36.08083939298144]]], [[[129.4127798070903, 36.08755320709185], [129.4127798070903, 36.08755320709185], [129.4127798070903, 36.08755320709185], [129.4128344055054, 36.08980590017782], [129.41560984692177, 36.08976155073676], [129.4183852822683, 36.08971713706391], [129.42116071153626, 36.0896726591597], [129.42110587581732, 36.08741997701175], [129.42110587581732, 36.08741997701175], [129.42105104618503, 36.08516729394305], [129.41827577510952, 36.08521176454491], [129.41827577510952, 36.085211764544894], [129.41827577510955, 36.085211764544894], [129.4182210306463, 36.08295907690463], [129.41822103064627, 36.08295907690463], [129.41816629225957, 36.08070638834389], [129.41539117326553, 36.080750787433935], [129.41539117326553, 36.080750787433935], [129.41261604820443, 36.08079512231327], [129.4126706284405, 36.08304781815956], [129.4126706284405, 36.08304781815956], [129.4127252147356, 36.085300513085734], [129.41272521473556, 36.085300513085734], [129.41272521473556, 36.085300513085734], [129.4099499254547, 36.08534479102382], [129.40989541824473, 36.083092092462564], [129.40989541824473, 36.083092092462564], [129.409840917085, 36.08083939298144], [129.40706577991605, 36.08088359943799], [129.40712020199874, 36.083136302548695], [129.40712020199874, 36.0831363025487], [129.4071746301229, 36.08538900473975], [129.4071746301229, 36.08538900473975], [129.4072290642892, 36.08764170601111], [129.41000443871553, 36.08759748866519], [129.41000443871553, 36.08759748866519], [129.4127798070903, 36.08755320709185]], [[129.41550049795677, 36.08525617092595], [129.41550049795677, 36.08525617092595], [129.4155551694047, 36.087508861291525], [129.41833052564996, 36.08746445126468], [129.41833052564996, 36.08746445126468], [129.41833052564994, 36.08746445126468], [129.41555516940468, 36.087508861291525], [129.41555516940468, 36.087508861291525], [129.41550049795677, 36.08525617092595]]], [[[129.41871394965287, 36.10323323252628], [129.41865915655265, 36.100980552250924], [129.41588332556813, 36.10102498415688], [129.4159380395144, 36.103277668079464], [129.4159380395144, 36.103277668079464], [129.41599275953462, 36.105530351081505], [129.4187687488358, 36.105485911880876], [129.41871394965287, 36.10323323252628], [129.41871394965287, 36.10323323252628]]], [[[129.41626645076883, 36.11679375228239], [129.4163212072471, 36.119046429760495], [129.4190976717088, 36.11900196867091], [129.41904283601517, 36.11674929484148], [129.41626645076883, 36.11679375228239]]], [[[129.4107136620508, 36.11688247427861], [129.41076826009623, 36.11913515903823], [129.41354473670665, 36.11909082654974], [129.41354473670665, 36.11909082654974], [129.4163212072471, 36.119046429760495], [129.41626645076883, 36.11679375228239], [129.41349005944443, 36.116838145428254], [129.41349005944443, 36.116838145428254], [129.4107136620508, 36.11688247427861]]], [[[129.4163212072471, 36.119046429760495], [129.41637596980414, 36.121299106317814], [129.41915251349, 36.12125464157937], [129.4190976717088, 36.11900196867091], [129.4163212072471, 36.119046429760495]]], [[[129.40526973435416, 36.12147632221121], [129.40532418605196, 36.12372901239132], [129.40810083323856, 36.12368480124993], [129.40804630230505, 36.12143211469781], [129.40526973435416, 36.12147632221121]]], [[[129.42965221851543, 36.09629684802256], [129.42970731599087, 36.09854951549933], [129.43248303733577, 36.09850476598275], [129.43248303733577, 36.09850476598276], [129.4352587525555, 36.098459952216004], [129.43520349681492, 36.09620729209085], [129.43242786072744, 36.09625210217915], [129.43242786072744, 36.09625210217915], [129.42965221851543, 36.09629684802256]]], [[[129.43520349681492, 36.09620729209084], [129.4352587525555, 36.098459952216], [129.43803446164125, 36.098415074199515], [129.43797912676914, 36.09616241775807], [129.43520349681492, 36.09620729209084]]], [[[129.4352587525555, 36.098459952216], [129.43531401443008, 36.10071261141922], [129.43808980265612, 36.100667729718815], [129.43803446164125, 36.098415074199515], [129.4352587525555, 36.098459952216]]], [[[129.44092101104542, 36.10287543467161], [129.44086558473873, 36.100622783763875], [129.44086558473873, 36.100622783763875], [129.44081016458424, 36.09837013193376], [129.43803446164125, 36.09841507419952], [129.43808980265612, 36.100667729718815], [129.43808980265612, 36.100667729718815], [129.43814514981446, 36.10292038431596], [129.44092101104542, 36.10287543467161]]], [[[129.4328142256396, 36.11202072944713], [129.4328142256396, 36.11202072944713], [129.43286944513898, 36.11427338679803], [129.43564571453004, 36.11422854727637], [129.43559041583697, 36.11197589360536], [129.43559041583697, 36.11197589360536], [129.43564571453004, 36.11422854727636], [129.43842197778227, 36.1141836434681], [129.43842197778227, 36.11418364346811], [129.44119823488683, 36.11413867537365], [129.44114277780852, 36.11188602907824], [129.43836659989623, 36.111930993482254], [129.43836659989623, 36.11193099348224], [129.43836659989623, 36.11193099348224], [129.43831122815712, 36.10967834257408], [129.43553512328205, 36.10972323901223], [129.43559041583697, 36.11197589360536], [129.43559041583697, 36.11197589360536], [129.43553512328205, 36.10972323901223], [129.43275901226957, 36.1097680711743], [129.43275901226957, 36.1097680711743], [129.42998289512838, 36.10981283905986], [129.4300380293128, 36.11206550100707], [129.4300380293128, 36.11206550100708], [129.43009316961783, 36.114318162032596], [129.43286944513898, 36.11427338679802], [129.4328142256396, 36.11202072944713]]]]}}, {"type": "Feature", "properties": {"rank": 2, "method": "BFS+Zoning", "n_grids": 312, "avg_micro": 83.18315187817797, "cluster_score": 154.8812457864138, "buildable_ha": 735.0, "final_score": 111.4501052461337, "avg_bcr": 0.3769230769230769, "center_lat": 36.18268219629632, "center_lon": 129.34822378169005}, "geometry": {"type": "MultiPolygon", "coordinates": [[[[129.32851682576143, 36.16549086861002], [129.32856916887744, 36.16774364085327], [129.33134748950795, 36.16770116446931], [129.33134748950795, 36.16770116446931], [129.33412580431826, 36.16765862366063], [129.33412580431826, 36.16765862366063], [129.33134748950795, 36.16770116446931], [129.33134748950795, 36.16770116446931], [129.32856916887744, 36.16774364085327], [129.32862151780486, 36.16999641218151], [129.33139991786584, 36.169953932313334], [129.33139991786584, 36.169953932313334], [129.33145235204458, 36.17220669924213], [129.33145235204458, 36.17220669924213], [129.33150479204488, 36.1744594652557], [129.33428334517097, 36.1744169139779], [129.33428334517097, 36.1744169139779], [129.3370618924661, 36.174374298260005], [129.3370618924661, 36.174374298260005], [129.33984043392138, 36.174331618102364], [129.33978775558083, 36.172078862574345], [129.33700929357164, 36.17212153923151], [129.33700929357164, 36.17212153923151], [129.3342308257233, 36.172164151454254], [129.3342308257233, 36.172164151454254], [129.3342308257233, 36.172164151454254], [129.3342308257233, 36.172164151454254], [129.33700929357164, 36.17212153923151], [129.33695670051634, 36.16986877928739], [129.33695670051634, 36.16986877928739], [129.33700929357164, 36.17212153923151], [129.33978775558083, 36.172078862574345], [129.33984043392138, 36.174331618102364], [129.33984043392138, 36.174331618102364], [129.33984043392138, 36.17433161810238], [129.3370618924661, 36.174374298260005], [129.33711449720036, 36.17662705637281], [129.33989311811055, 36.17658437271454], [129.339945808149, 36.17883712641078], [129.34272450267295, 36.178794374801804], [129.34272450267295, 36.178794374801804], [129.34550319133814, 36.17875155874341], [129.34545034237425, 36.176498812064715], [129.34267173317147, 36.17654162461167], [129.34267173317147, 36.17654162461167], [129.33989311811055, 36.17658437271452], [129.33989311811055, 36.176584372714515], [129.34267173317147, 36.176541624611666], [129.34267173317147, 36.17654162461167], [129.34545034237425, 36.176498812064715], [129.34545034237425, 36.176498812064715], [129.34545034237425, 36.176498812064715], [129.34550319133814, 36.17875155874341], [129.34828187413578, 36.17870867823604], [129.34822894571016, 36.17645593507404], [129.34822894571016, 36.17645593507404], [129.34817602316025, 36.17420319099555], [129.34539749927728, 36.1742460644697], [129.34539749927728, 36.1742460644697], [129.34539749927728, 36.1742460644697], [129.34534466204653, 36.171993315958446], [129.34256621174208, 36.172036121483174], [129.34256621174208, 36.172036121483174], [129.34256621174208, 36.172036121483174], [129.3425134598129, 36.16978336854486], [129.3425134598129, 36.16978336854486], [129.3424607137398, 36.16753061469053], [129.339682416443, 36.16757334877081], [129.339682416443, 36.167573348770794], [129.339682416443, 36.167573348770794], [129.33962975564435, 36.16532059049535], [129.33962975564435, 36.16532059049535], [129.339682416443, 36.167573348770794], [129.3424607137398, 36.16753061469053], [129.34240797352217, 36.16527785992021], [129.34240797352217, 36.16527785992021], [129.3424607137398, 36.16753061469053], [129.3424607137398, 36.16753061469053], [129.3425134598129, 36.169783368544856], [129.34529183068142, 36.16974056653095], [129.34523900518118, 36.16748781618724], [129.3480172907583, 36.16744495326139], [129.3480172907583, 36.16744495326139], [129.35079557046234, 36.1674020259134], [129.3507425919917, 36.16514928169021], [129.3507425919917, 36.16514928169021], [129.3507425919917, 36.16514928169021], [129.3535207863975, 36.16510629344678], [129.3535207863975, 36.16510629344678], [129.35629897491333, 36.16506324078735], [129.35624584350947, 36.16281050270506], [129.3562458435095, 36.16281050270506], [129.35619271800377, 36.16055776370586], [129.35619271800377, 36.16055776370586], [129.35619271800377, 36.16055776370586], [129.3562458435095, 36.162810502705064], [129.3562458435095, 36.162810502705064], [129.35629897491336, 36.16506324078735], [129.35629897491333, 36.16506324078735], [129.3535207863975, 36.16510629344678], [129.3535738442845, 36.16735903414369], [129.356352112216, 36.167315977952725], [129.35913037424802, 36.16727285734091], [129.35907715753035, 36.16502012371237], [129.35907715753035, 36.16502012371237], [129.35907715753035, 36.16502012371236], [129.36185533423972, 36.164976942222275], [129.36185533423972, 36.164976942222275], [129.36463350503269, 36.16493369631748], [129.36463350503269, 36.16493369631748], [129.3674116699004, 36.16489038599845], [129.36735822087576, 36.16263766209434], [129.3673047777845, 36.16038493727254], [129.3673047777845, 36.16038493727254], [129.36735822087576, 36.16263766209434], [129.37013630040593, 36.162594290919245], [129.37008277791998, 36.160341569654996], [129.37008277791998, 36.160341569654996], [129.37013630040593, 36.16259429091925], [129.37013630040593, 36.16259429091925], [129.37018982883407, 36.16484701126559], [129.3729679818249, 36.16480357211937], [129.3729679818249, 36.16480357211937], [129.37574612886408, 36.16476006856021], [129.37569244163092, 36.16250735534518], [129.37291437399392, 36.16255085533604], [129.37291437399392, 36.16255085533604], [129.37291437399392, 36.162550855336036], [129.37569244163092, 36.16250735534518], [129.37563876035753, 36.160254641211864], [129.37563876035753, 36.160254641211864], [129.3755850850433, 36.158001926160274], [129.3728071761842, 36.15804541901512], [129.3728071761842, 36.15804541901512], [129.3728071761842, 36.15804541901511], [129.3728071761842, 36.15804541901511], [129.3755850850433, 36.158001926160274], [129.3755850850433, 36.15800192616027], [129.37836298794392, 36.15795836890876], [129.37830923921302, 36.15570565651189], [129.37553141568745, 36.15574921019041], [129.37553141568745, 36.155749210190415], [129.37275358620414, 36.15579269947756], [129.37275358620414, 36.15579269947756], [129.36997575077186, 36.155836124372875], [129.3700292613755, 36.158088847472854], [129.3700292613755, 36.158088847472854], [129.3700292613755, 36.158088847472854], [129.36725134062598, 36.15813221153305], [129.3673047777845, 36.16038493727254], [129.3673047777845, 36.16038493727254], [129.36725134062596, 36.15813221153305], [129.36725134062596, 36.15813221153305], [129.36725134062596, 36.15813221153305], [129.3700292613755, 36.158088847472854], [129.36997575077186, 36.15583612437287], [129.37275358620414, 36.155792699477544], [129.37270000217302, 36.15353997902199], [129.36992224610836, 36.15358340035508], [129.36992224610836, 36.15358340035507], [129.36714448410424, 36.153626757301176], [129.36714448410424, 36.153626757301176], [129.36436671616943, 36.153670049859876], [129.36442006209563, 36.15592278098628], [129.3671979093994, 36.155879484875925], [129.3671979093994, 36.155879484875925], [129.36997575077186, 36.15583612437287], [129.36997575077186, 36.15583612437287], [129.3671979093994, 36.155879484875925], [129.3671979093994, 36.155879484875925], [129.36442006209563, 36.15592278098629], [129.36442006209563, 36.15592278098628], [129.36164220886928, 36.1559660127035], [129.36164220886928, 36.15596601270351], [129.3588643497292, 36.15600918002717], [129.3588643497292, 36.15600918002717], [129.35608648468417, 36.15605228295682], [129.35608648468417, 36.156052282956814], [129.35330861374297, 36.15609532149204], [129.35336164807393, 36.158348065855726], [129.35613959839554, 36.15830502378975], [129.35613959839557, 36.158305023789765], [129.3589175428204, 36.15826191732408], [129.3589175428204, 36.15826191732408], [129.3616954813396, 36.158218746459106], [129.3616954813396, 36.1582187464591], [129.36447341394438, 36.15817551119529], [129.36447341394438, 36.15817551119529], [129.36447341394438, 36.15817551119529], [129.36452677171638, 36.16042824048683], [129.36452677171636, 36.16042824048683], [129.36447341394438, 36.1581755111953], [129.3616954813396, 36.158218746459106], [129.3616954813396, 36.158218746459106], [129.3589175428204, 36.15826191732409], [129.3589707418172, 36.160514653703935], [129.3589707418172, 36.160514653703935], [129.3589175428204, 36.15826191732408], [129.35613959839554, 36.158305023789765], [129.35613959839554, 36.158305023789765], [129.35336164807393, 36.158348065855726], [129.35341468829287, 36.16060080930277], [129.35341468829287, 36.16060080930277], [129.35341468829287, 36.16060080930278], [129.35341468829287, 36.16060080930278], [129.35336164807393, 36.158348065855726], [129.35058369186427, 36.15839104352155], [129.35058369186427, 36.158391043521554], [129.34780572977544, 36.15843395678678], [129.34780572977544, 36.158433956786794], [129.34502776181617, 36.15847680565099], [129.34508056386338, 36.16072955965922], [129.34508056386338, 36.16072955965922], [129.34513337177285, 36.16298231275133], [129.34513337177282, 36.16298231275133], [129.34508056386338, 36.16072955965921], [129.3423025106506, 36.1607723476318], [129.3423025106506, 36.160772347631784], [129.33952445158437, 36.16081507119722], [129.3395771006917, 36.16306783130414], [129.3423552391593, 36.16302510423397], [129.3423552391593, 36.16302510423397], [129.3423552391593, 36.16302510423397], [129.34240797352217, 36.16527785992021], [129.34240797352217, 36.16527785992021], [129.3423552391593, 36.16302510423397], [129.3395771006917, 36.16306783130414], [129.33952445158437, 36.16081507119723], [129.33952445158437, 36.16081507119723], [129.33947180832166, 36.158562310174624], [129.33669382280402, 36.15860496583318], [129.33669382280402, 36.15860496583318], [129.3339158314512, 36.15864755708898], [129.33396831592674, 36.160900325104876], [129.33396831592674, 36.160900325104876], [129.33119023935296, 36.16094285544622], [129.3312426502522, 36.16319562603571], [129.3312426502522, 36.16319562603571], [129.3312426502522, 36.16319562603571], [129.3312426502522, 36.16319562603571], [129.33119023935296, 36.16094285544622], [129.32841215696095, 36.16098532137869], [129.32846448845612, 36.16323809545183], [129.32846448845615, 36.16323809545183], [129.32851682576143, 36.16549086861002], [129.33129506697028, 36.16544839571009], [129.33129506697028, 36.16544839571009], [129.32851682576143, 36.16549086861002]], [[129.34513337177282, 36.16298231275133], [129.34513337177282, 36.16298231275133], [129.3451861855452, 36.165235064927366], [129.3451861855452, 36.165235064927366], [129.34513337177282, 36.16298231275133]], [[129.33690411329954, 36.16761601842765], [129.33685153192056, 36.16536325665233], [129.3340733023596, 36.16540585839073], [129.3340733023596, 36.16540585839072], [129.33685153192056, 36.16536325665233], [129.33685153192056, 36.16536325665233], [129.33690411329954, 36.16761601842765], [129.33690411329954, 36.16761601842765], [129.33695670051634, 36.16986877928739], [129.33973508308827, 36.16982610613048], [129.33973508308827, 36.16982610613048], [129.33973508308827, 36.16982610613048], [129.33695670051634, 36.16986877928739], [129.33690411329954, 36.16761601842765], [129.33690411329954, 36.16761601842765]], [[129.33674638667347, 36.16085773035507], [129.33674638667347, 36.16085773035507], [129.33674638667347, 36.16085773035507], [129.33679895637877, 36.16311049396145], [129.33679895637874, 36.16311049396145], [129.33674638667347, 36.16085773035507]], [[129.3479114985234, 36.162939456856705], [129.34796439170464, 36.165192205517215], [129.34796439170464, 36.165192205517215], [129.3479114985234, 36.162939456856705], [129.3479114985234, 36.162939456856705]], [[129.34523900518118, 36.16748781618724], [129.34523900518118, 36.16748781618724], [129.3451861855452, 36.165235064927366], [129.3451861855452, 36.165235064927366], [129.34523900518118, 36.16748781618724]], [[129.36452677171636, 36.160428240486844], [129.36452677171636, 36.160428240486844], [129.36458013541224, 36.162680968860904], [129.36458013541224, 36.162680968860904], [129.36452677171636, 36.160428240486844]]], [[[129.32851682576143, 36.16549086861003], [129.3257385787418, 36.165533277090084], [129.3257908424355, 36.167786052812076], [129.32856916887744, 36.16774364085328], [129.32851682576143, 36.16549086861003]]], [[[129.32615685080106, 36.183555457249945], [129.32615685080106, 36.183555457249945], [129.32620916093398, 36.185808225652714], [129.32898812307153, 36.185765785856894], [129.3289357334458, 36.183513020934434], [129.3289357334458, 36.183513020934434], [129.32888334963613, 36.18126025509679], [129.32888334963613, 36.18126025509679], [129.32888334963613, 36.18126025509679], [129.3289357334458, 36.183513020934434], [129.3289357334458, 36.183513020934434], [129.32898812307153, 36.185765785856894], [129.32898812307153, 36.185765785856894], [129.32898812307153, 36.1857657858569], [129.32620916093398, 36.185808225652714], [129.32626147687475, 36.18806099314043], [129.32626147687475, 36.18806099314043], [129.32620916093398, 36.185808225652714], [129.32620916093398, 36.185808225652714], [129.32615685080106, 36.18355545724995], [129.32337796234913, 36.18359782910291], [129.32343019298858, 36.18585060098069], [129.32343019298858, 36.18585060098069], [129.32348242942706, 36.18810337194363], [129.32348242942706, 36.18810337194363], [129.32343019298858, 36.185850600980686], [129.32065121924413, 36.1858929118404], [129.3207033761797, 36.188145686273295], [129.31792431714143, 36.18818793612896], [129.3179764003555, 36.19044071311203], [129.32075553890616, 36.1903984597915], [129.3207033761797, 36.188145686273295], [129.3207033761797, 36.188145686273295], [129.32075553890616, 36.1903984597915], [129.32353467166527, 36.190356141991714], [129.32353467166527, 36.19035614199173], [129.32075553890616, 36.19039845979151], [129.3208077074241, 36.192651232394994], [129.3208077074241, 36.192651232394994], [129.32085988173432, 36.19490400408377], [129.3236391735434, 36.19486167934312], [129.3235869197038, 36.19260891112488], [129.3235869197038, 36.19260891112488], [129.3235869197038, 36.19260891112488], [129.3263661261825, 36.19256652537064], [129.3263661261825, 36.19256652537063], [129.3263661261825, 36.19256652537063], [129.3263661261825, 36.19256652537064], [129.3235869197038, 36.19260891112488], [129.32363917354343, 36.19486167934313], [129.32085988173432, 36.194904004083774], [129.3209120618374, 36.19715677485778], [129.32369143318465, 36.19711444664641], [129.32369143318465, 36.19711444664641], [129.3209120618374, 36.19715677485778], [129.32096424773394, 36.199409544716985], [129.3209642477339, 36.199409544716985], [129.32101643942465, 36.20166231366135], [129.3237959698748, 36.201619978507956], [129.323848246925, 36.20387274306618], [129.32662785113556, 36.20383033993091], [129.32657549452134, 36.201577578849296], [129.32657549452134, 36.201577578849296], [129.32662785113556, 36.20383033993091], [129.32662785113558, 36.20383033993091], [129.32668021356295, 36.206083100097246], [129.32945989153254, 36.20604062896981], [129.329407449533, 36.203787872285545], [129.33218704210844, 36.203745340130496], [129.33218704210844, 36.2037453401305], [129.329407449533, 36.20378787228555], [129.32945989153254, 36.20604062896981], [129.32668021356295, 36.206083100097246], [129.32673258180412, 36.208335859348296], [129.32673258180412, 36.208335859348296], [129.32668021356295, 36.20608310009725], [129.32390052977954, 36.20612550670931], [129.32395281843907, 36.20837826943733], [129.32395281843907, 36.20837826943733], [129.3240051129042, 36.21063103125021], [129.32678495585972, 36.210588617683996], [129.32673258180412, 36.208335859348296], [129.32951233935472, 36.208293384738575], [129.32951233935472, 36.208293384738575], [129.32673258180412, 36.208335859348296], [129.32678495585972, 36.210588617683996], [129.32956479300017, 36.2105461395918], [129.32956479300017, 36.210546139591806], [129.32956479300017, 36.210546139591806], [129.32961725246957, 36.21279889352947], [129.3323971633841, 36.212756347423785], [129.3323971633841, 36.21275634742379], [129.33517706846516, 36.212713736787705], [129.33512444980045, 36.210460989831226], [129.33512444980045, 36.210460989831226], [129.33507183697728, 36.2082082419588], [129.33507183697728, 36.2082082419588], [129.33507183697728, 36.2082082419588], [129.33785157703159, 36.20816557378961], [129.33779889047037, 36.20591282849937], [129.33501922999508, 36.20595549317044], [129.33501922999508, 36.20595549317044], [129.33779889047037, 36.20591282849937], [129.3377462097582, 36.20366008229306], [129.33496662885312, 36.20370274346619], [129.33496662885312, 36.203702743466195], [129.33218704210844, 36.2037453401305], [129.33218704210844, 36.2037453401305], [129.33496662885312, 36.20370274346619], [129.33496662885312, 36.20370274346618], [129.3377462097582, 36.203660082293055], [129.3376935348945, 36.20140733517066], [129.3376935348945, 36.20140733517066], [129.3377462097582, 36.203660082293055], [129.34052578481484, 36.20361735661152], [129.34047303039043, 36.20136461299216], [129.34047303039043, 36.20136461299216], [129.34052578481484, 36.20361735661152], [129.34330535401426, 36.20357456642203], [129.34608491734758, 36.20353171172501], [129.3460320038037, 36.20127897512755], [129.3459790961341, 36.19902623761346], [129.3459790961341, 36.19902623761346], [129.3460320038037, 36.20127897512755], [129.34881148170342, 36.201236059442316], [129.34881148170342, 36.201236059442316], [129.34881148170342, 36.201236059442316], [129.34886447480602, 36.20348879252089], [129.3516440263807, 36.20344580881013], [129.3516440263807, 36.20344580881012], [129.35442357206284, 36.20340276059311], [129.35442357206284, 36.20340276059312], [129.3572031118436, 36.203359647870315], [129.35714988006887, 36.20110692538006], [129.35714988006887, 36.20110692538006], [129.3570966542037, 36.19885420197241], [129.3570966542037, 36.19885420197241], [129.35714988006887, 36.20110692538006], [129.35714988006887, 36.20110692538006], [129.3572031118436, 36.203359647870315], [129.35998264571418, 36.20331647064216], [129.35992933438342, 36.20106375169192], [129.35992933438342, 36.20106375169192], [129.359876028971, 36.19881103182408], [129.359876028971, 36.19881103182408], [129.35982272947624, 36.19655831103864], [129.35704343424734, 36.19660147764735], [129.35704343424734, 36.19660147764734], [129.35704343424734, 36.19660147764734], [129.35704343424734, 36.19660147764734], [129.35982272947624, 36.19655831103863], [129.35976943589853, 36.19430558933563], [129.35699022019918, 36.19434875240491], [129.35699022019918, 36.19434875240491], [129.35421099859235, 36.194391850989994], [129.35426413311023, 36.19664457976655], [129.35426413311023, 36.19664457976654], [129.35431727352753, 36.198897307625934], [129.35709665420367, 36.1988542019724], [129.35709665420367, 36.1988542019724], [129.35431727352753, 36.198897307625934], [129.35431727352753, 36.19889730762593], [129.35426413311023, 36.19664457976655], [129.35148482607377, 36.19668761739581], [129.35153788695132, 36.19894034878424], [129.35153788695132, 36.198940348784255], [129.35159095372006, 36.20119307925569], [129.3515909537201, 36.20119307925569], [129.3515909537201, 36.201193079255695], [129.35159095372006, 36.201193079255695], [129.3515378869513, 36.198940348784255], [129.34875849448392, 36.1989833254469], [129.34875849448392, 36.198983325446896], [129.3515378869513, 36.198940348784255], [129.35148482607377, 36.1966876173958], [129.34870551314677, 36.196730590534685], [129.34870551314677, 36.1967305905347], [129.34592619433803, 36.196773499182775], [129.34592619433803, 36.196773499182775], [129.3431468696564, 36.19681634333962], [129.3431996919107, 36.19906908528349], [129.3431996919107, 36.19906908528349], [129.3431468696564, 36.19681634333962], [129.34309405326616, 36.194563600479356], [129.34031480225406, 36.1946063766368], [129.34036753911067, 36.19685912300477], [129.3404202818226, 36.19911186845656], [129.3404202818226, 36.19911186845656], [129.3404202818226, 36.19911186845656], [129.34036753911067, 36.19685912300477], [129.34036753911067, 36.19685912300477], [129.34031480225403, 36.1946063766368], [129.34031480225403, 36.1946063766368], [129.34031480225403, 36.1946063766368], [129.34309405326616, 36.194563600479356], [129.34304124273933, 36.19231085670276], [129.34026207125197, 36.19235362935268], [129.34026207125197, 36.192353629352695], [129.33748289391067, 36.19239633752108], [129.33748289391067, 36.192396337521075], [129.33748289391067, 36.19239633752107], [129.34026207125197, 36.19235362935268], [129.34026207125197, 36.19235362935268], [129.34304124273933, 36.192310856702754], [129.34298843807528, 36.19005811200986], [129.34298843807528, 36.19005811200986], [129.3429356392733, 36.1878053664007], [129.3429356392733, 36.1878053664007], [129.3429356392733, 36.187805366400696], [129.3429356392733, 36.187805366400696], [129.34298843807528, 36.190058112009865], [129.34298843807528, 36.190058112009865], [129.34304124273936, 36.19231085670276], [129.34304124273936, 36.19231085670276], [129.34309405326616, 36.194563600479356], [129.3458732984149, 36.19452075983551], [129.3458732984149, 36.19452075983552], [129.34309405326616, 36.194563600479356], [129.3431468696564, 36.19681634333962], [129.34592619433803, 36.196773499182775], [129.34592619433803, 36.19677349918277], [129.34870551314677, 36.196730590534685], [129.34870551314677, 36.196730590534685], [129.35148482607377, 36.1966876173958], [129.3514317710868, 36.1944348850904], [129.3514317710868, 36.1944348850904], [129.35137872198968, 36.19218215186807], [129.348599568117, 36.192225117960014], [129.348599568117, 36.192225117960014], [129.348599568117, 36.192225117960014], [129.35137872198968, 36.19218215186806], [129.35132567878176, 36.18992941772882], [129.34854660442306, 36.189972380297604], [129.34849364660883, 36.18771964171853], [129.34849364660883, 36.187719641718516], [129.34844069467363, 36.18546690222281], [129.345661773438, 36.18550979328145], [129.34571464587617, 36.187762536294656], [129.34571464587617, 36.18776253629467], [129.34576752418462, 36.19001527839143], [129.34576752418462, 36.19001527839143], [129.34571464587617, 36.18776253629466], [129.34571464587617, 36.18776253629466], [129.34566177343797, 36.18550979328144], [129.34288284633274, 36.18555261987526], [129.34288284633274, 36.18555261987526], [129.34010391336676, 36.18559538200383], [129.34010391336676, 36.18559538200384], [129.33732497454884, 36.1856380796667], [129.3373776084921, 36.1878908332007], [129.3373776084921, 36.1878908332007], [129.33732497454884, 36.1856380796667], [129.33732497454884, 36.1856380796667], [129.33732497454884, 36.185638079666695], [129.34010391336676, 36.18559538200382], [129.34010391336676, 36.185595382003825], [129.34288284633274, 36.18555261987526], [129.34288284633274, 36.18555261987526], [129.345661773438, 36.18550979328144], [129.34560890686936, 36.1832570493518], [129.34283005925295, 36.183299872433615], [129.34283005925295, 36.183299872433615], [129.34283005925295, 36.183299872433615], [129.34277727803322, 36.181047124075796], [129.34555604616963, 36.18100430450579], [129.34550319133814, 36.17875155874342], [129.34272450267295, 36.178794374801804], [129.34272450267295, 36.178794374801804], [129.339945808149, 36.178837126410784], [129.33989311811055, 36.17658437271454], [129.33711449720033, 36.17662705637281], [129.33711449720033, 36.17662705637281], [129.33433587044968, 36.176669675586105], [129.33433587044968, 36.176669675586105], [129.33433587044968, 36.176669675586105], [129.33711449720033, 36.17662705637281], [129.3370618924661, 36.174374298260005], [129.33428334517097, 36.174416913977915], [129.33428334517097, 36.174416913977915], [129.33150479204488, 36.1744594652557], [129.33155723786734, 36.17671223035397], [129.33155723786734, 36.17671223035397], [129.33160968951267, 36.178964994536926], [129.33160968951267, 36.178964994536926], [129.33155723786734, 36.17671223035397], [129.32877859946214, 36.176754720675994], [129.32883097164176, 36.17900748834396], [129.3288309716418, 36.17900748834396], [129.3288309716418, 36.17900748834397], [129.3260522479562, 36.179049917699444], [129.32610454647536, 36.18130268793218], [129.32610454647536, 36.18130268793218], [129.32615685080106, 36.183555457249945]], [[129.3376935348945, 36.20140733517066], [129.3376935348945, 36.20140733517066], [129.34047303039043, 36.20136461299216], [129.34047303039043, 36.20136461299216], [129.3376935348945, 36.20140733517066]], [[129.34854660442303, 36.189972380297604], [129.34854660442303, 36.189972380297604], [129.34576752418462, 36.19001527839143], [129.34582040836398, 36.19226801957172], [129.3458732984149, 36.19452075983551], [129.3458732984149, 36.19452075983551], [129.34582040836398, 36.19226801957172], [129.34582040836398, 36.19226801957172], [129.34576752418462, 36.19001527839143], [129.34854660442303, 36.189972380297604]], [[129.33438840156006, 36.178922436278775], [129.33438840156006, 36.17892243627878], [129.33160968951267, 36.17896499453694], [129.33160968951267, 36.178964994536926], [129.33438840156006, 36.178922436278775]], [[129.33454602988775, 36.185680712863444], [129.33449348127843, 36.18342795491749], [129.33449348127843, 36.18342795491749], [129.33454602988775, 36.18568071286346], [129.33454602988775, 36.18568071286346], [129.33459858433142, 36.187933469893814], [129.33737760849206, 36.1878908332007], [129.33737760849206, 36.187890833200704], [129.3345985843314, 36.187933469893814], [129.3345985843314, 36.18793346989383], [129.33181955433574, 36.187976042115096], [129.33181955433574, 36.18797604211509], [129.3345985843314, 36.187933469893814], [129.33454602988775, 36.185680712863466], [129.3317670793924, 36.185723281593674], [129.3317670793924, 36.18572328159366], [129.3317670793924, 36.18572328159366], [129.3317670793924, 36.18572328159366], [129.33454602988775, 36.185680712863444]], [[129.33727234644866, 36.18338532521689], [129.33727234644866, 36.18338532521689], [129.33727234644866, 36.18338532521689], [129.33727234644866, 36.18338532521689], [129.33727234644866, 36.18338532521689]], [[129.33444093850275, 36.18117519605592], [129.33721972419096, 36.18113256985129], [129.33721972419096, 36.18113256985129], [129.33444093850275, 36.18117519605592], [129.33444093850275, 36.18117519605592]], [[129.339945808149, 36.178837126410784], [129.339945808149, 36.17883712641079], [129.3371671077751, 36.17887981356992], [129.3371671077751, 36.17887981356992], [129.339945808149, 36.178837126410784]], [[129.33213452636815, 36.20149258601791], [129.33213452636818, 36.20149258601791], [129.3349140335508, 36.20144999284606], [129.3349140335508, 36.20144999284606], [129.33213452636815, 36.20149258601791], [129.33213452636815, 36.20149258601791], [129.33213452636815, 36.20149258601791]], [[129.32935501335538, 36.2015351146858], [129.32935501335538, 36.2015351146858], [129.3293025829991, 36.19928235617061], [129.33208201645797, 36.199239830989704], [129.33202951237726, 36.196987075045875], [129.33202951237726, 36.196987075045875], [129.33208201645797, 36.199239830989704], [129.3348614440874, 36.199197241310095], [129.3348614440874, 36.199197241310095], [129.3348614440874, 36.199197241310095], [129.3348614440874, 36.199197241310095], [129.33208201645797, 36.199239830989704], [129.33208201645797, 36.199239830989704], [129.3293025829991, 36.19928235617061], [129.32935501335538, 36.2015351146858], [129.32935501335538, 36.2015351146858], [129.32935501335538, 36.2015351146858]], [[129.3293025829991, 36.19928235617061], [129.3292501584634, 36.19702959674002], [129.32925015846342, 36.19702959674002], [129.3293025829991, 36.19928235617061], [129.3293025829991, 36.19928235617061]], [[129.3292501584634, 36.19702959674002], [129.32919773974774, 36.19477683639404], [129.3264184595508, 36.19481929011306], [129.3264184595508, 36.19481929011306], [129.3264184595508, 36.19481929011306], [129.32919773974774, 36.19477683639404], [129.32919773974774, 36.194776836394034], [129.33197701412533, 36.19473431818646], [129.33197701412533, 36.19473431818647], [129.3347562826748, 36.19469173549079], [129.3347562826748, 36.19469173549079], [129.33753554538728, 36.19464908830743], [129.33753554538728, 36.19464908830743], [129.33753554538728, 36.19464908830743], [129.33753554538728, 36.19464908830743], [129.3347562826748, 36.19469173549079], [129.3347562826748, 36.19469173549079], [129.33197701412533, 36.19473431818647], [129.33202951237726, 36.196987075045875], [129.33202951237726, 36.196987075045875], [129.33197701412533, 36.19473431818647], [129.32919773974774, 36.19477683639404], [129.3292501584634, 36.19702959674002], [129.3292501584634, 36.19702959674002]], [[129.32904051851392, 36.1880185498641], [129.33181955433574, 36.18797604211509], [129.33181955433574, 36.18797604211509], [129.32904051851392, 36.1880185498641], [129.32904051851392, 36.1880185498641]], [[129.32631379862406, 36.19031375971308], [129.32631379862406, 36.19031375971308], [129.32631379862406, 36.190313759713085], [129.3235346716653, 36.190356141991714], [129.3235346716653, 36.190356141991714], [129.32631379862406, 36.190313759713085], [129.32626147687475, 36.18806099314044], [129.32626147687475, 36.18806099314044], [129.32631379862406, 36.19031375971308]], [[129.32914532685135, 36.19252407513271], [129.32914532685135, 36.19252407513271], [129.32909291977364, 36.190271312956064], [129.32909291977364, 36.190271312956064], [129.32909291977364, 36.190271312956064], [129.32914532685135, 36.1925240751327], [129.32914532685135, 36.19252407513271]], [[129.32652314371956, 36.19932481685243], [129.32652314371956, 36.19932481685244], [129.32374369862825, 36.19936721303469], [129.32374369862825, 36.199367213034684], [129.32652314371956, 36.19932481685243], [129.32652314371956, 36.19932481685243]], [[129.33229209108205, 36.208250845608596], [129.32951233935472, 36.20829338473858], [129.32951233935472, 36.208293384738575], [129.33229209108205, 36.208250845608596], [129.33229209108205, 36.208250845608596], [129.33229209108205, 36.208250845608596], [129.33234462431668, 36.21050359697407], [129.33234462431668, 36.21050359697407], [129.33229209108205, 36.208250845608596]], [[129.33470371072426, 36.192438981207495], [129.33465114461, 36.1901862260085], [129.33465114461, 36.1901862260085], [129.33470371072426, 36.192438981207495], [129.33470371072426, 36.192438981207495], [129.33470371072426, 36.192438981207495]], [[129.33999850403742, 36.181089879191106], [129.33999850403742, 36.1810898791911], [129.33999850403742, 36.1810898791911], [129.34005120577643, 36.183342631055446], [129.34005120577643, 36.183342631055446], [129.33999850403742, 36.181089879191106], [129.33999850403742, 36.181089879191106]], [[129.3431996919107, 36.1990690852835], [129.34325252002978, 36.201321826310966], [129.34325252002978, 36.201321826310966], [129.3431996919107, 36.1990690852835], [129.3431996919107, 36.1990690852835]]], [[[129.32610454647536, 36.18130268793218], [129.32610454647536, 36.18130268793218], [129.3260522479562, 36.179049917699444], [129.32327351846473, 36.17909228260291], [129.32332573750804, 36.1813450563103], [129.32332573750804, 36.1813450563103], [129.32337796234913, 36.1835978291029], [129.32615685080106, 36.183555457249945], [129.32610454647536, 36.18130268793218]]], [[[129.32662785113556, 36.20383033993091], [129.32384824692502, 36.20387274306618], [129.32390052977954, 36.206125506709306], [129.32668021356295, 36.206083100097246], [129.32662785113556, 36.20383033993091]]], [[[129.34335819386482, 36.20582730561664], [129.34335819386482, 36.20582730561664], [129.34613783676633, 36.20578444740583], [129.34619076206067, 36.208037182169946], [129.34897047866298, 36.20799425592748], [129.3489174737923, 36.205741524682644], [129.3489174737923, 36.205741524682644], [129.34886447480602, 36.2034887925209], [129.34886447480602, 36.2034887925209], [129.34881148170342, 36.201236059442316], [129.3460320038037, 36.20127897512755], [129.3460849173476, 36.20353171172501], [129.3460849173476, 36.20353171172501], [129.34613783676633, 36.205784447405826], [129.34613783676633, 36.205784447405826], [129.34608491734758, 36.20353171172501], [129.34330535401426, 36.203574566422034], [129.34330535401426, 36.203574566422034], [129.34052578481487, 36.203617356611524], [129.34057854509655, 36.20587009931463], [129.34335819386482, 36.20582730561664]]], [[[129.33774620975822, 36.20366008229306], [129.33779889047037, 36.20591282849937], [129.34057854509655, 36.20587009931463], [129.34052578481487, 36.203617356611524], [129.33774620975822, 36.20366008229306]]], [[[129.34523900518118, 36.16748781618725], [129.34529183068142, 36.16974056653095], [129.348070195685, 36.16969770008919], [129.3480172907583, 36.167444953261395], [129.34523900518118, 36.16748781618725]]], [[[129.34534466204656, 36.171993315958446], [129.34539749927728, 36.1742460644697], [129.34817602316028, 36.17420319099555], [129.34812310648545, 36.17195044600059], [129.34534466204656, 36.171993315958446]]], [[[129.35100754317034, 36.176412993640106], [129.34822894571016, 36.17645593507404], [129.34828187413578, 36.17870867823604], [129.34828187413578, 36.17870867823604], [129.34833480843778, 36.18096142048152], [129.35111356482886, 36.180918472003434], [129.35106055105697, 36.17866573328013], [129.351060551057, 36.17866573328013], [129.35100754317034, 36.176412993640106]]], [[[129.3541047472519, 36.18988639068551], [129.35132567878176, 36.18992941772882], [129.35137872198968, 36.19218215186806], [129.3541578699731, 36.19213912129629], [129.3541047472519, 36.18988639068551]]], [[[129.3541578699731, 36.1921391212963], [129.35137872198968, 36.19218215186807], [129.3514317710868, 36.1944348850904], [129.35421099859235, 36.194391850989994], [129.3541578699731, 36.1921391212963]]], [[[129.35421099859235, 36.194391850989994], [129.3514317710868, 36.1944348850904], [129.35148482607377, 36.19668761739581], [129.35426413311023, 36.19664457976655], [129.35421099859235, 36.194391850989994]]], [[[129.3544767301822, 36.20565548570085], [129.3544767301822, 36.20565548570085], [129.3572563495285, 36.205612369443124], [129.3572563495285, 36.205612369443124], [129.36003596296396, 36.205569188674744], [129.35998264571418, 36.203316470642164], [129.3572031118436, 36.20335964787033], [129.3572031118436, 36.203359647870315], [129.35442357206284, 36.20340276059312], [129.35442357206284, 36.20340276059312], [129.3516440263807, 36.20344580881014], [129.3516440263807, 36.20344580881014], [129.34886447480602, 36.2034887925209], [129.3489174737923, 36.205741524682644], [129.35169710493386, 36.2056985374475], [129.35169710493386, 36.2056985374475], [129.3544767301822, 36.20565548570085]]], [[[129.3674116699004, 36.16489038599845], [129.36463350503269, 36.16493369631749], [129.36463350503269, 36.16493369631749], [129.36185533423972, 36.16497694222228], [129.36185533423972, 36.164976942222275], [129.35907715753035, 36.16502012371237], [129.35913037424802, 36.16727285734091], [129.35913037424802, 36.16727285734091], [129.35918359687398, 36.169525590052274], [129.36196193242083, 36.16948240147776], [129.36190863037174, 36.1672296723087], [129.36190863037174, 36.1672296723087], [129.36190863037174, 36.167229672308714], [129.36468688057838, 36.167186422856524], [129.36468688057838, 36.167186422856524], [129.36746512485908, 36.16714310898482], [129.36751858575246, 36.169395831053414], [129.37029690351957, 36.16935244920446], [129.37029690351957, 36.16935244920447], [129.36751858575246, 36.16939583105342], [129.3675720525812, 36.171648552204196], [129.3675720525812, 36.171648552204196], [129.3675720525812, 36.17164855220421], [129.3647936494481, 36.17169187318185], [129.36484704277353, 36.173944596968106], [129.36762552534606, 36.173901272437185], [129.36762552534606, 36.173901272437185], [129.37040400198185, 36.17385788347133], [129.37318247267214, 36.17381443007098], [129.37312884103048, 36.17156171696039], [129.37312884103048, 36.17156171696039], [129.37318247267214, 36.17381443007098], [129.37318247267214, 36.17381443007098], [129.37323611026815, 36.17606714226333], [129.37601465445024, 36.17602362085961], [129.37601465445024, 36.17602362085962], [129.37601465445024, 36.17602362085962], [129.37601465445024, 36.176023620859624], [129.37323611026815, 36.17606714226334], [129.37328975381917, 36.178319853537396], [129.3760683774563, 36.17827632856417], [129.3760683774563, 36.178276328564166], [129.37884699512892, 36.17823273914675], [129.37879319266855, 36.175980035017], [129.37879319266855, 36.175980035017], [129.37879319266855, 36.175980035017], [129.38157172491418, 36.175936384735934], [129.3815178489816, 36.17368368326736], [129.3787393961808, 36.173727329968564], [129.3787393961808, 36.173727329968564], [129.3787393961808, 36.173727329968564], [129.3787393961808, 36.17372732996856], [129.3815178489816, 36.17368368326736], [129.38146397902977, 36.17143098087994], [129.38146397902977, 36.17143098087994], [129.38141011505806, 36.16917827757369], [129.37863182112056, 36.16922191711575], [129.37863182112056, 36.16922191711575], [129.3785780425467, 36.16696920931143], [129.37579982205767, 36.16701278085688], [129.37574612886408, 36.16476006856021], [129.3729679818249, 36.16480357211937], [129.3729679818249, 36.16480357211937], [129.37018982883407, 36.16484701126559], [129.37024336320505, 36.167099730694005], [129.37024336320505, 36.167099730694005], [129.37018982883407, 36.16484701126559], [129.37018982883407, 36.16484701126559], [129.37013630040593, 36.162594290919245], [129.36735822087576, 36.162637662094355], [129.3674116699004, 36.16489038599845], [129.3674116699004, 36.16489038599845], [129.3674116699004, 36.16489038599845]], [[129.37302159560755, 36.16705628798456], [129.3730752153425, 36.16930900293157], [129.3730752153425, 36.16930900293157], [129.37302159560755, 36.16705628798456], [129.37302159560755, 36.16705628798456]], [[129.37585352121243, 36.169265492235205], [129.37585352121243, 36.169265492235205], [129.37585352121243, 36.169265492235205], [129.375907226329, 36.171518202695104], [129.375907226329, 36.171518202695104], [129.37585352121243, 36.169265492235205]]], [[[129.36265539782065, 36.1987677971814], [129.36260201878818, 36.19651507994086], [129.35982272947624, 36.196558311038636], [129.359876028971, 36.19881103182408], [129.359876028971, 36.19881103182408], [129.35992933438342, 36.20106375169192], [129.3627087827796, 36.20102051350414], [129.36276217366577, 36.20327322890907], [129.36554169568947, 36.20322992267149], [129.36554169568947, 36.20322992267149], [129.36554169568947, 36.20322992267149], [129.36559517206697, 36.20548263360779], [129.36559517206697, 36.20548263360779], [129.3656486543818, 36.207735343626], [129.36842832960338, 36.207691965772035], [129.36837476771686, 36.2054392593101], [129.36837476771686, 36.2054392593101], [129.3683212117765, 36.20318655192988], [129.3683212117765, 36.20318655192988], [129.36837476771686, 36.2054392593101], [129.37115435742058, 36.20539582050351], [129.37115435742058, 36.20539582050352], [129.37115435742058, 36.20539582050352], [129.36837476771686, 36.205439259310104], [129.36842832960338, 36.207691965772035], [129.3712079988781, 36.2076485234039], [129.3712079988781, 36.2076485234039], [129.37398766219718, 36.207605016522], [129.37393394116935, 36.20535231718847], [129.37393394116935, 36.20535231718847], [129.3738802261053, 36.20309961693624], [129.37110072191808, 36.20314311668465], [129.37110072191808, 36.20314311668464], [129.37110072191808, 36.20314311668464], [129.37104709236985, 36.20089041194733], [129.37104709236985, 36.20089041194733], [129.37099346877525, 36.1986377062916], [129.36821411773158, 36.19868113441472], [129.36821411773158, 36.1986811344147], [129.36821411773158, 36.1986811344147], [129.36816057962568, 36.19642842427984], [129.36538130217426, 36.196471784354436], [129.36538130217426, 36.196471784354436], [129.36260201878818, 36.19651507994086], [129.36265539782065, 36.1987677971814], [129.36265539782065, 36.1987677971814]], [[129.36543476074377, 36.19872449804479], [129.36543476074377, 36.19872449804479], [129.36543476074377, 36.1987244980448], [129.36265539782065, 36.198767797181404], [129.3627087827796, 36.20102051350414], [129.3627087827796, 36.20102051350414], [129.36265539782065, 36.1987677971814], [129.36543476074377, 36.19872449804479]], [[129.36826766178163, 36.200933843631404], [129.36548822524864, 36.20097721081716], [129.36548822524864, 36.20097721081715], [129.36826766178163, 36.20093384363139], [129.36826766178163, 36.200933843631404]]], [[[129.36559517206695, 36.20548263360779], [129.36554169568947, 36.20322992267149], [129.36276217366574, 36.20327322890907], [129.3627087827796, 36.20102051350414], [129.35992933438342, 36.201063751691926], [129.35998264571418, 36.203316470642164], [129.35998264571418, 36.203316470642164], [129.36003596296396, 36.205569188674744], [129.3628155704797, 36.205525943396154], [129.3628155704797, 36.20552594339615], [129.36559517206695, 36.20548263360779]]], [[[129.36559517206695, 36.205482633607794], [129.3628155704797, 36.205525943396154], [129.36286897322222, 36.207778656965345], [129.36564865438177, 36.207735343626], [129.36559517206695, 36.205482633607794]]], [[[129.37547775228938, 36.15349649330234], [129.37270000217302, 36.15353997902197], [129.37275358620414, 36.155792699477544], [129.37553141568745, 36.15574921019041], [129.37547775228938, 36.15349649330234]]], [[[129.38391877583473, 36.15787106121752], [129.3838648683557, 36.15561835598246], [129.3838648683557, 36.15561835598246], [129.38381096686078, 36.15336564982859], [129.38103323464208, 36.153409328705216], [129.38108705677203, 36.15566203844243], [129.38108705677206, 36.15566203844243], [129.38114088487737, 36.15791474726103], [129.38391877583473, 36.15787106121752]]], [[[129.38108705677203, 36.15566203844243], [129.37830923921302, 36.15570565651189], [129.37836298794394, 36.15795836890876], [129.38114088487737, 36.15791474726103], [129.38108705677203, 36.15566203844243]]], [[[129.38114088487737, 36.15791474726104], [129.3811947189587, 36.160167455160995], [129.38397268929862, 36.16012376553373], [129.38391877583473, 36.15787106121753], [129.38114088487737, 36.15791474726104]]], [[[129.36762552534609, 36.17390127243719], [129.36767900404763, 36.176153991752315], [129.370457560131, 36.17611059922771], [129.37040400198188, 36.173857883471335], [129.36762552534609, 36.17390127243719]]], [[[129.38435025117838, 36.17589267001683], [129.38157172491418, 36.175936384735934], [129.38157172491418, 36.175936384735934], [129.37879319266855, 36.175980035017005], [129.37884699512892, 36.17823273914676], [129.38162560682824, 36.17818908528561], [129.38162560682824, 36.1781890852856], [129.3844042125454, 36.17814536698115], [129.38435025117838, 36.17589267001683]]], [[[129.38451215325298, 36.18265075815237], [129.3844581799034, 36.18039806302634], [129.3844581799034, 36.18039806302634], [129.3844042125454, 36.17814536698115], [129.38162560682824, 36.17818908528561], [129.3816794947244, 36.180441784916354], [129.3816794947244, 36.180441784916354], [129.38173338860344, 36.18269448362813], [129.38451215325298, 36.18265075815237]]], [[[129.37339705878898, 36.1828252733305], [129.3733434033259, 36.180572563893136], [129.3733434033259, 36.18057256389312], [129.37328975381917, 36.178319853537396], [129.3705111242263, 36.17836331406601], [129.37056469426852, 36.18061602798617], [129.37056469426852, 36.180616027986176], [129.37061827025832, 36.182868740988184], [129.37339705878898, 36.1828252733305]]], [[[129.37606837745628, 36.17827632856417], [129.37328975381917, 36.178319853537396], [129.3733434033259, 36.180572563893136], [129.37612210642686, 36.18052903535019], [129.37606837745628, 36.17827632856417]]], [[[129.3844581799034, 36.18039806302634], [129.38451215325298, 36.18265075815237], [129.38729091191027, 36.18260696822317], [129.38723685909073, 36.180354276688185], [129.3844581799034, 36.18039806302634]]], [[[129.37104709236985, 36.20089041194733], [129.37110072191808, 36.20314311668464], [129.3738802261053, 36.203099616936235], [129.37382651700443, 36.20084691576536], [129.37104709236985, 36.20089041194733]]]]}}, {"type": "Feature", "properties": {"rank": 3, "method": "BFS+Zoning", "n_grids": 41, "avg_micro": 78.06842873138659, "cluster_score": 121.8375278638502, "buildable_ha": 95.00000000000001, "final_score": 88.31950270033917, "avg_bcr": 0.3707317073170732, "center_lat": 36.07095975582932, "center_lon": 129.21830162906812}, "geometry": {"type": "MultiPolygon", "coordinates": [[[[129.20680227613903, 36.0636210919556], [129.20680227613903, 36.0636210919556], [129.20957711410873, 36.06358153910904], [129.20952836233366, 36.06132858270797], [129.2067536033999, 36.061368132306214], [129.2067536033999, 36.061368132306214], [129.20397883906307, 36.061407617714714], [129.2040274327656, 36.06366058060718], [129.20680227613903, 36.0636210919556]]], [[[129.21235194666596, 36.06354192206788], [129.21512677380193, 36.06350224083249], [129.21790159550787, 36.06346249540332], [129.21790159550787, 36.06346249540332], [129.21512677380193, 36.06350224083249], [129.21517568907706, 36.065755189815064], [129.2152246097828, 36.06800813789155], [129.2152246097828, 36.06800813789155], [129.21517568907706, 36.06575518981507], [129.2124007828976, 36.06579487430949], [129.21244962455108, 36.06804782564521], [129.21244962455108, 36.06804782564521], [129.21249847162707, 36.07030077607503], [129.2152735359198, 36.07026108506196], [129.2152735359198, 36.07026108506196], [129.21804859478073, 36.07022132983928], [129.2179995895833, 36.067968385933554], [129.2179995895833, 36.067968385933554], [129.21804859478073, 36.07022132983928], [129.220823648201, 36.07018151040738], [129.2207745639438, 36.06792856977162], [129.2207745639438, 36.06792856977162], [129.22082364820102, 36.07018151040739], [129.220823648201, 36.07018151040739], [129.2208727379076, 36.07243445013667], [129.22364786494646, 36.072394563220556], [129.22359869617188, 36.07014162676668], [129.22359869617188, 36.07014162676668], [129.22359869617188, 36.07014162676667], [129.22637373868457, 36.07010167891755], [129.2263244963096, 36.0678487448375], [129.2263244963096, 36.0678487448375], [129.22627525940095, 36.06559580985063], [129.2235003749966, 36.065635751138934], [129.2235003749966, 36.065635751138934], [129.22072548513535, 36.06567562822938], [129.22072548513535, 36.06567562822938], [129.2179505898259, 36.06571544112156], [129.21799958958331, 36.067968385933554], [129.2179995895833, 36.067968385933554], [129.2179505898259, 36.06571544112156], [129.22072548513532, 36.06567562822938], [129.22067641177503, 36.06342268578073], [129.22067641177503, 36.06342268578073], [129.22062734386233, 36.06116974242566], [129.2205782813965, 36.05891679816423], [129.2178036231876, 36.058956601248205], [129.2178036231876, 36.058956601248205], [129.2150289595411, 36.05899634014929], [129.21507786395682, 36.0612492909439], [129.21230311585558, 36.06128896892041], [129.21235194666596, 36.06354192206788]], [[129.22354953285546, 36.067888689406125], [129.2207745639438, 36.06792856977161], [129.2207745639438, 36.06792856977161], [129.22354953285546, 36.067888689406125], [129.22354953285546, 36.067888689406125]]], [[[129.20952836233366, 36.06132858270798], [129.20957711410873, 36.063581539109045], [129.20957711410873, 36.063581539109045], [129.20962587129625, 36.06583449460443], [129.2124007828976, 36.06579487430948], [129.21235194666596, 36.06354192206788], [129.21235194666596, 36.06354192206788], [129.21230311585558, 36.061288968920415], [129.20952836233366, 36.06132858270798]]], [[[129.21532246748868, 36.07251403132625], [129.21532246748868, 36.07251403132625], [129.21537140449, 36.07476697668439], [129.21814662149808, 36.07472721493179], [129.21809760541876, 36.07247427283871], [129.21809760541876, 36.07247427283871], [129.21814662149808, 36.07472721493179], [129.22092183306424, 36.07468738895945], [129.22092183306424, 36.07468738895945], [129.21814662149808, 36.07472721493179], [129.21819564301921, 36.07698015611851], [129.21819564301921, 36.07698015611851], [129.21824466998282, 36.079233096398845], [129.21824466998282, 36.079233096398845], [129.21829370238953, 36.08148603577276], [129.22106915124039, 36.08144619998835], [129.22102003973004, 36.079193263885294], [129.22102003973004, 36.079193263885294], [129.2209709336715, 36.07694032687566], [129.2209709336715, 36.07694032687566], [129.22102003973004, 36.079193263885294], [129.22379540402534, 36.07915336714186], [129.22374621887258, 36.07690043340819], [129.2265214986136, 36.07686047571649], [129.22647223983597, 36.074607544357086], [129.22369703917983, 36.074647498767746], [129.22369703917983, 36.074647498767746], [129.2236970391798, 36.074647498767746], [129.22364786494646, 36.07239456322056], [129.2208727379076, 36.07243445013668], [129.2208727379076, 36.07243445013667], [129.2208727379076, 36.07243445013667], [129.220823648201, 36.07018151040739], [129.21804859478073, 36.07022132983928], [129.2152735359198, 36.070261085061965], [129.2152735359198, 36.070261085061965], [129.21249847162707, 36.07030077607504], [129.21254732412612, 36.072553725598915], [129.21532246748868, 36.07251403132625], [129.21532246748868, 36.07251403132625]], [[129.22092183306424, 36.07468738895945], [129.2209709336715, 36.07694032687566], [129.2209709336715, 36.07694032687566], [129.22092183306424, 36.07468738895945], [129.22092183306424, 36.07468738895945]]], [[[129.21542034692442, 36.07701992113635], [129.21819564301921, 36.07698015611851], [129.21814662149808, 36.07472721493179], [129.21537140449, 36.0747669766844], [129.21542034692442, 36.07701992113635]]], [[[129.21834274023993, 36.08373897424023], [129.21556720683236, 36.08377874905485], [129.21561617100528, 36.0860316898818], [129.21839178353468, 36.08599191180121], [129.21839178353468, 36.08599191180121], [129.21844083227435, 36.08824484845566], [129.2212165184888, 36.08820500285755], [129.22116739061917, 36.085952069474494], [129.22394299224993, 36.08591216290209], [129.2238937907134, 36.08365923188885], [129.2211182682032, 36.083699135184744], [129.22106915124039, 36.081446199988356], [129.21829370238953, 36.08148603577276], [129.21834274023993, 36.08373897424023]]], [[[129.22364786494646, 36.07239456322056], [129.2264229865265, 36.07235461209077], [129.2263737386846, 36.07010167891755], [129.22359869617188, 36.070141626766684], [129.22364786494646, 36.07239456322056]]]]}}, {"type": "Feature", "properties": {"rank": 4, "method": "BFS+Zoning", "n_grids": 15, "avg_micro": 80.26286923853175, "cluster_score": 113.64325814833566, "buildable_ha": 37.500000000000014, "final_score": 82.583513899479, "avg_bcr": 0.40000000000000013, "center_lat": 36.07497922159357, "center_lon": 129.41460342751023}, "geometry": {"type": "MultiPolygon", "coordinates": [[[[129.41239778783637, 36.071784329728146], [129.412343237885, 36.069531629282004], [129.4095685020158, 36.069575881778945], [129.40962297293464, 36.07182858585892], [129.41239778783637, 36.071784329728146]]], [[[129.41239778783637, 36.071784329728146], [129.40962297293464, 36.07182858585892], [129.40967744990033, 36.07408128901918], [129.4124523438433, 36.07403702925438], [129.41239778783637, 36.071784329728146]]], [[[129.40962297293464, 36.071828585858924], [129.40684815198614, 36.07187277779914], [129.40690254990983, 36.07412548458819], [129.40690254990983, 36.07412548458819], [129.40695695387228, 36.07637819045769], [129.40973193291347, 36.07633399125971], [129.40978642197481, 36.07858669258047], [129.41256147402666, 36.078542425546964], [129.41250690590653, 36.076289727860654], [129.40973193291347, 36.0763339912597], [129.4096774499003, 36.07408128901918], [129.40967744990033, 36.07408128901918], [129.40962297293464, 36.071828585858924]]], [[[129.41250690590653, 36.07628972786066], [129.41528187284263, 36.076245400260966], [129.41522723173006, 36.07399270529421], [129.41522723173009, 36.07399270529421], [129.41517259668254, 36.07174000940728], [129.41239778783637, 36.07178432972815], [129.4124523438433, 36.07403702925438], [129.4124523438433, 36.07403702925438], [129.41250690590653, 36.07628972786066]]], [[[129.41528187284263, 36.07624540026097], [129.41250690590653, 36.07628972786067], [129.41256147402666, 36.07854242554698], [129.4153365200209, 36.07849809430756], [129.41528187284263, 36.07624540026097]]], [[[129.41800211355178, 36.0739483171391], [129.41522723173009, 36.07399270529421], [129.41528187284263, 36.07624540026097], [129.41528187284263, 36.07624540026097], [129.4153365200209, 36.07849809430756], [129.41811155994873, 36.07845369886269], [129.41805683371302, 36.07620100846109], [129.41805683371302, 36.07620100846109], [129.41811155994873, 36.07845369886269], [129.41811155994873, 36.07845369886269], [129.41816629225957, 36.08070638834389], [129.42094140517779, 36.08066192504356], [129.4208865938014, 36.07840923921282], [129.4208865938014, 36.07840923921282], [129.42083178850896, 36.07615655246146], [129.42083178850893, 36.07615655246146], [129.4207769892997, 36.07390386478952], [129.4207769892997, 36.07390386478952], [129.42072219617302, 36.07165117619704], [129.41794739946434, 36.071695624896776], [129.41794739946434, 36.071695624896755], [129.41517259668254, 36.07174000940727], [129.41522723173009, 36.073992705294195], [129.41800211355178, 36.0739483171391], [129.41800211355178, 36.0739483171391]]]]}}, {"type": "Feature", "properties": {"rank": 5, "method": "BFS+Zoning", "n_grids": 11, "avg_micro": 79.57797627893312, "cluster_score": 109.23955264376202, "buildable_ha": 23.75, "final_score": 79.50092004627746, "avg_bcr": 0.34545454545454546, "center_lat": 36.14208310422854, "center_lon": 129.39124477035338}, "geometry": {"type": "MultiPolygon", "coordinates": [[[[129.38626493375543, 36.1398056718779], [129.38631887867103, 36.142058379956644], [129.3890962022281, 36.14201459027735], [129.38904217800172, 36.13976188579129], [129.38898815977234, 36.13750918038622], [129.38621099482805, 36.13755296288035], [129.38626493375543, 36.1398056718779]]], [[[129.3890962022281, 36.14201459027735], [129.38909620222813, 36.14201459027735], [129.38915023245218, 36.14426729384435], [129.38915023245218, 36.14426729384436], [129.38920426867463, 36.1465199964923], [129.3919817448806, 36.14647613525895], [129.39192762933047, 36.14422343620938], [129.39192762933047, 36.14422343620937], [129.39187351978748, 36.14197073624053], [129.39465083134036, 36.14192681784664], [129.39459664849443, 36.139674120561764], [129.39181941625097, 36.13971803535242], [129.39181941625097, 36.13971803535242], [129.38904217800172, 36.13976188579129], [129.3890962022281, 36.14201459027735]]], [[[129.38626493375543, 36.1398056718779], [129.38348768352097, 36.13984939361185], [129.38354154912508, 36.14210210527799], [129.38631887867103, 36.142058379956644], [129.38626493375543, 36.1398056718779]]], [[[129.39459664849443, 36.139674120561764], [129.39465083134036, 36.14192681784664], [129.39465083134036, 36.14192681784664], [129.39187351978748, 36.14197073624053], [129.39192762933047, 36.14422343620937], [129.39192762933047, 36.14422343620937], [129.3919817448806, 36.14647613525896], [129.39475921507872, 36.146432209657995], [129.39470502020157, 36.14417951421205], [129.39470502020157, 36.14417951421205], [129.39470502020157, 36.14417951421205], [129.3974824050567, 36.14413552785281], [129.39742813687798, 36.14188283509611], [129.3973738747233, 36.13963014141976], [129.39459664849443, 36.139674120561764]]]]}}, {"type": "Feature", "properties": {"rank": 6, "method": "BFS+Zoning", "n_grids": 8, "avg_micro": 80.12532488438076, "cluster_score": 106.53332484983238, "buildable_ha": 20.0, "final_score": 77.60656059052671, "avg_bcr": 0.4, "center_lat": 36.12939385676184, "center_lon": 129.40337770379043}, "geometry": {"type": "MultiPolygon", "coordinates": [[[[129.4081553702258, 36.12593748688185], [129.4081553702258, 36.12593748688186], [129.40537864379473, 36.12598170165142], [129.4054331075832, 36.128234389991476], [129.40265629585252, 36.12827854406624], [129.40265629585252, 36.12827854406625], [129.39987947808427, 36.128322633817355], [129.3999337893929, 36.130575328478706], [129.39715688633174, 36.1306193575185], [129.39721112439693, 36.13287205487313], [129.399988106731, 36.13282802222036], [129.399988106731, 36.13282802222036], [129.40276508303486, 36.13278392523294], [129.40271068642457, 36.130531235109544], [129.40548757741797, 36.13048707741146], [129.405487577418, 36.13048707741146], [129.40826446236437, 36.130442855384906], [129.40820991326754, 36.1281901715935], [129.40820991326754, 36.1281901715935], [129.40820991326754, 36.1281901715935], [129.41098671289674, 36.12814588887279], [129.41093209060244, 36.125893207794796], [129.4081553702258, 36.12593748688185]]], [[[129.3999337893929, 36.1305753284787], [129.39987947808424, 36.12832263381735], [129.39710265428724, 36.128366659244364], [129.39715688633174, 36.1306193575185], [129.3999337893929, 36.1305753284787]]]]}}, {"type": "Feature", "properties": {"rank": 7, "method": "BFS+Zoning", "n_grids": 8, "avg_micro": 76.28445269729454, "cluster_score": 101.42656384756522, "buildable_ha": 15.000000000000004, "final_score": 74.03182788893969, "avg_bcr": 0.30000000000000004, "center_lat": 36.092197119313724, "center_lon": 129.25670632674857}, "geometry": {"type": "MultiPolygon", "coordinates": [[[[129.25179870874086, 36.09001535694314], [129.2518487181018, 36.092268252175096], [129.25462449655643, 36.092227628922], [129.25457440805548, 36.0899747370251], [129.25457440805548, 36.0899747370251], [129.25452432511474, 36.087721844219224], [129.25174870493146, 36.08776246080241], [129.25179870874086, 36.09001535694314], [129.25179870874086, 36.09001535694314]]], [[[129.25735010180978, 36.08993405285567], [129.2572999397384, 36.08768116338993], [129.25452432511477, 36.087721844219224], [129.25457440805548, 36.0899747370251], [129.25735010180978, 36.08993405285567]]], [[[129.2574002694502, 36.092186941412244], [129.25735010180978, 36.08993405285567], [129.25457440805548, 36.0899747370251], [129.25462449655643, 36.092227628922], [129.2574002694502, 36.092186941412244]]], [[[129.25467459061832, 36.094480519909894], [129.25745044266029, 36.09443982905963], [129.25745044266029, 36.09443982905963], [129.25750062144067, 36.096692715797765], [129.2602765470687, 36.096651957340015], [129.26022628913194, 36.09439907394785], [129.26022628913194, 36.09439907394784], [129.26017603677425, 36.09214618964625], [129.2574002694502, 36.092186941412244], [129.2574002694502, 36.092186941412244], [129.25462449655643, 36.092227628922004], [129.25467459061832, 36.094480519909894]]], [[[129.26305246711703, 36.09661113461589], [129.26300213002452, 36.094358254574956], [129.26022628913194, 36.09439907394784], [129.26027654706874, 36.096651957340015], [129.26305246711703, 36.09661113461589]]]]}}, {"type": "Feature", "properties": {"rank": 8, "method": "BFS+Zoning", "n_grids": 7, "avg_micro": 78.54266119339603, "cluster_score": 103.0413920653409, "buildable_ha": 11.249999999999998, "final_score": 75.16220764138266, "avg_bcr": 0.2571428571428571, "center_lat": 36.135532944066284, "center_lon": 129.38159853674696}, "geometry": {"type": "MultiPolygon", "coordinates": [[[[129.38054910425214, 36.13313489973751], [129.37777207995327, 36.133178482035404], [129.37777207995327, 36.13317848203541], [129.37499504969463, 36.133221999995136], [129.37504865950322, 36.13547472514577], [129.37782576904897, 36.135431203615056], [129.37782576904897, 36.13543120361505], [129.38060287263426, 36.1353876177409], [129.38054910425214, 36.13313489973751]]], [[[129.3861570618882, 36.13530025296403], [129.38610313493524, 36.13304754212895], [129.3833261225824, 36.13309125310188], [129.3833261225824, 36.13309125310189], [129.38054910425214, 36.13313489973752], [129.38060287263426, 36.13538761774091], [129.38060287263426, 36.13538761774091], [129.38065664698567, 36.137640334825974], [129.38065664698567, 36.137640334825974], [129.38071042730704, 36.13989305099266], [129.38348768352097, 36.13984939361185], [129.38343382389624, 36.13759668102709], [129.38343382389627, 36.13759668102709], [129.38343382389627, 36.13759668102709], [129.38621099482805, 36.13755296288035], [129.3861570618882, 36.13530025296403], [129.3861570618882, 36.13530025296403]]]]}}, {"type": "Feature", "properties": {"rank": 9, "method": "BFS+Zoning", "n_grids": 7, "avg_micro": 78.24962841509038, "cluster_score": 102.65695760719287, "buildable_ha": 17.499999999999996, "final_score": 74.89310352067905, "avg_bcr": 0.39999999999999997, "center_lat": 36.10264967871915, "center_lon": 129.25743496804668}, "geometry": {"type": "Polygon", "coordinates": [[[129.25482490617566, 36.101239187419246], [129.25760099571497, 36.101198486546316], [129.25760099571497, 36.101198486546316], [129.25482490617566, 36.101239187419246], [129.25487502248745, 36.10349207477082], [129.25487502248743, 36.10349207477082], [129.25482490617566, 36.10123918741924], [129.25204881107294, 36.101279824014426], [129.25209884820075, 36.103532714701984], [129.25487502248743, 36.10349207477082], [129.25492514436326, 36.10574496121324], [129.257701392278, 36.10570425365759], [129.25765119121007, 36.103451370556634], [129.25765119121007, 36.103451370556634], [129.257701392278, 36.10570425365759], [129.26047763461932, 36.10566348181408], [129.26042735435988, 36.10341060205982], [129.2576511912101, 36.10345137055663], [129.2576511912101, 36.10345137055663], [129.26042735435988, 36.10341060205982], [129.26042735435988, 36.10341060205982], [129.26320351192808, 36.10336976928083], [129.26315315806818, 36.10111689196885], [129.26037707968206, 36.101157721396035], [129.26037707968206, 36.101157721396035], [129.25760099571497, 36.10119848654631], [129.25755080579205, 36.09894560162668], [129.25477479542732, 36.09898629915855], [129.25482490617566, 36.101239187419246]]]}}, {"type": "Feature", "properties": {"rank": 10, "method": "BFS+Zoning", "n_grids": 6, "avg_micro": 77.7138906218745, "cluster_score": 100.39752789442652, "buildable_ha": 15.0, "final_score": 73.3115027217426, "avg_bcr": 0.39999999999999997, "center_lat": 36.05619524750958, "center_lon": 129.2269950149346}, "geometry": {"type": "MultiPolygon", "coordinates": [[[[129.2233037981243, 36.05662398900433], [129.2233037981243, 36.056623989004336], [129.2233037981243, 36.056623989004336], [129.22052922437706, 36.056663852996465], [129.2205782813965, 36.05891679816424], [129.22335293415915, 36.0588769308978], [129.22335293415915, 36.058876930897796], [129.22612758146667, 36.058836999449305], [129.2260783664171, 36.056584060835405], [129.2260783664171, 36.056584060835405], [129.22602915683078, 36.05433112131483], [129.22325466754396, 36.05437104620437], [129.2233037981243, 36.05662398900433]]], [[[129.22885292924667, 36.05654406849009], [129.22885292924667, 36.0565440684901], [129.23162748660425, 36.05650401196877], [129.23157811900782, 36.05425107902278], [129.22880364065497, 36.05429113225417], [129.22880364065497, 36.054291132254164], [129.22602915683078, 36.05433112131483], [129.2260783664171, 36.056584060835405], [129.22885292924667, 36.05654406849009]]], [[[129.23440203848108, 36.05646389127187], [129.23435259188054, 36.05421096162106], [129.23157811900782, 36.05425107902277], [129.23162748660425, 36.05650401196877], [129.23440203848108, 36.05646389127187]]]]}}]}