{"type": "FeatureCollection", "features": [{"type": "Feature", "properties": {"rank": 1, "method": "BFS+Zoning", "n_grids": 2585, "avg_micro": 77.87306347010352, "cluster_score": 169.66049634823045, "buildable_ha": 6143.749999999999, "final_score": 118.86373685420067, "avg_bcr": 0.38027079303675043, "center_lat": 35.956561694324954, "center_lon": 126.67063716580627}, "geometry": {"type": "MultiPolygon", "coordinates": [[[[126.53015505539622, 35.93184958352123], [126.53292612056033, 35.93187193989551], [126.53292612056033, 35.931871939895515], [126.53569718877236, 35.9318942323191], [126.53572455801454, 35.92964054034646], [126.53295356842231, 35.92961824975705], [126.53295356842231, 35.92961824975705], [126.53018258187763, 35.92959589522219], [126.53015505539622, 35.93184958352123]]], [[[126.53289866965045, 35.93412562916793], [126.5329261205603, 35.931871939895515], [126.5301550553962, 35.93184958352124], [126.53012752585816, 35.934103270954125], [126.53289866965045, 35.93412562916793]]], [[[126.53289866965045, 35.93412562916793], [126.53287121569234, 35.93637931757425], [126.53287121569234, 35.93637931757425], [126.53289866965045, 35.93412562916793], [126.53566981649097, 35.93414792342578], [126.53569718877233, 35.9318942323191], [126.53292612056033, 35.93187193989552], [126.53289866965045, 35.93412562916793], [126.53012752585816, 35.934103270954125], [126.53009999326318, 35.93635695752081], [126.53009999326318, 35.93635695752081], [126.53007245761086, 35.938610643221296], [126.53007245761086, 35.938610643221296], [126.53004491890086, 35.94086432805554], [126.52727354222976, 35.94084190035102], [126.52724592179904, 35.9430955824738], [126.52724592179904, 35.9430955824738], [126.52447446953227, 35.94307308894754], [126.52444676736333, 35.94532676835337], [126.52721829830124, 35.9453492637302], [126.52721829830124, 35.9453492637302], [126.52998983230655, 35.94537169512521], [126.52998983230655, 35.94537169512521], [126.53276136937056, 35.94539406253818], [126.53276136937056, 35.945394062538185], [126.53276136937056, 35.945394062538185], [126.52998983230655, 35.945371695125225], [126.5299622844215, 35.947625377360616], [126.53273390016606, 35.94764774661373], [126.53273390016606, 35.94764774661373], [126.53550551896093, 35.94767005187932], [126.53553290948453, 35.945416365968896], [126.53553290948453, 35.945416365968896], [126.53550551896093, 35.94767005187931], [126.53550551896093, 35.94767005187931], [126.53550551896093, 35.94767005187932], [126.5327339001661, 35.94764774661373], [126.5327339001661, 35.94764774661373], [126.52996228442153, 35.947625377360616], [126.52993473347745, 35.94987905872967], [126.52716304210298, 35.94985662364375], [126.52713540940188, 35.952110302300845], [126.52713540940188, 35.952110302300845], [126.52710777363227, 35.95436398009146], [126.5298796224108, 35.9543864188687], [126.5298796224108, 35.9543864188687], [126.5298796224108, 35.9543864188687], [126.52985206228755, 35.95664009763863], [126.53262399284165, 35.95666247425334], [126.53262399284165, 35.95666247425334], [126.53262399284165, 35.95666247425334], [126.5325965083822, 35.95891615399749], [126.53536852071255, 35.958938468439], [126.53536852071255, 35.958938468439], [126.53814053608617, 35.95896071886645], [126.53816786309612, 35.956707035456766], [126.53816786309612, 35.956707035456766], [126.53819518707188, 35.954453351180995], [126.53819518707188, 35.954453351180995], [126.53816786309612, 35.956707035456766], [126.54093980277906, 35.95672922004506], [126.54096704803831, 35.9544755339445], [126.54373891202982, 35.95449765270404], [126.54376607555582, 35.95224396391811], [126.54376607555582, 35.95224396391811], [126.54379323606578, 35.949990274266284], [126.54102152948175, 35.94996815914544], [126.53824982592218, 35.949945980031146], [126.53824982592218, 35.949945980031146], [126.53547812539578, 35.9499237369236], [126.53547812539578, 35.9499237369236], [126.5327064279113, 35.949901429823036], [126.53267895260585, 35.95215511216608], [126.53267895260585, 35.95215511216608], [126.53265147424942, 35.954408793642855], [126.53542332913935, 35.95443110441369], [126.53542332913935, 35.95443110441369], [126.53542332913935, 35.95443110441369], [126.53265147424942, 35.954408793642855], [126.53265147424942, 35.954408793642855], [126.53267895260585, 35.95215511216608], [126.53267895260585, 35.95215511216608], [126.5327064279113, 35.949901429823036], [126.5327064279113, 35.949901429823036], [126.5327064279113, 35.949901429823036], [126.53547812539578, 35.9499237369236], [126.53547812539578, 35.949923736923594], [126.53824982592218, 35.949945980031146], [126.53824982592218, 35.94994598003113], [126.54102152948175, 35.949968159145435], [126.54102152948175, 35.94996815914544], [126.54379323606578, 35.949990274266284], [126.54382039356001, 35.947736583748636], [126.54104876566664, 35.94771447044698], [126.54104876566664, 35.94771447044698], [126.54382039356001, 35.94773658374863], [126.5438475480389, 35.94548289236516], [126.5438475480389, 35.94548289236516], [126.54387469950277, 35.94322920011591], [126.54387469950277, 35.94322920011591], [126.54390184795193, 35.94097550700086], [126.5411304560781, 35.94095339915617], [126.5411304560781, 35.940953399156164], [126.5411304560781, 35.940953399156164], [126.5411304560781, 35.940953399156164], [126.54390184795193, 35.94097550700085], [126.54392899338674, 35.93872181302006], [126.54392899338674, 35.93872181302006], [126.54395613580756, 35.93646811817356], [126.54395613580756, 35.93646811817356], [126.54398327521471, 35.93421442246133], [126.54121211928182, 35.93419232007269], [126.54123933430517, 35.931938625313286], [126.53846826002354, 35.93191646079177], [126.53569718877233, 35.9318942323191], [126.53566981649097, 35.934147923425776], [126.53844096637101, 35.93417015372744], [126.53844096637101, 35.93417015372744], [126.53566981649097, 35.93414792342578], [126.5356424411701, 35.936401613666455], [126.5356424411701, 35.936401613666455], [126.53566981649097, 35.93414792342578], [126.53289866965045, 35.93412562916793]], [[126.53561506280934, 35.93865530304114], [126.53561506280934, 35.93865530304114], [126.53558768140839, 35.94090899154978], [126.53558768140839, 35.94090899154978], [126.5355602969669, 35.943162679192376], [126.5355602969669, 35.943162679192376], [126.53553290948453, 35.94541636596889], [126.53830445263975, 35.94543860541711], [126.53830445263975, 35.94543860541711], [126.53830445263975, 35.94543860541711], [126.53827714079738, 35.94769229315713], [126.53827714079738, 35.94769229315713], [126.53827714079738, 35.94769229315714], [126.53827714079738, 35.94769229315714], [126.53830445263975, 35.94543860541711], [126.53553290948453, 35.94541636596889], [126.5355602969669, 35.94316267919239], [126.5327888355251, 35.94314037759646], [126.5327888355251, 35.94314037759645], [126.5327888355251, 35.94314037759645], [126.5355602969669, 35.943162679192376], [126.53558768140839, 35.94090899154978], [126.53558768140839, 35.94090899154978], [126.53561506280934, 35.93865530304114]], [[126.54110322896447, 35.943207090452326], [126.54110322896447, 35.94320709045233], [126.53833176144963, 35.94318491681108], [126.53833176144963, 35.94318491681108], [126.53833176144963, 35.94318491681108], [126.53833176144963, 35.94318491681108], [126.54110322896447, 35.943207090452326], [126.54110322896447, 35.943207090452326], [126.54110322896447, 35.943207090452326]], [[126.53281629863, 35.94088669178853], [126.53284375868563, 35.938633005114454], [126.53284375868563, 35.938633005114454], [126.53281629863, 35.94088669178853], [126.53281629863, 35.94088669178853]], [[126.53284375868563, 35.938633005114454], [126.53284375868563, 35.938633005114454], [126.53287121569234, 35.93637931757425], [126.53287121569234, 35.93637931757425], [126.53284375868563, 35.938633005114454]], [[126.54096704803831, 35.954475533944496], [126.54099429027241, 35.95222184697796], [126.5382225080138, 35.9521996660391], [126.5382225080138, 35.9521996660391], [126.54099429027241, 35.95222184697796], [126.54099429027241, 35.95222184697796], [126.54096704803831, 35.954475533944496], [126.54096704803831, 35.954475533944496]]], [[[126.54672737339236, 35.93649015841865], [126.54672737339236, 35.93649015841865], [126.5467544341609, 35.93423646089312], [126.54398327521471, 35.93421442246134], [126.54395613580756, 35.93646811817356], [126.54395613580756, 35.93646811817356], [126.54392899338674, 35.93872181302006], [126.54392899338674, 35.93872181302006], [126.54390184795193, 35.94097550700084], [126.5466732428401, 35.94099755087289], [126.5466732428401, 35.94099755087289], [126.5466732428401, 35.94099755087289], [126.5466732428401, 35.9409975508729], [126.54390184795193, 35.94097550700086], [126.54387469950277, 35.94322920011591], [126.54387469950277, 35.94322920011591], [126.5438475480389, 35.94548289236516], [126.5438475480389, 35.94548289236516], [126.54382039356001, 35.947736583748636], [126.54382039356004, 35.947736583748636], [126.54379323606578, 35.949990274266284], [126.54656494566551, 35.950012325393445], [126.54659202446877, 35.947758633061866], [126.54936365838412, 35.947780618386446], [126.54939065549817, 35.94552692338058], [126.54939065549817, 35.94552692338058], [126.54936365838412, 35.947780618386446], [126.55213529529739, 35.94780253972216], [126.55216221372851, 35.94554884291299], [126.54939065549817, 35.94552692338058], [126.54941764961465, 35.943273227509124], [126.54941764961465, 35.943273227509124], [126.54939065549817, 35.94552692338058], [126.55216221372851, 35.945548842912984], [126.55216221372851, 35.94554884291299], [126.55216221372851, 35.94554884291299], [126.55213529529742, 35.94780253972216], [126.55490693519984, 35.94782439706879], [126.55490693519984, 35.94782439706879], [126.55767857808267, 35.94784619042611], [126.55767857808267, 35.94784619042611], [126.55767857808267, 35.94784619042611], [126.55767857808267, 35.94784619042612], [126.55490693519984, 35.9478243970688], [126.55490693519984, 35.9478243970688], [126.55213529529742, 35.94780253972216], [126.55210837387713, 35.95005623566581], [126.55210837387713, 35.95005623566581], [126.55208144946737, 35.95230993074392], [126.55208144946737, 35.95230993074392], [126.55210837387713, 35.95005623566582], [126.54933665827221, 35.95003431252671], [126.54933665827221, 35.95003431252671], [126.54656494566551, 35.95001232539346], [126.54656494566551, 35.950012325393445], [126.54933665827221, 35.950034312526704], [126.54936365838415, 35.94778061838645], [126.54659202446877, 35.94775863306187], [126.54656494566551, 35.950012325393445], [126.54379323606578, 35.949990274266284], [126.54376607555582, 35.95224396391811], [126.54653786385528, 35.952266016859284], [126.54653786385528, 35.95226601685929], [126.54653786385528, 35.95226601685929], [126.54376607555582, 35.952243963918114], [126.54373891202982, 35.95449765270404], [126.54096704803831, 35.9544755339445], [126.54093980277906, 35.95672922004506], [126.54371174548744, 35.95675134062409], [126.54371174548744, 35.956751340624095], [126.54093980277906, 35.95672922004507], [126.54091255449435, 35.9589829052796], [126.54091255449435, 35.9589829052796], [126.54091255449435, 35.9589829052796], [126.53814053608617, 35.95896071886645], [126.53811320604166, 35.961214401409975], [126.53811320604166, 35.961214401409975], [126.53814053608617, 35.95896071886645], [126.53536852071255, 35.958938468439], [126.53536852071255, 35.958938468439], [126.5325965083822, 35.95891615399749], [126.53256902087072, 35.96116983287529], [126.53534111193437, 35.96119214915231], [126.53534111193437, 35.96119214915231], [126.53534111193437, 35.96119214915231], [126.53531370011258, 35.96344582899934], [126.53808587296227, 35.96346808308734], [126.53808587296227, 35.96346808308735], [126.53531370011258, 35.96344582899934], [126.53528628524683, 35.96569950798008], [126.53528628524683, 35.96569950798008], [126.53525886733675, 35.96795318609448], [126.53525886733675, 35.96795318609448], [126.53523144638201, 35.970206863342554], [126.53800385551133, 35.97022912292217], [126.53803119769745, 35.967975443843464], [126.53803119769745, 35.967975443843464], [126.53800385551133, 35.97022912292218], [126.53800385551133, 35.97022912292218], [126.53797651028896, 35.97248280113463], [126.54074900123223, 35.9725049984991], [126.54077626767689, 35.970251318461166], [126.54354868286998, 35.97027344995931], [126.54354868286998, 35.97027344995932], [126.54632110108182, 35.970295517416396], [126.54629399219358, 35.972549201089464], [126.54906649219419, 35.97257120631493], [126.54906649219419, 35.97257120631493], [126.5518389951964, 35.97259314749362], [126.55186594652683, 35.970339460206446], [126.54909352230368, 35.970317520832175], [126.54912054941188, 35.96806383448357], [126.55189289486472, 35.968085772053534], [126.5519198402104, 35.96583208303488], [126.5519198402104, 35.96583208303488], [126.55194678256426, 35.96357839315053], [126.54917459462585, 35.96355645918888], [126.54917459462585, 35.96355645918887], [126.54917459462585, 35.96355645918887], [126.54920161273226, 35.96130277024283], [126.54642950653788, 35.961280774064726], [126.54642950653788, 35.96128077406474], [126.54365740335214, 35.96125871386643], [126.54363022775857, 35.963512399188645], [126.54363022775857, 35.963512399188645], [126.54365740335214, 35.96125871386643], [126.54088530318384, 35.961236589648095], [126.54085804884716, 35.96349027315052], [126.53808587296227, 35.96346808308734], [126.53808587296227, 35.96346808308734], [126.54085804884716, 35.96349027315052], [126.54088530318384, 35.96123658964809], [126.54088530318384, 35.96123658964809], [126.54088530318384, 35.96123658964809], [126.54365740335214, 35.961258713866414], [126.54365740335214, 35.961258713866414], [126.54642950653788, 35.961280774064726], [126.54645660037936, 35.95902708606212], [126.54645660037936, 35.959027086062115], [126.54645660037936, 35.959027086062115], [126.54642950653788, 35.961280774064726], [126.54920161273226, 35.96130277024283], [126.54922862783874, 35.95904908043103], [126.54922862783874, 35.95904908043103], [126.54925563994564, 35.9567953897535], [126.54925563994564, 35.9567953897535], [126.54922862783874, 35.95904908043103], [126.55200065829771, 35.95907101078476], [126.552027591678, 35.956817318303415], [126.552027591678, 35.956817318303415], [126.552027591678, 35.956817318303415], [126.55479954640083, 35.95683918284321], [126.55482639807241, 35.95458548769782], [126.55482639807241, 35.95458548769782], [126.55485324676253, 35.95233179168693], [126.55485324676253, 35.95233179168693], [126.55485324676253, 35.95233179168693], [126.55482639807241, 35.95458548769782], [126.55759827705849, 35.954607286434054], [126.55759827705849, 35.954607286434054], [126.55759827705849, 35.954607286434054], [126.55759827705849, 35.95460728643407], [126.55482639807241, 35.95458548769782], [126.55479954640086, 35.95683918284322], [126.55479954640086, 35.95683918284322], [126.55479954640086, 35.95683918284321], [126.552027591678, 35.956817318303415], [126.55200065829771, 35.95907101078476], [126.55200065829771, 35.95907101078476], [126.55200065829771, 35.95907101078476], [126.54922862783874, 35.95904908043103], [126.54920161273226, 35.96130277024283], [126.54920161273226, 35.96130277024283], [126.54917459462585, 35.96355645918887], [126.55194678256426, 35.96357839315052], [126.5519198402104, 35.965832083034876], [126.55469210989352, 35.965853954769436], [126.55469210989352, 35.965853954769436], [126.55746438255976, 35.96587576247258], [126.55749116740688, 35.9636220689958], [126.56026336429365, 35.96364381087898], [126.56023665820032, 35.96589750614406], [126.56023665820032, 35.96589750614406], [126.56020994914138, 35.96815120054375], [126.55743759473822, 35.96812945508385], [126.55741080394199, 35.970383146829576], [126.5546383737425, 35.970361335538996], [126.5546115011915, 35.97261502462531], [126.5546115011915, 35.97261502462531], [126.5546383737425, 35.97036133553901], [126.55186594652683, 35.97033946020646], [126.5518389951964, 35.972593147493626], [126.5546115011915, 35.97261502462531], [126.55458462565635, 35.97486871284593], [126.55735721342404, 35.974890527724384], [126.55735721342404, 35.974890527724384], [126.56012980416747, 35.97491227855013], [126.56012980416747, 35.974912278550136], [126.56290239787783, 35.97493396532295], [126.56287575575095, 35.97718765804431], [126.56564843121778, 35.97720928254226], [126.56567499454643, 35.974955588042626], [126.56567499454646, 35.974955588042626], [126.56564843121778, 35.97720928254226], [126.56842110963444, 35.97723084298159], [126.56842110963444, 35.97723084298159], [126.57119379099214, 35.97725233936207], [126.57119379099214, 35.97725233936207], [126.57396647528213, 35.9772737716835], [126.57399280221411, 35.97502007188062], [126.57399280221411, 35.97502007188062], [126.57401912622281, 35.97276637121275], [126.57401912622284, 35.97276637121275], [126.57399280221411, 35.975020071880635], [126.57399280221411, 35.975020071880635], [126.57396647528216, 35.97727377168351], [126.57673916249573, 35.97729513994565], [126.57673916249573, 35.977295139945646], [126.57951185262411, 35.97731644414829], [126.57951185262411, 35.97731644414831], [126.58228454565857, 35.97733768429127], [126.58231063619084, 35.97508397923255], [126.57953802195661, 35.97506274083628], [126.57953802195661, 35.97506274083628], [126.57953802195661, 35.97506274083628], [126.57953802195661, 35.97506274083628], [126.58231063619084, 35.97508397923255], [126.58228454565857, 35.97733768429126], [126.58505724159033, 35.97735886037428], [126.58508325332208, 35.97510515357417], [126.58508325332208, 35.97510515357417], [126.58505724159033, 35.97735886037428], [126.58782994041069, 35.97737997239719], [126.58782994041069, 35.97737997239719], [126.59060264211084, 35.97740102035975], [126.59060264211084, 35.97740102035975], [126.5933753466821, 35.977422004261754], [126.59340112201022, 35.97516829226901], [126.5906284962405, 35.97514731009262], [126.5906284962405, 35.97514731009261], [126.5906284962405, 35.97514731009261], [126.59065434749942, 35.972893598961065], [126.59065434749942, 35.972893598961065], [126.5906284962405, 35.97514731009261], [126.59340112201022, 35.97516829226901], [126.59342689447638, 35.97291457941194], [126.59342689447638, 35.97291457941194], [126.59340112201022, 35.97516829226901], [126.5933753466821, 35.97742200426175], [126.59614805411563, 35.977442924102974], [126.59612235473575, 35.97969663695181], [126.59889514383381, 35.97971749444723], [126.59892076440278, 35.977463779883216], [126.5989463821269, 35.97521006445506], [126.5989463821269, 35.97521006445506], [126.59897199700653, 35.97295634816278], [126.59897199700653, 35.97295634816278], [126.5989463821269, 35.97521006445507], [126.5989463821269, 35.97521006445507], [126.59892076440278, 35.977463779883216], [126.60169347753472, 35.97748457160228], [126.60171901645639, 35.97523085446432], [126.60171901645639, 35.97523085446432], [126.60169347753472, 35.97748457160229], [126.60446619350277, 35.97750529925996], [126.60446619350277, 35.97750529925996], [126.60723891229813, 35.977525962856014], [126.60723891229813, 35.977525962856014], [126.60446619350277, 35.97750529925996], [126.6044407305566, 35.97975901723849], [126.60721352816384, 35.97977968253392], [126.60721352816384, 35.97977968253392], [126.60998632858995, 35.979800283762266], [126.60998632858995, 35.979800283762266], [126.61275913182624, 35.97982082092332], [126.61278435833584, 35.97756709786248], [126.61001163391205, 35.97754656239026], [126.61001163391205, 35.97754656239026], [126.61278435833584, 35.97756709786248], [126.61278435833584, 35.97756709786248], [126.61555708556068, 35.97758756927247], [126.61558223046512, 35.97533384366448], [126.61558223046512, 35.97533384366448], [126.61560737257754, 35.97308011719292], [126.61560737257754, 35.97308011719292], [126.61560737257754, 35.97308011719292], [126.61558223046512, 35.975333843664465], [126.61558223046512, 35.975333843664465], [126.61555708556068, 35.977587569272465], [126.61832981557788, 35.97760797662002], [126.61835488167792, 35.975354249333826], [126.61835488167794, 35.975354249333826], [126.61837994499471, 35.97310052118418], [126.61837994499471, 35.97310052118418], [126.61840500552853, 35.970846792171045], [126.61843006327972, 35.968593062294524], [126.61843006327972, 35.968593062294524], [126.61840500552853, 35.970846792171045], [126.62117750194143, 35.97086713043743], [126.62117750194143, 35.97086713043745], [126.62117750194143, 35.97086713043745], [126.62115252019481, 35.9731208611233], [126.62392509816912, 35.97314113701013], [126.6239001924446, 35.97539486850021], [126.6239001924446, 35.97539486850021], [126.6239001924446, 35.975394868500224], [126.62112753567399, 35.975374590945826], [126.62110254837866, 35.97762831990495], [126.62387528395426, 35.977648599127015], [126.62387528395426, 35.97764859912701], [126.62664802229592, 35.97766881428603], [126.62664802229592, 35.977668814286034], [126.62942076339496, 35.97768896538181], [126.62942076339496, 35.97768896538181], [126.62664802229595, 35.977668814286034], [126.62664802229592, 35.977668814286034], [126.62387528395426, 35.977648599127015], [126.62385037269785, 35.97990232889051], [126.6266231898536, 35.97992254571203], [126.6266231898536, 35.97992254571203], [126.62939600976702, 35.979942698465024], [126.62939600976702, 35.97994269846504], [126.63216883242933, 35.9799627871493], [126.63219350724258, 35.97770905241412], [126.62942076339496, 35.977688965381816], [126.62942076339496, 35.97768896538181], [126.63219350724258, 35.97770905241412], [126.63219350724258, 35.97770905241412], [126.63219350724258, 35.97770905241412], [126.63216883242933, 35.97996278714929], [126.63494165783179, 35.979982811764636], [126.63496625383002, 35.97772907538277], [126.63496625383002, 35.97772907538277], [126.63499084709717, 35.97547533813797], [126.63221817931598, 35.975455316815925], [126.63221817931598, 35.975455316815925], [126.62944551427432, 35.97543523143547], [126.62944551427432, 35.97543523143546], [126.63221817931598, 35.975455316815925], [126.63221817931598, 35.975455316815925], [126.63499084709717, 35.97547533813797], [126.63501543763356, 35.973221600030264], [126.63501543763356, 35.973221600030264], [126.63504002543947, 35.97096786105966], [126.63504002543947, 35.97096786105966], [126.63501543763356, 35.973221600030264], [126.63499084709717, 35.97547533813796], [126.63499084709717, 35.97547533813796], [126.63496625383002, 35.97772907538277], [126.63773900314857, 35.977749034287555], [126.63776351760916, 35.97549529540144], [126.63776351760916, 35.97549529540144], [126.6377880293477, 35.97324155565248], [126.63781253836454, 35.97098781504073], [126.63781253836454, 35.97098781504073], [126.63783704465996, 35.9687340735662], [126.63783704465996, 35.9687340735662], [126.63783704465996, 35.9687340735662], [126.63783704465996, 35.9687340735662], [126.63781253836454, 35.97098781504073], [126.63781253836454, 35.970987815040736], [126.6377880293477, 35.97324155565248], [126.6377880293477, 35.97324155565248], [126.63776351760916, 35.97549529540144], [126.63776351760916, 35.97549529540144], [126.63773900314857, 35.977749034287555], [126.63773900314857, 35.977749034287555], [126.63771448596566, 35.98000277231085], [126.64048731682216, 35.980022668787754], [126.64048731682216, 35.980022668787754], [126.64326015039254, 35.98004250119511], [126.64323578813604, 35.98229624162275], [126.64600870323655, 35.9823160115861], [126.64600870323655, 35.9823160115861], [126.64878162103376, 35.98233571747426], [126.64880582564, 35.98008197380045], [126.64603298666808, 35.980062269532745], [126.64603298666808, 35.980062269532745], [126.64603298666808, 35.980062269532745], [126.64880582564, 35.98008197380045], [126.6488300275586, 35.97782822926414], [126.65160279040133, 35.97784786784664], [126.6516269108245, 35.97559412083287], [126.6516269108245, 35.97559412083287], [126.6516269108245, 35.975594120832874], [126.65162691082453, 35.975594120832874], [126.65160279040136, 35.97784786784664], [126.65437555592267, 35.977867442364094], [126.65437555592267, 35.977867442364094], [126.65437555592267, 35.977867442364094], [126.65160279040136, 35.97784786784664], [126.6515786672996, 35.98010161399803], [126.65435151163805, 35.98012119012529], [126.65435151163805, 35.98012119012529], [126.65435151163805, 35.98012119012529], [126.6515786672996, 35.98010161399804], [126.65155454151895, 35.982355359287006], [126.65155454151895, 35.982355359287006], [126.65153041305909, 35.984609103713545], [126.65430341505808, 35.9846286830607], [126.65427936276214, 35.98688242823486], [126.65427936276217, 35.98688242823486], [126.65425530779517, 35.989136172546615], [126.65702847016108, 35.98915569102244], [126.65705244627561, 35.986901945105764], [126.65705244627561, 35.986901945105764], [126.65705244627561, 35.986901945105764], [126.65982553245135, 35.98692139789016], [126.65982553245135, 35.986921397890164], [126.66259862128062, 35.986940786587844], [126.66259862128062, 35.98694078658783], [126.66537171275469, 35.9869601111986], [126.66539544967404, 35.98470635963679], [126.66539544967404, 35.98470635963679], [126.66537171275469, 35.9869601111986], [126.66814480686479, 35.986979371722256], [126.66814480686479, 35.986979371722256], [126.67091790360217, 35.98699856815861], [126.67094148283142, 35.98474481343458], [126.66816846493926, 35.9847256185767], [126.66816846493926, 35.9847256185767], [126.66816846493926, 35.9847256185767], [126.66816846493926, 35.98472561857669], [126.67094148283142, 35.98474481343457], [126.67094148283142, 35.98474481343458], [126.67371450334183, 35.98476394421023], [126.67373800111612, 35.98251018705126], [126.67373800111612, 35.98251018705126], [126.67376149628126, 35.980256429030554], [126.67376149628126, 35.980256429030554], [126.67378498883748, 35.97800267014814], [126.67101220481102, 35.97798354409158], [126.67101220481102, 35.97798354409157], [126.66823942340191, 35.977964353968574], [126.66823942340191, 35.977964353968574], [126.67101220481102, 35.977983544091565], [126.67101220481102, 35.977983544091565], [126.67378498883748, 35.978002670148136], [126.67380847878513, 35.97574891040405], [126.67380847878513, 35.97574891040405], [126.67380847878513, 35.97574891040405], [126.6765811866094, 35.975767970826425], [126.67660459514673, 35.973514208653185], [126.67660459514673, 35.973514208653185], [126.67662800108478, 35.97126044561842], [126.67662800108478, 35.97126044561842], [126.67662800108481, 35.97126044561842], [126.67660459514673, 35.973514208653185], [126.67660459514673, 35.973514208653185], [126.6765811866094, 35.975767970826425], [126.6765811866094, 35.975767970826425], [126.67380847878513, 35.97574891040405], [126.67378498883748, 35.978002670148136], [126.67378498883748, 35.978002670148136], [126.67376149628126, 35.980256429030554], [126.67653436173582, 35.98027549258817], [126.67655777547255, 35.97802173213809], [126.67655777547255, 35.97802173213809], [126.67653436173582, 35.98027549258817], [126.67930722979054, 35.98029449207373], [126.67930722979054, 35.98029449207373], [126.67930722979054, 35.98029449207373], [126.67928389228227, 35.982548253224685], [126.67928389228227, 35.982548253224685], [126.67930722979054, 35.98029449207373], [126.67653436173582, 35.980275492588184], [126.67653436173582, 35.98027549258817], [126.67376149628126, 35.980256429030554], [126.67373800111612, 35.98251018705126], [126.67373800111612, 35.98251018705126], [126.67371450334186, 35.98476394421023], [126.67648752646173, 35.98478301090346], [126.67648752646173, 35.98478301090346], [126.67926055218231, 35.98480201351409], [126.67926055218231, 35.98480201351409], [126.67926055218231, 35.98480201351409], [126.67923720949041, 35.98705577294192], [126.67923720949041, 35.98705577294192], [126.67921386420625, 35.98930953150816], [126.6819870502203, 35.98932847315086], [126.6819870502203, 35.98932847315086], [126.67921386420625, 35.98930953150816], [126.67921386420625, 35.98930953150816], [126.67644068078474, 35.98929052577213], [126.67641725404442, 35.9915442819139], [126.6791905163295, 35.99156328921278], [126.67916716585994, 35.99381704605575], [126.6819405096105, 35.99383599081368], [126.6819405096105, 35.99383599081368], [126.68471385594545, 35.99385487146753], [126.68473704866948, 35.99160111151451], [126.68473704866948, 35.99160111151451], [126.68473704866948, 35.99160111151451], [126.68473704866948, 35.99160111151451], [126.68471385594545, 35.99385487146753], [126.68748720485604, 35.99387368801712], [126.68746408843836, 35.996127448655855], [126.69023751879806, 35.99614620264294], [126.69023751879806, 35.99614620264294], [126.69301095171616, 35.9961648925201], [126.69301095171616, 35.9961648925201], [126.69578438718389, 35.99618351828717], [126.69580726695389, 35.99392975303845], [126.69580726695389, 35.99392975303845], [126.69580726695389, 35.99392975303846], [126.69580726695389, 35.99392975303846], [126.69578438718389, 35.99618351828717], [126.69855782519252, 35.99620207994395], [126.6985806260794, 35.99394831316909], [126.6985806260794, 35.99394831316909], [126.69860342443444, 35.99169454553321], [126.69860342443444, 35.99169454553321], [126.6985806260794, 35.99394831316909], [126.6985806260794, 35.99394831316909], [126.69855782519252, 35.99620207994395], [126.70133126573326, 35.99622057749026], [126.70133126573326, 35.99622057749026], [126.70410470879735, 35.9962390109259], [126.70412735191712, 35.99398524111463], [126.70412735191712, 35.99398524111463], [126.70410470879735, 35.996239010925905], [126.70687815437604, 35.99625738025072], [126.70687815437606, 35.99625738025072], [126.7096516024606, 35.99627568546449], [126.70967408781213, 35.994021912637855], [126.70967408781213, 35.994021912637855], [126.70969657066688, 35.9917681389505], [126.70969657066688, 35.9917681389505], [126.70967408781213, 35.994021912637855], [126.71244745950922, 35.994040152240636], [126.71244745950922, 35.994040152240636], [126.71522083369436, 35.9940583277373], [126.71524315879726, 35.99180455105584], [126.71524315879726, 35.99180455105584], [126.71526548142111, 35.989550773513855], [126.71526548142111, 35.989550773513855], [126.71526548142111, 35.98955077351385], [126.71803870034161, 35.989568881926], [126.71806094162791, 35.9873151020345], [126.71528780156626, 35.98729699511134], [126.71528780156626, 35.98729699511135], [126.71251466398306, 35.987278824097686], [126.71249226497935, 35.98953260100594], [126.71249226497935, 35.98953260100594], [126.71251466398306, 35.987278824097686], [126.70974152888704, 35.987260588993706], [126.70974152888704, 35.9872605889937], [126.70696839628701, 35.98724228979959], [126.70696839628701, 35.98724228979959], [126.70696839628701, 35.98724228979958], [126.70974152888704, 35.9872605889937], [126.70976400425305, 35.985006812724315], [126.70976400425305, 35.985006812724315], [126.70978647712337, 35.98275303559429], [126.70978647712337, 35.98275303559429], [126.70976400425305, 35.985006812724315], [126.70974152888704, 35.9872605889937], [126.71251466398306, 35.987278824097686], [126.71253706049953, 35.98502504632885], [126.71253706049953, 35.98502504632885], [126.71531011923295, 35.98504321584835], [126.71531011923295, 35.98504321584835], [126.71253706049953, 35.98502504632885], [126.71251466398306, 35.987278824097686], [126.71528780156626, 35.98729699511134], [126.71531011923295, 35.98504321584836], [126.71531011923295, 35.98504321584836], [126.71528780156626, 35.98729699511134], [126.71806094162791, 35.9873151020345], [126.71803870034161, 35.989568881926], [126.72081192173208, 35.989586926242175], [126.72083408415928, 35.98733314486698], [126.72083408415928, 35.98733314486698], [126.72083408415928, 35.98733314486697], [126.72360722915155, 35.98735112360859], [126.72360722915155, 35.987351123608605], [126.72638037659604, 35.98736903825916], [126.72915352648396, 35.9873868888185], [126.72915352648396, 35.9873868888185], [126.73192667880653, 35.98740467528644], [126.73192667880653, 35.98740467528644], [126.73469983355506, 35.98742239766279], [126.73472159926537, 35.98516860808819], [126.73472159926537, 35.98516860808819], [126.73474336255879, 35.98291481765369], [126.73474336255882, 35.98291481765369], [126.73474336255882, 35.98291481765369], [126.73474336255882, 35.98291481765369], [126.73472159926537, 35.98516860808819], [126.73472159926537, 35.98516860808819], [126.73469983355506, 35.98742239766279], [126.73747299072073, 35.987440055947374], [126.74024615029481, 35.98745765014002], [126.74022453988913, 35.98971144175363], [126.74299778072417, 35.98972897329572], [126.74299778072417, 35.98972897329572], [126.7457710239504, 35.98974644074023], [126.7457924766332, 35.98749264624878], [126.7457924766332, 35.98749264624878], [126.74581392693385, 35.98523885089775], [126.74304084142204, 35.98522138632572], [126.74304084142204, 35.98522138632572], [126.74581392693385, 35.985238850897744], [126.74583537485265, 35.98298505468717], [126.74583537485265, 35.98298505468716], [126.7458568203898, 35.98073125761702], [126.7458568203898, 35.98073125761702], [126.7458568203898, 35.98073125761702], [126.74862975060358, 35.98074865524023], [126.74862975060358, 35.98074865524022], [126.74862975060358, 35.98074865524022], [126.74862975060358, 35.98074865524023], [126.7458568203898, 35.98073125761702], [126.74583537485265, 35.98298505468717], [126.74583537485265, 35.98298505468717], [126.74581392693385, 35.98523885089774], [126.74581392693385, 35.985238850897744], [126.7457924766332, 35.987492646248775], [126.74856564337999, 35.98751004816454], [126.74856564337999, 35.98751004816454], [126.75133881250015, 35.98752738598765], [126.75133881250015, 35.98752738598765], [126.75411198398494, 35.98754465971794], [126.75411198398494, 35.98754465971794], [126.75688515782564, 35.987561869355225], [126.75690629271233, 35.985308068312094], [126.75690629271233, 35.985308068312094], [126.75688515782564, 35.98756186935525], [126.75965833401345, 35.98757901489938], [126.76243151253962, 35.98759609635017], [126.76243151253962, 35.98759609635017], [126.76520469339539, 35.98761311370745], [126.76520469339539, 35.98761311370745], [126.76243151253962, 35.98759609635017], [126.76243151253962, 35.987596096350174], [126.75965833401345, 35.98757901489938], [126.75965833401345, 35.98757901489938], [126.75688515782564, 35.98756186935525], [126.75686402059182, 35.98981566953913], [126.75963727564253, 35.98983281649319], [126.75963727564253, 35.98983281649319], [126.75686402059182, 35.989815669539134], [126.7568428810106, 35.99206946886371], [126.7568428810106, 35.99206946886371], [126.75686402059182, 35.98981566953913], [126.75409076788848, 35.989798458486625], [126.75406954943587, 35.99205225639592], [126.75406954943587, 35.99205225639592], [126.75406954943587, 35.99205225639592], [126.75409076788848, 35.989798458486625], [126.75131751754131, 35.98978118333586], [126.75131751754131, 35.98978118333586], [126.74854426955903, 35.989763844087], [126.74854426955903, 35.989763844086994], [126.75131751754131, 35.98978118333586], [126.75131751754131, 35.98978118333586], [126.75409076788848, 35.989798458486625], [126.75411198398494, 35.98754465971794], [126.75133881250015, 35.98752738598765], [126.75133881250015, 35.98752738598765], [126.74856564337999, 35.98751004816454], [126.74856564337999, 35.98751004816454], [126.7457924766332, 35.98749264624878], [126.7457710239504, 35.98974644074023], [126.7457710239504, 35.98974644074023], [126.74574956888517, 35.992000234372064], [126.74574956888517, 35.992000234372064], [126.74572811143727, 35.99425402714426], [126.74850151479586, 35.99427143335329], [126.74852289336441, 35.99201763914993], [126.74852289336441, 35.99201763914993], [126.74854426955903, 35.989763844087], [126.74854426955903, 35.989763844087], [126.74852289336441, 35.99201763914993], [126.75129622021755, 35.99203497982461], [126.75129622021755, 35.99203497982461], [126.75129622021755, 35.992034979824616], [126.74852289336441, 35.99201763914994], [126.74850151479586, 35.99427143335329], [126.74850151479586, 35.994271433353305], [126.74848013385314, 35.99652522669709], [126.74848013385314, 35.99652522669709], [126.74845875053593, 35.9987790191813], [126.75123231405425, 35.998796364133916], [126.7512536184743, 35.99654257022365], [126.7512536184743, 35.99654257022365], [126.75123231405425, 35.998796364133916], [126.75400587993853, 35.99881364496737], [126.75402710546116, 35.99655984963632], [126.75402710546116, 35.99655984963632], [126.75400587993853, 35.99881364496737], [126.75677944818001, 35.998830861681476], [126.75677944818001, 35.998830861681476], [126.75955301876995, 35.99884801427605], [126.75957408649697, 35.99659421611923], [126.75957408649697, 35.99659421611923], [126.75959515188454, 35.99434041710314], [126.76236856702651, 35.99435750276815], [126.76238955119426, 35.992103701487984], [126.75961621493299, 35.99208661722779], [126.75961621493299, 35.99208661722779], [126.75961621493299, 35.99208661722779], [126.75961621493299, 35.992086617227784], [126.76238955119426, 35.99210370148798], [126.76241053303187, 35.989849899348634], [126.76241053303187, 35.989849899348634], [126.76238955119426, 35.99210370148798], [126.76516288978567, 35.99212072164411], [126.76516288978567, 35.99212072164411], [126.76516288978567, 35.99212072164411], [126.7651419844989, 35.99437452432383], [126.7651419844989, 35.99437452432384], [126.76512107689044, 35.99662832614446], [126.76789457557442, 35.996645284985014], [126.7679154042929, 35.99439148177003], [126.7679154042929, 35.99439148177002], [126.76793623069847, 35.99213767769604], [126.7679362306985, 35.99213767769604], [126.7679154042929, 35.99439148177002], [126.7679154042929, 35.99439148177002], [126.76789457557442, 35.996645284985014], [126.77066807657155, 35.99666217971062], [126.77066807657155, 35.99666217971062], [126.76789457557442, 35.996645284985014], [126.76787374454283, 35.99889908734095], [126.76787374454283, 35.99889908734095], [126.76789457557442, 35.996645284985014], [126.76512107689044, 35.99662832614446], [126.76510016696011, 35.998882127105965], [126.76510016696011, 35.998882127105965], [126.7650792547076, 36.001135927208324], [126.7678529111978, 36.00115288883782], [126.76787374454283, 35.99889908734095], [126.77064732443894, 35.99891598345573], [126.77066807657155, 35.99666217971062], [126.77066807657155, 35.99666217971062], [126.77064732443894, 35.99891598345573], [126.77064732443894, 35.99891598345573], [126.77064732443894, 35.99891598345574], [126.76787374454283, 35.99889908734095], [126.7678529111978, 36.00115288883783], [126.77062657000167, 36.00116978634185], [126.77062657000167, 36.00116978634184], [126.77340023111044, 36.00118661972021], [126.77337955328505, 36.00344042313135], [126.77615329560699, 36.00345719376267], [126.77617389451534, 36.001203388972755], [126.77617389451534, 36.001203388972755], [126.77619449113634, 35.99894958332397], [126.77619449113634, 35.99894958332397], [126.77621508547018, 35.996695776816374], [126.77898859335417, 35.996712479196155], [126.77900910651016, 35.99445867045645], [126.78178253778098, 35.99447530735262], [126.78178253778098, 35.99447530735262], [126.78455597132088, 35.994491880138284], [126.78457632443376, 35.992238067809296], [126.78457632443376, 35.992238067809296], [126.78459667528655, 35.989984254621774], [126.7818233995034, 35.98996768456136], [126.7818233995034, 35.98996768456134], [126.77905012598883, 35.98995105040094], [126.77907063231204, 35.987697239085165], [126.77629743993953, 35.987680542198014], [126.77627685475159, 35.98993435214074], [126.77905012598883, 35.98995105040094], [126.77902961738829, 35.992204860858045], [126.78180296977659, 35.992221496386286], [126.78180296977659, 35.992221496386286], [126.77902961738829, 35.992204860858045], [126.77905012598883, 35.98995105040095], [126.77627685475159, 35.98993435214074], [126.77629743993953, 35.98768054219802], [126.77352424985287, 35.9876637812165], [126.77350358580043, 35.989917589780916], [126.77627685475159, 35.98993435214074], [126.77625626727753, 35.99218816122474], [126.77625626727753, 35.99218816122474], [126.77625626727753, 35.99218816122474], [126.77625626727753, 35.99218816122474], [126.77627685475159, 35.98993435214074], [126.77350358580043, 35.989917589780916], [126.77348291945317, 35.9921713974865], [126.77348291945317, 35.9921713974865], [126.77350358580043, 35.98991758978091], [126.77073031914412, 35.98990076332162], [126.77073031914412, 35.98990076332163], [126.76795705479144, 35.98988387276304], [126.7651837927511, 35.98986691810532], [126.7651837927511, 35.98986691810531], [126.7651837927511, 35.98986691810531], [126.76795705479144, 35.98988387276303], [126.76795705479144, 35.98988387276302], [126.77073031914412, 35.98990076332161], [126.77075106206075, 35.98764695614078], [126.77075106206078, 35.98764695614078], [126.77073031914412, 35.98990076332162], [126.77350358580043, 35.98991758978091], [126.77352424985287, 35.98766378121649], [126.77075106206078, 35.98764695614078], [126.77077180267409, 35.98539314810106], [126.76799869604055, 35.9853762603201], [126.76799869604055, 35.9853762603201], [126.77077180267409, 35.98539314810106], [126.77077180267409, 35.98539314810105], [126.77354491161068, 35.98540997179326], [126.77356557107419, 35.98315616151128], [126.77633860345819, 35.98317291973641], [126.77635918178939, 35.980919107217574], [126.77358622824363, 35.98090235037054], [126.77356557107419, 35.98315616151128], [126.77356557107419, 35.98315616151128], [126.77358622824363, 35.98090235037054], [126.77358622824363, 35.98090235037054], [126.77358622824363, 35.98090235037054], [126.77635918178939, 35.980919107217574], [126.77637975783556, 35.978665293840095], [126.77360688311926, 35.97864853837105], [126.77362753570132, 35.97639472551286], [126.77085474209902, 35.97637790735389], [126.77085474209902, 35.9763779073539], [126.76808195079877, 35.97636102512726], [126.76806114057605, 35.97861483521378], [126.76806114057605, 35.97861483521378], [126.76528827276665, 35.9785978875259], [126.76526738140421, 35.98085169535976], [126.76804032804229, 35.98086864444146], [126.76804032804229, 35.980868644441465], [126.76526738140421, 35.98085169535977], [126.76524648772171, 35.98310550233465], [126.76524648772171, 35.98310550233465], [126.76522559171885, 35.98535930845055], [126.76522559171885, 35.98535930845055], [126.76520469339539, 35.98761311370745], [126.76520469339539, 35.98761311370745], [126.76522559171885, 35.98535930845055], [126.76522559171885, 35.98535930845055], [126.76524648772168, 35.98310550233465], [126.76247346456651, 35.983088487775916], [126.76245248971775, 35.98534229249259], [126.75967939004597, 35.98532521244637], [126.75967939004597, 35.98532521244637], [126.75967939004597, 35.98532521244637], [126.76245248971775, 35.98534229249259], [126.76247346456651, 35.983088487775916], [126.76247346456651, 35.983088487775916], [126.76249443708622, 35.98083468220019], [126.75972149509701, 35.980817604962915], [126.75972149509701, 35.980817604962915], [126.75694855544542, 35.98080046364811], [126.75692742525219, 35.98305426640972], [126.75415440911051, 35.98303705960259], [126.75415440911051, 35.98303705960259], [126.75415440911051, 35.98303705960259], [126.75417561814014, 35.98078325825594], [126.75140268318994, 35.98076598878659], [126.75140268318994, 35.98076598878659], [126.75140268318994, 35.98076598878659], [126.75140268318994, 35.98076598878659], [126.75417561814014, 35.98078325825593], [126.7541968248147, 35.97852945605001], [126.7541968248147, 35.97852945605001], [126.75421802913444, 35.97627565298483], [126.75421802913444, 35.97627565298483], [126.75421802913444, 35.97627565298483], [126.7569908087932, 35.97629285554731], [126.7569908087932, 35.97629285554731], [126.75976359079776, 35.97630999404295], [126.75976359079776, 35.97630999404295], [126.76253637513938, 35.97632706847161], [126.7625573406734, 35.97407326031882], [126.75978463514244, 35.97405618729436], [126.75978463514244, 35.97405618729436], [126.7625573406734, 35.97407326031882], [126.7653300485324, 35.97409026928139], [126.76535093293622, 35.97183645887078], [126.76535093293622, 35.97183645887078], [126.76535093293622, 35.97183645887078], [126.76812356431206, 35.9718534023777], [126.76812356431206, 35.9718534023777], [126.77089619799818, 35.97187028182764], [126.77091692249537, 35.969616467776426], [126.77091692249535, 35.969616467776426], [126.77093764469124, 35.967362652866534], [126.76816516858426, 35.967345776192964], [126.76816516858426, 35.967345776192964], [126.76816516858426, 35.967345776192964], [126.76818596725559, 35.96509196181246], [126.76541357223454, 35.965075022485806], [126.76541357223454, 35.965075022485806], [126.76541357223454, 35.965075022485806], [126.76543444736383, 35.96282120863983], [126.76266213342818, 35.96280420667072], [126.76264117953171, 35.965058019118146], [126.76264117953171, 35.965058019118146], [126.76266213342818, 35.96280420667072], [126.75988982181927, 35.96278714066603], [126.75988982181927, 35.96278714066603], [126.75991085214716, 35.96053332876345], [126.75713862163164, 35.96051620013236], [126.75713862163164, 35.96051620013236], [126.75713862163164, 35.96051620013235], [126.75713862163164, 35.96051620013235], [126.75991085214716, 35.96053332876344], [126.75993188013987, 35.95827951600195], [126.7571597283735, 35.958262388779765], [126.7571597283735, 35.95826238877977], [126.75438757895081, 35.9582451975329], [126.75436639346005, 35.96049900747131], [126.75436639346005, 35.96049900747133], [126.75434520561659, 35.96275281655065], [126.75434520561659, 35.96275281655065], [126.75436639346005, 35.96049900747133], [126.75159416764113, 35.96048175078049], [126.75159416764113, 35.96048175078048], [126.74882194418369, 35.96046443006006], [126.74882194418369, 35.96046443006006], [126.74884328717145, 35.9582106229658], [126.74884328717145, 35.9582106229658], [126.74882194418369, 35.96046443006006], [126.75159416764113, 35.960481750780474], [126.75159416764113, 35.96048175078048], [126.75436639346005, 35.96049900747131], [126.75438757895081, 35.9582451975329], [126.75161543188055, 35.95822794226151], [126.75161543188055, 35.95822794226151], [126.75161543188055, 35.95822794226151], [126.75438757895081, 35.9582451975329], [126.75438757895081, 35.9582451975329], [126.7571597283735, 35.958262388779765], [126.75718083277171, 35.95600857656821], [126.75718083277171, 35.9560085765682], [126.75718083277171, 35.9560085765682], [126.7571597283735, 35.958262388779765], [126.75993188013989, 35.95827951600195], [126.75993188013989, 35.958279516001944], [126.7627040342412, 35.95829657919926], [126.7627040342412, 35.95829657919927], [126.7654761906687, 35.95831357837157], [126.76549705884484, 35.95605976194933], [126.76272498115829, 35.956042764175315], [126.76272498115829, 35.956042764175315], [126.76549705884484, 35.95605976194933], [126.76551792470379, 35.95380594466836], [126.76551792470379, 35.95380594466836], [126.76553878824579, 35.95155212652871], [126.76553878824579, 35.95155212652871], [126.76553878824579, 35.95155212652871], [126.76551792470379, 35.95380594466836], [126.7682899259751, 35.95382287702948], [126.7682899259751, 35.95382287702949], [126.7682899259751, 35.95382287702949], [126.76826913884862, 35.95607669570337], [126.76826913884862, 35.95607669570337], [126.7682899259751, 35.95382287702949], [126.76551792470379, 35.95380594466837], [126.76549705884484, 35.956059761949334], [126.76549705884484, 35.956059761949334], [126.76547619066874, 35.95831357837158], [126.76545532017514, 35.96056739393508], [126.76545532017514, 35.96056739393508], [126.7654761906687, 35.95831357837158], [126.7627040342412, 35.95829657919928], [126.7627040342412, 35.95829657919928], [126.75993188013989, 35.95827951600195], [126.75991085214719, 35.96053332876344], [126.75991085214719, 35.96053332876344], [126.75988982181927, 35.96278714066602], [126.76266213342818, 35.96280420667071], [126.76268308499793, 35.960550393364414], [126.76268308499793, 35.960550393364414], [126.76268308499793, 35.96055039336441], [126.76268308499793, 35.96055039336441], [126.76266213342818, 35.96280420667071], [126.76543444736383, 35.962821208639824], [126.76541357223454, 35.965075022485806], [126.76818596725559, 35.965091961812455], [126.76816516858426, 35.967345776192964], [126.77093764469124, 35.96736265286653], [126.77095836458614, 35.96510883709795], [126.77095836458614, 35.96510883709795], [126.77095836458614, 35.96510883709795], [126.77373076421743, 35.96512564834209], [126.77373076421743, 35.965125648342095], [126.77095836458614, 35.96510883709795], [126.77093764469124, 35.967362652866534], [126.77093764469124, 35.967362652866534], [126.77091692249537, 35.969616467776426], [126.77091692249537, 35.969616467776426], [126.77089619799818, 35.97187028182764], [126.77366883398584, 35.97188709722045], [126.77368947968883, 35.96963328178627], [126.77368947968883, 35.96963328178627], [126.77371012309926, 35.96737946549349], [126.77648260379951, 35.96739621407365], [126.77650316614074, 35.965142395544746], [126.77650316614074, 35.965142395544746], [126.77648260379951, 35.96739621407365], [126.77648260379951, 35.96739621407365], [126.77648260379951, 35.96739621407365], [126.77371012309926, 35.96737946549349], [126.77368947968883, 35.96963328178628], [126.77368947968883, 35.96963328178628], [126.77366883398584, 35.97188709722045], [126.77366883398584, 35.97188709722045], [126.77364818599011, 35.974140911795985], [126.77364818599011, 35.974140911795985], [126.77364818599011, 35.974140911795985], [126.77366883398584, 35.97188709722045], [126.77089619799818, 35.97187028182764], [126.7708754711995, 35.974124095020144], [126.7708754711995, 35.974124095020144], [126.77085474209902, 35.97637790735389], [126.77362753570132, 35.97639472551286], [126.77360688311926, 35.97864853837104], [126.77637975783556, 35.97866529384008], [126.77640033159693, 35.976411479603975], [126.77640033159693, 35.976411479603975], [126.77642090307374, 35.97415766450927], [126.77642090307374, 35.97415766450927], [126.77640033159693, 35.976411479603975], [126.77917312977708, 35.97642816962708], [126.77917312977708, 35.97642816962708], [126.781945930233, 35.97644479558198], [126.78196634408515, 35.97419097774737], [126.78196634408515, 35.97419097774737], [126.78198675567047, 35.97193715905433], [126.78198675567047, 35.97193715905433], [126.78198675567047, 35.97193715905432], [126.78198675567047, 35.97193715905432], [126.78196634408515, 35.97419097774737], [126.78473906799539, 35.97420753827189], [126.78473906799539, 35.97420753827189], [126.78473906799539, 35.97420753827189], [126.78473906799539, 35.9742075382719], [126.78196634408515, 35.97419097774737], [126.78194593023302, 35.97644479558199], [126.781945930233, 35.97644479558199], [126.781945930233, 35.97644479558199], [126.77917312977708, 35.97642816962708], [126.77915263483666, 35.97868198523585], [126.77637975783556, 35.978665293840095], [126.77635918178939, 35.980919107217574], [126.77635918178942, 35.980919107217574], [126.77633860345819, 35.98317291973641], [126.77911163812749, 35.98318961387771], [126.77913213762024, 35.980935799986064], [126.78190509572737, 35.980952428675835], [126.78188467507334, 35.98320624393502], [126.78188467507334, 35.98320624393502], [126.78186425215152, 35.985460058335676], [126.78463737021292, 35.98547662567118], [126.78463737021292, 35.98547662567118], [126.78463737021292, 35.98547662567118], [126.78461702387952, 35.98773044057572], [126.78739022305697, 35.98774694517878], [126.78739022305697, 35.98774694517878], [126.79016342448523, 35.987763385686804], [126.79016342448523, 35.987763385686804], [126.79293662815556, 35.98777976209965], [126.79293662815556, 35.98777976209965], [126.79293662815556, 35.98777976209965], [126.79291651615988, 35.99003358020157], [126.79568980092975, 35.990049893860466], [126.7957098340592, 35.987796074417105], [126.79570983405918, 35.987796074417105], [126.79572986496407, 35.98554225411557], [126.79295673791796, 35.98552594313946], [126.79295673791796, 35.98552594313945], [126.79295673791798, 35.98552594313945], [126.79572986496407, 35.98554225411557], [126.79572986496407, 35.98554225411557], [126.79850299423448, 35.98555850100144], [126.79852294406606, 35.98330467850574], [126.79574989364468, 35.98328843295587], [126.79576992010125, 35.98103461093801], [126.79299695074388, 35.98101830264435], [126.79299695074388, 35.98101830264435], [126.79022398361907, 35.98100193027114], [126.79020379948277, 35.983255749601334], [126.79020379948277, 35.983255749601334], [126.79020379948277, 35.983255749601334], [126.79020379948277, 35.983255749601334], [126.79022398361907, 35.98100193027114], [126.78745101873552, 35.98098549381854], [126.78743075575973, 35.98323931179701], [126.78743075575973, 35.98323931179701], [126.78741049053363, 35.98549312891708], [126.78741049053363, 35.98549312891708], [126.78743075575973, 35.98323931179701], [126.78743075575973, 35.98323931179701], [126.78745101873552, 35.98098549381854], [126.78745101873552, 35.98098549381854], [126.78747127946127, 35.97873167498173], [126.78469839565828, 35.97871517580683], [126.78469839565828, 35.97871517580683], [126.78469839565828, 35.97871517580683], [126.78471873295598, 35.97646135746855], [126.78471873295598, 35.97646135746855], [126.78471873295598, 35.97646135746855], [126.78749153793724, 35.97647785528659], [126.78749153793724, 35.97647785528659], [126.79026434516804, 35.97649428903595], [126.79026434516804, 35.97649428903595], [126.79026434516804, 35.97649428903595], [126.79024416551408, 35.97874811008266], [126.79024416551408, 35.97874811008266], [126.79022398361907, 35.981001930271134], [126.79299695074388, 35.981018302644344], [126.79299695074388, 35.98101830264435], [126.79576992010125, 35.981034610938], [126.79578994433403, 35.978780788062025], [126.79301705380792, 35.97876448110949], [126.79301705380792, 35.97876448110948], [126.79301705380792, 35.97876448110948], [126.79303715463963, 35.976510658716464], [126.79580996634327, 35.97652696432795], [126.79580996634327, 35.97652696432795], [126.79858278027018, 35.97654320587025], [126.79860272124215, 35.97428937994241], [126.79860272124215, 35.974289379942405], [126.79862265999982, 35.972035553156566], [126.79585000369214, 35.97201931428558], [126.79582998612922, 35.97427313973579], [126.79305725323933, 35.97425683546527], [126.79303715463963, 35.976510658716464], [126.79303715463963, 35.976510658716464], [126.79305725323933, 35.97425683546527], [126.79305725323933, 35.97425683546527], [126.79305725323933, 35.97425683546527], [126.79582998612922, 35.97427313973579], [126.79585000369214, 35.972019314285575], [126.79585000369214, 35.972019314285575], [126.7958700190323, 35.969765487977334], [126.7958700190323, 35.969765487977334], [126.7958700190323, 35.969765487977334], [126.79864259654346, 35.969781725512775], [126.79866253087333, 35.96752789701104], [126.79866253087333, 35.96752789701104], [126.79868246298966, 35.965274067651386], [126.79591004304521, 35.96525783278685], [126.7958900321499, 35.967511660811084], [126.7958900321499, 35.967511660811084], [126.7958900321499, 35.967511660811084], [126.79311753564872, 35.96749536056303], [126.79309744374362, 35.969749186388526], [126.79309744374362, 35.969749186388526], [126.79307734960723, 35.97200301135595], [126.79307734960723, 35.97200301135595], [126.79307734960723, 35.97200301135595], [126.79030469775388, 35.971986644367846], [126.79030469775388, 35.971986644367846], [126.79030469775388, 35.971986644367846], [126.79032487068625, 35.96973282074652], [126.79032487068625, 35.96973282074652], [126.79034504137857, 35.96747899626703], [126.78757254934823, 35.967462567923256], [126.78757254934823, 35.96746256792325], [126.79034504137857, 35.967478996267026], [126.79036520983114, 35.96522517092939], [126.79038537604417, 35.96297134473365], [126.79038537604417, 35.96297134473365], [126.79040554001796, 35.960717517679804], [126.78763328429608, 35.96070109338942], [126.78765352478283, 35.95844726682849], [126.78488135006046, 35.95843077986254], [126.78486103082197, 35.960684605067215], [126.78486103082197, 35.960684605067215], [126.78486103082197, 35.96068460506722], [126.78208877960436, 35.96066805271338], [126.78206837934911, 35.96292187569824], [126.78206837934911, 35.96292187569824], [126.78208877960436, 35.96066805271338], [126.77931653065204, 35.96065143632804], [126.77931653065204, 35.96065143632804], [126.78208877960436, 35.96066805271337], [126.78486103082197, 35.960684605067215], [126.78488135006046, 35.95843077986254], [126.78210917759435, 35.95841422887019], [126.77933700739327, 35.95839761385165], [126.77933700739327, 35.958397613851645], [126.7765648394659, 35.958380934807046], [126.7765648394659, 35.958380934807046], [126.77933700739327, 35.958397613851645], [126.78210917759435, 35.95841422887019], [126.78210917759435, 35.95841422887019], [126.78488135006046, 35.95843077986253], [126.78488135006046, 35.95843077986253], [126.78765352478283, 35.958447266828486], [126.78767376302206, 35.95619343940943], [126.78490166704272, 35.95617695379964], [126.78490166704272, 35.95617695379964], [126.78767376302206, 35.95619343940943], [126.78769399901405, 35.95393961113229], [126.78492198176896, 35.953923126878585], [126.78494229423947, 35.951669299099386], [126.78494229423947, 35.951669299099386], [126.78494229423947, 35.951669299099386], [126.78771423275901, 35.951685781997064], [126.78773446425724, 35.94943195200378], [126.78496260445448, 35.94941547046205], [126.78496260445448, 35.94941547046205], [126.78219074690695, 35.949398924914995], [126.7821703579754, 35.95165275219113], [126.7821703579754, 35.95165275219113], [126.78214996677961, 35.95390657860905], [126.78214996677961, 35.95390657860905], [126.78214996677961, 35.95390657860906], [126.78214996677961, 35.95390657860906], [126.7821703579754, 35.95165275219114], [126.77939842397556, 35.95163614127245], [126.77939842397556, 35.95163614127245], [126.77662649224872, 35.95161946634354], [126.77660594360316, 35.95387329002309], [126.77660594360316, 35.95387329002309], [126.77660594360316, 35.95387329002309], [126.77660594360316, 35.95387329002309], [126.77662649224872, 35.95161946634353], [126.77939842397556, 35.95163614127245], [126.77939842397556, 35.95163614127245], [126.7821703579754, 35.95165275219113], [126.78219074690695, 35.949398924914995], [126.77941889162338, 35.9493823153628], [126.77941889162338, 35.94938231536279], [126.77664703861255, 35.949365641805606], [126.77662649224872, 35.95161946634353], [126.77662649224872, 35.95161946634353], [126.77664703861255, 35.949365641805606], [126.77387518788316, 35.94934890424361], [126.77110333944397, 35.949332102676955], [126.77110333944397, 35.949332102676955], [126.76833149330372, 35.94931523710583], [126.76831071079337, 35.951569057496954], [126.76831071079337, 35.951569057496954], [126.76833149330372, 35.949315237105836], [126.76555964947113, 35.9492983075304], [126.76278780795496, 35.94928131395082], [126.7627668680149, 35.951535131551076], [126.7627668680149, 35.951535131551076], [126.7627668680149, 35.951535131551076], [126.7599949501094, 35.95151807256421], [126.75997392912073, 35.95377188790231], [126.75997392912073, 35.95377188790231], [126.75997392912073, 35.95377188790231], [126.7599949501094, 35.95151807256421], [126.75722303453807, 35.951500949568285], [126.75722303453807, 35.951500949568285], [126.75445112130963, 35.95148376256346], [126.75445112130963, 35.95148376256346], [126.7516792104328, 35.951466511549924], [126.75165795327612, 35.95372032264621], [126.75165795327612, 35.95372032264621], [126.7516792104328, 35.951466511549924], [126.74890730191638, 35.951449196527854], [126.74890730191638, 35.95144919652784], [126.74890730191638, 35.95144919652784], [126.74892863542608, 35.94919538599688], [126.7461568079919, 35.94917800839608], [126.7461568079919, 35.94917800839608], [126.74338498293528, 35.94916056679237], [126.74336349199955, 35.951414374458764], [126.74336349199955, 35.951414374458764], [126.74059159061666, 35.95139686741211], [126.74057001857301, 35.95365067277894], [126.74057001857301, 35.95365067277894], [126.74054844413374, 35.95590447728635], [126.74054844413374, 35.95590447728635], [126.74054844413374, 35.95590447728635], [126.74057001857298, 35.95365067277893], [126.74057001857301, 35.95365067277893], [126.74059159061666, 35.9513968674121], [126.74059159061666, 35.9513968674121], [126.74336349199955, 35.95141437445876], [126.74338498293528, 35.949160566792365], [126.74061316026499, 35.94914306118589], [126.74061316026499, 35.94914306118589], [126.74338498293528, 35.949160566792365], [126.7434064714847, 35.946906758266685], [126.74342795764807, 35.94465294888176], [126.74342795764807, 35.94465294888176], [126.74344944142562, 35.942399138637604], [126.74344944142562, 35.942399138637604], [126.74342795764807, 35.94465294888176], [126.74619962530515, 35.9446703876159], [126.74622103039607, 35.94241657593705], [126.74622103039607, 35.94241657593705], [126.74619962530515, 35.9446703876159], [126.74897129533929, 35.94468776235762], [126.74897129533929, 35.944687762357624], [126.74619962530515, 35.9446703876159], [126.74342795764807, 35.94465294888177], [126.7434064714847, 35.946906758266685], [126.7434064714847, 35.946906758266685], [126.74338498293528, 35.949160566792365], [126.7461568079919, 35.94917800839608], [126.74617821783718, 35.94692419843558], [126.74617821783718, 35.94692419843558], [126.7461568079919, 35.94917800839608], [126.74892863542608, 35.94919538599687], [126.74890730191638, 35.95144919652784], [126.7516792104328, 35.95146651154992], [126.7516792104328, 35.95146651154992], [126.75445112130963, 35.951483762563456], [126.75445112130963, 35.951483762563456], [126.75722303453807, 35.95150094956828], [126.75722303453807, 35.95150094956828], [126.7599949501094, 35.95151807256421], [126.76001596876391, 35.94926425636727], [126.75724413190679, 35.94924713477994], [126.75724413190679, 35.94924713477993], [126.76001596876391, 35.94926425636727], [126.76003698508457, 35.94701043931154], [126.76003698508457, 35.94701043931154], [126.76005799907156, 35.94475662139704], [126.76005799907156, 35.94475662139704], [126.76003698508457, 35.94701043931154], [126.76003698508457, 35.94701043931154], [126.76001596876394, 35.94926425636727], [126.76001596876391, 35.94926425636727], [126.7599949501094, 35.95151807256421], [126.7627668680149, 35.951535131551076], [126.76278780795496, 35.94928131395081], [126.76278780795496, 35.94928131395081], [126.76278780795496, 35.94928131395081], [126.76555964947113, 35.94929830753039], [126.76555964947113, 35.94929830753039], [126.76833149330372, 35.94931523710583], [126.76835227350638, 35.94706141585614], [126.76558050838004, 35.94704448767343], [126.76558050838004, 35.94704448767343], [126.76835227350638, 35.94706141585614], [126.76835227350638, 35.94706141585614], [126.76833149330372, 35.94931523710582], [126.77110333944397, 35.94933210267695], [126.77110333944397, 35.94933210267695], [126.77387518788316, 35.94934890424359], [126.77387518788316, 35.94934890424359], [126.77664703861255, 35.949365641805606], [126.77664703861255, 35.949365641805606], [126.77941889162338, 35.94938231536279], [126.78219074690695, 35.94939892491499], [126.7822111335745, 35.94714509678068], [126.77943935699848, 35.94712848859487], [126.77945982010114, 35.94487466096872], [126.77945982010114, 35.94487466096872], [126.77948028093158, 35.942620832484366], [126.77948028093158, 35.942620832484366], [126.77948028093158, 35.94262083248436], [126.78225190011872, 35.94263743793759], [126.78227227999591, 35.94038360722887], [126.77950073949006, 35.9403670031418], [126.77950073949006, 35.9403670031418], [126.77672920125593, 35.940350335070804], [126.77670866401637, 35.94260416304193], [126.77670866401637, 35.94260416304193], [126.77668812449613, 35.94485799015479], [126.7766881244961, 35.94485799015479], [126.77670866401635, 35.94260416304193], [126.77670866401637, 35.94260416304193], [126.77672920125593, 35.940350335070804], [126.77395766530219, 35.94033360301604], [126.77393704938183, 35.94258742961047], [126.77393704938183, 35.94258742961047], [126.77393704938183, 35.94258742961048], [126.77393704938183, 35.94258742961048], [126.77395766530219, 35.94033360301604], [126.77118613163765, 35.94031680697769], [126.77118613163765, 35.9403168069777], [126.76841460027099, 35.940299946955925], [126.76841460027099, 35.940299946955925], [126.76564307121096, 35.94028302295091], [126.76562221924969, 35.94253684538367], [126.76839382698977, 35.94255377078118], [126.76839382698977, 35.94255377078118], [126.77116543703671, 35.942570632190176], [126.77114474013764, 35.9448244565442], [126.77114474013764, 35.9448244565442], [126.77114474013764, 35.944824456544204], [126.76837305140167, 35.944807593747925], [126.76837305140167, 35.944807593747925], [126.76560136497284, 35.94479066695784], [126.76560136497284, 35.94479066695785], [126.76282968085988, 35.944773676174165], [126.76282968085988, 35.94477367617416], [126.76282968085988, 35.94477367617416], [126.76285061382528, 35.9425198559978], [126.76007901072519, 35.94250280262377], [126.76007901072519, 35.942502802623785], [126.75730740995824, 35.94248568526175], [126.7572863196166, 35.94473950262667], [126.75728631961663, 35.94473950262667], [126.75726522693289, 35.946993319132716], [126.75726522693289, 35.946993319132716], [126.75726522693289, 35.946993319132716], [126.75726522693289, 35.946993319132716], [126.7572863196166, 35.94473950262665], [126.75451464250374, 35.944722319863175], [126.75451464250374, 35.94472231986319], [126.75174296774172, 35.944705073106775], [126.75174296774172, 35.94470507310677], [126.74897129533929, 35.94468776235762], [126.74897129533929, 35.94468776235761], [126.75174296774172, 35.94470507310677], [126.75174296774172, 35.94470507310677], [126.75451464250374, 35.944722319863175], [126.7545358115331, 35.94246850391188], [126.7545358115331, 35.94246850391188], [126.75451464250374, 35.944722319863175], [126.7572863196166, 35.94473950262665], [126.75730740995822, 35.942485685261744], [126.75730740995824, 35.942485685261744], [126.75730740995824, 35.942485685261744], [126.76007901072519, 35.94250280262377], [126.76010002004575, 35.94024898299178], [126.76010002004575, 35.94024898299178], [126.76012102703346, 35.93799516250109], [126.76012102703346, 35.93799516250109], [126.76012102703346, 35.93799516250109], [126.76289247278324, 35.93801221306915], [126.76291339877633, 35.93575839031691], [126.76014203168859, 35.93574134115168], [126.76014203168859, 35.9357413411517], [126.75737066693317, 35.93572422801426], [126.75734958361625, 35.937978047955525], [126.75734958361625, 35.937978047955525], [126.75457814254037, 35.93796086943267], [126.75457814254037, 35.93796086943268], [126.75180670381451, 35.937943626932686], [126.75178546081605, 35.940197443183], [126.75178546081602, 35.940197443183], [126.75176421545854, 35.94245125857436], [126.75176421545854, 35.94245125857436], [126.75178546081602, 35.940197443182996], [126.75178546081602, 35.940197443182996], [126.75180670381448, 35.93794362693268], [126.75180670381451, 35.93794362693268], [126.75182794445419, 35.935689809823444], [126.74905658674808, 35.935672504770416], [126.74903526744743, 35.93792632045574], [126.7490352674474, 35.93792632045574], [126.74905658674808, 35.935672504770416], [126.74628523140925, 35.935655135745876], [126.74628523140925, 35.93565513574588], [126.74351387844635, 35.93563770274998], [126.74349240182453, 35.93789151557169], [126.74349240182451, 35.93789151557169], [126.74351387844635, 35.93563770274997], [126.74074252786819, 35.935620205782904], [126.74074252786819, 35.935620205782904], [126.73797117968347, 35.935602644844856], [126.73794954574151, 35.9378564547819], [126.74072097258617, 35.93787401716492], [126.74072097258617, 35.93787401716492], [126.74072097258617, 35.93787401716492], [126.74072097258617, 35.93787401716492], [126.73794954574151, 35.9378564547819], [126.73794954574151, 35.9378564547819], [126.73794954574151, 35.9378564547819], [126.73797117968346, 35.935602644844856], [126.73799281122322, 35.93334883404851], [126.73522154409157, 35.93333121058976], [126.73522154409157, 35.93333121058976], [126.73245027937058, 35.93331352316567], [126.73245027937058, 35.93331352316567], [126.72967901706893, 35.933295771776365], [126.72965714957726, 35.93554957820648], [126.72965714957726, 35.93554957820648], [126.72965714957724, 35.93554957820648], [126.72967901706893, 35.933295771776365], [126.72690775719538, 35.93327795642203], [126.72690775719538, 35.93327795642203], [126.72413649975867, 35.93326007710287], [126.72411447496708, 35.93551388059586], [126.72411447496708, 35.93551388059586], [126.72409244772966, 35.93776768322915], [126.72409244772966, 35.93776768322915], [126.72411447496708, 35.93551388059587], [126.72134314132637, 35.93549593583559], [126.72132103543068, 35.93774973699233], [126.71854962558655, 35.937731726780505], [126.71852743856927, 35.939985525595546], [126.72129892708014, 35.940003537289265], [126.72132103543068, 35.93774973699234], [126.72132103543068, 35.93774973699234], [126.72129892708014, 35.940003537289265], [126.72407041804613, 35.94002148500271], [126.72404838591619, 35.942275285916516], [126.72681995800457, 35.94229317112096], [126.72681995800457, 35.94229317112097], [126.72679800211274, 35.94454697264651], [126.72679800211274, 35.94454697264651], [126.7267760437827, 35.94680077331234], [126.7267760437827, 35.94680077331234], [126.7267540830142, 35.949054573118424], [126.72952589362181, 35.949072398736014], [126.72952589362181, 35.949072398736014], [126.73229770665944, 35.94909016035172], [126.73229770665944, 35.94909016035173], [126.72952589362181, 35.949072398736014], [126.72950400912578, 35.951326199148845], [126.73227590087491, 35.951343962225806], [126.73227590087491, 35.951343962225806], [126.7350477950456, 35.951361661295444], [126.73502606556006, 35.953615463765956], [126.73779804086435, 35.95363310027891], [126.7378196916291, 35.9513792963576], [126.7378196916291, 35.9513792963576], [126.7378196916291, 35.9513792963576], [126.73779804086438, 35.95363310027891], [126.73779804086435, 35.95363310027891], [126.73777638769528, 35.95588690334072], [126.73777638769528, 35.95588690334072], [126.7377547321216, 35.95814070554304], [126.74052686729861, 35.95815828093435], [126.74329900487174, 35.95817579230205], [126.74332050296803, 35.95592198721363], [126.74332050296803, 35.95592198721363], [126.74332050296803, 35.95592198721363], [126.74332050296803, 35.95592198721363], [126.74329900487174, 35.95817579230205], [126.74607114483227, 35.95819323964591], [126.74609256418948, 35.95593943312233], [126.74609256418948, 35.95593943312233], [126.74611398116832, 35.95368562573949], [126.74611398116832, 35.95368562573949], [126.74613539576903, 35.9514318174974], [126.74613539576903, 35.9514318174974], [126.74613539576903, 35.951431817497394], [126.74613539576903, 35.951431817497394], [126.74611398116832, 35.95368562573948], [126.74888596603753, 35.95370300619967], [126.74888596603753, 35.953703006199675], [126.74611398116832, 35.95368562573949], [126.74609256418948, 35.95593943312234], [126.74609256418948, 35.95593943312234], [126.74607114483227, 35.958193239645915], [126.74607114483227, 35.958193239645915], [126.74604972309639, 35.96044704531021], [126.74604972309639, 35.96044704531021], [126.7460282989816, 35.962700850115176], [126.74880059882572, 35.96271823629508], [126.74880059882572, 35.96271823629509], [126.75157290104032, 35.96273555844031], [126.75157290104032, 35.96273555844031], [126.74880059882572, 35.962718236295096], [126.74877925109732, 35.964972041670876], [126.74877925109732, 35.96497204167088], [126.74875790099821, 35.96722584618736], [126.74875790099821, 35.96722584618736], [126.74877925109732, 35.96497204167088], [126.74600687248761, 35.96495465406084], [126.74598544361416, 35.96720845714711], [126.74321298860984, 35.96719100406181], [126.74321298860984, 35.96719100406181], [126.74044053599398, 35.96717348693162], [126.7404621224153, 35.96491968672157], [126.7404621224153, 35.96491968672157], [126.74323449625733, 35.964937202410994], [126.74325600151664, 35.962683399900754], [126.74325600151664, 35.962683399900754], [126.74323449625733, 35.964937202410994], [126.74600687248761, 35.964954654060826], [126.74600687248761, 35.964954654060826], [126.74877925109732, 35.964972041670876], [126.74880059882572, 35.96271823629509], [126.7460282989816, 35.962700850115176], [126.7460282989816, 35.962700850115176], [126.7460282989816, 35.962700850115176], [126.74604972309639, 35.96044704531021], [126.74604972309639, 35.96044704531021], [126.74607114483227, 35.958193239645915], [126.74329900487174, 35.95817579230206], [126.74327750438802, 35.96042959653109], [126.74327750438802, 35.96042959653109], [126.74325600151664, 35.962683399900754], [126.74048370643965, 35.96266588565198], [126.74048370643965, 35.962665885651994], [126.73771141375934, 35.96264830736904], [126.73768975097018, 35.96490210699268], [126.73768975097018, 35.96490210699269], [126.73766808577535, 35.96715590575673], [126.73766808577535, 35.96715590575673], [126.73764641817453, 35.96940970366115], [126.74041894717544, 35.969427286282134], [126.74041894717544, 35.969427286282134], [126.74039735595943, 35.97168108477309], [126.74039735595943, 35.97168108477309], [126.74037576234564, 35.97393488240445], [126.74037576234564, 35.97393488240445], [126.74035416633383, 35.9761886791762], [126.74312693413235, 35.97620620207019], [126.74312693413235, 35.97620620207019], [126.74589970432042, 35.97622366089821], [126.74592114271437, 35.97396986124959], [126.74869383647392, 35.973987254580955], [126.74867247688928, 35.97624105566012], [126.74589970432042, 35.97622366089821], [126.74589970432042, 35.97622366089821], [126.74312693413235, 35.976206202070195], [126.74312693413235, 35.976206202070195], [126.74035416633383, 35.976188679176204], [126.7403325679237, 35.97844247508832], [126.7403325679237, 35.97844247508832], [126.7403325679237, 35.97844247508833], [126.73755972370623, 35.97842488668216], [126.73755972370623, 35.978424886682156], [126.73478688189606, 35.97840723420512], [126.73478688189606, 35.97840723420512], [126.73201404250199, 35.97838951765741], [126.73201404250199, 35.97838951765741], [126.72924120553272, 35.978371737039176], [126.7292192894216, 35.98062552627403], [126.7292192894216, 35.98062552627403], [126.72924120553272, 35.978371737039176], [126.72646837099703, 35.97835389235062], [126.72646837099703, 35.97835389235062], [126.72924120553272, 35.978371737039176], [126.72926311921029, 35.976117946944335], [126.72926311921029, 35.976117946944335], [126.72928503045452, 35.97386415598954], [126.72928503045452, 35.97386415598954], [126.72930693926577, 35.9716103641748], [126.72653434115236, 35.97159252388847], [126.72655632632076, 35.96933873268106], [126.72378380943853, 35.9693208298129], [126.72378380943853, 35.9693208298129], [126.72655632632076, 35.96933873268106], [126.72657830904795, 35.96708494061368], [126.72657830904795, 35.96708494061368], [126.72660028933416, 35.96483114768636], [126.72660028933416, 35.96483114768636], [126.72657830904795, 35.967084940613674], [126.72935074959022, 35.9671027779656], [126.72935074959022, 35.9671027779656], [126.72935074959022, 35.9671027779656], [126.72935074959022, 35.9671027779656], [126.72657830904795, 35.96708494061368], [126.72655632632076, 35.96933873268106], [126.72655632632076, 35.96933873268106], [126.72653434115236, 35.97159252388847], [126.72930693926577, 35.9716103641748], [126.72930693926577, 35.9716103641748], [126.73207953981192, 35.97162814040661], [126.73207953981192, 35.971628140406615], [126.73207953981192, 35.971628140406615], [126.73207953981192, 35.971628140406615], [126.72930693926577, 35.9716103641748], [126.72928503045452, 35.97386415598955], [126.72928503045452, 35.97386415598955], [126.72926311921029, 35.976117946944335], [126.72926311921029, 35.976117946944335], [126.72924120553272, 35.978371737039176], [126.73201404250199, 35.97838951765741], [126.73201404250199, 35.978389517657405], [126.73478688189606, 35.978407234205115], [126.73478688189606, 35.978407234205115], [126.73755972370623, 35.97842488668215], [126.73755972370623, 35.97842488668215], [126.7403325679237, 35.97844247508832], [126.74035416633383, 35.9761886791762], [126.74035416633383, 35.9761886791762], [126.74037576234564, 35.97393488240446], [126.74037576234564, 35.97393488240446], [126.74039735595943, 35.971681084773095], [126.74039735595943, 35.971681084773095], [126.74041894717544, 35.969427286282134], [126.73764641817453, 35.96940970366115], [126.73764641817453, 35.96940970366115], [126.73487389157987, 35.96939205699038], [126.73485214278207, 35.97164585258372], [126.73485214278207, 35.97164585258372], [126.73485214278207, 35.97164585258372], [126.73485214278207, 35.97164585258372], [126.73487389157987, 35.96939205699038], [126.73487389157987, 35.96939205699038], [126.73487389157987, 35.96939205699038], [126.73764641817453, 35.96940970366115], [126.73766808577535, 35.967155905756734], [126.73766808577535, 35.96715590575673], [126.73768975097018, 35.96490210699269], [126.73771141375931, 35.96264830736904], [126.73771141375934, 35.96264830736904], [126.73773307414305, 35.96039450688582], [126.73496086262391, 35.960376866020006], [126.73493912348442, 35.96263066505211], [126.73493912348442, 35.96263066505211], [126.73491738193076, 35.96488446322456], [126.73491738193076, 35.96488446322456], [126.7321450153058, 35.96486675541733], [126.73212319256473, 35.96712055127354], [126.73212319256473, 35.96712055127354], [126.7321450153058, 35.96486675541733], [126.73491738193076, 35.96488446322454], [126.73493912348442, 35.9626306650521], [126.73493912348442, 35.9626306650521], [126.73496086262391, 35.96037686602], [126.73218865351868, 35.960359161125616], [126.73216683562369, 35.96261295870134], [126.73216683562369, 35.96261295870134], [126.73216683562369, 35.96261295870135], [126.72939455018586, 35.96259518831697], [126.72937265110401, 35.964848983571194], [126.72937265110401, 35.964848983571194], [126.72939455018586, 35.96259518831695], [126.72939455018586, 35.96259518831695], [126.72939455018586, 35.96259518831695], [126.73216683562369, 35.96261295870134], [126.73218865351868, 35.96035916112562], [126.73218865351868, 35.96035916112562], [126.73218865351868, 35.960359161125616], [126.73496086262391, 35.96037686602], [126.73496086262391, 35.96037686602], [126.73773307414302, 35.96039450688581], [126.7377547321216, 35.95814070554304], [126.73498259934948, 35.958123066128245], [126.73498259934948, 35.958123066128245], [126.732210468991, 35.95810536269018], [126.732210468991, 35.95810536269018], [126.73498259934948, 35.958123066128245], [126.73498259934948, 35.958123066128245], [126.7377547321216, 35.95814070554303], [126.73777638769528, 35.95588690334072], [126.73777638769528, 35.95588690334072], [126.73779804086435, 35.95363310027891], [126.73502606556006, 35.953615463765956], [126.7350477950456, 35.95136166129545], [126.73227590087491, 35.95134396222581], [126.73225409266885, 35.95359776324026], [126.73225409266885, 35.95359776324026], [126.73227590087491, 35.95134396222581], [126.72950400912578, 35.951326199148845], [126.72950400912578, 35.951326199148845], [126.72673211980693, 35.951308372064766], [126.72671015416064, 35.953562170151315], [126.72671015416064, 35.953562170151315], [126.72668818607505, 35.95581596737803], [126.72668818607505, 35.95581596737803], [126.72668818607505, 35.955815967378015], [126.72668818607504, 35.955815967378015], [126.72671015416064, 35.9535621701513], [126.72671015416064, 35.9535621701513], [126.72673211980693, 35.951308372064766], [126.7239602329271, 35.951290480973725], [126.72393818856109, 35.953544277588406], [126.72393818856109, 35.953544277588406], [126.72391614174707, 35.955798073343196], [126.72391614174707, 35.955798073343196], [126.72389409248471, 35.95805186823807], [126.72666621554988, 35.95806976374491], [126.72666621554988, 35.95806976374492], [126.72389409248471, 35.95805186823808], [126.72387204077377, 35.96030566227301], [126.72387204077377, 35.96030566227301], [126.72387204077377, 35.96030566227301], [126.72109984141154, 35.96028770126623], [126.72107770849735, 35.96254149296376], [126.72384998661394, 35.96255945544799], [126.72384998661394, 35.962559455447995], [126.72107770849732, 35.962541492963766], [126.72107770849732, 35.962541492963766], [126.7183054328386, 35.96252346644662], [126.7183054328386, 35.96252346644662], [126.72107770849735, 35.962541492963766], [126.72109984141154, 35.96028770126623], [126.71832764450694, 35.96026967623182], [126.71832764450694, 35.96026967623181], [126.71832764450694, 35.96026967623181], [126.7183498537089, 35.958015885156875], [126.71557773801575, 35.95799779758287], [126.71557773801575, 35.95799779758286], [126.71280562479743, 35.957979645986846], [126.71280562479743, 35.957979645986846], [126.71557773801575, 35.95799779758286], [126.71560002348801, 35.95574400713565], [126.71560002348802, 35.95574400713565], [126.71557773801575, 35.95799779758286], [126.7183498537089, 35.95801588515686], [126.7183498537089, 35.95801588515687], [126.72112197186813, 35.958033908708664], [126.72112197186813, 35.958033908708664], [126.72389409248471, 35.95805186823807], [126.72391614174707, 35.955798073343196], [126.72391614174707, 35.955798073343196], [126.72393818856109, 35.953544277588406], [126.7211662254096, 35.953526321013484], [126.7211662254096, 35.953526321013484], [126.7211662254096, 35.953526321013484], [126.7211662254096, 35.953526321013484], [126.72393818856109, 35.953544277588406], [126.7239602329271, 35.951290480973725], [126.72118834849505, 35.95127252587591], [126.72118834849505, 35.95127252587591], [126.7239602329271, 35.951290480973725], [126.72398227484534, 35.949036683499166], [126.72398227484534, 35.94903668349916], [126.72400431431606, 35.946782885164765], [126.72400431431606, 35.946782885164765], [126.72398227484534, 35.94903668349916], [126.7267540830142, 35.949054573118424], [126.7267760437827, 35.94680077331233], [126.7267760437827, 35.94680077331233], [126.72679800211274, 35.94454697264651], [126.72679800211274, 35.94454697264651], [126.72681995800457, 35.94229317112097], [126.72404838591619, 35.94227528591652], [126.72404838591619, 35.942275285916516], [126.72127681627447, 35.94225733672636], [126.72127681627447, 35.94225733672636], [126.71850524908814, 35.942239323550666], [126.71850524908814, 35.942239323550666], [126.71573368436593, 35.942221246389636], [126.71571141373676, 35.9444750419975], [126.71848305714288, 35.944493120645866], [126.71848305714288, 35.944493120645866], [126.7212547030134, 35.94451113530361], [126.7212547030134, 35.94451113530361], [126.7212547030134, 35.94451113530361], [126.7212547030134, 35.944511135303614], [126.71848305714288, 35.944493120645866], [126.71848305714288, 35.944493120645866], [126.71571141373676, 35.94447504199751], [126.71568914063441, 35.946728836745315], [126.71568914063441, 35.946728836745315], [126.71571141373676, 35.9444750419975], [126.71571141373676, 35.9444750419975], [126.71573368436593, 35.94222124638964], [126.71573368436593, 35.94222124638964], [126.71575595252227, 35.93996744992174], [126.71298446894785, 35.939949310268034], [126.71300681329777, 35.93769551443254], [126.71023541087057, 35.937677312296785], [126.71023541087057, 35.93767731229677], [126.71023541087057, 35.93767731229677], [126.71025783139659, 35.93542351709882], [126.70748651011606, 35.93540525249165], [126.70746401093315, 35.937659046186745], [126.70746401093315, 35.937659046186745], [126.70746401093315, 35.937659046186745], [126.70469261349423, 35.937640716102614], [126.70467003314748, 35.93989450742929], [126.70467003314748, 35.93989450742929], [126.7046474502932, 35.942148297895606], [126.7046474502932, 35.942148297895606], [126.70467003314748, 35.93989450742929], [126.70189855955077, 35.93987611185778], [126.70187589802268, 35.94212990081054], [126.70187589802268, 35.94212990081054], [126.70187589802268, 35.94212990081055], [126.69910434826873, 35.942111439741254], [126.69910434826873, 35.942111439741254], [126.69910434826873, 35.942111439741254], [126.69910434826873, 35.94211143974125], [126.70187589802268, 35.94212990081054], [126.70189855955077, 35.93987611185778], [126.70189855955077, 35.93987611185778], [126.70192121856257, 35.93762232204458], [126.70469261349423, 35.937640716102614], [126.70471519133375, 35.93538692391564], [126.70471519133375, 35.93538692391564], [126.70473776666628, 35.93313313086837], [126.70473776666628, 35.93313313086837], [126.70476033949215, 35.93087933696082], [126.70198918050326, 35.930860947442675], [126.70198918050326, 35.930860947442675], [126.70198918050326, 35.930860947442675], [126.70476033949215, 35.930879336960814], [126.70478290981164, 35.928625542193025], [126.70478290981164, 35.928625542193025], [126.70480547762499, 35.92637174656502], [126.7020344758876, 35.926353360073044], [126.70201182945286, 35.928607154188], [126.70201182945286, 35.928607154188], [126.70201182945286, 35.928607154188], [126.69924075160891, 35.928588702230314], [126.69921802402946, 35.93084249396658], [126.69921802402946, 35.93084249396659], [126.69921802402946, 35.93084249396659], [126.69644687007955, 35.93082397653275], [126.69642406133798, 35.933077765884875], [126.69642406133798, 35.933077765884875], [126.69644687007955, 35.93082397653275], [126.69367571866222, 35.930805395141356], [126.69367571866222, 35.93080539514135], [126.69644687007955, 35.93082397653275], [126.69644687007955, 35.93082397653275], [126.69921802402946, 35.93084249396659], [126.69924075160891, 35.928588702230314], [126.69926347666478, 35.92633490963365], [126.69649247996524, 35.926316395247035], [126.69649247996524, 35.926316395247035], [126.69372148579774, 35.92629781691338], [126.69372148579774, 35.92629781691338], [126.69095049417098, 35.92627917463286], [126.69095049417098, 35.92627917463285], [126.68817950509367, 35.92626046840568], [126.68815646555618, 35.928514254876504], [126.68815646555618, 35.928514254876504], [126.68815646555618, 35.928514254876504], [126.68538540041742, 35.92849548315822], [126.68540851857455, 35.926241698232026], [126.68540851857455, 35.926241698232026], [126.68543163416477, 35.923987912445014], [126.68266072882325, 35.923969079874844], [126.67988982605712, 35.92395018336385], [126.67988982605712, 35.92395018336384], [126.68266072882325, 35.92396907987484], [126.68266072882325, 35.92396907987484], [126.68543163416477, 35.92398791244501], [126.68545474718837, 35.921734125797215], [126.6826839204488, 35.92171529477676], [126.6826839204488, 35.92171529477676], [126.6826839204488, 35.92171529477676], [126.68270710949925, 35.919461508817825], [126.67993636392768, 35.91944261541668], [126.6799130962843, 35.92169639982072], [126.6799130962843, 35.92169639982072], [126.6799130962843, 35.92169639982072], [126.6771422747036, 35.921677440929294], [126.6771422747036, 35.9216774409293], [126.67437145571543, 35.92165841810268], [126.67434802828582, 35.92391219852009], [126.67434802828582, 35.92391219852009], [126.67432459825469, 35.92616597807637], [126.67432459825469, 35.92616597807637], [126.67432459825469, 35.92616597807638], [126.67432459825469, 35.92616597807638], [126.67434802828582, 35.92391219852008], [126.67437145571543, 35.92165841810268], [126.67437145571543, 35.92165841810268], [126.67437145571543, 35.921658418102666], [126.6771422747036, 35.921677440929294], [126.6771422747036, 35.921677440929294], [126.6799130962843, 35.92169639982072], [126.67993636392768, 35.91944261541668], [126.6771656209396, 35.91942365808538], [126.6771656209396, 35.91942365808538], [126.67439488054377, 35.91940463682415], [126.67439488054377, 35.919404636824154], [126.67162414274891, 35.919385551633184], [126.67160063932852, 35.92163933134104], [126.67160063932852, 35.92163933134104], [126.67157713329813, 35.92389311018771], [126.67155362465749, 35.92614688817317], [126.67155362465749, 35.92614688817317], [126.67157713329813, 35.92389311018772], [126.67157713329813, 35.92389311018772], [126.67160063932852, 35.92163933134105], [126.66882982555155, 35.921620180644595], [126.6688062409207, 35.92387395791526], [126.6688062409207, 35.92387395791526], [126.66878265367086, 35.92612773432463], [126.66878265367086, 35.92612773432463], [126.66875906380172, 35.928381509872665], [126.66875906380172, 35.928381509872665], [126.66875906380172, 35.92838150987268], [126.66598801681674, 35.928362290497546], [126.66598801681674, 35.928362290497546], [126.66875906380172, 35.928381509872665], [126.66878265367086, 35.92612773432464], [126.66878265367086, 35.92612773432464], [126.6688062409207, 35.92387395791526], [126.66882982555155, 35.921620180644595], [126.66605901439333, 35.92160096601353], [126.66605901439333, 35.92160096601353], [126.66605901439333, 35.92160096601353], [126.66605901439333, 35.92160096601353], [126.66882982555155, 35.921620180644595], [126.66882982555155, 35.921620180644595], [126.67160063932852, 35.92163933134104], [126.67162414274891, 35.919385551633184], [126.6688534075637, 35.91936640251265], [126.66887698695746, 35.91711262351946], [126.66887698695746, 35.91711262351946], [126.6689005637331, 35.91485884366506], [126.67167114176094, 35.91487798963402], [126.67169463735317, 35.91262420734274], [126.6689241378909, 35.912605062949446], [126.6689241378909, 35.91260506294945], [126.66615364104615, 35.91258585464257], [126.66615364104615, 35.912585854642565], [126.6689241378909, 35.912605062949446], [126.6689477094312, 35.910351281372634], [126.666177291143, 35.91033207464658], [126.66615364104615, 35.912585854642565], [126.66615364104615, 35.912585854642565], [126.666177291143, 35.91033207464658], [126.66340687548077, 35.91031280401239], [126.66340687548077, 35.910312804012385], [126.66063646245321, 35.91029346947026], [126.66063646245321, 35.91029346947026], [126.66340687548077, 35.91031280401238], [126.66340687548077, 35.910312804012385], [126.666177291143, 35.910332074646576], [126.666177291143, 35.910332074646576], [126.6689477094312, 35.910351281372634], [126.66897127835425, 35.908097498934666], [126.66620093861393, 35.90807829378936], [126.66620093861393, 35.90807829378936], [126.66620093861393, 35.90807829378936], [126.66620093861393, 35.90807829378936], [126.66897127835425, 35.908097498934666], [126.66899484466036, 35.90584371563559], [126.66899484466036, 35.905843715635584], [126.66901840834986, 35.903589931475395], [126.66624822567907, 35.903570729491285], [126.66624822567907, 35.90357072949128], [126.66624822567907, 35.90357072949128], [126.6662718652739, 35.90131694605046], [126.6662718652739, 35.90131694605046], [126.66629550224395, 35.89906316174849], [126.66629550224395, 35.89906316174849], [126.66631913658954, 35.8968093765854], [126.66354919208183, 35.89679011546586], [126.66354919208183, 35.89679011546586], [126.66077925020704, 35.896770790469944], [126.66075545885381, 35.89902457245665], [126.66075545885381, 35.89902457245665], [126.66077925020704, 35.896770790469944], [126.65800931097382, 35.896751401597825], [126.65798544111725, 35.89900518198848], [126.65798544111725, 35.89900518198848], [126.65796156861003, 35.90125896151773], [126.65796156861003, 35.90125896151773], [126.6579376934519, 35.90351274018559], [126.66070786822137, 35.90353213384618], [126.66070786822137, 35.90353213384619], [126.6579376934519, 35.9035127401856], [126.6579376934519, 35.90351274018559], [126.65516752133365, 35.90349328263323], [126.6551435649951, 35.905747058838045], [126.6551435649951, 35.905747058838045], [126.65511960599629, 35.908000834181294], [126.65788993518171, 35.90802029493694], [126.65788993518171, 35.90802029493694], [126.66066026701891, 35.908039691790286], [126.66066026701891, 35.908039691790286], [126.65788993518171, 35.90802029493694], [126.65511960599629, 35.908000834181294], [126.65511960599629, 35.908000834181294], [126.65234927947144, 35.907981309523564], [126.65234927947144, 35.90798130952357], [126.65234927947144, 35.90798130952357], [126.65237331700784, 35.90572753578726], [126.65237331700784, 35.90572753578726], [126.65239735187535, 35.903473761189304], [126.64962718508568, 35.90345417585399], [126.64962718508568, 35.90345417585399], [126.64962718508568, 35.90345417585399], [126.65239735187535, 35.903473761189304], [126.65237331700784, 35.90572753578725], [126.65237331700784, 35.90572753578726], [126.65234927947144, 35.907981309523564], [126.65511960599629, 35.908000834181294], [126.6551435649951, 35.905747058838045], [126.6551435649951, 35.90574705883804], [126.65516752133365, 35.90349328263323], [126.65239735187535, 35.903473761189304], [126.65239735187535, 35.9034737611893], [126.65516752133365, 35.90349328263323], [126.65519147501229, 35.901239505566885], [126.65519147501229, 35.901239505566885], [126.65516752133365, 35.90349328263323], [126.6579376934519, 35.90351274018559], [126.65796156861003, 35.901258961517726], [126.65796156861003, 35.901258961517726], [126.65798544111725, 35.89900518198847], [126.65798544111725, 35.89900518198847], [126.65800931097382, 35.896751401597825], [126.65523937439094, 35.89673194884972], [126.65523937439094, 35.8967319488497], [126.6524694404671, 35.89671243222578], [126.65244541360465, 35.89896620940853], [126.65244541360465, 35.89896620940853], [126.65244541360465, 35.89896620940853], [126.64967540384609, 35.898946627297164], [126.64967540384609, 35.898946627297164], [126.64690539676428, 35.89892698130513], [126.64690539676428, 35.89892698130513], [126.64413539236796, 35.89890727143263], [126.64413539236796, 35.89890727143263], [126.64690539676428, 35.89892698130513], [126.64692958063135, 35.89667320735132], [126.6441596547369, 35.896653499101184], [126.6441596547369, 35.89665349910119], [126.64138973153634, 35.896633726976034], [126.64141406970423, 35.89437995541029], [126.63864422769883, 35.89436012104309], [126.63861981103835, 35.89661389097607], [126.63861981103835, 35.89661389097607], [126.63859539166658, 35.89886766004703], [126.63859539166658, 35.89886766004703], [126.63861981103835, 35.89661389097607], [126.63861981103835, 35.89661389097607], [126.6386442276988, 35.89436012104309], [126.6358743884044, 35.89434022280655], [126.63584989325172, 35.89659399110149], [126.63584989325172, 35.89659399110149], [126.63582539537899, 35.89884775853433], [126.63582539537899, 35.89884775853433], [126.63580089478593, 35.901101525105055], [126.6385709695832, 35.90112142825598], [126.63859539166658, 35.89886766004704], [126.64136539066581, 35.89888749767988], [126.64138973153634, 35.896633726976034], [126.64138973153634, 35.896633726976034], [126.64136539066581, 35.89888749767988], [126.64136539066581, 35.89888749767988], [126.64134104709241, 35.90114126752178], [126.64411112730481, 35.90116104290225], [126.64411112730481, 35.90116104290225], [126.64688121021173, 35.901180754397195], [126.64688121021173, 35.9011807543972], [126.64411112730481, 35.90116104290226], [126.64408685954717, 35.90341481351], [126.64408685954717, 35.90341481351], [126.64411112730481, 35.90116104290226], [126.64134104709241, 35.90114126752178], [126.64134104709241, 35.90114126752178], [126.64136539066581, 35.89888749767988], [126.63859539166658, 35.89886766004704], [126.6385709695832, 35.90112142825598], [126.6385709695832, 35.90112142825598], [126.63854654478786, 35.903375195602884], [126.64131670081575, 35.90339503650174], [126.64408685954717, 35.903414813510004], [126.64408685954717, 35.90341481351001], [126.64131670081575, 35.90339503650175], [126.64129235183562, 35.90564880461971], [126.64129235183562, 35.90564880461971], [126.64131670081575, 35.90339503650175], [126.63854654478786, 35.9033751956029], [126.63854654478786, 35.9033751956029], [126.6357763914722, 35.903355290813664], [126.63575188543754, 35.90560905566009], [126.63575188543754, 35.90560905566009], [126.63572737668163, 35.907862819644315], [126.63572737668163, 35.907862819644315], [126.63570286520414, 35.91011658276633], [126.63847325412726, 35.910136492471054], [126.63847325412726, 35.91013649247106], [126.64124364576352, 35.910156338269616], [126.64124364576352, 35.910156338269616], [126.63847325412726, 35.91013649247106], [126.63847325412726, 35.91013649247106], [126.63570286520414, 35.910116582766335], [126.63567835100476, 35.91237034502613], [126.63844881848115, 35.91239025636952], [126.63844881848115, 35.91239025636952], [126.64121928867098, 35.91241010380149], [126.64121928867098, 35.9124101038015], [126.64121928867098, 35.9124101038015], [126.63844881848115, 35.912390256369534], [126.63844881848115, 35.912390256369534], [126.63567835100476, 35.91237034502614], [126.63570286520414, 35.91011658276635], [126.63293247900289, 35.910096609155666], [126.63290788625058, 35.91235036977153], [126.63567835100476, 35.91237034502614], [126.63565383408324, 35.91462410642367], [126.63565383408321, 35.91462410642367], [126.63567835100476, 35.91237034502614], [126.63290788625055, 35.91235036977153], [126.63288329076734, 35.91460412952504], [126.63288329076734, 35.91460412952504], [126.63285869255292, 35.91685788841616], [126.63285869255292, 35.91685788841616], [126.632834091607, 35.919111646444904], [126.632834091607, 35.919111646444904], [126.632834091607, 35.91911164644489], [126.632834091607, 35.91911164644489], [126.63285869255292, 35.91685788841616], [126.63285869255292, 35.91685788841616], [126.63288329076734, 35.914604129525046], [126.63011275018268, 35.914584088710114], [126.63011275018268, 35.914584088710114], [126.62734221233791, 35.91456398397912], [126.62731745698363, 35.91681773956622], [126.62731745698363, 35.91681773956622], [126.62734221233791, 35.91456398397912], [126.62734221233791, 35.91456398397912], [126.62736696494355, 35.91231022752944], [126.62459650840822, 35.912290060542375], [126.62459650840822, 35.91229006054236], [126.62459650840822, 35.91229006054236], [126.62462133681755, 35.910036304889864], [126.621850961591, 35.910016075657346], [126.62182605462992, 35.91226982964488], [126.62182605462992, 35.91226982964488], [126.6218011449031, 35.91452358276969], [126.62457167724182, 35.91454381533224], [126.62457167724182, 35.91454381533224], [126.6218011449031, 35.91452358276969], [126.62177623241017, 35.916777335031746], [126.62177623241017, 35.916777335031746], [126.62175131715082, 35.919031086431055], [126.6245220066366, 35.91905132232401], [126.62454684331807, 35.91679756925946], [126.62454684331807, 35.91679756925946], [126.62454684331807, 35.91679756925946], [126.62454684331807, 35.91679756925946], [126.62452200663662, 35.91905132232401], [126.62729269888037, 35.91907149429076], [126.62729269888037, 35.91907149429076], [126.62452200663662, 35.91905132232401], [126.62452200663662, 35.91905132232401], [126.62175131715085, 35.91903108643106], [126.6217263991248, 35.92128483696757], [126.6217263991248, 35.92128483696757], [126.62170147833173, 35.92353858664127], [126.62447232499945, 35.923558825865], [126.62449716719719, 35.92130507452586], [126.62449716719719, 35.92130507452586], [126.62449716719719, 35.92130507452586], [126.62726793802786, 35.921325248152705], [126.62726793802786, 35.921325248152705], [126.62449716719719, 35.92130507452586], [126.62447232499945, 35.923558825865], [126.62447232499945, 35.923558825865], [126.62444748004309, 35.92581257634139], [126.62721840807377, 35.925832753288674], [126.62721840807377, 35.925832753288674], [126.62998933885466, 35.92585286629379], [126.62998933885466, 35.92585286629379], [126.62998933885466, 35.92585286629379], [126.62996464836588, 35.92810661922285], [126.62719363897159, 35.92808650456265], [126.62721840807377, 35.925832753288674], [126.62444748004309, 35.92581257634139], [126.62442263232779, 35.92806632595501], [126.62442263232779, 35.92806632595501], [126.62442263232779, 35.92806632595501], [126.62165162844326, 35.92804608340013], [126.62165162844326, 35.92804608340013], [126.62165162844326, 35.92804608340013], [126.62442263232779, 35.92806632595501], [126.62444748004309, 35.92581257634139], [126.62444748004309, 35.92581257634139], [126.62447232499945, 35.923558825865015], [126.62170147833173, 35.92353858664128], [126.62167655477133, 35.92579233545213], [126.6216765547713, 35.92579233545213], [126.6189056322672, 35.9257720306211], [126.61888062732666, 35.92802577689822], [126.61888062732666, 35.92802577689822], [126.6189056322672, 35.9257720306211], [126.61613471253945, 35.925751661848516], [126.61613471253945, 35.92575166184852], [126.61336379559683, 35.92573122913457], [126.61333863343228, 35.927984972054126], [126.61333863343228, 35.927984972054126], [126.61336379559683, 35.92573122913456], [126.61336379559683, 35.92573122913456], [126.61336379559683, 35.92573122913456], [126.61613471253945, 35.925751661848516], [126.61615979330705, 35.923497916384484], [126.61338895496752, 35.92347748535184], [126.61338895496752, 35.923477485351846], [126.61061811942152, 35.92345699038331], [126.61059288144803, 35.92571073247945], [126.61059288144803, 35.92571073247945], [126.61056764067195, 35.92796447371236], [126.61056764067195, 35.92796447371236], [126.61054239709301, 35.93021821408201], [126.6133134684736, 35.93023871411054], [126.61333863343228, 35.92798497205413], [126.61333863343228, 35.92798497205413], [126.6133134684736, 35.930238714110544], [126.61608454264865, 35.930259150187396], [126.61608454264865, 35.930259150187396], [126.6133134684736, 35.930238714110544], [126.61328830072047, 35.93249245530377], [126.61328830072047, 35.93249245530377], [126.61326313017254, 35.93474619563377], [126.61326313017254, 35.93474619563377], [126.61328830072044, 35.93249245530377], [126.61051715071086, 35.93247195358839], [126.61049190152524, 35.93472569223145], [126.61326313017254, 35.93474619563378], [126.61323795682951, 35.93699993510055], [126.61600926691867, 35.93702037622245], [126.61600926691867, 35.93702037622245], [126.61598416943573, 35.93927411650784], [126.61875556096739, 35.93929449533869], [126.61878057979447, 35.93704075337669], [126.62155189544823, 35.93706106656307], [126.62155189544823, 35.937061066563075], [126.62155189544823, 35.937061066563075], [126.62152695527725, 35.93931481019641], [126.62429835235666, 35.939335061080776], [126.62429835235666, 35.939335061080776], [126.62706975219686, 35.939355247991614], [126.62706975219686, 35.939355247991614], [126.62984115478909, 35.9393753709287], [126.62986585898987, 35.93712162231289], [126.62986585898987, 35.93712162231289], [126.62984115478909, 35.9393753709287], [126.63261256012467, 35.93939542989183], [126.63261256012467, 35.93939542989183], [126.63538396819484, 35.93941542488082], [126.63538396819484, 35.93941542488082], [126.63535941858323, 35.94166917592944], [126.63535941858323, 35.94166917592944], [126.63533486624547, 35.94392292611548], [126.63533486624547, 35.94392292611548], [126.63531031118124, 35.94617667543893], [126.63531031118124, 35.94617667543893], [126.63531031118124, 35.946176675438934], [126.63531031118124, 35.946176675438934], [126.63533486624547, 35.943922926115484], [126.63533486624547, 35.943922926115484], [126.63535941858323, 35.94166917592944], [126.63258793184669, 35.941649179295325], [126.63258793184669, 35.941649179295325], [126.63535941858323, 35.94166917592944], [126.63538396819484, 35.93941542488082], [126.63261256012467, 35.93939542989183], [126.63261256012467, 35.93939542989183], [126.62984115478912, 35.9393753709287], [126.62984115478909, 35.9393753709287], [126.62706975219686, 35.939355247991614], [126.62704496658698, 35.94160899408906], [126.62704496658698, 35.941608994089066], [126.62702017822473, 35.94386273932366], [126.62979173815728, 35.94388286557214], [126.62979173815728, 35.94388286557215], [126.62979173815728, 35.94388286557215], [126.62979173815728, 35.94388286557215], [126.62702017822473, 35.94386273932366], [126.6269953871098, 35.946116483695384], [126.6269953871098, 35.946116483695384], [126.62702017822473, 35.94386273932366], [126.62702017822473, 35.94386273932366], [126.62704496658698, 35.941608994089066], [126.62704496658698, 35.941608994089066], [126.62706975219686, 35.939355247991614], [126.62429835235666, 35.939335061080776], [126.62427348808131, 35.94158880551731], [126.62427348808131, 35.94158880551731], [126.62424862104484, 35.94384254909091], [126.62424862104484, 35.94384254909091], [126.62422375124699, 35.94609629180153], [126.62422375124699, 35.94609629180153], [126.62422375124699, 35.946096291801524], [126.62422375124699, 35.946096291801524], [126.62424862104484, 35.94384254909092], [126.62424862104484, 35.94384254909092], [126.62427348808129, 35.94158880551731], [126.62429835235666, 35.939335061080776], [126.62152695527725, 35.93931481019641], [126.62150201233673, 35.94156855296676], [126.62147706662638, 35.94382229487407], [126.61870551497806, 35.94380197667338], [126.618730539362, 35.94154823643759], [126.618730539362, 35.94154823643759], [126.61875556096739, 35.9392944953387], [126.61598416943573, 35.93927411650784], [126.61595906916583, 35.94152785593004], [126.61595906916583, 35.94152785593004], [126.61593396610864, 35.94378159448904], [126.61593396610864, 35.94378159448904], [126.6159088602638, 35.946035332184785], [126.6159088602638, 35.946035332184785], [126.61588375163105, 35.94828906901728], [126.61865545787325, 35.948309454555506], [126.61865545787325, 35.948309454555506], [126.62142716689493, 35.94832977609954], [126.62142716689493, 35.94832977609954], [126.62419887868738, 35.94835003364919], [126.62419887868738, 35.9483500336492], [126.62697059324188, 35.94837022720425], [126.6269953871098, 35.946116483695384], [126.6269953871098, 35.946116483695384], [126.62697059324188, 35.94837022720425], [126.62974231054967, 35.9483903567645], [126.6297670257256, 35.94613661159971], [126.6297670257256, 35.94613661159971], [126.6297670257256, 35.94613661159971], [126.6297670257256, 35.94613661159971], [126.6297423105497, 35.9483903567645], [126.63251403060205, 35.94841042232975], [126.63251403060205, 35.94841042232975], [126.63528575339022, 35.94843042389979], [126.63528575339022, 35.94843042389979], [126.6380574789055, 35.94845036147443], [126.63808195800361, 35.94619661137344], [126.63808195800361, 35.94619661137344], [126.63810643438367, 35.94394286040993], [126.63810643438367, 35.94394286040993], [126.638130908046, 35.94168910858392], [126.638130908046, 35.94168910858392], [126.63815537899087, 35.939435355895455], [126.63817984721864, 35.937181602344545], [126.63817984721864, 35.937181602344545], [126.63820431272957, 35.9349278479312], [126.63820431272957, 35.9349278479312], [126.63817984721864, 35.93718160234454], [126.63817984721864, 35.93718160234454], [126.63815537899087, 35.939435355895455], [126.63815537899087, 35.939435355895455], [126.638130908046, 35.94168910858392], [126.64090240022615, 35.94170897725861], [126.64090240022615, 35.94170897725861], [126.64090240022615, 35.94170897725861], [126.638130908046, 35.94168910858392], [126.63810643438367, 35.94394286040993], [126.63808195800361, 35.94619661137344], [126.640853607544, 35.9462164833176], [126.640853607544, 35.9462164833176], [126.64362525979371, 35.94623629127122], [126.64362525979371, 35.94623629127123], [126.640853607544, 35.94621648331761], [126.640853607544, 35.946216483317606], [126.63808195800361, 35.946196611373445], [126.6380574789055, 35.94845036147444], [126.64082920713912, 35.94847023505348], [126.64082920713912, 35.94847023505348], [126.6380574789055, 35.94845036147444], [126.63803299708904, 35.95070411071289], [126.63803299708904, 35.95070411071289], [126.63800851255391, 35.95295785908877], [126.63800851255391, 35.95295785908877], [126.63523662962663, 35.95293791823358], [126.63523662962663, 35.95293791823358], [126.63800851255391, 35.95295785908877], [126.63803299708904, 35.95070411071289], [126.63526119287212, 35.95068417149801], [126.63526119287212, 35.95068417149801], [126.63803299708904, 35.95070411071289], [126.6380574789055, 35.948450361474436], [126.63528575339022, 35.94843042389979], [126.63528575339022, 35.94843042389979], [126.63251403060205, 35.94841042232975], [126.63251403060205, 35.94841042232976], [126.6297423105497, 35.948390356764506], [126.6297175926292, 35.950644101066466], [126.6297175926292, 35.950644101066466], [126.62969287196384, 35.95289784450559], [126.62969287196384, 35.95289784450559], [126.62692099724586, 35.95287771163321], [126.62689619511714, 35.955131452553246], [126.62689619511714, 35.955131452553246], [126.62692099724586, 35.95287771163321], [126.6241491252818, 35.952857514755486], [126.62412424443518, 35.955111254014064], [126.62412424443518, 35.955111254014064], [126.6241491252818, 35.952857514755486], [126.6213772560804, 35.95283725387265], [126.62135229651618, 35.95509099146448], [126.62135229651618, 35.95509099146448], [126.6213772560804, 35.95283725387264], [126.6213772560804, 35.95283725387264], [126.6213772560804, 35.95283725387264], [126.6241491252818, 35.95285751475548], [126.6241491252818, 35.95285751475548], [126.62692099724586, 35.95287771163321], [126.62692099724586, 35.95287771163321], [126.62969287196384, 35.95289784450559], [126.6297175926292, 35.950644101066466], [126.62694579662067, 35.95062396985019], [126.62694579662067, 35.95062396985019], [126.62417400336577, 35.950603774633855], [126.62417400336577, 35.950603774633855], [126.62417400336577, 35.950603774633855], [126.62694579662067, 35.95062396985019], [126.62697059324188, 35.94837022720425], [126.62419887868738, 35.9483500336492], [126.62419887868738, 35.9483500336492], [126.62142716689493, 35.94832977609954], [126.62142716689493, 35.94832977609954], [126.61865545787325, 35.948309454555506], [126.61863042515174, 35.9505631922018], [126.6214022128732, 35.95058351541765], [126.6214022128732, 35.95058351541765], [126.61863042515174, 35.9505631922018], [126.61863042515174, 35.9505631922018], [126.61585864021005, 35.95054280498649], [126.61585864021005, 35.950542804986505], [126.61308685805696, 35.950522353771944], [126.61306166513951, 35.95277608719541], [126.61306166513951, 35.95277608719541], [126.61306166513951, 35.95277608719541], [126.61028980707609, 35.95275557029412], [126.6102645326447, 35.95500930116637], [126.61303646942443, 35.95502981975546], [126.61301127091144, 35.95728355145206], [126.61301127091144, 35.95728355145206], [126.61301127091144, 35.95728355145206], [126.61301127091144, 35.95728355145206], [126.61303646942443, 35.95502981975546], [126.6102645326447, 35.95500930116637], [126.6102645326447, 35.95500930116638], [126.60749259867166, 35.95498871856793], [126.60749259867166, 35.954988718567925], [126.6102645326447, 35.95500930116637], [126.61028980707609, 35.95275557029412], [126.61028980707609, 35.95275557029412], [126.61028980707609, 35.95275557029412], [126.61306166513948, 35.95277608719541], [126.61308685805695, 35.95052235377194], [126.61585864021005, 35.95054280498649], [126.61588375163105, 35.94828906901728], [126.61311204817711, 35.94826861948507], [126.61308685805695, 35.95052235377194], [126.61031507870113, 35.950501838558345], [126.61031507870113, 35.950501838558345], [126.61308685805695, 35.95052235377194], [126.61311204817711, 35.94826861948507], [126.61588375163105, 35.94828906901728], [126.6159088602638, 35.946035332184785], [126.6159088602638, 35.946035332184785], [126.61593396610864, 35.94378159448904], [126.61593396610861, 35.94378159448904], [126.61595906916583, 35.94152785593005], [126.61318760175698, 35.94150741144431], [126.61318760175698, 35.9415074114443], [126.61041613714414, 35.94148690298056], [126.61039087674132, 35.94374063817017], [126.6131624200268, 35.94376114832123], [126.6131624200268, 35.94376114832123], [126.6131624200268, 35.94376114832123], [126.61313723550028, 35.94601488433482], [126.61313723550028, 35.94601488433482], [126.61313723550028, 35.94601488433482], [126.61313723550028, 35.94601488433482], [126.6131624200268, 35.94376114832123], [126.61039087674132, 35.94374063817017], [126.61039087674132, 35.94374063817017], [126.60761933626095, 35.943720064036064], [126.60761933626095, 35.94372006403607], [126.60484779859438, 35.94369942591915], [126.60482237802466, 35.94595315685469], [126.60482237802466, 35.94595315685469], [126.6047969546321, 35.9482068869266], [126.60756864966889, 35.94822752843953], [126.60756864966889, 35.94822752843954], [126.6047969546321, 35.948206886926606], [126.6047969546321, 35.9482068869266], [126.6047969546321, 35.9482068869266], [126.60482237802466, 35.94595315685469], [126.60482237802466, 35.94595315685469], [126.60484779859438, 35.94369942591915], [126.60207626375035, 35.94367872381957], [126.6020507645002, 35.94593245305192], [126.6020507645002, 35.94593245305192], [126.6020507645002, 35.94593245305191], [126.59927915380739, 35.94591168526145], [126.59927915380739, 35.94591168526144], [126.59650754595488, 35.94589085348351], [126.5964818864958, 35.94814457842974], [126.5992535730368, 35.94816541192151], [126.5992535730368, 35.94816541192151], [126.6020252624185, 35.94818618142053], [126.6020252624185, 35.94818618142054], [126.5992535730368, 35.948165411921515], [126.5992535730368, 35.948165411921515], [126.5964818864958, 35.94814457842975], [126.59645622418729, 35.95039830251203], [126.59645622418729, 35.95039830251203], [126.59643055902909, 35.95265202573033], [126.59640489102085, 35.954905748084634], [126.59917681367986, 35.954926586718464], [126.59917681367986, 35.954926586718464], [126.59640489102085, 35.954905748084634], [126.59637922016226, 35.95715946957495], [126.59637922016223, 35.95715946957495], [126.59635354645297, 35.959413190201204], [126.59912562656766, 35.95943403226355], [126.59912562656766, 35.95943403226355], [126.59635354645297, 35.959413190201204], [126.59635354645297, 35.95941319020122], [126.59635354645295, 35.95941319020122], [126.59637922016223, 35.957159469574954], [126.59360722163044, 35.95713856521334], [126.59360722163044, 35.95713856521334], [126.59637922016223, 35.957159469574954], [126.59640489102084, 35.95490574808464], [126.59363297121219, 35.95488484544251], [126.59363297121219, 35.9548848454425], [126.59640489102084, 35.954905748084634], [126.59643055902909, 35.95265202573033], [126.59365871793486, 35.95263112480757], [126.59365871793486, 35.95263112480757], [126.59643055902909, 35.95265202573033], [126.59645622418729, 35.95039830251203], [126.59645622418729, 35.95039830251203], [126.5964818864958, 35.94814457842974], [126.59371020280415, 35.94812368094544], [126.59368446179873, 35.95037740330855], [126.59368446179873, 35.95037740330855], [126.59371020280415, 35.94812368094544], [126.59093852197066, 35.94810271946884], [126.59096433880582, 35.945848997966074], [126.58819273952676, 35.94582797422697], [126.58816684400401, 35.94808169400013], [126.59093852197066, 35.94810271946885], [126.59091270226861, 35.950356440107484], [126.59368446179873, 35.95037740330855], [126.59368446179873, 35.95037740330855], [126.59091270226861, 35.950356440107484], [126.5908868796994, 35.95261015988197], [126.5908868796994, 35.95261015988197], [126.59086105426263, 35.954863878792246], [126.59086105426263, 35.954863878792246], [126.59086105426263, 35.954863878792246], [126.58808914018093, 35.9548428481341], [126.58808914018093, 35.9548428481341], [126.58808914018093, 35.9548428481341], [126.58808914018093, 35.9548428481341], [126.59086105426263, 35.954863878792246], [126.5908868796994, 35.95261015988198], [126.5908868796994, 35.95261015988198], [126.59091270226861, 35.9503564401075], [126.58814094560569, 35.95033541290906], [126.58811504433143, 35.95258913095372], [126.58811504433143, 35.95258913095372], [126.58811504433143, 35.95258913095372], [126.58811504433143, 35.95258913095372], [126.58814094560569, 35.95033541290906], [126.58814094560569, 35.95033541290906], [126.58816684400401, 35.94808169400013], [126.585395168913, 35.94806060453952], [126.585395168913, 35.94806060453952], [126.58262349670632, 35.94803945108722], [126.58259744091637, 35.95029316652092], [126.58536919181869, 35.95031432171346], [126.58536919181869, 35.95031432171346], [126.58259744091637, 35.950293166520936], [126.58259744091637, 35.950293166520936], [126.57982569290743, 35.95027194733165], [126.57979955552004, 35.952525660155295], [126.57979955552004, 35.952525660155295], [126.57979955552004, 35.9525256601553], [126.57979955552004, 35.9525256601553], [126.57982569290743, 35.95027194733165], [126.57982569290743, 35.95027194733165], [126.57982569290743, 35.95027194733164], [126.58259744091637, 35.95029316652092], [126.58262349670632, 35.94803945108722], [126.57985182739269, 35.94801823364345], [126.57985182739269, 35.94801823364345], [126.5770801609809, 35.94799695220843], [126.57705394780064, 35.950250664145855], [126.57705394780064, 35.950250664145855], [126.57705394780064, 35.950250664145855], [126.57705394780064, 35.950250664145855], [126.5770801609809, 35.94799695220843], [126.5770801609809, 35.94799695220843], [126.5770801609809, 35.94799695220843], [126.57985182739269, 35.94801823364345], [126.57985182739269, 35.94801823364345], [126.58262349670632, 35.94803945108722], [126.58264954960316, 35.9457857347891], [126.58264954960316, 35.9457857347891], [126.58264954960316, 35.9457857347891], [126.58262349670632, 35.94803945108722], [126.585395168913, 35.94806060453951], [126.585395168913, 35.94806060453951], [126.58816684400401, 35.94808169400013], [126.58819273952676, 35.945827974226965], [126.58819273952676, 35.945827974226965], [126.58821863217422, 35.94357425358961], [126.58821863217422, 35.94357425358961], [126.58824452194669, 35.94132053208804], [126.58824452194669, 35.94132053208804], [126.58827040884455, 35.93906680972232], [126.58549904845006, 35.939045727200664], [126.58549904845006, 35.939045727200664], [126.58549904845006, 35.939045727200664], [126.58827040884455, 35.93906680972232], [126.58829629286811, 35.93681308649246], [126.58829629286811, 35.93681308649246], [126.58832217401768, 35.93455936239849], [126.58832217401768, 35.93455936239849], [126.58834805229361, 35.932305637440415], [126.5855769278298, 35.93228456012195], [126.58555097091904, 35.93453828334572], [126.58555097091904, 35.93453828334572], [126.5855769278298, 35.93228456012195], [126.58557692782979, 35.93228456012195], [126.58560288185848, 35.93003083603401], [126.58283183890254, 35.93000969650015], [126.58280580624806, 35.93226341884863], [126.58280580624806, 35.93226341884863], [126.58277977070279, 35.93451714033282], [126.58277977070279, 35.93451714033282], [126.58277977070279, 35.93451714033283], [126.58000857337767, 35.93449593336006], [126.58000857337767, 35.93449593336006], [126.57723737895239, 35.93447466242759], [126.57721118323049, 35.9367283795524], [126.57443991307153, 35.93670704290503], [126.57443991307153, 35.93670704290503], [126.57721118323049, 35.9367283795524], [126.57723737895239, 35.93447466242759], [126.57723737895239, 35.93447466242759], [126.5772635717657, 35.93222094443829], [126.5772635717657, 35.93222094443829], [126.57723737895239, 35.93447466242759], [126.58000857337767, 35.934495933360054], [126.58000857337767, 35.934495933360054], [126.58277977070279, 35.93451714033282], [126.58280580624806, 35.93226341884861], [126.58280580624806, 35.93226341884861], [126.58283183890254, 35.93000969650014], [126.58006079883704, 35.929988493016914], [126.58006079883704, 35.929988493016914], [126.57728976167077, 35.92996722558454], [126.5772635717657, 35.93222094443829], [126.57449245888253, 35.93219961130172], [126.57446618743568, 35.934453327535664], [126.57446618743568, 35.934453327535664], [126.57169499883628, 35.934431928684475], [126.5716686458302, 35.936685642293135], [126.5716686458302, 35.936685642293135], [126.57169499883628, 35.934431928684475], [126.56892381316293, 35.93441046587426], [126.56892381316293, 35.93441046587425], [126.56615263042433, 35.934388939105204], [126.56612612013537, 35.93664264917666], [126.56612612013537, 35.93664264917666], [126.56615263042433, 35.934388939105204], [126.56338145062924, 35.934367348377556], [126.56061027378635, 35.93434569369152], [126.56058360621584, 35.93659940020472], [126.56335486169932, 35.93662105667252], [126.56335486169932, 35.93662105667252], [126.56332826981685, 35.9388747641025], [126.56609960690257, 35.93889635838323], [126.56612612013537, 35.93664264917667], [126.56612612013537, 35.93664264917667], [126.56609960690257, 35.93889635838324], [126.56887094693245, 35.93891788869484], [126.57164228989772, 35.93893935503711], [126.5716686458302, 35.936685642293135], [126.5716686458302, 35.936685642293135], [126.57164228989772, 35.93893935503711], [126.57164228989772, 35.93893935503711], [126.57164228989772, 35.93893935503712], [126.56887094693245, 35.938917888694846], [126.56884450941422, 35.941171598807934], [126.56884450941422, 35.941171598807934], [126.56881806896025, 35.94342530805614], [126.56881806896025, 35.94342530805614], [126.56884450941422, 35.94117159880793], [126.56884450941422, 35.94117159880793], [126.56887094693245, 35.93891788869484], [126.56609960690257, 35.93889635838324], [126.56332826981685, 35.9388747641025], [126.5633016749815, 35.941128470667465], [126.5633016749815, 35.941128470667465], [126.56332826981685, 35.9388747641025], [126.56332826981685, 35.9388747641025], [126.56335486169932, 35.93662105667252], [126.56058360621584, 35.93659940020472], [126.56055693568402, 35.938853105852864], [126.56055693568402, 35.938853105852864], [126.5605302621906, 35.941106810635866], [126.5605302621906, 35.941106810635866], [126.5605302621906, 35.94110681063587], [126.5605302621906, 35.94110681063587], [126.56055693568402, 35.938853105852864], [126.55778560451282, 35.93883138363452], [126.55778560451282, 35.93883138363452], [126.55778560451282, 35.93883138363452], [126.55778560451282, 35.93883138363452], [126.56055693568402, 35.938853105852864], [126.56058360621584, 35.93659940020472], [126.55781235369365, 35.93657767977351], [126.55781235369365, 35.93657767977351], [126.56058360621584, 35.93659940020472], [126.56061027378635, 35.93434569369152], [126.55783909990446, 35.9343239750473], [126.55783909990446, 35.9343239750473], [126.55506792899222, 35.93430219244513], [126.55506792899222, 35.934302192445145], [126.5522967610584, 35.93428034588524], [126.55226985756805, 35.93653404702162], [126.55226985756805, 35.93653404702162], [126.5522967610584, 35.934280345885234], [126.54952559611172, 35.934258435367816], [126.54949861398211, 35.93651213470142], [126.54949861398211, 35.93651213470142], [126.54952559611172, 35.934258435367816], [126.5467544341609, 35.93423646089312], [126.54672737339236, 35.93649015841865], [126.54672737339236, 35.93649015841865], [126.54670030961887, 35.938743855078584], [126.54670030961887, 35.938743855078584], [126.54670030961887, 35.93874385507858], [126.54670030961887, 35.93874385507858], [126.54672737339236, 35.93649015841865]], [[126.60723891229813, 35.977525962856014], [126.60723891229813, 35.977525962856014], [126.61001163391205, 35.97754656239025], [126.61001163391205, 35.97754656239026], [126.60723891229813, 35.977525962856014]], [[126.75682173908176, 35.994323267328966], [126.75682173908176, 35.994323267328966], [126.75680059480497, 35.9965770649349], [126.75402710546116, 35.99655984963632], [126.75402710546116, 35.99655984963632], [126.75680059480497, 35.9965770649349], [126.75682173908176, 35.994323267328966], [126.75682173908176, 35.99432326732896], [126.7568428810106, 35.99206946886371], [126.7568428810106, 35.99206946886371], [126.75682173908176, 35.994323267328966]], [[126.76797787657203, 35.98763006697103], [126.76797787657203, 35.98763006697103], [126.76799869604055, 35.9853762603201], [126.76799869604055, 35.9853762603201], [126.76797787657203, 35.98763006697103]], [[126.78190509572737, 35.980952428675835], [126.78467805610204, 35.980968993286716], [126.78467805610204, 35.980968993286716], [126.78190509572737, 35.980952428675835], [126.78190509572737, 35.980952428675835]], [[126.77108263564887, 35.95158592445561], [126.77108263564887, 35.95158592445561], [126.77385456280355, 35.95160272740452], [126.77385456280355, 35.95160272740452], [126.77385456280355, 35.95160272740452], [126.77108263564887, 35.95158592445561], [126.77108263564887, 35.95158592445561], [126.76831071079337, 35.951569057496954], [126.76831071079337, 35.951569057496954], [126.77108263564887, 35.95158592445561]], [[126.74067785484073, 35.94238163735119], [126.74067785484073, 35.94238163735119], [126.74344944142562, 35.942399138637604], [126.74344944142562, 35.942399138637604], [126.74067785484073, 35.94238163735119]], [[126.7046248649311, 35.94440208750157], [126.7046248649311, 35.94440208750157], [126.7046248649311, 35.94440208750157], [126.7046248649311, 35.94440208750157], [126.7046474502932, 35.942148297895606], [126.7046474502932, 35.942148297895606], [126.7046248649311, 35.94440208750157]], [[126.70192121856255, 35.93762232204458], [126.70194387505838, 35.935368531370976], [126.69917256129874, 35.93535007485786], [126.69917256129874, 35.93535007485786], [126.70194387505838, 35.935368531370976], [126.70196652903853, 35.933114739836995], [126.69919529392618, 35.93309628484244], [126.69919529392618, 35.933096284842435], [126.70196652903853, 35.933114739836995], [126.70196652903853, 35.933114739836995], [126.70196652903853, 35.933114739836995], [126.70194387505838, 35.935368531370976], [126.70194387505838, 35.935368531370976], [126.70192121856257, 35.93762232204458], [126.70192121856255, 35.93762232204458]], [[126.64965129580442, 35.901200402006424], [126.64965129580442, 35.901200402006424], [126.65242138407417, 35.90121998572971], [126.65242138407417, 35.90121998572971], [126.65242138407417, 35.90121998572971], [126.65242138407417, 35.901219985729725], [126.64965129580442, 35.901200402006424], [126.64688121021173, 35.9011807543972], [126.64688121021173, 35.9011807543972], [126.64965129580442, 35.901200402006424]], [[126.63565383408324, 35.91462410642367], [126.63562931443921, 35.91687786695892], [126.63562931443921, 35.91687786695892], [126.63565383408324, 35.91462410642367], [126.63565383408324, 35.91462410642367]], [[126.58552501112591, 35.936792005705286], [126.58552501112591, 35.936792005705286], [126.58555097091904, 35.93453828334572], [126.58555097091904, 35.93453828334572], [126.58552501112591, 35.936792005705286]], [[126.66267006063931, 35.980179534083156], [126.66267006063931, 35.980179534083156], [126.66267006063931, 35.980179534083156], [126.66544291560584, 35.98019885392714], [126.66544291560584, 35.98019885392714], [126.66821577320749, 35.980218109699834], [126.66821577320749, 35.980218109699834], [126.66544291560584, 35.98019885392714], [126.66544291560584, 35.98019885392714], [126.66267006063931, 35.980179534083156], [126.66267006063931, 35.980179534083156]], [[126.66549037099709, 35.975691344769636], [126.66271767365849, 35.975672028103034], [126.66274147620298, 35.973418273819966], [126.65996886030823, 35.973398894686625], [126.65994497896317, 35.97565264737587], [126.65717228691992, 35.97563320258832], [126.65714832411385, 35.97788695281626], [126.65714832411385, 35.97788695281626], [126.65712435864666, 35.98014070218203], [126.65712435864666, 35.98014070218203], [126.65714832411385, 35.97788695281626], [126.65714832411385, 35.97788695281626], [126.65717228691992, 35.97563320258832], [126.65439959753745, 35.975613693740584], [126.65439959753745, 35.97561369374058], [126.65717228691992, 35.97563320258832], [126.65717228691992, 35.97563320258832], [126.65994497896317, 35.97565264737585], [126.65996886030823, 35.973398894686625], [126.65996886030823, 35.973398894686625], [126.65996886030823, 35.97339889468662], [126.66274147620298, 35.97341827381995], [126.6627652761045, 35.971164518674875], [126.65999273900152, 35.97114514113528], [126.65999273900152, 35.971145141135295], [126.65722020455, 35.97112569954586], [126.6571962470652, 35.97337945149817], [126.6571962470652, 35.97337945149817], [126.6571962470652, 35.97337945149817], [126.6571962470652, 35.97337945149817], [126.65722020455, 35.97112569954586], [126.65722020455, 35.97112569954586], [126.65724415937461, 35.96887194673141], [126.65724415937461, 35.96887194673141], [126.65722020455, 35.97112569954586], [126.65999273900152, 35.97114514113528], [126.65999273900152, 35.97114514113528], [126.6627652761045, 35.971164518674875], [126.6627652761045, 35.971164518674875], [126.66553781585013, 35.971183832164435], [126.66553781585013, 35.971183832164435], [126.6627652761045, 35.971164518674875], [126.66274147620298, 35.97341827381995], [126.66551409474074, 35.97343758889798], [126.66551409474074, 35.97343758889798], [126.66551409474074, 35.97343758889798], [126.66549037099709, 35.97569134476963], [126.66826307097023, 35.97571059737546], [126.66826307097023, 35.97571059737546], [126.66549037099709, 35.97569134476963], [126.66546664461889, 35.977945099779355], [126.66546664461889, 35.977945099779355], [126.66546664461889, 35.977945099779355], [126.66546664461889, 35.977945099779355], [126.66549037099709, 35.975691344769636]], [[126.66556153432559, 35.96893007456901], [126.6655852501674, 35.96667631611176], [126.6655852501674, 35.96667631611176], [126.6655852501674, 35.96667631611176], [126.66556153432559, 35.968930074569016], [126.66556153432559, 35.968930074569016], [126.66556153432559, 35.96893007456901]], [[126.6628128679797, 35.966657005798886], [126.66283665995401, 35.96440324806801], [126.66283665995401, 35.964403248067995], [126.6628604492865, 35.96214948947522], [126.66563267395124, 35.96216879661176], [126.66563267395124, 35.96216879661175], [126.66840490124872, 35.962188039719116], [126.66840490124872, 35.962188039719116], [126.66563267395124, 35.96216879661175], [126.66563267395124, 35.96216879661176], [126.6628604492865, 35.96214948947522], [126.66283665995401, 35.96440324806801], [126.66283665995401, 35.96440324806801], [126.6628128679797, 35.966657005798886], [126.6628128679797, 35.966657005798886]], [[126.6628842359775, 35.95989573002057], [126.6628842359775, 35.95989573002057], [126.66565638189387, 35.95991503556907], [126.66565638189387, 35.95991503556907], [126.6628842359775, 35.95989573002057]], [[126.6629080200273, 35.957641969704085], [126.66293180143616, 35.955388208525754], [126.66015981563093, 35.955368842139876], [126.66015981563093, 35.955368842139876], [126.66015981563093, 35.955368842139876], [126.66015981563093, 35.955368842139876], [126.66293180143616, 35.95538820852575], [126.66293180143616, 35.95538820852575], [126.66293180143616, 35.95538820852575], [126.6629080200273, 35.95764196970407], [126.66568008720401, 35.957661273664634], [126.66568008720401, 35.957661273664634], [126.66845215701294, 35.95768051360655], [126.66847578095974, 35.955426749257775], [126.66849940228343, 35.95317298404739], [126.66849940228343, 35.95317298404739], [126.66852302098428, 35.950919217975404], [126.66852302098428, 35.950919217975404], [126.66852302098428, 35.950919217975404], [126.67129485724837, 35.95093838916678], [126.67129485724837, 35.95093838916679], [126.66852302098428, 35.95091921797541], [126.66849940228343, 35.9531729840474], [126.66847578095974, 35.95542674925778], [126.66847578095974, 35.95542674925778], [126.66845215701294, 35.95768051360655], [126.66568008720404, 35.957661273664634], [126.66565638189387, 35.95991503556907], [126.66565638189387, 35.95991503556907], [126.66568008720404, 35.957661273664634], [126.6629080200273, 35.957641969704085], [126.6629080200273, 35.957641969704085]], [[126.66570378988202, 35.955407510898446], [126.66572748992814, 35.95315374727057], [126.66572748992814, 35.95315374727057], [126.66570378988202, 35.955407510898446], [126.66570378988202, 35.955407510898446]], [[126.66297935633241, 35.95088068358374], [126.66297935633241, 35.95088068358374], [126.66575118734269, 35.95089998278099], [126.66575118734269, 35.95089998278099], [126.66575118734269, 35.95089998278099], [126.66297935633241, 35.95088068358374]], [[126.66023138015443, 35.94860755821305], [126.66020752796211, 35.95086132038385], [126.66020752796211, 35.95086132038385], [126.66018367312107, 35.95311508169279], [126.66018367312107, 35.95311508169279], [126.66020752796211, 35.95086132038385], [126.65743570224059, 35.9508418931815], [126.65741176868671, 35.953095652892245], [126.65741176868671, 35.953095652892245], [126.65743570224059, 35.9508418931815], [126.65466387917655, 35.950822401976886], [126.65466387917655, 35.95082240197688], [126.6546878887767, 35.94856864300759], [126.65191614708239, 35.94854908940957], [126.65191614708239, 35.94854908940957], [126.6546878887767, 35.94856864300759], [126.6546878887767, 35.94856864300759], [126.6546878887767, 35.9485686430076], [126.65466387917655, 35.95082240197688], [126.65743570224059, 35.95084189318148], [126.65745963313698, 35.94858813260881], [126.65745963313698, 35.948588132608805], [126.65748356137615, 35.94633437117423], [126.65748356137615, 35.94633437117423], [126.65750748695847, 35.94408060887777], [126.65473589997953, 35.94406112248304], [126.65473589997953, 35.94406112248304], [126.65750748695847, 35.94408060887777], [126.65753140988416, 35.94182684571943], [126.6547599015828, 35.94180736092783], [126.6547599015828, 35.94180736092783], [126.65198839594647, 35.9417878121552], [126.65201247355324, 35.93953405134635], [126.64924104925892, 35.93951444020647], [126.64924104925892, 35.93951444020647], [126.64924104925892, 35.93951444020647], [126.64924104925892, 35.939514440206466], [126.65201247355324, 35.93953405134634], [126.65203654848655, 35.9372802896755], [126.65203654848655, 35.9372802896755], [126.65203654848655, 35.9372802896755], [126.65203654848655, 35.9372802896755], [126.65201247355324, 35.93953405134634], [126.65201247355324, 35.93953405134634], [126.65198839594647, 35.94178781215519], [126.6547599015828, 35.94180736092782], [126.65478390052105, 35.93955359851068], [126.65478390052105, 35.93955359851068], [126.65480789679455, 35.93729983523162], [126.65480789679455, 35.93729983523162], [126.65480789679455, 35.93729983523162], [126.65757924776698, 35.93731931681728], [126.65757924776698, 35.937319316817295], [126.65757924776698, 35.937319316817295], [126.65757924776698, 35.937319316817295], [126.65480789679455, 35.93729983523163], [126.65478390052105, 35.93955359851068], [126.65478390052105, 35.93955359851068], [126.6547599015828, 35.94180736092783], [126.65753140988416, 35.94182684571943], [126.65753140988416, 35.94182684571943], [126.65753140988416, 35.94182684571944], [126.65750748695847, 35.94408060887777], [126.66027907659398, 35.94410003128602], [126.66027907659398, 35.944100031286034], [126.65750748695847, 35.94408060887777], [126.65748356137618, 35.94633437117423], [126.65748356137618, 35.94633437117424], [126.65745963313698, 35.94858813260881], [126.65745963313698, 35.94858813260881], [126.65743570224059, 35.95084189318148], [126.66020752796211, 35.95086132038385], [126.66023138015443, 35.94860755821305], [126.66023138015443, 35.94860755821305], [126.66025522969828, 35.94635379518044], [126.66025522969828, 35.946353795180435], [126.66025522969828, 35.946353795180435], [126.66025522969828, 35.946353795180435], [126.66023138015443, 35.94860755821305], [126.66300312982034, 35.94862691982009], [126.66300312982034, 35.9486269198201], [126.66023138015443, 35.94860755821305]], [[126.66300312982034, 35.94862691982009], [126.66577488212597, 35.948646217429754], [126.66577488212597, 35.948646217429754], [126.66300312982034, 35.94862691982009], [126.66300312982034, 35.94862691982009]], [[126.66857025051863, 35.94641168324672], [126.66859386135275, 35.94415791459008], [126.66859386135275, 35.94415791459008], [126.66857025051863, 35.94641168324672], [126.66857025051863, 35.94641168324672], [126.66854663706256, 35.94866545104183], [126.67131839462142, 35.948684620656145], [126.67131839462142, 35.948684620656145], [126.67409015479377, 35.94870372627249], [126.67409015479377, 35.948703726272505], [126.67409015479377, 35.948703726272505], [126.6740666961263, 35.950957496354945], [126.67683853760929, 35.950976539539674], [126.67686191757093, 35.94872276789071], [126.67686191757093, 35.94872276789071], [126.67683853760929, 35.95097653953967], [126.67961038168859, 35.95099551872079], [126.67961038168859, 35.95099551872079], [126.6823822283555, 35.9510144338981], [126.68240545090454, 35.94876065913187], [126.67963368294407, 35.94874174551056], [126.67963368294407, 35.94874174551056], [126.67686191757093, 35.9487227678907], [126.67688529493653, 35.946468995380464], [126.67688529493653, 35.946468995380464], [126.67690866970639, 35.944215222008964], [126.67413706431473, 35.94419618352357], [126.67413706431473, 35.944196183523566], [126.67690866970639, 35.94421522200896], [126.67690866970639, 35.94421522200896], [126.67688529493653, 35.94646899538046], [126.67688529493653, 35.94646899538046], [126.67686191757093, 35.9487227678907], [126.67963368294407, 35.94874174551056], [126.67963368294407, 35.94874174551056], [126.68240545090454, 35.94876065913187], [126.68240545090454, 35.94876065913187], [126.68517722144357, 35.948779508754455], [126.68520036271609, 35.94652573157646], [126.68520036271609, 35.94652573157646], [126.68522350141907, 35.94427195353746], [126.68522350141907, 35.94427195353746], [126.68524663755281, 35.94201817463748], [126.68524663755281, 35.94201817463748], [126.68522350141907, 35.94427195353746], [126.68522350141907, 35.94427195353746], [126.68520036271609, 35.94652573157644], [126.68520036271609, 35.94652573157644], [126.68517722144357, 35.94877950875445], [126.68794899455241, 35.94879829437812], [126.68794899455241, 35.94879829437813], [126.69072077022234, 35.948817016002685], [126.69072077022234, 35.94881701600268], [126.6934925484446, 35.948835673627954], [126.69351545362143, 35.94658189182959], [126.69351545362143, 35.94658189182959], [126.6934925484446, 35.948835673627954], [126.69626432921048, 35.94885426725374], [126.69626432921048, 35.94885426725374], [126.69903611251122, 35.948872796879854], [126.69903611251122, 35.948872796879854], [126.7018078983381, 35.948891262506116], [126.70183056741665, 35.94663747613473], [126.70183056741665, 35.94663747613473], [126.7018078983381, 35.948891262506116], [126.7018078983381, 35.948891262506116], [126.70178522674216, 35.95114504801697], [126.70455709379516, 35.95116345115707], [126.70455709379516, 35.95116345115707], [126.70178522674216, 35.95114504801697], [126.70178522674216, 35.95114504801697], [126.70178522674216, 35.95114504801697], [126.7018078983381, 35.94889126250612], [126.69903611251122, 35.94887279687986], [126.69901336220683, 35.95112658087155], [126.69624150019793, 35.95110804972102], [126.69621866865022, 35.9533618313276], [126.69621866865022, 35.9533618313276], [126.69619583456706, 35.95561561207344], [126.69896785401852, 35.955634146273056], [126.69899060937604, 35.95338036400263], [126.69899060937604, 35.95338036400263], [126.69901336220683, 35.95112658087155], [126.69901336220683, 35.95112658087155], [126.69899060937604, 35.95338036400263], [126.70176255262855, 35.95339883266728], [126.70176255262855, 35.95339883266728], [126.70453449839903, 35.95341723732136], [126.70453449839903, 35.95341723732136], [126.70730644667871, 35.953435577964676], [126.70732896335711, 35.951181790291685], [126.70732896335711, 35.951181790291685], [126.70730644667871, 35.953435577964676], [126.70453449839903, 35.95341723732136], [126.70451190049366, 35.95567102262517], [126.70451190049363, 35.95567102262517], [126.70453449839903, 35.95341723732137], [126.70176255262855, 35.95339883266729], [126.70176255262855, 35.95339883266729], [126.69899060937604, 35.95338036400265], [126.69896785401852, 35.955634146273056], [126.69896785401852, 35.955634146273056], [126.69896785401852, 35.955634146273056], [126.69619583456706, 35.95561561207344], [126.69619583456706, 35.95561561207344], [126.69621866865022, 35.953361831327605], [126.69621866865022, 35.9533618313276], [126.69624150019793, 35.95110804972103], [126.69346964072417, 35.95108945456557], [126.69346964072417, 35.95108945456557], [126.6906977837943, 35.95107079540536], [126.69067479481367, 35.95332457394713], [126.69067479481367, 35.95332457394713], [126.69065180328009, 35.955578351628], [126.69065180328009, 35.955578351628], [126.68787979146204, 35.955559625382534], [126.6879028617204, 35.953305849242064], [126.6879028617204, 35.953305849242064], [126.6879028617204, 35.953305849242064], [126.69067479481367, 35.95332457394713], [126.6906977837943, 35.95107079540534], [126.68792592941708, 35.95105207224058], [126.68792592941708, 35.95105207224058], [126.68515407760124, 35.95103328507144], [126.6851309311888, 35.95328706052735], [126.6851309311888, 35.95328706052735], [126.68510778220595, 35.955540835122186], [126.68510778220595, 35.955540835122186], [126.6850846306524, 35.95779460885593], [126.68785671864175, 35.95781340066202], [126.68785671864175, 35.95781340066202], [126.69062880919331, 35.95783212844794], [126.69062880919331, 35.95783212844794], [126.69340090229836, 35.957850792213506], [126.69342381765135, 35.955597013858345], [126.69342381765135, 35.955597013858345], [126.69342381765135, 35.955597013858345], [126.69342381765135, 35.955597013858345], [126.69340090229836, 35.957850792213506], [126.69340090229836, 35.957850792213506], [126.69337798440066, 35.960104569707795], [126.69337798440066, 35.960104569707795], [126.6933550639579, 35.9623583463412], [126.69612731710212, 35.96237694914636], [126.69612731710212, 35.96237694914636], [126.69889957278295, 35.962395487920254], [126.69889957278295, 35.962395487920254], [126.70167183099161, 35.962413962662694], [126.70169451517879, 35.96016018145477], [126.69892233572227, 35.9601417082319], [126.69892233572227, 35.9601417082319], [126.70169451517879, 35.96016018145477], [126.70169451517879, 35.96016018145477], [126.7044666971541, 35.96017859065127], [126.70448930007876, 35.95792480706848], [126.70448930007876, 35.95792480706848], [126.70451190049363, 35.95567102262517], [126.70451190049363, 35.95567102262517], [126.70448930007876, 35.95792480706848], [126.70726140582019, 35.95794315072947], [126.70728392749984, 35.955689364777285], [126.70728392749984, 35.955689364777285], [126.70728392749984, 35.955689364777285], [126.71005595700679, 35.95570764291319], [126.71005595700679, 35.95570764291319], [126.70728392749984, 35.955689364777285], [126.70726140582019, 35.95794315072947], [126.71003351406266, 35.95796143036899], [126.71001106862624, 35.960215216964436], [126.71278325810555, 35.96023343408072], [126.71278325810555, 35.96023343408072], [126.71555545006868, 35.960251587169914], [126.71555545006868, 35.960251587169914], [126.7155554500687, 35.960251587169914], [126.71553315964651, 35.96250537589674], [126.71553315964651, 35.96250537589674], [126.71551086674897, 35.96475916376333], [126.71551086674897, 35.96475916376333], [126.71553315964651, 35.96250537589675], [126.7155554500687, 35.960251587169914], [126.71278325810555, 35.96023343408072], [126.71278325810555, 35.96023343408072], [126.71001106862624, 35.960215216964436], [126.71001106862624, 35.96021521696444], [126.7072388816395, 35.96019693582123], [126.7072163549575, 35.96245072005252], [126.70998862069722, 35.96246900269951], [126.70998862069722, 35.9624690026995], [126.7127608889298, 35.962487221314305], [126.7127608889298, 35.962487221314305], [126.7127608889298, 35.962487221314305], [126.70998862069722, 35.96246900269951], [126.70998862069722, 35.96246900269951], [126.7072163549575, 35.96245072005252], [126.70719382577387, 35.96470450342332], [126.70719382577387, 35.96470450342332], [126.7072163549575, 35.96245072005252], [126.70444409171938, 35.96243237337353], [126.70442148377428, 35.96468615523519], [126.70442148377428, 35.96468615523519], [126.70439887331855, 35.966939936236265], [126.70439887331855, 35.966939936236265], [126.70442148377428, 35.96468615523519], [126.70442148377428, 35.96468615523519], [126.70444409171938, 35.962432373373524], [126.70167183099161, 35.9624139626627], [126.70167183099161, 35.9624139626627], [126.69889957278295, 35.96239548792026], [126.69889957278295, 35.96239548792026], [126.69612731710212, 35.96237694914636], [126.69612731710212, 35.96237694914636], [126.6933550639579, 35.96235834634121], [126.69333214096979, 35.96461212211369], [126.69333214096979, 35.96461212211369], [126.69333214096979, 35.96461212211369], [126.69333214096979, 35.96461212211369], [126.6933550639579, 35.96235834634121], [126.69058281335897, 35.96233967950497], [126.69055981161084, 35.964593453742005], [126.69055981161084, 35.964593453742005], [126.69055981161084, 35.964593453742005], [126.69055981161084, 35.964593453742005], [126.69058281335897, 35.96233967950497], [126.68781056531412, 35.96232094863785], [126.68781056531412, 35.96232094863785], [126.69058281335897, 35.962339679504964], [126.69060581255303, 35.96008590440694], [126.69060581255303, 35.96008590440694], [126.69058281335897, 35.962339679504964], [126.6933550639579, 35.9623583463412], [126.69337798440066, 35.960104569707795], [126.69060581255303, 35.96008590440694], [126.69060581255303, 35.96008590440694], [126.69337798440066, 35.960104569707795], [126.69340090229836, 35.957850792213506], [126.69062880919331, 35.95783212844794], [126.69062880919331, 35.957832128447954], [126.68785671864175, 35.95781340066203], [126.68785671864175, 35.95781340066202], [126.6850846306524, 35.95779460885593], [126.68506147652789, 35.960048381728555], [126.68783364325921, 35.96006717508047], [126.68783364325921, 35.96006717508047], [126.68783364325921, 35.96006717508047], [126.68781056531412, 35.96232094863785], [126.6850383198321, 35.962302153740026], [126.68501516056477, 35.964555924890334], [126.68224283889514, 35.96453706441075], [126.68221959828804, 35.966790833148515], [126.68219635510003, 35.96904460102499], [126.68496883431426, 35.969063464607345], [126.6849919987256, 35.96680969517945], [126.68776440173527, 35.96682849316934], [126.68778748480626, 35.96457472133415], [126.68778748480626, 35.96457472133415], [126.68776440173527, 35.96682849316934], [126.68776440173527, 35.96682849316934], [126.68774131610088, 35.96908226414342], [126.68774131610088, 35.96908226414342], [126.68771822790282, 35.97133603425633], [126.68771822790282, 35.97133603425633], [126.68771822790282, 35.97133603425633], [126.6849456673305, 35.97131723317402], [126.68496883431426, 35.969063464607345], [126.68219635510003, 35.96904460102499], [126.68217310933088, 35.97129836804014], [126.68217310933088, 35.97129836804014], [126.68219635510003, 35.96904460102499], [126.679423878467, 35.969025673396516], [126.67940055391273, 35.97127943885487], [126.67940055391273, 35.97127943885487], [126.679423878467, 35.969025673396516], [126.679423878467, 35.969025673396516], [126.67944720043137, 35.966771907076755], [126.67944720043137, 35.966771907076755], [126.679423878467, 35.969025673396516], [126.68219635510003, 35.96904460102499], [126.68221959828804, 35.966790833148515], [126.68221959828804, 35.966790833148515], [126.68224283889514, 35.96453706441075], [126.68224283889514, 35.96453706441075], [126.68226607692165, 35.962283294811705], [126.68226607692165, 35.962283294811705], [126.6850383198321, 35.962302153740026], [126.68506147652789, 35.960048381728555], [126.68506147652789, 35.960048381728555], [126.6850846306524, 35.957794608855934], [126.68231254523405, 35.95777575302988], [126.68231254523405, 35.95777575302988], [126.68231254523405, 35.95777575302988], [126.68231254523405, 35.95777575302987], [126.6850846306524, 35.95779460885593], [126.68510778220595, 35.955540835122186], [126.68510778220595, 35.955540835122186], [126.6851309311888, 35.95328706052735], [126.6851309311888, 35.95328706052735], [126.68515407760124, 35.95103328507144], [126.6823822283555, 35.95101443389811], [126.68235900322757, 35.9532682078032], [126.68235900322757, 35.9532682078032], [126.68233577552053, 35.95552198084712], [126.68233577552053, 35.95552198084712], [126.68233577552053, 35.95552198084713], [126.68233577552053, 35.95552198084713], [126.68235900322757, 35.9532682078032], [126.6823822283555, 35.95101443389811], [126.67961038168859, 35.950995518720795], [126.67961038168859, 35.950995518720795], [126.67683853760929, 35.950976539539674], [126.67683853760929, 35.950976539539674], [126.6740666961263, 35.950957496354945], [126.67404323485376, 35.95321126557596], [126.67404323485376, 35.95321126557596], [126.67404323485376, 35.953211265575966], [126.67404323485376, 35.953211265575966], [126.6740666961263, 35.950957496354945], [126.6740666961263, 35.950957496354945], [126.67409015479377, 35.948703726272505], [126.67131839462142, 35.94868462065616], [126.67131839462142, 35.94868462065615], [126.66854663706256, 35.94866545104184], [126.66854663706256, 35.94866545104184], [126.66577488212597, 35.948646217429754], [126.66577488212597, 35.948646217429754], [126.66854663706256, 35.94866545104184], [126.66857025051863, 35.94641168324672], [126.66857025051863, 35.94641168324672]], [[126.67411361085651, 35.94644995532872], [126.67411361085651, 35.94644995532872], [126.67411361085651, 35.94644995532872], [126.67411361085651, 35.94644995532872], [126.67411361085651, 35.94644995532872]], [[126.67693204188079, 35.9419614477762], [126.67695541146007, 35.93970767268223], [126.67695541146007, 35.93970767268223], [126.67697877844446, 35.93745389672704], [126.67420740906554, 35.937434862940215], [126.67418396341895, 35.93968863732928], [126.67418396341895, 35.93968863732928], [126.67420740906552, 35.937434862940215], [126.67143604228991, 35.93741576518153], [126.67143604228991, 35.93741576518153], [126.67420740906552, 35.937434862940215], [126.67423085210878, 35.93518108768988], [126.67423085210878, 35.93518108768988], [126.67423085210878, 35.93518108768987], [126.67700214283427, 35.93520011991071], [126.67702550462984, 35.93294634223323], [126.67425429254907, 35.932927311578304], [126.67425429254907, 35.932927311578304], [126.67425429254907, 35.932927311578304], [126.67427773038658, 35.93067353460551], [126.67150659954422, 35.93065444156037], [126.67150659954422, 35.93065444156037], [126.66873547131298, 35.93063528455938], [126.66871187620437, 35.93288905838472], [126.671483083071, 35.932908216962076], [126.671483083071, 35.932908216962076], [126.66871187620437, 35.93288905838472], [126.66868827847559, 35.93514283134867], [126.66868827847559, 35.93514283134867], [126.6686646781263, 35.93739660345119], [126.6686646781263, 35.93739660345119], [126.6686646781263, 35.93739660345119], [126.6686646781263, 35.93739660345119], [126.66868827847559, 35.93514283134867], [126.66868827847559, 35.93514283134867], [126.66871187620437, 35.93288905838472], [126.66871187620437, 35.93288905838472], [126.66873547131298, 35.93063528455938], [126.66596434570164, 35.93061606360273], [126.66596434570164, 35.93061606360273], [126.66596434570164, 35.93061606360273], [126.66873547131298, 35.93063528455938], [126.66873547131298, 35.93063528455938], [126.67150659954422, 35.930654441560364], [126.67153011340626, 35.928400665297396], [126.67153011340626, 35.928400665297396], [126.67150659954422, 35.93065444156036], [126.67427773038658, 35.930673534605496], [126.6743011656217, 35.928419756771525], [126.6743011656217, 35.928419756771525], [126.6743011656217, 35.92841975677152], [126.67707222043924, 35.928438784294855], [126.67709557445372, 35.92618500403405], [126.67709557445372, 35.92618500403405], [126.67986655324584, 35.92620396604602], [126.67986655324584, 35.92620396604602], [126.67986655324584, 35.92620396604602], [126.6798432778502, 35.92845774786721], [126.6798432778502, 35.92845774786721], [126.67981999986989, 35.93071152882743], [126.68259113849334, 35.930730430003834], [126.68261433784583, 35.9284766474884], [126.68261433784583, 35.9284766474884], [126.68259113849334, 35.93073043000385], [126.68259113849334, 35.93073043000385], [126.68259113849334, 35.93073043000385], [126.67981999986989, 35.93071152882744], [126.67981999986989, 35.93071152882743], [126.67704886383139, 35.9306925636946], [126.67702550462984, 35.932946342233215], [126.67979671930459, 35.932965308926626], [126.67977343615405, 35.93521908816478], [126.67977343615405, 35.93521908816478], [126.67975015041796, 35.93747286654187], [126.67975015041796, 35.937472866541874], [126.67697877844446, 35.93745389672705], [126.67695541146007, 35.93970767268223], [126.67695541146007, 35.93970767268223], [126.67693204188079, 35.9419614477762], [126.67693204188079, 35.9419614477762], [126.67693204188079, 35.9419614477762]], [[126.61568278216586, 35.96631893259711], [126.61291044887392, 35.96629846960353], [126.61291044887392, 35.96629846960353], [126.61568278216586, 35.96631893259711], [126.61568278216586, 35.966318932597105], [126.61845511824858, 35.96633933155457], [126.61848017043542, 35.96408559995127], [126.61848017043542, 35.96408559995127], [126.61850521984056, 35.961831867484605], [126.61850521984056, 35.961831867484605], [126.6185302664643, 35.95957813415461], [126.61575816663736, 35.95955774023005], [126.61575816663736, 35.95955774023005], [126.61298606960021, 35.95953728228518], [126.61298606960021, 35.9595372822852], [126.61021397536163, 35.95951676032024], [126.61021397536163, 35.959516760320234], [126.61298606960021, 35.95953728228518], [126.61298606960021, 35.95953728228518], [126.61575816663736, 35.95955774023005], [126.61575816663736, 35.95955774023005], [126.6185302664643, 35.95957813415461], [126.618555310307, 35.95732439996131], [126.618555310307, 35.95732439996131], [126.6185302664643, 35.95957813415461], [126.62130236907235, 35.95959846405865], [126.6213273341803, 35.95734472819316], [126.6213273341803, 35.95734472819316], [126.62135229651618, 35.955090991464495], [126.62135229651618, 35.955090991464495], [126.6213273341803, 35.957344728193156], [126.6240993608256, 35.957364992409566], [126.62412424443518, 35.95511125401407], [126.62412424443518, 35.95511125401407], [126.6240993608256, 35.95736499240957], [126.6213273341803, 35.95734472819316], [126.62130236907235, 35.95959846405865], [126.62130236907235, 35.95959846405865], [126.62127740119209, 35.96185219906093], [126.62404958531624, 35.96187246661127], [126.62404958531624, 35.961872466611275], [126.62682177220431, 35.96189267013544], [126.62682177220431, 35.96189267013544], [126.62959396184755, 35.961912809633226], [126.62959396184755, 35.961912809633226], [126.63236615423719, 35.96193288510441], [126.63239080714037, 35.959679143465664], [126.62961869349547, 35.95965906964569], [126.62961869349547, 35.95965906964569], [126.63239080714037, 35.959679143465664], [126.63239080714037, 35.959679143465664], [126.63239080714037, 35.959679143465664], [126.63236615423719, 35.96193288510441], [126.63513834936451, 35.96195289654881], [126.63513834936451, 35.96195289654881], [126.63791054722076, 35.9619728439662], [126.63791054722076, 35.9619728439662], [126.63513834936451, 35.96195289654881], [126.63513834936451, 35.961952896548816], [126.63236615423719, 35.96193288510442], [126.63234149859633, 35.964186625880295], [126.6323414985963, 35.964186625880295], [126.63236615423719, 35.96193288510442], [126.62959396184752, 35.96191280963323], [126.62956922745317, 35.964166548757795], [126.62956922745317, 35.964166548757795], [126.62959396184752, 35.96191280963323], [126.62682177220431, 35.96189267013545], [126.62682177220431, 35.96189267013545], [126.62404958531624, 35.96187246661128], [126.62402469341588, 35.96412620241744], [126.62402469341588, 35.96412620241744], [126.62402469341588, 35.96412620241744], [126.62125243053917, 35.96410593319998], [126.62122745711329, 35.96635966647575], [126.62122745711329, 35.96635966647575], [126.62125243053917, 35.96410593319998], [126.62125243053917, 35.96410593319998], [126.62125243053917, 35.96410593319998], [126.62402469341588, 35.96412620241743], [126.62404958531624, 35.961872466611275], [126.62127740119209, 35.96185219906093], [126.62127740119209, 35.96185219906094], [126.61850521984059, 35.961831867484605], [126.61848017043542, 35.96408559995127], [126.61848017043542, 35.96408559995127], [126.61845511824858, 35.96633933155457], [126.61845511824858, 35.96633933155457], [126.61845511824858, 35.966339331554586], [126.61568278216586, 35.96631893259711], [126.61565764842761, 35.968572661659216], [126.61565764842761, 35.968572661659216], [126.61565764842761, 35.968572661659216], [126.61565764842761, 35.968572661659216], [126.61568278216586, 35.96631893259711]], [[126.62684658259666, 35.959638931804406], [126.62684658259666, 35.95963893180439], [126.62961869349547, 35.95965906964568], [126.62964342239731, 35.957405328795225], [126.62964342239731, 35.957405328795225], [126.62966814855332, 35.95515158708184], [126.632440104735, 35.95517165759965], [126.63246474942702, 35.95291791337245], [126.6324893913826, 35.95066416828248], [126.6324893913826, 35.95066416828248], [126.63246474942702, 35.95291791337245], [126.63523662962663, 35.95293791823358], [126.63523662962663, 35.95293791823359], [126.63246474942702, 35.95291791337245], [126.632440104735, 35.95517165759965], [126.62966814855332, 35.95515158708184], [126.62964342239731, 35.957405328795225], [126.62964342239731, 35.957405328795225], [126.62961869349547, 35.95965906964569], [126.62684658259666, 35.959638931804406]], [[126.61570791311337, 35.96406520267153], [126.61293565858178, 35.96404474136095], [126.61293565858178, 35.96404474136095], [126.61293565858178, 35.96404474136095], [126.61296086549041, 35.961791012254835], [126.61018869250928, 35.9617704886018], [126.61018869250928, 35.96177048860181], [126.60741652233578, 35.961749900923614], [126.60739115792487, 35.96400362664811], [126.60739115792487, 35.96400362664811], [126.60739115792487, 35.96400362664811], [126.60741652233578, 35.96174990092361], [126.6046443549786, 35.96172924922046], [126.60461891181704, 35.96398297324627], [126.60461891181704, 35.96398297324627], [126.60459346583008, 35.96623669640824], [126.60459346583008, 35.96623669640824], [126.60461891181704, 35.96398297324628], [126.60461891181704, 35.96398297324627], [126.6046443549786, 35.96172924922047], [126.60187219044656, 35.961708533492576], [126.60187219044656, 35.96170853349257], [126.60187219044656, 35.96170853349256], [126.60189770952461, 35.95945481030684], [126.59912562656766, 35.95943403226356], [126.59912562656766, 35.95943403226355], [126.60189770952461, 35.95945481030683], [126.60192322576914, 35.95720108625722], [126.59915122154473, 35.95718030992298], [126.59915122154473, 35.95718030992298], [126.59915122154473, 35.95718030992298], [126.59915122154473, 35.95718030992298], [126.60192322576914, 35.95720108625722], [126.60194873918049, 35.95494736134376], [126.60194873918049, 35.95494736134376], [126.60194873918049, 35.95494736134377], [126.60192322576914, 35.95720108625722], [126.60192322576914, 35.95720108625722], [126.60189770952461, 35.95945481030682], [126.60466979531508, 35.95947552433084], [126.60469523282678, 35.95722179857746], [126.60469523282676, 35.95722179857746], [126.604720667514, 35.95496807196032], [126.604720667514, 35.954968071960316], [126.6047460993771, 35.952714344479446], [126.6047460993771, 35.952714344479446], [126.6047460993771, 35.952714344479446], [126.60751795181905, 35.95273498938873], [126.60751795181905, 35.95273498938874], [126.6047460993771, 35.952714344479446], [126.604720667514, 35.954968071960316], [126.604720667514, 35.95496807196032], [126.60469523282678, 35.95722179857746], [126.60746724270886, 35.95724244688348], [126.60746724270886, 35.95724244688348], [126.60469523282678, 35.95722179857746], [126.60466979531508, 35.95947552433084], [126.60744188393033, 35.959496174335385], [126.60744188393033, 35.959496174335385], [126.61021397536163, 35.95951676032024], [126.61021397536163, 35.95951676032024], [126.60744188393033, 35.959496174335385], [126.60741652233578, 35.96174990092361], [126.61018869250928, 35.9617704886018], [126.61018869250928, 35.9617704886018], [126.61296086549041, 35.961791012254835], [126.61293565858178, 35.964044741360944], [126.61570791311337, 35.96406520267153], [126.61570791311337, 35.96406520267153], [126.61570791311337, 35.96406520267153], [126.61570791311337, 35.96406520267153]], [[126.61860538965038, 35.95281692898488], [126.61860538965038, 35.95281692898488], [126.61583352600051, 35.95279654009241], [126.61583352600051, 35.95279654009241], [126.61860538965038, 35.95281692898488]], [[126.57404544730863, 35.97051266967988], [126.57127299939008, 35.970491242645586], [126.57127299939008, 35.970491242645586], [126.57404544730863, 35.97051266967988], [126.57404544730863, 35.97051266967988], [126.57681789814976, 35.970534032670685], [126.57684413753968, 35.96828032851595], [126.57684413753968, 35.96828032851595], [126.57687037401611, 35.96602662349637], [126.57687037401611, 35.96602662349637], [126.57689660757936, 35.963772917611976], [126.57689660757936, 35.963772917611976], [126.57687037401611, 35.96602662349637], [126.57687037401611, 35.96602662349637], [126.57684413753968, 35.96828032851595], [126.57961651252099, 35.96830162571142], [126.57961651252099, 35.96830162571142], [126.58238889040703, 35.968322858868255], [126.58238889040703, 35.968322858868255], [126.58238889040703, 35.968322858868255], [126.58238889040703, 35.968322858868255], [126.57961651252099, 35.96830162571142], [126.57961651252099, 35.96830162571142], [126.57684413753968, 35.96828032851595], [126.57681789814976, 35.97053403267069], [126.57681789814976, 35.97053403267069], [126.57679165584602, 35.972787735960566], [126.57679165584602, 35.972787735960566], [126.57676541062813, 35.97504143838556], [126.57676541062813, 35.97504143838556], [126.57679165584602, 35.97278773596058], [126.57679165584602, 35.97278773596058], [126.57681789814976, 35.97053403267069], [126.57404544730863, 35.97051266967988], [126.57404544730863, 35.97051266967988]], [[126.57409808071287, 35.966005264019294], [126.57409808071287, 35.966005264019294], [126.57412439303197, 35.96375155989162], [126.57412439303197, 35.96375155989162], [126.57409808071287, 35.966005264019294], [126.57409808071287, 35.966005264019294], [126.57407176547188, 35.968258967282054], [126.57407176547188, 35.968258967282054], [126.57407176547188, 35.96825896728205], [126.57407176547186, 35.96825896728205], [126.57409808071287, 35.966005264019294]], [[126.57415070242946, 35.961497854899065], [126.57415070242946, 35.961497854899065], [126.57692283822975, 35.9615192108628], [126.57694906596764, 35.959265503248844], [126.57417700890569, 35.95924414904163], [126.57417700890569, 35.95924414904164], [126.5714049547647, 35.95922273081728], [126.5714049547647, 35.95922273081727], [126.56863290355335, 35.95920124857597], [126.56865936456691, 35.956947545382356], [126.56588739502259, 35.95692600089657], [126.56588739502259, 35.95692600089656], [126.56588739502259, 35.95692600089656], [126.56588739502259, 35.95692600089655], [126.56865936456691, 35.95694754538235], [126.56865936456691, 35.956947545382356], [126.5714313370493, 35.956969025856694], [126.5714313370493, 35.956969025856694], [126.5714313370493, 35.95696902585669], [126.56865936456691, 35.956947545382356], [126.56863290355335, 35.95920124857597], [126.5714049547647, 35.95922273081727], [126.5714049547647, 35.95922273081727], [126.57417700890569, 35.95924414904163], [126.57417700890569, 35.95924414904163], [126.57694906596764, 35.959265503248844], [126.57697529079334, 35.95701179477015], [126.57697529079334, 35.95701179477015], [126.57694906596764, 35.959265503248844], [126.57972112594177, 35.95928679343869], [126.57974727203754, 35.957033083208835], [126.57974727203754, 35.957033083208835], [126.57977341523018, 35.95477937211437], [126.57977341523019, 35.95477937211437], [126.57977341523019, 35.954779372114366], [126.57977341523019, 35.954779372114366], [126.57974727203755, 35.957033083208835], [126.57974727203754, 35.957033083208835], [126.57972112594177, 35.95928679343869], [126.58249318881936, 35.959308019610965], [126.58249318881936, 35.959308019610965], [126.57972112594177, 35.95928679343869], [126.57969497694256, 35.9615405028039], [126.57969497694256, 35.9615405028039], [126.57969497694256, 35.9615405028039], [126.57969497694256, 35.9615405028039], [126.57972112594177, 35.95928679343869], [126.57694906596764, 35.959265503248844], [126.57692283822975, 35.9615192108628], [126.57692283822975, 35.9615192108628], [126.57692283822975, 35.961519210862804], [126.57415070242946, 35.961497854899065], [126.57412439303197, 35.96375155989161], [126.57412439303197, 35.96375155989161], [126.57415070242946, 35.961497854899065], [126.57415070242946, 35.961497854899065]], [[126.58526525459162, 35.95932918176545], [126.58526525459162, 35.95932918176545], [126.58249318881936, 35.959308019610965], [126.58249318881936, 35.959308019610965], [126.58526525459162, 35.95932918176545]], [[126.57697529079334, 35.95701179477015], [126.57697529079334, 35.95701179477015], [126.57700151270721, 35.95475808542674], [126.57700151270721, 35.95475808542674], [126.57697529079334, 35.95701179477015]], [[126.56871227778012, 35.95244013640009], [126.56868582264238, 35.9546938413237], [126.56868582264238, 35.9546938413237], [126.56871227778012, 35.952440136400085], [126.57148409283083, 35.952461613340816], [126.57148409283083, 35.952461613340816], [126.5742559108102, 35.9524830262804], [126.5742559108102, 35.9524830262804], [126.5742559108102, 35.9524830262804], [126.5742559108102, 35.952483026280404], [126.57148409283083, 35.95246161334082], [126.57148409283083, 35.95246161334082], [126.56871227778012, 35.95244013640009]], [[126.57428220560472, 35.950229316963764], [126.57428220560472, 35.950229316963764], [126.5715104663284, 35.950207905785554], [126.5715104663284, 35.950207905785554], [126.56873872998044, 35.950186430611495], [126.56873872998044, 35.950186430611495], [126.56596699656956, 35.95016489144176], [126.56596699656956, 35.95016489144176], [126.56873872998044, 35.950186430611495], [126.56876517924368, 35.94793272395795], [126.56876517924368, 35.94793272395795], [126.56879162557016, 35.94567901643949], [126.56879162557016, 35.94567901643949], [126.56881806896023, 35.94342530805614], [126.56881806896023, 35.94342530805614], [126.56879162557016, 35.94567901643949], [126.56879162557016, 35.94567901643949], [126.56876517924368, 35.94793272395794], [126.57153683689765, 35.94795419736545], [126.57156320453886, 35.94570048808054], [126.57433478643524, 35.94572189573624], [126.57436107247192, 35.94346818382543], [126.57436107247192, 35.94346818382543], [126.57433478643524, 35.94572189573624], [126.5771063712506, 35.94574323940637], [126.57713257861006, 35.94348952573972], [126.57713257861006, 35.94348952573972], [126.57715878305966, 35.94123581120849], [126.57715878305966, 35.94123581120849], [126.57713257861006, 35.94348952573972], [126.57713257861006, 35.94348952573972], [126.5771063712506, 35.94574323940637], [126.5771063712506, 35.94574323940637], [126.5771063712506, 35.94574323940638], [126.57433478643524, 35.94572189573625], [126.57430849747962, 35.947975606782364], [126.57430849747962, 35.947975606782364], [126.57428220560472, 35.950229316963764], [126.57428220560472, 35.950229316963764]], [[126.56596699656956, 35.95016489144176], [126.5631952661045, 35.95014328827659], [126.56316865649968, 35.95239699051608], [126.56316865649968, 35.95239699051608], [126.56314204393999, 35.9546506918904], [126.56591393181796, 35.95467229861004], [126.56591393181796, 35.95467229861004], [126.56591393181796, 35.95467229861004], [126.56591393181796, 35.95467229861004], [126.56314204393999, 35.9546506918904], [126.56311542842508, 35.95690439239954], [126.56311542842508, 35.95690439239954], [126.56311542842508, 35.95690439239954], [126.56034346478313, 35.95688271989149], [126.56031676758471, 35.95913641775265], [126.56031676758471, 35.95913641775265], [126.56034346478313, 35.95688271989149], [126.55757150410548, 35.95686098337265], [126.55754472817942, 35.959114679445804], [126.55754472817942, 35.959114679445804], [126.55757150410548, 35.95686098337265], [126.55757150410548, 35.95686098337265], [126.55757150410548, 35.95686098337264], [126.56034346478313, 35.95688271989148], [126.56037015901725, 35.95462902116499], [126.56037015901725, 35.95462902116499], [126.56037015901725, 35.954629021165], [126.56034346478313, 35.95688271989148], [126.56311542842508, 35.95690439239954], [126.56314204393999, 35.9546506918904], [126.56314204393999, 35.9546506918904], [126.56316865649968, 35.952396990516085], [126.56039685028743, 35.952375321573236], [126.56039685028743, 35.95237532157323], [126.56316865649968, 35.95239699051608], [126.5631952661045, 35.95014328827659], [126.56042353859397, 35.95012162111619], [126.56042353859397, 35.95012162111619], [126.56042353859397, 35.95012162111619], [126.56045022393722, 35.947867919793914], [126.56045022393725, 35.947867919793914], [126.56047690631755, 35.94561421760641], [126.56047690631755, 35.94561421760641], [126.56045022393725, 35.94786791979391], [126.56322187275474, 35.94788958517196], [126.56322187275474, 35.94788958517196], [126.56599352452646, 35.94791118656004], [126.56599352452646, 35.94791118656004], [126.56599352452646, 35.94791118656004], [126.56322187275474, 35.94788958517196], [126.56322187275474, 35.94788958517196], [126.56045022393725, 35.94786791979391], [126.56042353859397, 35.95012162111619], [126.5631952661045, 35.95014328827659], [126.5631952661045, 35.95014328827659], [126.56596699656956, 35.95016489144176], [126.56596699656956, 35.95016489144176]], [[126.57441363578974, 35.9389607574098], [126.57438735558999, 35.941214471049925], [126.57438735558996, 35.941214471049925], [126.57441363578974, 35.9389607574098], [126.57441363578974, 35.9389607574098]], [[126.55498744550341, 35.941063298651024], [126.55221604162458, 35.9410414466982], [126.5521891291708, 35.943295145238324], [126.5521891291708, 35.943295145238324], [126.55221604162458, 35.9410414466982], [126.55221604162458, 35.9410414466982], [126.55498744550341, 35.941063298651024], [126.55498744550341, 35.941063298651024]], [[126.54941764961465, 35.943273227509124], [126.54941764961463, 35.943273227509124], [126.5494446407339, 35.94101953077209], [126.5494446407339, 35.94101953077209], [126.54947162885628, 35.93876583316952], [126.54947162885628, 35.93876583316952], [126.54947162885628, 35.93876583316952], [126.54947162885628, 35.93876583316952], [126.5494446407339, 35.94101953077209], [126.5494446407339, 35.941019530772095], [126.54941764961465, 35.943273227509124]], [[126.54664617305572, 35.94325124580158], [126.54664617305572, 35.94325124580158], [126.54664617305572, 35.94325124580157], [126.54664617305572, 35.94325124580157], [126.54661910026539, 35.94550493986456], [126.54661910026539, 35.94550493986456], [126.54664617305572, 35.94325124580158]], [[126.5492826490533, 35.95454169821024], [126.54651077903775, 35.95451970745936], [126.54651077903775, 35.95451970745936], [126.5492826490533, 35.95454169821024], [126.5492826490533, 35.95454169821024]], [[126.55205452206776, 35.95456362495646], [126.55205452206776, 35.954563624956464], [126.55205452206776, 35.954563624956464], [126.55205452206776, 35.954563624956464], [126.5492826490533, 35.954541698210235], [126.54930965516203, 35.95228800580131], [126.54930965516203, 35.95228800580131], [126.5492826490533, 35.954541698210235], [126.55205452206776, 35.95456362495646]], [[126.54371174548744, 35.956751340624095], [126.54371174548744, 35.956751340624095], [126.54648369121254, 35.95677339719364], [126.54648369121254, 35.95677339719364], [126.54371174548744, 35.956751340624095]], [[126.54360304914724, 35.96576608364488], [126.54360304914724, 35.96576608364488], [126.54083079148403, 35.96574395578685], [126.54080353109404, 35.96799763755708], [126.54357586751782, 35.96801976723512], [126.54357586751782, 35.96801976723512], [126.54080353109404, 35.96799763755708], [126.54080353109404, 35.96799763755708], [126.53803119769745, 35.967975443843464], [126.53803119769745, 35.967975443843464], [126.54080353109404, 35.96799763755708], [126.54083079148403, 35.96574395578685], [126.54083079148403, 35.96574395578685], [126.54085804884716, 35.96349027315053], [126.54085804884716, 35.96349027315053], [126.54083079148403, 35.96574395578685], [126.54360304914724, 35.96576608364488]], [[126.54634820696002, 35.968041832877354], [126.54634820696002, 35.968041832877354], [126.54912054941188, 35.968063834483566], [126.54914757351918, 35.965810147269124], [126.54914757351918, 35.965810147269124], [126.54914757351918, 35.965810147269124], [126.54914757351918, 35.965810147269124], [126.54912054941188, 35.96806383448357], [126.54634820696002, 35.96804183287737], [126.54634820696002, 35.96804183287737], [126.54357586751782, 35.96801976723512], [126.54357586751782, 35.96801976723512], [126.54634820696002, 35.968041832877354]], [[126.54637530982852, 35.96578814747238], [126.54360304914724, 35.96576608364488], [126.54360304914724, 35.96576608364488], [126.54637530982852, 35.96578814747238], [126.54637530982852, 35.96578814747238]], [[126.55504110414148, 35.936555895379065], [126.55504110414148, 35.93655589537906], [126.55781235369365, 35.93657767977351], [126.55781235369365, 35.93657767977352], [126.55504110414148, 35.936555895379065]], [[126.55770533914692, 35.94559249002613], [126.55770533914692, 35.94559249002614], [126.55770533914692, 35.94559249002614], [126.55770533914692, 35.94559249002613], [126.55770533914692, 35.94559249002613]], [[126.55496061171543, 35.94331699898898], [126.55496061171543, 35.94331699898898], [126.55498744550341, 35.941063298651024], [126.55498744550341, 35.941063298651024], [126.55496061171543, 35.94331699898898], [126.55496061171543, 35.94331699898898], [126.55493377494767, 35.94557069846157], [126.55493377494767, 35.94557069846157], [126.55493377494767, 35.94557069846157], [126.55496061171543, 35.94331699898898]], [[126.55773209723982, 35.94333878876086], [126.55775885236166, 35.941085086630316], [126.55775885236166, 35.941085086630316], [126.55773209723982, 35.94333878876086], [126.55773209723982, 35.94333878876086]], [[126.55501427631198, 35.93880959744769], [126.55501427631198, 35.938809597447694], [126.55224295109022, 35.938787747292615], [126.55224295109022, 35.938787747292615], [126.55501427631198, 35.93880959744769]], [[126.57158956925241, 35.94344677793083], [126.57158956925241, 35.94344677793083], [126.57158956925241, 35.94344677793083], [126.57158956925241, 35.94344677793083], [126.57158956925241, 35.94344677793083]], [[126.56607309072561, 35.94115006672489], [126.56604657160418, 35.943403774201585], [126.56604657160415, 35.943403774201585], [126.56607309072561, 35.94115006672489], [126.5633016749815, 35.941128470667465], [126.5633016749815, 35.941128470667465], [126.56607309072561, 35.94115006672489]], [[126.55762504703881, 35.95235358863011], [126.55762504703881, 35.95235358863011], [126.56039685028743, 35.95237532157323], [126.56039685028743, 35.95237532157323], [126.55762504703881, 35.95235358863011]], [[126.56018323711649, 35.970404894078015], [126.55741080394199, 35.97038314682958], [126.55741080394199, 35.970383146829576], [126.56018323711649, 35.970404894078], [126.56018323711649, 35.970404894078015]], [[126.56570155492564, 35.972701892677684], [126.56292903704653, 35.972680271736195], [126.56290239787783, 35.97493396532293], [126.56290239787783, 35.97493396532293], [126.56292903704652, 35.972680271736195], [126.56292903704652, 35.972680271736195], [126.56295567325729, 35.97042657728404], [126.56295567325729, 35.97042657728404], [126.56298230651053, 35.96817288196653], [126.56298230651053, 35.96817288196653], [126.56295567325732, 35.97042657728404], [126.56295567325732, 35.97042657728404], [126.56292903704653, 35.97268027173617], [126.56570155492564, 35.97270189267768], [126.56570155492564, 35.972701892677684]], [[126.5657546668369, 35.96819449935197], [126.5657546668369, 35.96819449935197], [126.56578121836965, 35.96594080139125], [126.56578121836965, 35.96594080139125], [126.56580776695428, 35.96368710256535], [126.56580776695428, 35.96368710256535], [126.56578121836965, 35.96594080139125], [126.5657546668369, 35.96819449935197]], [[126.56575466683692, 35.96819449935197], [126.56572811235569, 35.97044819644746], [126.56572811235569, 35.97044819644746], [126.5657546668369, 35.96819449935197], [126.56575466683692, 35.96819449935197]], [[126.55197372192659, 35.96132470240048], [126.55197372192659, 35.96132470240048], [126.55197372192659, 35.96132470240048], [126.55474583411207, 35.961346570537444], [126.55474583411207, 35.96134657053745], [126.55197372192659, 35.96132470240048], [126.55197372192659, 35.96132470240048]], [[126.5547189734942, 35.96360026308624], [126.5547189734942, 35.96360026308623], [126.55749116740688, 35.96362206899579], [126.55749116740688, 35.9636220689958], [126.5547189734942, 35.96360026308624]], [[126.56306218852825, 35.96141179082215], [126.56306218852825, 35.96141179082215], [126.56306218852825, 35.96141179082215], [126.56029006742165, 35.961390114748504], [126.56029006742165, 35.961390114748504], [126.55751794928003, 35.96136837465354], [126.55751794928003, 35.96136837465353], [126.55751794928003, 35.96136837465353], [126.55751794928003, 35.96136837465353], [126.56029006742165, 35.9613901147485], [126.56029006742165, 35.9613901147485], [126.56306218852825, 35.96141179082214], [126.56306218852825, 35.96141179082215]], [[126.56303556414568, 35.96366548873557], [126.56303556414568, 35.96366548873557], [126.56026336429365, 35.96364381087898], [126.56026336429365, 35.96364381087898], [126.56303556414568, 35.96366548873557], [126.56303556414568, 35.96366548873557], [126.56303556414568, 35.96366548873557]], [[126.56580776695428, 35.96368710256534], [126.56580776695428, 35.96368710256534], [126.56583431259108, 35.96143340287424], [126.56583431259108, 35.96143340287424], [126.56580776695428, 35.96368710256534]], [[126.57137856955042, 35.96147643491291], [126.56860643960138, 35.96145495090456], [126.56583431259108, 35.96143340287424], [126.56583431259108, 35.96143340287423], [126.56860643960138, 35.96145495090455], [126.56863290355335, 35.95920124857597], [126.56863290355335, 35.95920124857597], [126.56860643960138, 35.96145495090455], [126.57137856955042, 35.96147643491291], [126.57137856955042, 35.96147643491291]], [[126.56308880995462, 35.95915809204345], [126.56308880995462, 35.95915809204345], [126.56308880995462, 35.95915809204345], [126.56586085528039, 35.95917970231797], [126.56586085528039, 35.95917970231797], [126.56586085528039, 35.95917970231797], [126.56586085528039, 35.95917970231797], [126.56308880995462, 35.95915809204346], [126.56308880995462, 35.95915809204345]], [[126.55477269174752, 35.959092877123105], [126.55477269174752, 35.9590928771231], [126.55754472817942, 35.959114679445804], [126.55754472817942, 35.959114679445804], [126.55477269174752, 35.959092877123105]], [[126.56844759416451, 35.974977146708945], [126.56567499454646, 35.974955588042626], [126.56567499454646, 35.974955588042626], [126.56844759416451, 35.974977146708945], [126.56844759416451, 35.974977146708945]], [[126.56570155492564, 35.97270189267768], [126.56572811235569, 35.970448196447464], [126.56572811235569, 35.970448196447464], [126.56570155492564, 35.97270189267768], [126.56570155492564, 35.97270189267768]], [[126.56847407575388, 35.97272344957108], [126.56847407575388, 35.97272344957108], [126.57124659952252, 35.97274494241618], [126.57124659952252, 35.97274494241618], [126.57401912622281, 35.97276637121274], [126.57401912622281, 35.97276637121274], [126.57124659952252, 35.97274494241618], [126.57124659952252, 35.97274494241618], [126.56847407575388, 35.97272344957108]], [[126.58270164671899, 35.94127829959963], [126.5827276909386, 35.93902458070836], [126.5827276909386, 35.93902458070836], [126.58270164671899, 35.94127829959963], [126.58547308289116, 35.94129944783178], [126.58547308289116, 35.94129944783179], [126.58547308289116, 35.94129944783179], [126.5854471144489, 35.94355316759866], [126.5854471144489, 35.94355316759866], [126.58542114312294, 35.94580688650124], [126.58542114312294, 35.94580688650124], [126.58542114312294, 35.94580688650124], [126.58542114312294, 35.94580688650124], [126.5854471144489, 35.943553167598665], [126.5854471144489, 35.943553167598665], [126.58547308289116, 35.94129944783179], [126.58270164671899, 35.941278299599645], [126.58270164671899, 35.94127829959963], [126.58270164671899, 35.94127829959963]], [[126.57995633631889, 35.93900337024564], [126.57998245629837, 35.93674965223506], [126.57998245629837, 35.93674965223506], [126.57995633631889, 35.93900337024564], [126.57995633631889, 35.93900337024564]], [[126.5799302134389, 35.941257087391804], [126.5799302134389, 35.941257087391804], [126.57990408765811, 35.9435108036735], [126.5799040876581, 35.9435108036735], [126.5799302134389, 35.941257087391804]], [[126.58267559960728, 35.94353201762656], [126.58267559960728, 35.94353201762656], [126.58267559960728, 35.94353201762656], [126.57990408765811, 35.943510803673504], [126.57990408765811, 35.9435108036735], [126.58267559960728, 35.94353201762656], [126.58267559960728, 35.94353201762656]], [[126.59342689447638, 35.972914579411935], [126.59342689447638, 35.972914579411935], [126.59345266408083, 35.970660865690576], [126.59345266408083, 35.97066086569057], [126.59345266408083, 35.97066086569057], [126.59342689447638, 35.972914579411935]], [[126.5962251351351, 35.97068178037106], [126.59625082310261, 35.96842806406536], [126.59625082310261, 35.96842806406536], [126.5962251351351, 35.97068178037106], [126.5962251351351, 35.97068178037106]], [[126.59347843082395, 35.96840715110491], [126.59347843082395, 35.96840715110491], [126.59350419470603, 35.96615343565502], [126.59350419470603, 35.96615343565502], [126.59347843082395, 35.96840715110491]], [[126.59078356074411, 35.96162503033778], [126.59075772383407, 35.9638787457911], [126.59075772383407, 35.9638787457911], [126.59073188405492, 35.9661324603801], [126.59073188405492, 35.9661324603801], [126.59070604140629, 35.96838617410478], [126.59070604140629, 35.96838617410478], [126.59070604140629, 35.96838617410478], [126.58793365485846, 35.968365133065156], [126.58790773056509, 35.97061884419489], [126.58790773056509, 35.97061884419489], [126.58793365485846, 35.968365133065156], [126.58793365485846, 35.96836513306515], [126.59070604140629, 35.96838617410478], [126.59073188405492, 35.9661324603801], [126.59073188405492, 35.9661324603801], [126.59075772383407, 35.9638787457911], [126.5879854948099, 35.963857708212345], [126.5879854948099, 35.963857708212345], [126.58521326866361, 35.96383660660484], [126.58521326866361, 35.96383660660484], [126.58521326866361, 35.963836606604836], [126.5879854948099, 35.96385770821234], [126.5879854948099, 35.96385770821234], [126.59075772383407, 35.96387874579109], [126.59078356074411, 35.96162503033778], [126.58801141046865, 35.961603994489316], [126.58801141046865, 35.961603994489316], [126.58523926307075, 35.96158289461737], [126.58523926307075, 35.96158289461738], [126.58246711855914, 35.96156173072217], [126.58244104540391, 35.963815440968794], [126.58244104540391, 35.963815440968794], [126.58246711855914, 35.96156173072217], [126.58246711855914, 35.96156173072217], [126.58246711855914, 35.96156173072217], [126.58523926307075, 35.96158289461737], [126.58523926307075, 35.96158289461737], [126.58801141046865, 35.961603994489316], [126.58803732324986, 35.95935027990191], [126.58803732324986, 35.95935027990191], [126.58806323315386, 35.957096564450175], [126.58806323315386, 35.957096564450175], [126.58803732324986, 35.95935027990191], [126.58803732324986, 35.95935027990191], [126.58801141046865, 35.961603994489316], [126.59078356074411, 35.96162503033777], [126.59080939478534, 35.95937131402019], [126.59358146918927, 35.959392284120014], [126.59358146918927, 35.95939228412002], [126.59080939478534, 35.959371314020196], [126.59078356074411, 35.96162503033778], [126.59355571388838, 35.961646002162546], [126.59358146918927, 35.95939228412002], [126.59358146918929, 35.95939228412002], [126.59355571388838, 35.961646002162546], [126.59352995572739, 35.963899719340894], [126.59350419470603, 35.966153435655016], [126.59350419470603, 35.966153435655016], [126.59352995572739, 35.963899719340894], [126.59352995572739, 35.963899719340894], [126.59355571388838, 35.961646002162546], [126.59078356074411, 35.96162503033778]], [[126.58257138223303, 35.952546881090186], [126.58257138223303, 35.952546881090186], [126.58534321183973, 35.95256803802306], [126.58534321183973, 35.95256803802306], [126.58534321183974, 35.95256803802306], [126.58531722897578, 35.95482175346826], [126.58254532065597, 35.95480059479494], [126.58257138223303, 35.952546881090186]], [[126.57700151270721, 35.95475808542674], [126.57702773170952, 35.952504375218645], [126.57702773170952, 35.952504375218645], [126.57700151270721, 35.95475808542674], [126.57700151270721, 35.95475808542674]], [[126.58529124322652, 35.95707546804907], [126.58529124322652, 35.95707546804907], [126.58251925618485, 35.95705430763522], [126.58251925618485, 35.95705430763522], [126.58529124322652, 35.95707546804907], [126.58529124322652, 35.95707546804907]], [[126.59083522595806, 35.95711759683833], [126.59360722163044, 35.95713856521333], [126.59363297121219, 35.95488484544251], [126.59363297121219, 35.95488484544251], [126.59360722163044, 35.95713856521334], [126.59083522595806, 35.95711759683834], [126.59083522595806, 35.95711759683834], [126.59083522595806, 35.95711759683834], [126.59083522595806, 35.95711759683833]], [[126.57959035190473, 35.97055533161781], [126.57956418838339, 35.972809036659434], [126.57956418838339, 35.972809036659434], [126.57959035190473, 35.97055533161781], [126.57959035190473, 35.97055533161781]], [[126.58231063619084, 35.97508397923255], [126.58231063619084, 35.97508397923255], [126.58233672382615, 35.972830273309135], [126.58233672382615, 35.972830273309135], [126.58231063619084, 35.97508397923255]], [[126.58513526812114, 35.97059773738013], [126.58516127118912, 35.96834402798623], [126.58516127118912, 35.96834402798623], [126.58516127118912, 35.968344027986234], [126.58513526812114, 35.97059773738013], [126.58513526812114, 35.97059773738013], [126.58513526812114, 35.97059773738013]], [[126.59068019588793, 35.97063988696512], [126.59065434749942, 35.97289359896106], [126.59065434749942, 35.97289359896106], [126.59068019588793, 35.97063988696512], [126.59068019588793, 35.97063988696512]], [[126.57964267023252, 35.96604791894028], [126.57964267023252, 35.96604791894028], [126.58241496935332, 35.966069150350826], [126.58241496935332, 35.96606915035083], [126.58241496935332, 35.96606915035083], [126.58241496935332, 35.96606915035083], [126.57964267023252, 35.96604791894028], [126.57964267023252, 35.96604791894028]], [[126.58795957627326, 35.96611142107096], [126.58795957627326, 35.96611142107096], [126.58518727136983, 35.9660903177278], [126.58518727136983, 35.9660903177278], [126.58518727136983, 35.9660903177278], [126.58795957627326, 35.96611142107096]], [[126.57966882503958, 35.96379421130445], [126.57966882503958, 35.96379421130445], [126.57966882503958, 35.96379421130445], [126.57966882503958, 35.96379421130445], [126.57966882503958, 35.96379421130445]], [[126.59627650821783, 35.96617434689551], [126.59904882458159, 35.96619519410134], [126.59904882458159, 35.966195194101346], [126.59627650821783, 35.966174346895514], [126.59627650821783, 35.96617434689551]], [[126.60179561620805, 35.9684696978663], [126.60179561620805, 35.9684696978663], [126.60182114378858, 35.96621597727233], [126.60182114378858, 35.96621597727233], [126.60182114378858, 35.96621597727233], [126.60182114378858, 35.96621597727233], [126.60179561620805, 35.9684696978663], [126.60179561620805, 35.9684696978663]], [[126.59920240297336, 35.95267286265004], [126.59922798942559, 35.95041913771771], [126.59922798942559, 35.95041913771771], [126.59920240297336, 35.95267286265004], [126.59920240297336, 35.95267286265004]], [[126.60199975750486, 35.9504399089254], [126.60199975750486, 35.9504399089254], [126.60199975750486, 35.9504399089254], [126.60477152841634, 35.950460616134876], [126.60477152841634, 35.950460616134876], [126.60477152841634, 35.950460616134876], [126.60477152841634, 35.950460616134876], [126.60199975750486, 35.95043990892541], [126.60199975750486, 35.9504399089254]], [[126.60754330215137, 35.95048125934592], [126.60754330215137, 35.95048125934592], [126.60754330215137, 35.95048125934592], [126.61031507870113, 35.950501838558345], [126.61031507870113, 35.950501838558345], [126.60754330215137, 35.95048125934592]], [[126.60197424975894, 35.95269363556648], [126.60197424975894, 35.95269363556648], [126.60197424975894, 35.95269363556648], [126.60197424975894, 35.95269363556648], [126.60197424975894, 35.95269363556648]], [[126.61023925540665, 35.95726303117509], [126.61023925540665, 35.95726303117509], [126.61023925540665, 35.95726303117509], [126.60746724270886, 35.95724244688348], [126.60746724270886, 35.95724244688348], [126.61023925540665, 35.95726303117509], [126.61023925540665, 35.95726303117509]], [[126.59910002874831, 35.961687753740144], [126.59910002874831, 35.961687753740144], [126.59910002874831, 35.96168775374016], [126.59632786989269, 35.961666909963405], [126.59632786989269, 35.9616669099634], [126.59910002874831, 35.961687753740144]], [[126.60184666853463, 35.963962255814415], [126.59907442808641, 35.96394147435275], [126.59907442808641, 35.963941474352744], [126.60184666853463, 35.96396225581441], [126.60184666853463, 35.963962255814415], [126.60184666853463, 35.963962255814415]], [[126.61016340684935, 35.96402421601975], [126.61013811838147, 35.966277942574045], [126.61013811838147, 35.96627794257405], [126.61011282710535, 35.968531668264696], [126.61011282710535, 35.968531668264696], [126.61008753302066, 35.97078539309167], [126.61008753302066, 35.97078539309167], [126.61008753302066, 35.97078539309167], [126.60731504779082, 35.970764798639166], [126.60731504779082, 35.97076479863916], [126.61008753302066, 35.97078539309167], [126.61011282710535, 35.96853166826469], [126.61011282710535, 35.96853166826468], [126.61013811838147, 35.966277942574045], [126.61013811838147, 35.966277942574045], [126.61016340684935, 35.96402421601975], [126.61016340684935, 35.96402421601975]], [[126.6045425653786, 35.97074414014063], [126.60731504779082, 35.97076479863916], [126.60731504779082, 35.970764798639166], [126.6045425653786, 35.970744140140646], [126.60451711091343, 35.97299786071101], [126.60451711091343, 35.97299786071101], [126.60449165362161, 35.97525158041745], [126.60449165362161, 35.97525158041745], [126.60451711091343, 35.97299786071101], [126.60451711091343, 35.97299786071101], [126.6045425653786, 35.97074414014063], [126.60177008579272, 35.9707234175963], [126.60177008579272, 35.970723417596304], [126.59899760904199, 35.97070263100638], [126.59899760904199, 35.97070263100638], [126.5962251351351, 35.97068178037107], [126.5962251351351, 35.97068178037106], [126.59899760904199, 35.970702631006375], [126.59899760904199, 35.970702631006375], [126.60177008579272, 35.9707234175963], [126.6045425653786, 35.97074414014063]], [[126.6100622361271, 35.97303911705494], [126.6100622361271, 35.97303911705494], [126.6100622361271, 35.97303911705494], [126.6128348029521, 35.973059649149775], [126.6128348029521, 35.973059649149775], [126.6128348029521, 35.973059649149775], [126.6128348029521, 35.973059649149775], [126.6100622361271, 35.97303911705494], [126.6100622361271, 35.97303911705494]], [[126.61288523636658, 35.96855219698255], [126.61288523636658, 35.96855219698255], [126.61286002105942, 35.97080592349796], [126.61286002105942, 35.97080592349796], [126.61286002105942, 35.97080592349796], [126.61286002105942, 35.97080592349796], [126.61288523636658, 35.96855219698255]], [[126.61610962898676, 35.92800540644949], [126.61610962898676, 35.928005406449486], [126.61888062732666, 35.92802577689822], [126.61888062732666, 35.92802577689822], [126.61610962898676, 35.928005406449486], [126.61608454264865, 35.930259150187396], [126.61608454264865, 35.930259150187396], [126.61610962898676, 35.92800540644949], [126.61610962898676, 35.92800540644949]], [[126.63001402660197, 35.92359911250212], [126.63001402660197, 35.92359911250211], [126.63278488151933, 35.9236191599151], [126.63278488151933, 35.9236191599151], [126.63555573916915, 35.92363914339076], [126.63558026698247, 35.92138538544249], [126.63558026698247, 35.92138538544249], [126.6356047920724, 35.91913162663187], [126.6356047920724, 35.91913162663187], [126.63558026698247, 35.92138538544249], [126.63835104875913, 35.921405303341494], [126.63835104875913, 35.921405303341494], [126.64112183325044, 35.92142515730804], [126.64112183325044, 35.92142515730805], [126.64389262044773, 35.92144494734193], [126.64389262044773, 35.92144494734193], [126.64112183325044, 35.92142515730805], [126.64112183325044, 35.92142515730805], [126.63835104875913, 35.9214053033415], [126.63832659954268, 35.923659062928905], [126.63832659954268, 35.923659062928905], [126.63830214761124, 35.92591282165402], [126.63830214761124, 35.92591282165402], [126.63832659954268, 35.9236590629289], [126.63832659954268, 35.9236590629289], [126.6383510487591, 35.921405303341494], [126.63558026698247, 35.92138538544249], [126.63555573916915, 35.92363914339076], [126.63555573916915, 35.92363914339076], [126.63553120863212, 35.925892900476654], [126.63553120863212, 35.925892900476654], [126.63555573916915, 35.923639143390766], [126.63278488151933, 35.923619159915106], [126.63278488151933, 35.923619159915106], [126.63001402660197, 35.92359911250212]], [[126.6356047920724, 35.91913162663187], [126.63837549526089, 35.919151542891825], [126.63837549526089, 35.919151542891825], [126.63837549526089, 35.91915154289183], [126.63837549526089, 35.91915154289183], [126.6356047920724, 35.91913162663187], [126.6356047920724, 35.91913162663187]], [[126.63003871160812, 35.9213453578479], [126.63003871160812, 35.9213453578479], [126.63003871160812, 35.92134535784788], [126.63280948792922, 35.921365403611205], [126.63280948792922, 35.92136540361122], [126.63280948792922, 35.92136540361122], [126.63280948792922, 35.92136540361122], [126.63003871160812, 35.9213453578479], [126.63003871160812, 35.9213453578479]], [[126.62729269888037, 35.91907149429076], [126.62729269888037, 35.91907149429076], [126.63006339387341, 35.91909160233113], [126.63008807339814, 35.916837845951875], [126.63008807339814, 35.916837845951875], [126.63008807339814, 35.916837845951875], [126.63008807339814, 35.916837845951875], [126.63006339387341, 35.91909160233113], [126.63006339387341, 35.91909160233113], [126.63006339387341, 35.91909160233113], [126.62729269888037, 35.91907149429076]], [[126.62726793802786, 35.921325248152705], [126.62724317442577, 35.92357900115201], [126.63001402660197, 35.9235991125021], [126.63001402660197, 35.92359911250211], [126.62724317442577, 35.92357900115201], [126.62724317442577, 35.92357900115201], [126.62726793802786, 35.921325248152705], [126.62726793802786, 35.921325248152705]], [[126.64642115506967, 35.944002279382026], [126.6464211550697, 35.944002279382026], [126.64644539270385, 35.94174852266773], [126.64646962764678, 35.93949476509124], [126.64646962764678, 35.93949476509124], [126.64644539270385, 35.94174852266773], [126.64644539270385, 35.94174852266773], [126.6464211550697, 35.944002279382026], [126.64919273402641, 35.94402195773496], [126.64919273402641, 35.944021957734975], [126.6464211550697, 35.94400227938203], [126.646396914744, 35.94625603523409], [126.646396914744, 35.94625603523409], [126.64637267172647, 35.94850979022392], [126.64637267172647, 35.94850979022392], [126.6463484260168, 35.95076354435149], [126.64912024105594, 35.950783227561686], [126.64912024105594, 35.950783227561686], [126.65189205877874, 35.95080284677021], [126.65189205877874, 35.95080284677021], [126.65189205877874, 35.95080284677021], [126.64912024105594, 35.950783227561686], [126.6490960713654, 35.953036982446214], [126.6490960713654, 35.953036982446214], [126.64907189899091, 35.95529073646852], [126.64907189899091, 35.95529073646852], [126.64904772393206, 35.95754448962858], [126.65181977781684, 35.95756411367938], [126.65181977781684, 35.95756411367939], [126.65181977781684, 35.95756411367939], [126.65181977781684, 35.95756411367939], [126.64904772393206, 35.95754448962858], [126.64904772393206, 35.95754448962859], [126.6462756727319, 35.957524801560325], [126.6462756727319, 35.95752480156032], [126.6462756727319, 35.95752480156032], [126.6462756727319, 35.95752480156031], [126.64904772393206, 35.95754448962858], [126.64907189899091, 35.95529073646852], [126.64907189899088, 35.95529073646852], [126.6490960713654, 35.953036982446214], [126.64632417761467, 35.95301729761676], [126.64632417761467, 35.95301729761677], [126.64355228655668, 35.95299754878058], [126.64355228655668, 35.95299754878057], [126.64355228655668, 35.95299754878057], [126.64357661367012, 35.95074379713983], [126.64357661367012, 35.95074379713983], [126.64355228655668, 35.95299754878057], [126.64632417761467, 35.95301729761676], [126.6490960713654, 35.953036982446214], [126.64912024105591, 35.950783227561686], [126.6463484260168, 35.95076354435149], [126.64637267172647, 35.94850979022392], [126.64637267172647, 35.94850979022392], [126.646396914744, 35.94625603523409], [126.64362525979374, 35.94623629127122], [126.64362525979374, 35.94623629127122], [126.646396914744, 35.94625603523409], [126.64642115506967, 35.944002279382026]], [[126.64092679250403, 35.93945522293553], [126.64369820872558, 35.93947502600086], [126.64369820872558, 35.93947502600087], [126.64369820872558, 35.93947502600087], [126.64092679250403, 35.939455222935536], [126.64092679250403, 35.93945522293553]], [[126.6409999530885, 35.93269395479226], [126.6409999530885, 35.93269395479226], [126.63822877552398, 35.93267409265544], [126.63822877552398, 35.93267409265544], [126.63545760067571, 35.93265416655986], [126.63543305924078, 35.93490792019601], [126.63543305924078, 35.93490792019601], [126.63545760067571, 35.93265416655986], [126.63268642855236, 35.9326341765057], [126.63266180847721, 35.934887928497005], [126.62989056044763, 35.93486787283438], [126.62986585898987, 35.93712162231287], [126.62986585898987, 35.93712162231287], [126.6298905604476, 35.93486787283438], [126.62989056044763, 35.93486787283438], [126.62991525916267, 35.93261412249319], [126.62714409251538, 35.93259400452249], [126.62711931516075, 35.93484775320832], [126.62711931516075, 35.93484775320832], [126.62709453505467, 35.93710150103136], [126.62709453505467, 35.93710150103136], [126.62709453505467, 35.93710150103136], [126.62709453505467, 35.93710150103136], [126.62711931516075, 35.934847753208324], [126.62711931516075, 35.934847753208324], [126.62714409251538, 35.93259400452249], [126.62437292861922, 35.93257382259385], [126.6243480726253, 35.93482756961904], [126.6243480726253, 35.93482756961904], [126.6243480726253, 35.93482756961905], [126.6243480726253, 35.93482756961905], [126.62437292861922, 35.93257382259385], [126.62160176748291, 35.93255357670747], [126.62160176748291, 35.93255357670747], [126.61883060911522, 35.932533266863516], [126.61883060911522, 35.93253326686351], [126.62160176748291, 35.93255357670746], [126.62160176748291, 35.93255357670746], [126.62437292861922, 35.932573822593845], [126.62439778185329, 35.93032007470584], [126.62439778185329, 35.93032007470584], [126.62439778185329, 35.93032007470584], [126.62437292861922, 35.932573822593845], [126.62714409251538, 35.93259400452249], [126.62716886711888, 35.930340254973935], [126.62716886711888, 35.930340254973935], [126.62719363897159, 35.92808650456266], [126.62719363897159, 35.92808650456266], [126.62716886711891, 35.930340254973935], [126.62716886711888, 35.930340254973935], [126.62714409251538, 35.932594004522485], [126.62991525916267, 35.93261412249318], [126.62993995513533, 35.93036037128933], [126.62993995513533, 35.93036037128933], [126.62996464836588, 35.92810661922285], [126.62996464836588, 35.92810661922285], [126.62993995513533, 35.93036037128932], [126.63271104589384, 35.93038042365182], [126.63271104589384, 35.93038042365182], [126.6354821393857, 35.930400412061225], [126.6354821393857, 35.930400412061225], [126.6382532356022, 35.930420336517315], [126.63822877552398, 35.93267409265543], [126.6409999530885, 35.93269395479225], [126.64102433453462, 35.93044019701989], [126.64102433453462, 35.93044019701989], [126.6409999530885, 35.93269395479225], [126.64377113336046, 35.932713752970116], [126.6437954361742, 35.930459993568775], [126.64102433453462, 35.93044019701989], [126.64102433453462, 35.93044019701989], [126.6437954361742, 35.930459993568775], [126.6438197362895, 35.92820623330526], [126.6438197362895, 35.92820623330526], [126.64384403370664, 35.92595247217962], [126.64384403370664, 35.92595247217962], [126.64386832842595, 35.92369871019183], [126.6410974626312, 35.923678918529326], [126.6410974626312, 35.92367891852932], [126.64386832842595, 35.92369871019183], [126.64386832842595, 35.92369871019183], [126.64663919691824, 35.92371843791621], [126.64663919691824, 35.92371843791621], [126.64386832842595, 35.92369871019183], [126.64384403370664, 35.92595247217962], [126.64384403370664, 35.92595247217962], [126.6438197362895, 35.92820623330526], [126.64659076200356, 35.92822596427662], [126.64656654051224, 35.930479726163746], [126.64933764753998, 35.930499394804635], [126.64933764753998, 35.930499394804635], [126.6521087572487, 35.930518999491206], [126.6521087572487, 35.93051899949121], [126.64933764753998, 35.930499394804635], [126.64933764753998, 35.930499394804635], [126.64656654051224, 35.93047972616375], [126.6465423163312, 35.93273348718881], [126.6465423163312, 35.93273348718881], [126.64651808946016, 35.934987247351756], [126.64651808946016, 35.934987247351756], [126.64649385989877, 35.93724100665256], [126.64649385989877, 35.93724100665256], [126.64651808946016, 35.93498724735176], [126.64651808946016, 35.93498724735176], [126.6465423163312, 35.93273348718881], [126.64377113336046, 35.932713752970116], [126.64374682784799, 35.934967511509264], [126.64374682784799, 35.934967511509264], [126.64377113336046, 35.932713752970116], [126.6409999530885, 35.93269395479226]], [[126.65218094196054, 35.92375770154982], [126.65215688306168, 35.92601146839214], [126.65492783820166, 35.92603100590863], [126.65492783820166, 35.926031005908634], [126.65215688306168, 35.92601146839215], [126.6521328214912, 35.92826523437262], [126.6521328214912, 35.92826523437262], [126.6521328214912, 35.92826523437262], [126.65215688306168, 35.92601146839215], [126.64938593059337, 35.92599186693168], [126.64938593059337, 35.925991866931675], [126.65215688306168, 35.92601146839214], [126.65218094196054, 35.92375770154982], [126.65218094196054, 35.92375770154982]], [[126.65495181849309, 35.92377723745865], [126.65772269768827, 35.92379670942858], [126.65772269768827, 35.92379670942858], [126.65495181849309, 35.92377723745865], [126.65492783820166, 35.92603100590863], [126.65492783820166, 35.92603100590863], [126.65495181849307, 35.92377723745865], [126.65495181849309, 35.92377723745865], [126.65495181849309, 35.92377723745865]], [[126.65774659671807, 35.92154293851454], [126.65497579612187, 35.92152346814693], [126.65497579612187, 35.92152346814693], [126.65220499818805, 35.92150393384566], [126.65220499818805, 35.92150393384566], [126.64943420292525, 35.92148433561094], [126.64943420292525, 35.92148433561094], [126.65220499818805, 35.921503933845656], [126.65220499818805, 35.92150393384564], [126.65497579612187, 35.92152346814691], [126.65497579612187, 35.92152346814692], [126.65774659671807, 35.92154293851453], [126.65777049309426, 35.919289166738864], [126.65777049309426, 35.919289166738864], [126.65774659671807, 35.92154293851453], [126.66051739996784, 35.9215623449483], [126.66054121775348, 35.91930857157567], [126.66054121775348, 35.91930857157567], [126.66056503289455, 35.917054797341535], [126.66056503289455, 35.917054797341535], [126.66054121775348, 35.91930857157567], [126.66054121775348, 35.91930857157567], [126.66051739996784, 35.9215623449483], [126.6632882058625, 35.92158168744804], [126.6632882058625, 35.92158168744804], [126.66051739996784, 35.9215623449483], [126.66051739996784, 35.9215623449483], [126.65774659671807, 35.92154293851453], [126.65772269768827, 35.92379670942857], [126.66049357953734, 35.92381611745939], [126.66049357953734, 35.92381611745939], [126.6632644640316, 35.923835461550894], [126.6632644640316, 35.923835461550894], [126.66603535116228, 35.923854741702925], [126.66603535116228, 35.92385474170293], [126.6632644640316, 35.9238354615509], [126.6632644640316, 35.9238354615509], [126.66049357953734, 35.92381611745939], [126.66046975646165, 35.92606988910891], [126.66324071956421, 35.92608923479231], [126.66324071956421, 35.92608923479231], [126.66601168530352, 35.92610851653094], [126.66601168530352, 35.926108516530945], [126.66324071956421, 35.926089234792315], [126.66321697246009, 35.928343007172195], [126.66321697246009, 35.928343007172195], [126.66324071956421, 35.926089234792315], [126.66046975646164, 35.92606988910891], [126.66044593074047, 35.92832365989684], [126.66044593074047, 35.92832365989684], [126.66046975646164, 35.92606988910891], [126.65769879600454, 35.92605047948097], [126.65769879600454, 35.92605047948096], [126.66046975646164, 35.92606988910891], [126.66049357953734, 35.92381611745939], [126.65772269768827, 35.92379670942858], [126.65774659671807, 35.92154293851454]], [[126.65225310263018, 35.91699639585193], [126.65222905174448, 35.91925016527968], [126.65499977108837, 35.91926969797346], [126.65499977108837, 35.91926969797346], [126.65222905174448, 35.91925016527968], [126.65225310263018, 35.91699639585193], [126.65225310263018, 35.91699639585193]], [[126.65222905174448, 35.91925016527968], [126.64945833507136, 35.9192305686577], [126.64945833507136, 35.91923056865772], [126.64668762107772, 35.91921090810775], [126.64666341034223, 35.921464673442976], [126.64943420292525, 35.92148433561094], [126.64941006809936, 35.92373810170227], [126.64941006809936, 35.92373810170227], [126.64943420292525, 35.92148433561095], [126.64666341034223, 35.92146467344298], [126.64666341034223, 35.921464673442976], [126.64668762107772, 35.91921090810775], [126.64391690977227, 35.91919118362997], [126.64391690977227, 35.91919118362997], [126.64391690977227, 35.91919118362997], [126.64668762107772, 35.91921090810774], [126.64668762107772, 35.91921090810774], [126.64945833507136, 35.9192305686577], [126.649482464538, 35.916976800842605], [126.649482464538, 35.916976800842605], [126.64950659132546, 35.91472303216567], [126.64950659132546, 35.91472303216567], [126.64953071543405, 35.91246926262689], [126.64953071543405, 35.91246926262689], [126.64955483686407, 35.91021549222631], [126.64678443714064, 35.91019583814744], [126.64676023715614, 35.91244960693038], [126.64676023715614, 35.91244960693038], [126.64673603448436, 35.91470337485143], [126.64673603448436, 35.91470337485143], [126.64673603448436, 35.91470337485143], [126.64673603448436, 35.91470337485143], [126.64676023715614, 35.91244960693039], [126.64676023715614, 35.91244960693039], [126.64678443714064, 35.910195838147445], [126.64678443714064, 35.910195838147445], [126.64680863443814, 35.90794206850263], [126.64403831594718, 35.907922352139806], [126.64403831594718, 35.907922352139806], [126.64126800015164, 35.90790257187568], [126.64126800015164, 35.90790257187567], [126.64403831594718, 35.90792235213979], [126.64403831594718, 35.90792235213979], [126.64680863443814, 35.90794206850262], [126.64680863443814, 35.90794206850262], [126.64678443714064, 35.91019583814743], [126.64955483686407, 35.9102154922263], [126.6495789556158, 35.907961720963954], [126.64957895561582, 35.907961720963954], [126.64955483686407, 35.91021549222631], [126.65232523926574, 35.91023508239823], [126.65232523926574, 35.910235082398216], [126.65509564433697, 35.91025460866298], [126.65509564433697, 35.91025460866298], [126.65786605206904, 35.9102740710204], [126.65786605206904, 35.9102740710204], [126.65509564433697, 35.91025460866299], [126.65509564433697, 35.91025460866299], [126.65232523926574, 35.91023508239824], [126.6523011963905, 35.91248885441119], [126.6523011963905, 35.91248885441119], [126.65232523926574, 35.91023508239823], [126.64955483686407, 35.91021549222631], [126.64953071543405, 35.91246926262689], [126.64953071543405, 35.91246926262689], [126.64950659132546, 35.91472303216567], [126.64950659132546, 35.91472303216567], [126.649482464538, 35.916976800842605], [126.649482464538, 35.916976800842605], [126.64945833507136, 35.919230568657696], [126.65222905174448, 35.91925016527968], [126.65222905174448, 35.91925016527968]], [[126.65521542603128, 35.89898572763904], [126.65519147501229, 35.901239505566885], [126.65519147501229, 35.901239505566885], [126.65521542603128, 35.89898572763904], [126.65521542603128, 35.89898572763904]], [[126.62162669934722, 35.93029983048525], [126.62162669934722, 35.93029983048525], [126.62162669934722, 35.93029983048525], [126.62162669934722, 35.93029983048525], [126.61885561960945, 35.93027952231236], [126.61885561960945, 35.930279522312354], [126.62162669934722, 35.93029983048525]], [[126.64394119639988, 35.91693741905595], [126.64394119639988, 35.91693741905595], [126.64396548033089, 35.91468365361991], [126.64396548033089, 35.91468365361991], [126.64394119639988, 35.91693741905595]], [[126.64401404010422, 35.91017612016181], [126.64124364576352, 35.91015633826962], [126.64124364576352, 35.91015633826962], [126.64401404010422, 35.91017612016181], [126.64401404010422, 35.91017612016181]], [[126.64683282904896, 35.905688297995965], [126.64406258909472, 35.90566858325586], [126.64406258909472, 35.90566858325585], [126.64683282904896, 35.90568829799596], [126.64683282904896, 35.905688297995965], [126.64683282904896, 35.905688297995965]], [[126.6385221172803, 35.905628962087725], [126.6385221172803, 35.905628962087725], [126.6385221172803, 35.905628962087725], [126.6385221172803, 35.905628962087725], [126.6385221172803, 35.905628962087725]], [[126.63553120863212, 35.925892900476654], [126.63553120863212, 35.925892900476654], [126.63830214761124, 35.92591282165402], [126.63830214761124, 35.92591282165402], [126.63553120863212, 35.925892900476654]], [[126.6382532356022, 35.930420336517315], [126.6382532356022, 35.930420336517315], [126.63827769296451, 35.928166579516834], [126.64104871327356, 35.92818643838527], [126.64107308930565, 35.92593267888841], [126.64107308930565, 35.92593267888841], [126.64104871327356, 35.92818643838527], [126.64104871327356, 35.92818643838527], [126.64104871327356, 35.92818643838527], [126.63827769296454, 35.928166579516834], [126.6382532356022, 35.930420336517315]], [[126.6410974626312, 35.923678918529326], [126.64107308930565, 35.9259326788884], [126.64107308930565, 35.9259326788884], [126.6410974626312, 35.923678918529326], [126.6410974626312, 35.923678918529326]], [[126.63540851508057, 35.93716167296967], [126.63540851508057, 35.93716167296967], [126.63540851508057, 35.93716167296967], [126.63540851508057, 35.93716167296967], [126.63540851508057, 35.93716167296967]], [[126.63820431272957, 35.9349278479312], [126.63820431272957, 35.9349278479312], [126.63543305924078, 35.93490792019601], [126.63543305924078, 35.93490792019601], [126.63820431272957, 35.9349278479312]], [[126.64685702097339, 35.903434526627485], [126.64685702097339, 35.903434526627485], [126.64685702097339, 35.903434526627485], [126.64685702097339, 35.903434526627485], [126.64685702097339, 35.903434526627485]], [[126.64328450994392, 35.97778875990478], [126.64326015039255, 35.98004250119511], [126.64326015039254, 35.98004250119511], [126.64328450994392, 35.97778875990478], [126.64328450994392, 35.97778875990478], [126.64328450994392, 35.97778875990478]], [[126.64051175518945, 35.97776892912831], [126.64053619084316, 35.9755151886061], [126.64053619084316, 35.9755151886061], [126.6405606237836, 35.973261447221184], [126.6405606237836, 35.973261447221184], [126.64053619084316, 35.9755151886061], [126.64330886679045, 35.97553501775179], [126.64330886679045, 35.97553501775179], [126.64053619084316, 35.9755151886061], [126.64051175518945, 35.97776892912831], [126.64051175518945, 35.97776892912831]], [[126.64060948152583, 35.96875396186324], [126.64060948152583, 35.96875396186324], [126.64338192110405, 35.96877378611707], [126.64340626713427, 35.966520040513664], [126.6434062671343, 35.966520040513664], [126.6434306104612, 35.96426629404772], [126.6434306104612, 35.96426629404772], [126.6434062671343, 35.966520040513664], [126.6434062671343, 35.966520040513664], [126.64338192110408, 35.96877378611707], [126.64338192110405, 35.96877378611707], [126.6433575723702, 35.97102753085791], [126.6433575723702, 35.97102753085791], [126.64338192110405, 35.96877378611707], [126.64060948152583, 35.96875396186324]], [[126.6434306104612, 35.96426629404771], [126.6434306104612, 35.96426629404772], [126.6406583284186, 35.964246473054644], [126.6406583284186, 35.964246473054644], [126.6434306104612, 35.96426629404771]], [[126.64625141625064, 35.95977855223859], [126.6434792890063, 35.959758798528256], [126.6434792890063, 35.959758798528256], [126.64070716446436, 35.95973898079559], [126.64070716446436, 35.959738980795606], [126.63793504263357, 35.95971909904081], [126.63793504263357, 35.95971909904081], [126.64070716446436, 35.95973898079559], [126.64073157842039, 35.95748523337222], [126.63795953532649, 35.95746535325277], [126.63795953532649, 35.95746535325277], [126.6351874949522, 35.95744540911665], [126.6351874949522, 35.95744540911665], [126.63241545730622, 35.95742540096408], [126.63241545730622, 35.95742540096407], [126.63241545730622, 35.95742540096407], [126.63241545730622, 35.95742540096407], [126.6351874949522, 35.957445409116644], [126.6351874949522, 35.957445409116644], [126.63795953532649, 35.957465353252765], [126.64073157842039, 35.95748523337222], [126.64075598966556, 35.95523148508628], [126.64075598966554, 35.95523148508628], [126.64078039820019, 35.95297773593784], [126.64078039820019, 35.95297773593784], [126.64078039820019, 35.95297773593784], [126.64078039820019, 35.95297773593784], [126.64075598966556, 35.95523148508628], [126.64075598966556, 35.95523148508628], [126.64073157842039, 35.95748523337222], [126.64073157842039, 35.95748523337222], [126.64070716446436, 35.95973898079559], [126.6434792890063, 35.959758798528256], [126.64350362422509, 35.9575050494748], [126.64350362422509, 35.9575050494748], [126.64350362422509, 35.9575050494748], [126.64350362422509, 35.9575050494748], [126.6434792890063, 35.959758798528256], [126.64625141625064, 35.95977855223859], [126.64625141625064, 35.95977855223859], [126.64902354618863, 35.95979824192639], [126.64902354618863, 35.95979824192639], [126.65179567881152, 35.959817867591454], [126.65179567881152, 35.959817867591454], [126.6545678141106, 35.959837429233616], [126.6545678141106, 35.959837429233616], [126.65733995207714, 35.95985692685264], [126.65736389360528, 35.95760316972783], [126.6545918343775, 35.95758367371254], [126.65461585197725, 35.955329917329394], [126.65461585197725, 35.955329917329394], [126.6545918343775, 35.957583673712534], [126.65736389360528, 35.95760316972783], [126.65736389360528, 35.95760316972783], [126.66013595549146, 35.95762260172508], [126.66013595549146, 35.957622601725085], [126.66013595549146, 35.957622601725085], [126.66011209270235, 35.95987636044837], [126.66008822726327, 35.962130118309716], [126.6628604492865, 35.962149489475216], [126.6628604492865, 35.96214948947522], [126.66008822726327, 35.96213011830972], [126.66011209270235, 35.95987636044837], [126.66011209270235, 35.95987636044837], [126.66013595549146, 35.957622601725085], [126.65736389360528, 35.95760316972785], [126.65733995207714, 35.95985692685265], [126.65733995207714, 35.95985692685265], [126.65731600789027, 35.96211068311543], [126.65731600789027, 35.96211068311543], [126.65729206104444, 35.96436443851617], [126.66006435917394, 35.964383875309096], [126.66008822726327, 35.96213011830972], [126.66008822726327, 35.96213011830972], [126.66006435917394, 35.964383875309096], [126.66006435917394, 35.9643838753091], [126.66004048843408, 35.9666376314465], [126.66004048843408, 35.9666376314465], [126.66006435917394, 35.964383875309096], [126.65729206104444, 35.96436443851617], [126.65729206104444, 35.96436443851617], [126.65731600789027, 35.96211068311543], [126.65731600789027, 35.96211068311543], [126.65733995207714, 35.95985692685264], [126.6545678141106, 35.959837429233616], [126.6545437911763, 35.96209118389256], [126.6545437911763, 35.96209118389256], [126.6545437911763, 35.96209118389257], [126.6545437911763, 35.96209118389257], [126.6545678141106, 35.95983742923362], [126.65179567881152, 35.95981786759146], [126.65179567881152, 35.95981786759146], [126.64902354618863, 35.95979824192639], [126.64902354618863, 35.95979824192639], [126.64625141625064, 35.95977855223859], [126.64622715707569, 35.96203230205445], [126.64622715707569, 35.96203230205445], [126.64622715707569, 35.96203230205445], [126.64345495108509, 35.96201254671924], [126.64345495108509, 35.96201254671924], [126.64622715707569, 35.96203230205445], [126.64625141625064, 35.95977855223859]], [[126.64345495108509, 35.96201254671923], [126.64345495108509, 35.96201254671923], [126.64068274779721, 35.961992727356424], [126.64068274779721, 35.961992727356424], [126.64345495108509, 35.96201254671923]], [[126.64360093808236, 35.948490044636706], [126.64360093808236, 35.948490044636706], [126.64360093808236, 35.948490044636706], [126.64360093808236, 35.948490044636706], [126.64360093808236, 35.948490044636706]], [[126.61858035136889, 35.95507066490472], [126.61858035136889, 35.95507066490472], [126.618555310307, 35.95732439996131], [126.618555310307, 35.95732439996131], [126.61858035136889, 35.95507066490472]], [[126.63231684021744, 35.96644036579329], [126.6323414985963, 35.9641866258803], [126.6323414985963, 35.9641866258803], [126.63231684021744, 35.96644036579329], [126.63231684021744, 35.96644036579329], [126.63231684021744, 35.9664403657933], [126.62954449031211, 35.966420287019396], [126.62951975042401, 35.96867402441797], [126.62951975042401, 35.96867402441797], [126.62951975042401, 35.96867402441797], [126.62954449031211, 35.96642028701939], [126.63231684021744, 35.96644036579329]], [[126.62392509816915, 35.97314113701013], [126.62669767890891, 35.97316134884445], [126.62669767890891, 35.97316134884445], [126.62669767890891, 35.97316134884445], [126.62392509816915, 35.97314113701013], [126.62395000112824, 35.970887404656786], [126.62395000112824, 35.970887404656786], [126.62397490132217, 35.96863367144021], [126.62120248091418, 35.96861339888825], [126.62120248091418, 35.96861339888825], [126.62397490132217, 35.96863367144021], [126.62397490132217, 35.96863367144021], [126.62397490132217, 35.96863367144021], [126.62395000112824, 35.970887404656786], [126.62395000112824, 35.970887404656786], [126.62392509816915, 35.97314113701013]], [[126.62674732449504, 35.968653879950175], [126.62674732449504, 35.968653879950175], [126.62672250308019, 35.97090761482889], [126.62672250308019, 35.97090761482889], [126.62672250308019, 35.97090761482888], [126.62672250308019, 35.97090761482888], [126.62674732449504, 35.968653879950175]], [[126.62677214315381, 35.966400144208365], [126.62677214315381, 35.96640014420836], [126.62679695905679, 35.964146407603444], [126.62679695905679, 35.964146407603444], [126.62677214315381, 35.966400144208365], [126.62677214315381, 35.966400144208365], [126.62674732449504, 35.968653879950175], [126.62674732449504, 35.968653879950175], [126.62677214315381, 35.966400144208365]], [[126.63508919286109, 35.96646038052987], [126.63506461051519, 35.968714121226185], [126.63506461051519, 35.968714121226185], [126.63506461051519, 35.968714121226185], [126.6322921791003, 35.96869410484338], [126.6322921791003, 35.96869410484337], [126.63506461051519, 35.96871412122618], [126.63508919286109, 35.96646038052987], [126.63508919286109, 35.96646038052986], [126.63511377247742, 35.964206638970744], [126.63511377247742, 35.964206638970744], [126.63511377247742, 35.964206638970744], [126.63511377247742, 35.964206638970744], [126.63508919286109, 35.96646038052987], [126.63508919286109, 35.96646038052987]], [[126.6324893913826, 35.95066416828247], [126.63526119287212, 35.95068417149801], [126.63526119287212, 35.95068417149801], [126.6324893913826, 35.95066416828247], [126.6324893913826, 35.95066416828247]], [[126.63786154823427, 35.96648033122892], [126.63786154823427, 35.96648033122892], [126.64063390632823, 35.96650021789026], [126.64063390632823, 35.96650021789026], [126.64063390632823, 35.96650021789026], [126.64063390632823, 35.966500217890264], [126.63786154823427, 35.96648033122893], [126.63786154823427, 35.96648033122892], [126.63786154823427, 35.96648033122892]], [[126.64058505401104, 35.97100770497356], [126.64058505401104, 35.97100770497356], [126.6405606237836, 35.97326144722118], [126.6405606237836, 35.97326144722118], [126.64058505401104, 35.97100770497356]], [[126.65779438681717, 35.917035394101596], [126.65779438681717, 35.917035394101596], [126.65779438681717, 35.917035394101596], [126.65502374339283, 35.917015926938326], [126.65502374339283, 35.91701592693832], [126.65779438681717, 35.91703539410158], [126.65779438681717, 35.917035394101596]], [[126.65504771303551, 35.91476215504152], [126.6550716800168, 35.91250838228308], [126.65507168001683, 35.91250838228308], [126.65507168001683, 35.91250838228308], [126.65504771303551, 35.91476215504152], [126.65504771303554, 35.91476215504152], [126.65502374339283, 35.91701592693832], [126.6550237433928, 35.91701592693832], [126.65504771303551, 35.91476215504152], [126.65504771303551, 35.91476215504152]], [[126.65186796780016, 35.95305660326875], [126.65463986691016, 35.95307616008416], [126.65463986691016, 35.95307616008416], [126.65186796780016, 35.95305660326875], [126.65186796780016, 35.95305660326875], [126.65186796780016, 35.95305660326875], [126.65186796780016, 35.95305660326875]], [[126.65483189040361, 35.9350460710907], [126.65206062074671, 35.93502652714268], [126.65206062074671, 35.93502652714268], [126.65483189040361, 35.9350460710907], [126.65483189040361, 35.9350460710907]], [[126.65208469033398, 35.932772763747906], [126.65485588134857, 35.932792306087904], [126.6548798696297, 35.930538540223296], [126.6548798696297, 35.930538540223296], [126.65485588134857, 35.9327923060879], [126.65762707502701, 35.93281178446795], [126.65765098467422, 35.93055801700067], [126.65765098467422, 35.93055801700067], [126.65762707502701, 35.93281178446796], [126.66039827136053, 35.93283119888787], [126.66039827136053, 35.93283119888787], [126.66316947034039, 35.932850549347414], [126.66316947034039, 35.932850549347414], [126.66316947034039, 35.932850549347414], [126.66316947034039, 35.93285054934742], [126.66039827136053, 35.932831198887875], [126.66039827136053, 35.93283119888787], [126.65762707502701, 35.93281178446796], [126.65760316272468, 35.9350655510735], [126.66037443770112, 35.93508496709091], [126.66037443770112, 35.93508496709091], [126.66037443770112, 35.93508496709091], [126.6603506013951, 35.93733873443226], [126.6603506013951, 35.93733873443226], [126.66032676244208, 35.939592500911914], [126.66309819737786, 35.93961185614843], [126.66312195767019, 35.937358088076365], [126.66312195767019, 35.937358088076365], [126.66309819737786, 35.93961185614843], [126.66309819737786, 35.93961185614843], [126.66307443444703, 35.94186562335886], [126.66584595069106, 35.941884916206284], [126.66584595069106, 35.941884916206284], [126.66861746956519, 35.94190414507192], [126.66861746956519, 35.94190414507193], [126.66584595069106, 35.94188491620629], [126.66582226379987, 35.944138684142374], [126.66582226379984, 35.944138684142374], [126.66584595069106, 35.94188491620629], [126.66307443444703, 35.941865623358865], [126.66307443444703, 35.94186562335886], [126.66307443444703, 35.94186562335886], [126.66309819737786, 35.93961185614843], [126.66032676244208, 35.939592500911914], [126.6603506013951, 35.93733873443227], [126.6603506013951, 35.93733873443227], [126.66037443770112, 35.93508496709091], [126.65760316272468, 35.935065551073514], [126.65760316272468, 35.9350655510735], [126.65760316272468, 35.9350655510735], [126.65762707502698, 35.93281178446797], [126.65485588134857, 35.93279230608791], [126.65485588134857, 35.93279230608791], [126.65208469033398, 35.932772763747906], [126.65208469033398, 35.932772763747906], [126.65208469033398, 35.932772763747906], [126.65208469033398, 35.932772763747906]], [[126.66312195767019, 35.937358088076365], [126.66314571532426, 35.93510431914269], [126.66314571532426, 35.93510431914269], [126.66314571532426, 35.93510431914269], [126.66314571532426, 35.93510431914269], [126.66312195767019, 35.937358088076365], [126.66312195767019, 35.937358088076365]], [[126.64914440806274, 35.94852947181494], [126.64914440806274, 35.94852947181494], [126.64916857238613, 35.94627571520604], [126.64916857238613, 35.94627571520604], [126.64916857238613, 35.946275715206035], [126.64916857238613, 35.946275715206035], [126.64914440806274, 35.94852947181494], [126.64914440806274, 35.94852947181494]], [[126.64649385989877, 35.93724100665257], [126.64649385989877, 35.93724100665256], [126.64926520285171, 35.93726068014908], [126.64926520285171, 35.93726068014908], [126.64649385989877, 35.93724100665257]], [[126.64928935376264, 35.93500691922963], [126.64931350199195, 35.93275315744813], [126.64931350199195, 35.93275315744813], [126.64928935376264, 35.93500691922963], [126.65206062074671, 35.93502652714268], [126.65206062074671, 35.93502652714268], [126.64928935376264, 35.93500691922963], [126.64928935376264, 35.93500691922963], [126.64928935376264, 35.93500691922963]], [[126.65194023271135, 35.94629533118683], [126.65194023271135, 35.94629533118683], [126.65194023271135, 35.94629533118683], [126.65194023271135, 35.94629533118683], [126.65196431566595, 35.944041572102044], [126.65196431566595, 35.944041572102044], [126.65194023271135, 35.94629533118683]], [[126.6462999265198, 35.95527105001971], [126.6462999265198, 35.95527105001971], [126.6462999265198, 35.95527105001971], [126.6462999265198, 35.95527105001971], [126.6462999265198, 35.95527105001971]], [[126.65767489166662, 35.92830424867167], [126.65765098467422, 35.93055801700067], [126.65765098467422, 35.93055801700067], [126.65767489166662, 35.92830424867167], [126.65767489166662, 35.92830424867167]], [[126.66044593074047, 35.92832365989685], [126.66042210237353, 35.930577429823174], [126.66042210237353, 35.930577429823174], [126.66044593074047, 35.92832365989685], [126.66044593074047, 35.92832365989685]], [[126.65165102856939, 35.97334037295673], [126.65165102856939, 35.97334037295673], [126.65165102856939, 35.97334037295673], [126.65442363648268, 35.97335994425481], [126.65442363648268, 35.97335994425481], [126.65442363648268, 35.97335994425481], [126.65439959753745, 35.97561369374058], [126.65439959753745, 35.97561369374058], [126.65442363648268, 35.97335994425481], [126.65165102856939, 35.97334037295673], [126.65165102856939, 35.97334037295673]], [[126.65444767275868, 35.97110619390678], [126.65447170636573, 35.96885244269652], [126.65447170636573, 35.96885244269652], [126.65444767275868, 35.97110619390678], [126.65444767275868, 35.97110619390678]], [[126.65449573730415, 35.96659869062404], [126.65451976557424, 35.96434493768938], [126.65451976557424, 35.96434493768938], [126.65449573730415, 35.96659869062404], [126.65726811153932, 35.96661819305483], [126.65726811153932, 35.96661819305483], [126.66004048843408, 35.9666376314465], [126.66004048843408, 35.96663763144651], [126.65726811153932, 35.96661819305483], [126.65726811153932, 35.96661819305483], [126.65449573730415, 35.96659869062405], [126.65449573730415, 35.96659869062405], [126.65172336573733, 35.96657912415433], [126.65172336573733, 35.96657912415432], [126.65449573730415, 35.96659869062404]], [[126.64892680836265, 35.96881324249437], [126.64892680836265, 35.96881324249438], [126.64615436338592, 35.96879354632753], [126.64613009343333, 35.971047292693605], [126.64613009343333, 35.971047292693605], [126.64613009343333, 35.9710472926936], [126.64613009343333, 35.9710472926936], [126.64615436338592, 35.96879354632752], [126.64615436338592, 35.96879354632752], [126.64615436338592, 35.96879354632752], [126.64892680836265, 35.96881324249437], [126.64892680836265, 35.96881324249437]], [[126.65167514363628, 35.97108662421824], [126.65167514363628, 35.97108662421824], [126.6489026171916, 35.97106699048045], [126.6489026171916, 35.97106699048045], [126.65167514363628, 35.97108662421824]], [[126.64895099684757, 35.96655949364589], [126.64895099684757, 35.96655949364589], [126.65172336573733, 35.96657912415432], [126.65172336573733, 35.96657912415432], [126.64895099684757, 35.96655949364589], [126.64617863064365, 35.966539799098946], [126.64617863064365, 35.966539799098946], [126.64895099684757, 35.96655949364589]], [[126.64899936576025, 35.96205199336189], [126.6489751826467, 35.96430574393506], [126.64897518264667, 35.96430574393506], [126.64899936576025, 35.96205199336189], [126.64899936576025, 35.96205199336189]], [[126.64605726740322, 35.97780852661679], [126.64605726740322, 35.97780852661679], [126.64605726740322, 35.97780852661678], [126.6488300275586, 35.977828229264134], [126.6488300275586, 35.97782822926414], [126.64605726740322, 35.97780852661679]], [[126.6488784233341, 35.97332073760414], [126.64885422678987, 35.97557448386535], [126.64885422678987, 35.97557448386535], [126.6488784233341, 35.97332073760414], [126.6488784233341, 35.97332073760414]], [[126.6489026171916, 35.971066990480466], [126.6489026171916, 35.971066990480466], [126.6488784233341, 35.973320737604126], [126.6488784233341, 35.973320737604126], [126.6489026171916, 35.971066990480466]], [[126.6543274646833, 35.98237493702418], [126.6543274646833, 35.982374937024176], [126.65710039051811, 35.98239445068553], [126.65710039051811, 35.98239445068554], [126.6543274646833, 35.98237493702418]], [[126.66333568161619, 35.917074136657966], [126.66333568161619, 35.917074136657966], [126.66331194505729, 35.9193279124837], [126.66608267499691, 35.91934718946277], [126.66608267499691, 35.919347189462776], [126.66331194505729, 35.919327912483716], [126.66331194505729, 35.9193279124837], [126.66331194505729, 35.9193279124837], [126.66333568161619, 35.917074136657966]], [[126.66610633297341, 35.91709341205067], [126.66610633297341, 35.91709341205067], [126.66612998832304, 35.91483963377727], [126.66612998832306, 35.91483963377727], [126.66610633297341, 35.91709341205067]], [[126.66612998832304, 35.91483963377726], [126.66335941553956, 35.91482035997082], [126.66335941553956, 35.91482035997081], [126.66612998832304, 35.91483963377726], [126.66612998832304, 35.91483963377726]], [[126.6634543248833, 35.90580524460863], [126.66622458345915, 35.90582451207092], [126.66622458345915, 35.90582451207092], [126.6634543248833, 35.90580524460863], [126.66068406894153, 35.90578591324893], [126.66068406894153, 35.90578591324893], [126.6634543248833, 35.90580524460863]], [[126.66347804563333, 35.903551463614804], [126.66350176374955, 35.90129768175972], [126.66350176374955, 35.90129768175972], [126.66347804563333, 35.903551463614804], [126.66347804563333, 35.903551463614804], [126.66070786822137, 35.90353213384618], [126.66070786822137, 35.90353213384618], [126.66347804563333, 35.903551463614804]], [[126.66068406894153, 35.90578591324893], [126.66066026701891, 35.90803969179028], [126.66066026701891, 35.90803969179028], [126.66068406894153, 35.90578591324893], [126.66068406894153, 35.90578591324893]], [[126.65784216630426, 35.91252784624235], [126.65784216630426, 35.91252784624235], [126.65781827788707, 35.914781620602746], [126.65781827788707, 35.914781620602746], [126.65781827788707, 35.91478162060274], [126.65781827788707, 35.91478162060274], [126.65784216630426, 35.91252784624235], [126.65784216630426, 35.91252784624235]], [[126.66335941553956, 35.91482035997081], [126.66338314682764, 35.912566582422286], [126.66338314682764, 35.912566582422286], [126.66335941553956, 35.91482035997081], [126.66335941553956, 35.91482035997081]], [[126.6659169955853, 35.935123607228675], [126.6659169955853, 35.935123607228675], [126.6659169955853, 35.935123607228675], [126.66594067195794, 35.93286983584644], [126.66594067195794, 35.93286983584644], [126.66594067195794, 35.93286983584645], [126.66594067195794, 35.93286983584645], [126.6659169955853, 35.935123607228675]], [[126.66579857427824, 35.94639245121687], [126.66582226379984, 35.94413868414238], [126.66582226379984, 35.94413868414238], [126.66579857427824, 35.94639245121687], [126.66579857427824, 35.94639245121687]], [[126.6603029208418, 35.94184626652984], [126.66027907659398, 35.94410003128602], [126.66305066887735, 35.94411938970762], [126.66305066887735, 35.94411938970763], [126.66027907659398, 35.94410003128602], [126.6603029208418, 35.94184626652985], [126.6603029208418, 35.94184626652984], [126.6603029208418, 35.94184626652984]], [[126.67155362465749, 35.92614688817317], [126.67153011340626, 35.928400665297396], [126.67153011340626, 35.928400665297396], [126.67155362465749, 35.92614688817317], [126.67155362465749, 35.92614688817317]], [[126.66864107515629, 35.93965037469229], [126.66864107515629, 35.93965037469229], [126.66864107515629, 35.93965037469229], [126.66861746956519, 35.94190414507192], [126.67138899106068, 35.941923309955584], [126.67138899106068, 35.941923309955584], [126.66861746956519, 35.94190414507192], [126.66864107515629, 35.93965037469229]], [[126.65738783247505, 35.95534941174102], [126.65738783247505, 35.95534941174102], [126.65738783247505, 35.95534941174102], [126.65741176868671, 35.953095652892245], [126.65741176868671, 35.953095652892245], [126.65738783247505, 35.95534941174102], [126.65738783247505, 35.95534941174102]], [[126.66001661504338, 35.96889138672192], [126.66001661504338, 35.96889138672192], [126.66001661504338, 35.968891386721914], [126.66001661504338, 35.968891386721914], [126.66001661504338, 35.96889138672192]], [[126.6628128679797, 35.966657005798886], [126.6628128679797, 35.966657005798886], [126.66278907336329, 35.968910762667846], [126.66278907336329, 35.968910762667846], [126.6628128679797, 35.966657005798886]], [[126.65984942705958, 35.984667649511636], [126.65984942705958, 35.984667649511636], [126.65984942705958, 35.984667649511636], [126.65984942705958, 35.984667649511636], [126.66262243704458, 35.984687036615036], [126.66262243704458, 35.984687036615036], [126.65984942705958, 35.984667649511636]], [[126.66271767365846, 35.975672028103034], [126.66271767365846, 35.975672028103034], [126.66269386847068, 35.977925781524114], [126.66269386847068, 35.977925781524114], [126.66271767365846, 35.975672028103034]], [[126.65712435864668, 35.98014070218203], [126.65710039051811, 35.98239445068553], [126.65710039051811, 35.98239445068553], [126.65712435864666, 35.98014070218203], [126.65712435864668, 35.98014070218203]], [[126.6599210949661, 35.977906399203015], [126.6599210949661, 35.977906399203015], [126.65989720831668, 35.98016015016804], [126.65989720831668, 35.98016015016804], [126.6599210949661, 35.977906399203015]], [[126.65989720831668, 35.98016015016805], [126.65987331901461, 35.982413900270934], [126.65987331901461, 35.982413900270934], [126.65989720831668, 35.98016015016805], [126.65989720831668, 35.98016015016805]], [[126.66560896337586, 35.964422556792655], [126.66838126943075, 35.96444180148288], [126.66838126943075, 35.964441801482884], [126.66560896337586, 35.96442255679266], [126.66560896337586, 35.96442255679266], [126.66560896337586, 35.964422556792655]], [[126.71808318044452, 35.985061321282615], [126.72085624412551, 35.98507936263146], [126.7208784016311, 35.98282557953566], [126.7208784016311, 35.98282557953566], [126.7209005566763, 35.98057179557958], [126.71812765066976, 35.980553757197725], [126.71812765066976, 35.980553757197725], [126.7153547471321, 35.98053565474101], [126.7153547471321, 35.980535654741004], [126.71535474713207, 35.980535654741004], [126.71537705736509, 35.97828187289669], [126.71260423512855, 35.97826370785919], [126.71260423512855, 35.97826370785919], [126.70983141537812, 35.97824547875244], [126.70983141537812, 35.978245478752434], [126.71260423512855, 35.97826370785919], [126.71260423512855, 35.97826370785919], [126.71537705736509, 35.97828187289669], [126.71539936512079, 35.97602809019199], [126.71539936512079, 35.97602809019199], [126.71539936512079, 35.97602809019198], [126.71539936512079, 35.97602809019198], [126.71537705736512, 35.97828187289669], [126.71537705736509, 35.97828187289669], [126.7153547471321, 35.980535654741], [126.71812765066976, 35.98055375719772], [126.71812765066976, 35.980553757197725], [126.7209005566763, 35.98057179557957], [126.7209005566763, 35.98057179557957], [126.72367346514297, 35.98058976988636], [126.72644637606098, 35.980607680117906], [126.72646837099703, 35.97835389235062], [126.72646837099703, 35.97835389235062], [126.72644637606098, 35.980607680117906], [126.72644637606098, 35.980607680117906], [126.7264243786823, 35.98286146702512], [126.72919737087658, 35.9828793146489], [126.72919737087658, 35.9828793146489], [126.7264243786823, 35.98286146702512], [126.72640237886075, 35.98511525307221], [126.72640237886075, 35.98511525307221], [126.7264243786823, 35.98286146702512], [126.7264243786823, 35.98286146702512], [126.72644637606098, 35.98060768011791], [126.72367346514297, 35.980589769886365], [126.72365138893089, 35.98284355532064], [126.72365138893089, 35.98284355532064], [126.72362931026719, 35.98509733989472], [126.72362931026719, 35.98509733989472], [126.72362931026719, 35.98509733989472], [126.72362931026719, 35.98509733989472], [126.72365138893089, 35.98284355532065], [126.72365138893089, 35.98284355532065], [126.72367346514297, 35.980589769886365], [126.7209005566763, 35.98057179557958], [126.7208784016311, 35.98282557953566], [126.7208784016311, 35.98282557953566], [126.72085624412551, 35.98507936263146], [126.72085624412551, 35.98507936263146], [126.72085624412551, 35.98507936263146], [126.71808318044452, 35.985061321282615], [126.71808318044452, 35.985061321282615], [126.71808318044452, 35.985061321282615]], [[126.71814988207898, 35.978299973864765], [126.71814988207898, 35.978299973864765], [126.72092270926142, 35.97831801076323], [126.72092270926142, 35.97831801076323], [126.72092270926142, 35.97831801076323], [126.72092270926142, 35.97831801076323], [126.71814988207898, 35.978299973864765]], [[126.71817211101958, 35.97604618967149], [126.71817211101958, 35.97604618967149], [126.71817211101958, 35.97604618967149], [126.71817211101958, 35.97604618967149], [126.71817211101958, 35.97604618967149]], [[126.72096700705237, 35.973810438549904], [126.72094485938666, 35.97606422508666], [126.72094485938666, 35.97606422508666], [126.72096700705237, 35.973810438549904], [126.72096700705237, 35.973810438549904]], [[126.71544397320126, 35.97152052220147], [126.71544397320126, 35.97152052220147], [126.71542167039942, 35.9737743066269], [126.71819433749188, 35.97379240461793], [126.71819433749188, 35.97379240461793], [126.71542167039942, 35.9737743066269], [126.71542167039942, 35.973774306626915], [126.71264900578372, 35.97375614457699], [126.71262662169903, 35.97600992664831], [126.71262662169903, 35.97600992664831], [126.71264900578369, 35.97375614457699], [126.71264900578369, 35.97375614457699], [126.71267138738284, 35.97150236164523], [126.70989880404967, 35.97148413703553], [126.70989880404967, 35.971484137035524], [126.70712622321051, 35.971465848372574], [126.70712622321051, 35.971465848372574], [126.70712622321051, 35.971465848372574], [126.70714875990065, 35.96921206758337], [126.70437626035192, 35.96919371637673], [126.70437626035192, 35.96919371637673], [126.70714875990065, 35.96921206758337], [126.70717129408835, 35.96695828593361], [126.70717129408835, 35.96695828593361], [126.70719382577387, 35.96470450342333], [126.70719382577387, 35.96470450342333], [126.70717129408835, 35.96695828593361], [126.7099437173603, 35.966976571588404], [126.7099437173603, 35.966976571588404], [126.7099437173603, 35.966976571588404], [126.70992126195186, 35.969230354742194], [126.70992126195186, 35.969230354742194], [126.7099437173603, 35.966976571588404], [126.70717129408835, 35.96695828593361], [126.70714875990065, 35.96921206758336], [126.70714875990065, 35.96921206758337], [126.70712622321051, 35.971465848372574], [126.70989880404967, 35.971484137035524], [126.70989880404967, 35.971484137035524], [126.71267138738284, 35.971502361645214], [126.71269376649676, 35.96924857785305], [126.71269376649676, 35.96924857785305], [126.71269376649676, 35.96924857785305], [126.71269376649676, 35.96924857785305], [126.71267138738284, 35.971502361645214], [126.71267138738284, 35.971502361645214], [126.71264900578369, 35.97375614457699], [126.7154216703994, 35.9737743066269], [126.71544397320126, 35.97152052220147], [126.71544397320126, 35.97152052220147], [126.71546627352663, 35.96926673691573], [126.71546627352663, 35.96926673691573], [126.71548857137576, 35.96701295076967], [126.71548857137576, 35.96701295076967], [126.71546627352663, 35.96926673691573], [126.7182387830327, 35.96928483193005], [126.7182387830327, 35.96928483193005], [126.72101129500625, 35.96930286289583], [126.72101129500625, 35.96930286289583], [126.72101129500625, 35.96930286289583], [126.72098915225882, 35.971556651152945], [126.72376174548046, 35.97157461954779], [126.72376174548046, 35.97157461954779], [126.72098915225882, 35.971556651152945], [126.72101129500625, 35.96930286289583], [126.7182387830327, 35.96928483193005], [126.71546627352663, 35.96926673691573], [126.71544397320126, 35.97152052220147]], [[126.72382793000497, 35.964813247762976], [126.72382793000497, 35.96481324776297], [126.72382793000497, 35.96481324776297], [126.72380587094659, 35.967067039217945], [126.72380587094659, 35.967067039217945], [126.72378380943853, 35.9693208298129], [126.72378380943853, 35.9693208298129], [126.72380587094659, 35.967067039217945], [126.72380587094659, 35.967067039217945], [126.72382793000497, 35.964813247762976], [126.72382793000497, 35.964813247762976]], [[126.68751031870683, 35.99161992651699], [126.68751031870683, 35.99161992651699], [126.68748720485604, 35.99387368801712], [126.68748720485604, 35.99387368801712], [126.68751031870683, 35.99161992651699], [126.68751031870683, 35.99161992651699], [126.68753342999105, 35.98936616415547], [126.68476023881816, 35.98934735070002], [126.68476023881816, 35.98934735070002], [126.6819870502203, 35.98932847315086], [126.6819870502203, 35.98932847315086], [126.68476023881816, 35.98934735070002], [126.68476023881816, 35.98934735070002], [126.68753342999105, 35.98936616415546], [126.68753342999105, 35.98936616415546], [126.69030662373022, 35.98938491351699], [126.69032965359217, 35.98713114875244], [126.68755653870898, 35.98711240093259], [126.68755653870898, 35.98711240093259], [126.68757964486092, 35.98485863684837], [126.68757964486092, 35.98485863684837], [126.68760274844715, 35.98260487190285], [126.68760274844715, 35.98260487190285], [126.68762584946796, 35.98035110609604], [126.68485297366534, 35.98033229882785], [126.6848297938151, 35.98258606308798], [126.6848297938151, 35.98258606308798], [126.68205684175723, 35.98256719019519], [126.68205684175723, 35.98256719019519], [126.6848297938151, 35.98258606308798], [126.68485297366534, 35.98033229882785], [126.68208010043664, 35.98031342748702], [126.68210335653342, 35.978059663917406], [126.67933056470744, 35.978040730061245], [126.67933056470744, 35.97804073006124], [126.67935389703322, 35.97578696718725], [126.67937722676824, 35.973533203451794], [126.67937722676824, 35.973533203451794], [126.67940055391273, 35.97127943885487], [126.67940055391273, 35.97127943885487], [126.67937722676824, 35.973533203451794], [126.67937722676824, 35.973533203451794], [126.67935389703322, 35.97578696718725], [126.67935389703322, 35.97578696718725], [126.67933056470744, 35.97804073006123], [126.68210335653342, 35.978059663917385], [126.68210335653342, 35.978059663917406], [126.68210335653342, 35.978059663917406], [126.68208010043664, 35.98031342748701], [126.68485297366537, 35.98033229882784], [126.68487615094175, 35.97807853370636], [126.68487615094175, 35.97807853370636], [126.68489932564452, 35.97582476772355], [126.68212661004786, 35.97580589948636], [126.68212661004786, 35.97580589948635], [126.68212661004786, 35.97580589948635], [126.68212661004786, 35.97580589948635], [126.68489932564454, 35.97582476772354], [126.68492249777401, 35.97357100087942], [126.68769513714079, 35.97358980350806], [126.68769513714079, 35.97358980350806], [126.69046777907182, 35.973608542079695], [126.69049079103912, 35.971354771286876], [126.69049079103912, 35.971354771286876], [126.69046777907182, 35.973608542079695], [126.69046777907182, 35.973608542079695], [126.69044476454901, 35.975862312011394], [126.69044476454901, 35.975862312011394], [126.6904217474704, 35.97811608108195], [126.69042174747042, 35.97811608108195], [126.6903987278357, 35.98036984929137], [126.69317160875983, 35.9803885284137], [126.69317160875983, 35.980388528413705], [126.69594449223155, 35.98040714346282], [126.69594449223155, 35.98040714346282], [126.69871737824215, 35.98042569443853], [126.69871737824215, 35.98042569443854], [126.69871737824215, 35.98042569443854], [126.69871737824215, 35.98042569443854], [126.69594449223155, 35.98040714346282], [126.69594449223155, 35.98040714346282], [126.69317160875983, 35.980388528413705], [126.69314866539874, 35.9826422972981], [126.6959216277008, 35.98266091387808], [126.6958987606309, 35.98491468343231], [126.69312571948979, 35.98489606532136], [126.69310277103261, 35.987149832483475], [126.69587589102153, 35.98716845212548], [126.6958987606309, 35.98491468343231], [126.69867180431143, 35.98493323745933], [126.69867180431143, 35.98493323745933], [126.70144485052268, 35.984951727402226], [126.70146755991361, 35.98269795480188], [126.70146755991361, 35.98269795480188], [126.70149026678288, 35.980444181340665], [126.70149026678288, 35.980444181340665], [126.7015129711308, 35.97819040701861], [126.69874016141219, 35.978171921636736], [126.69874016141219, 35.97817192163673], [126.69596735422343, 35.97815337218655], [126.69596735422343, 35.97815337218655], [126.69319454957325, 35.978134758668226], [126.69319454957325, 35.978134758668226], [126.69596735422343, 35.97815337218653], [126.69596735422343, 35.97815337218653], [126.69874016141219, 35.97817192163673], [126.69874016141219, 35.97817192163673], [126.7015129711308, 35.9781904070186], [126.7015129711308, 35.9781904070186], [126.7042857833705, 35.978208828331965], [126.70430840638363, 35.9759550516342], [126.70430840638363, 35.9759550516342], [126.7042857833705, 35.97820882833197], [126.70705859812252, 35.97822718557664], [126.70983141537812, 35.97824547875244], [126.70983141537812, 35.97824547875244], [126.70705859812252, 35.97822718557664], [126.70705859812252, 35.97822718557664], [126.7042857833705, 35.97820882833197], [126.70426315784499, 35.98046260416901], [126.7070360514197, 35.980480962923416], [126.7070360514197, 35.980480962923416], [126.70980894749832, 35.98049925760366], [126.70980894749832, 35.98049925760366], [126.712581846072, 35.98051748820959], [126.712581846072, 35.98051748820959], [126.712581846072, 35.98051748820959], [126.712581846072, 35.9805174882096], [126.70980894749832, 35.980499257603675], [126.7070360514197, 35.98048096292342], [126.70701350221304, 35.9827347394095], [126.70701350221304, 35.9827347394095], [126.70699095050225, 35.98498851503489], [126.70421789925587, 35.98497015326081], [126.70419526619168, 35.987223926515526], [126.70419526619168, 35.987223926515526], [126.70417263061401, 35.98947769890941], [126.70417263061401, 35.98947769890941], [126.70419526619168, 35.987223926515526], [126.70142213860983, 35.987205499141695], [126.70139942417472, 35.989459270020255], [126.70417263061401, 35.98947769890941], [126.7041499925226, 35.99173147044246], [126.70692328034208, 35.99174983674671], [126.70692328034208, 35.99174983674671], [126.70692328034208, 35.99174983674671], [126.70692328034208, 35.99174983674673], [126.7041499925226, 35.99173147044247], [126.70137670721712, 35.99171304003789], [126.70139942417472, 35.989459270020255], [126.69862622025796, 35.98944077703625], [126.69862622025796, 35.98944077703625], [126.69585301887244, 35.98942221995759], [126.69583014418333, 35.991675986928584], [126.69583014418333, 35.991675986928584], [126.69583014418333, 35.99167598692858], [126.69585301887244, 35.98942221995759], [126.69307982002694, 35.98940359878444], [126.69305686647252, 35.99165736422421], [126.69305686647252, 35.99165736422422], [126.69305686647252, 35.99165736422422], [126.69307982002694, 35.98940359878444], [126.69030662373022, 35.98938491351701], [126.69030662373022, 35.989384913517], [126.68753342999105, 35.98936616415547], [126.68751031870683, 35.99161992651699]], [[126.69319454957325, 35.978134758668226], [126.69321748783933, 35.975880988061675], [126.69321748783933, 35.975880988061675], [126.69319454957325, 35.978134758668226], [126.69319454957325, 35.978134758668226]], [[126.69053680730835, 35.966847227118], [126.69053680730835, 35.966847227118], [126.69053680730835, 35.966847227118], [126.69330921543607, 35.966865897025244], [126.69328628735647, 35.969119671075845], [126.69051380045121, 35.96910099963297], [126.69049079103912, 35.971354771286876], [126.69049079103912, 35.971354771286876], [126.69051380045121, 35.96910099963297], [126.69051380045121, 35.96910099963297], [126.69053680730835, 35.966847227118]], [[126.67665140442388, 35.96900668172211], [126.67665140442388, 35.96900668172211], [126.67667480516432, 35.9667529169643], [126.67667480516432, 35.9667529169643], [126.67665140442388, 35.96900668172211]], [[126.67394936370704, 35.9622263338456], [126.67392588940477, 35.96448009875926], [126.67392588940477, 35.96448009875927], [126.67390241249566, 35.96673386281139], [126.67390241249566, 35.96673386281139], [126.67390241249566, 35.96673386281139], [126.67392588940477, 35.96448009875926], [126.67392588940477, 35.96448009875926], [126.67394936370704, 35.96222633384559], [126.67117713117025, 35.96220721879713], [126.67115357810997, 35.964460982138476], [126.66838126943075, 35.96444180148288], [126.66838126943075, 35.96444180148288], [126.67115357810997, 35.964460982138476], [126.67117713117025, 35.96220721879713], [126.67117713117025, 35.96220721879713], [126.67120068161526, 35.959953454594185], [126.66842853044271, 35.95993427709367], [126.66840490124872, 35.962188039719116], [126.66840490124872, 35.962188039719116], [126.66842853044271, 35.95993427709367], [126.66842853044271, 35.95993427709367], [126.66842853044271, 35.95993427709367], [126.67120068161526, 35.95995345459417], [126.67117713117025, 35.962207218797126], [126.67394936370707, 35.962226333845585], [126.67672159885038, 35.96224538486429], [126.67674499179657, 35.95999161752213], [126.67674499179657, 35.95999161752213], [126.67672159885038, 35.96224538486429], [126.67949383659149, 35.96226437185307], [126.67949383659149, 35.962264371853074], [126.67672159885038, 35.9622453848643], [126.6766982033064, 35.96449915134503], [126.67947051980609, 35.96451813989559], [126.67947051980609, 35.9645181398956], [126.6766982033064, 35.96449915134504], [126.67667480516432, 35.9667529169643], [126.67667480516432, 35.9667529169643], [126.6766982033064, 35.96449915134504], [126.6766982033064, 35.96449915134503], [126.67672159885038, 35.9622453848643], [126.67394936370704, 35.9622263338456]], [[126.67122422944529, 35.95769968952965], [126.67122422944529, 35.95769968952965], [126.67124777466061, 35.95544592360355], [126.67124777466061, 35.95544592360355], [126.67122422944529, 35.95769968952964], [126.67399630449229, 35.95771880143371], [126.67399630449229, 35.95771880143371], [126.67676838214526, 35.95773784931856], [126.67679176989674, 35.95548408025361], [126.67679176989674, 35.95548408025361], [126.67681515505132, 35.95323031032732], [126.67681515505134, 35.95323031032732], [126.67681515505134, 35.95323031032732], [126.67958707784551, 35.95324929106979], [126.67958707784551, 35.95324929106979], [126.67681515505134, 35.95323031032732], [126.67679176989674, 35.95548408025361], [126.67679176989674, 35.95548408025361], [126.67676838214526, 35.95773784931856], [126.67954046239542, 35.95775683318401], [126.67956377141454, 35.95550306255753], [126.67956377141456, 35.95550306255753], [126.67954046239542, 35.957756833184014], [126.67954046239542, 35.957756833184014], [126.67676838214526, 35.95773784931856], [126.67676838214526, 35.95773784931856], [126.67399630449229, 35.95771880143371], [126.67399630449229, 35.95771880143371], [126.67122422944529, 35.95769968952965], [126.67120068161526, 35.95995345459417], [126.67120068161526, 35.95995345459417], [126.67122422944529, 35.95769968952965]], [[126.66833399792155, 35.96894932242522], [126.66831035822973, 35.97120308160376], [126.66831035822973, 35.97120308160376], [126.66833399792155, 35.96894932242522], [126.66833399792155, 35.96894932242522], [126.66833399792155, 35.96894932242522]], [[126.67113002243413, 35.966714744618194], [126.67110646414243, 35.968968506236266], [126.67110646414243, 35.968968506236266], [126.67113002243413, 35.966714744618194], [126.67113002243413, 35.966714744618194]], [[126.67110646414243, 35.968968506236266], [126.67110646414243, 35.968968506236266], [126.67108290323456, 35.971222266992655], [126.67108290323456, 35.971222266992655], [126.67108290323456, 35.971222266992655], [126.67108290323456, 35.971222266992655], [126.67110646414243, 35.968968506236266]], [[126.66835763498845, 35.96669556238491], [126.67113002243413, 35.966714744618194], [126.67113002243413, 35.966714744618194], [126.66835763498845, 35.96669556238493], [126.66835763498845, 35.96669556238493], [126.66835763498845, 35.96669556238491]], [[126.66828671591273, 35.97345683992051], [126.66831035822973, 35.97120308160377], [126.66831035822976, 35.97120308160377], [126.66828671591273, 35.97345683992051], [126.66828671591273, 35.97345683992051]], [[126.67105933971024, 35.97347602688736], [126.67105933971024, 35.97347602688736], [126.67383196612447, 35.97349514979831], [126.67383196612447, 35.97349514979831], [126.67105933971024, 35.97347602688736]], [[126.66821577320752, 35.980218109699834], [126.67098863343556, 35.98023730140105], [126.67098863343556, 35.98023730140105], [126.67098863343556, 35.98023730140105], [126.67096505944247, 35.982491057848705], [126.67096505944247, 35.982491057848705], [126.67098863343556, 35.98023730140105], [126.66821577320752, 35.980218109699834], [126.66821577320752, 35.980218109699834]], [[126.6820335804949, 35.98482095204191], [126.6820335804949, 35.98482095204191], [126.6820335804949, 35.9848209520419], [126.68480661139068, 35.98483982648673], [126.68480661139068, 35.984839826486734], [126.6820335804949, 35.98482095204191], [126.68201031664935, 35.98707471302714], [126.68201031664935, 35.98707471302714], [126.6820335804949, 35.98482095204191]], [[126.67928389228227, 35.98254825322469], [126.68205684175723, 35.9825671901952], [126.68205684175723, 35.9825671901952], [126.67928389228227, 35.98254825322469], [126.67928389228227, 35.98254825322469]], [[126.70737398921358, 35.9466742123646], [126.70737398921358, 35.9466742123646], [126.70735147753531, 35.94892800175831], [126.71012327088816, 35.94894627538388], [126.71014570386588, 35.946692484486896], [126.71014570386588, 35.946692484486896], [126.7101681343527, 35.94443869272967], [126.7101681343527, 35.94443869272967], [126.7101681343527, 35.94443869272967], [126.71293977280376, 35.944456899358705], [126.71293977280376, 35.94445689935872], [126.71293977280376, 35.94445689935872], [126.71291742100907, 35.94671069261387], [126.71291742100907, 35.94671069261387], [126.71289506673219, 35.948964485008865], [126.71566686505865, 35.94898263063307], [126.71566686505865, 35.94898263063307], [126.71289506673219, 35.948964485008865], [126.71287270997284, 35.95121827654369], [126.71564458700918, 35.951236423660724], [126.71566686505865, 35.948982630633076], [126.71566686505865, 35.948982630633076], [126.71564458700918, 35.951236423660724], [126.71841646651949, 35.95125450677153], [126.71839426471492, 35.9535083004267], [126.71839426471492, 35.9535083004267], [126.71841646651949, 35.95125450677153], [126.71564458700918, 35.95123642366073], [126.71562230648573, 35.95349021582825], [126.71562230648573, 35.95349021582825], [126.71564458700918, 35.951236423660724], [126.71287270997284, 35.95121827654369], [126.71289506673219, 35.94896448500887], [126.71012327088816, 35.948946275383896], [126.71012327088816, 35.948946275383896], [126.70735147753531, 35.94892800175832], [126.70735147753531, 35.94892800175833], [126.7045796866824, 35.94890966413234], [126.70455709379517, 35.95116345115707], [126.70455709379517, 35.95116345115707], [126.7045796866824, 35.94890966413233], [126.70735147753531, 35.94892800175831], [126.70737398921358, 35.9466742123646]], [[126.70460227706093, 35.94665587624714], [126.70460227706093, 35.94665587624714], [126.70737398921358, 35.9466742123646], [126.70739649839223, 35.944420422110575], [126.70739649839223, 35.944420422110575], [126.70737398921358, 35.9466742123646], [126.70460227706093, 35.94665587624714]], [[126.70460227706093, 35.94665587624714], [126.70460227706093, 35.94665587624714], [126.70183056741665, 35.94663747613473], [126.70183056741665, 35.94663747613473], [126.70460227706093, 35.94665587624714]], [[126.6879951171401, 35.94429073607044], [126.6879951171401, 35.94429073607044], [126.68797205712666, 35.94654451565473], [126.69074375409801, 35.94656323573917], [126.69074375409801, 35.94656323573918], [126.68797205712666, 35.946544515654736], [126.6879951171401, 35.94429073607044], [126.6879951171401, 35.94429073607044], [126.6879951171401, 35.94429073607044]], [[126.69081269041384, 35.939801889783745], [126.69078971419347, 35.942055672629685], [126.69078971419347, 35.94205567262969], [126.69076673542163, 35.94430945461483], [126.69076673542163, 35.94430945461483], [126.69078971419347, 35.942055672629685], [126.69078971419347, 35.942055672629685], [126.69081269041384, 35.939801889783745], [126.69081269041384, 35.939801889783745]], [[126.69081269041384, 35.939801889783745], [126.69081269041384, 35.939801889783745], [126.690835664083, 35.93754810607704], [126.690835664083, 35.93754810607704], [126.69081269041384, 35.939801889783745]], [[126.690835664083, 35.93754810607704], [126.690835664083, 35.93754810607704], [126.69360704889836, 35.93756675602884], [126.69360704889836, 35.93756675602886], [126.690835664083, 35.93754810607704]], [[126.6881103788055, 35.93302182523594], [126.68533915640116, 35.93300305042818], [126.68533915640116, 35.93300305042818], [126.68536227969304, 35.930749267223625], [126.68536227969304, 35.930749267223625], [126.68533915640116, 35.93300305042818], [126.6881103788055, 35.93302182523594], [126.68813342346023, 35.9307680404866], [126.68536227969304, 35.930749267223625], [126.68536227969304, 35.930749267223625], [126.68813342346023, 35.93076804048659], [126.68813342346023, 35.93076804048659], [126.68813342346023, 35.93076804048659], [126.6881103788055, 35.93302182523593], [126.6908816037689, 35.93304053608142], [126.6908816037689, 35.93304053608143], [126.6908816037689, 35.93304053608143], [126.69085863520127, 35.93529432150959], [126.69362994136145, 35.93531296992698], [126.69365283128265, 35.93305918296448], [126.69642406133798, 35.933077765884875], [126.6964012500635, 35.93533155437647], [126.6964012500635, 35.93533155437647], [126.69362994136145, 35.93531296992698], [126.69085863520127, 35.93529432150959], [126.69085863520127, 35.935294321509595], [126.69085863520127, 35.935294321509595], [126.6908816037689, 35.93304053608143], [126.6881103788055, 35.93302182523594], [126.6881103788055, 35.93302182523594]], [[126.69092753325346, 35.92853296264303], [126.69090456978621, 35.93078674979256], [126.69090456978621, 35.93078674979256], [126.69092753325346, 35.92853296264303], [126.69092753325346, 35.92853296264303], [126.69092753325346, 35.92853296264303], [126.69092753325346, 35.92853296264303]], [[126.68529290211372, 35.93751061425466], [126.68252152497729, 35.93749177238447], [126.68252152497729, 35.93749177238446], [126.68529290211372, 35.937510614254656], [126.68529290211372, 35.93751061425466]], [[126.68531603054147, 35.93525683277186], [126.68531603054147, 35.93525683277187], [126.68531603054147, 35.93525683277187], [126.68531603054147, 35.93525683277186], [126.68531603054147, 35.93525683277186]], [[126.68804122948575, 35.93978317431916], [126.68804122948575, 35.93978317431916], [126.68801817459303, 35.94203695562523], [126.68801817459303, 35.94203695562523], [126.68801817459303, 35.94203695562523], [126.68804122948575, 35.93978317431916], [126.68804122948575, 35.93978317431916], [126.68806428181853, 35.937529392152236], [126.68806428181853, 35.937529392152236], [126.68808733159167, 35.9352756091245], [126.68808733159167, 35.9352756091245], [126.68808733159167, 35.9352756091245], [126.6880873315917, 35.9352756091245], [126.68806428181855, 35.937529392152236], [126.68806428181853, 35.937529392152236], [126.68804122948575, 35.93978317431916]], [[126.68261433784583, 35.9284766474884], [126.68263753462236, 35.92622286411207], [126.68263753462236, 35.92622286411207], [126.68261433784583, 35.9284766474884], [126.68261433784583, 35.9284766474884]], [[126.67972686209603, 35.93972664405788], [126.67972686209603, 35.93972664405788], [126.67970357118796, 35.941980420712774], [126.67970357118796, 35.941980420712774], [126.67972686209603, 35.93972664405788]], [[126.67972686209603, 35.93972664405787], [126.67972686209603, 35.93972664405787], [126.68249831531811, 35.93974555145604], [126.68249831531811, 35.93974555145604], [126.67972686209603, 35.93972664405787]], [[126.68247510308154, 35.94199932966659], [126.68524663755281, 35.942018174637475], [126.68524663755281, 35.94201817463748], [126.68247510308154, 35.941999329666594], [126.68247510308154, 35.94199932966659]], [[126.69090456978621, 35.93078674979256], [126.69367571866222, 35.93080539514134], [126.69367571866222, 35.93080539514135], [126.69090456978621, 35.93078674979257], [126.69090456978621, 35.93078674979256]], [[126.6991270884703, 35.93985765230728], [126.6991270884703, 35.93985765230728], [126.69635561991484, 35.93983912877798], [126.69635561991484, 35.93983912877798], [126.6935841538931, 35.939820541270066], [126.6935841538931, 35.939820541270066], [126.69635561991484, 35.939839128777976], [126.69637843625591, 35.9375853420075], [126.69637843625591, 35.9375853420075], [126.69914982614686, 35.93760386401281], [126.69914982614686, 35.937603864012814], [126.69914982614686, 35.937603864012814], [126.6991270884703, 35.93985765230728], [126.6991270884703, 35.93985765230728]], [[126.69628715568815, 35.946600483925764], [126.69628715568815, 35.94660048392576], [126.69628715568815, 35.94660048392576], [126.69628715568815, 35.946600483925764], [126.69628715568815, 35.946600483925764]], [[126.6990816055419, 35.94436522631468], [126.69905886028948, 35.946619012027554], [126.69905886028948, 35.946619012027554], [126.6990816055419, 35.94436522631468], [126.6990816055419, 35.94436522631468], [126.6990816055419, 35.94436522631468]], [[126.69894509613403, 35.957887927682826], [126.69894509613403, 35.95788792768283], [126.6961729979482, 35.95786939195854], [126.69615015879332, 35.96012317098284], [126.69615015879332, 35.96012317098284], [126.6961729979482, 35.95786939195854], [126.6961729979482, 35.95786939195854], [126.69894509613403, 35.957887927682826], [126.69894509613403, 35.957887927682826], [126.70171719684713, 35.957906399386204], [126.70173987599696, 35.95565261645704], [126.70173987599696, 35.95565261645704], [126.70171719684713, 35.957906399386204], [126.69894509613403, 35.957887927682826]], [[126.70430840638363, 35.9759550516342], [126.7015356729576, 35.97593663183574], [126.7015356729576, 35.97593663183574], [126.70430840638363, 35.9759550516342], [126.70430840638363, 35.9759550516342]], [[126.70710368401762, 35.97371962830121], [126.70710368401762, 35.97371962830121], [126.70987634365353, 35.97373791846836], [126.70987634365353, 35.97373791846836], [126.70710368401762, 35.97371962830121], [126.70710368401762, 35.97371962830121], [126.70433102688476, 35.97370127407573], [126.70433102688476, 35.97370127407573], [126.70433102688476, 35.97370127407573], [126.70433102688476, 35.97370127407572], [126.70710368401762, 35.97371962830121]], [[126.7211440998674, 35.95578011529106], [126.7211440998674, 35.95578011529106], [126.71837206044482, 35.955762093221814], [126.71837206044482, 35.955762093221814], [126.71837206044482, 35.955762093221814], [126.7211440998674, 35.95578011529106]], [[126.7184608627332, 35.94674691688108], [126.71843866585883, 35.94900071225629], [126.72121046912396, 35.94901872987838], [126.72121046912396, 35.9490187298784], [126.72121046912396, 35.9490187298784], [126.71843866585883, 35.9490007122563], [126.7184608627332, 35.94674691688108], [126.7184608627332, 35.94674691688108], [126.7184608627332, 35.94674691688108]], [[126.69601307059169, 35.97364582705108], [126.69603592496865, 35.97139205319192], [126.69603592496865, 35.97139205319192], [126.69601307059169, 35.97364582705109], [126.69601307059169, 35.97364582705109], [126.69599021367671, 35.97589960004929], [126.69599021367671, 35.97589960004929], [126.69601307059169, 35.97364582705109], [126.69601307059169, 35.97364582705108]], [[126.69878572016303, 35.97366437345047], [126.69878572016303, 35.97366437345047], [126.69876294205238, 35.975918147974035], [126.69876294205238, 35.975918147974035], [126.69876294205238, 35.975918147974035], [126.69876294205238, 35.975918147974035], [126.69878572016303, 35.97366437345047], [126.69878572016303, 35.97366437345047], [126.6988084957444, 35.97141059806604], [126.69603592496865, 35.97139205319192], [126.6960587768079, 35.969138278471846], [126.6960587768079, 35.969138278471846], [126.69603592496865, 35.97139205319191], [126.6988084957444, 35.971410598066036], [126.6988084957444, 35.971410598066036], [126.6988084957444, 35.971410598066036], [126.69878572016303, 35.97366437345047]], [[126.70437626035192, 35.96919371637673], [126.70160376331438, 35.969175301122476], [126.70160376331438, 35.969175301122476], [126.70437626035192, 35.96919371637673], [126.70437626035192, 35.96919371637673]], [[126.6960816261097, 35.96688450289088], [126.6960816261097, 35.96688450289088], [126.6988540393205, 35.96690304471471], [126.6988540393205, 35.96690304471471], [126.6960816261097, 35.96688450289088]], [[126.6960587768079, 35.969138278471846], [126.6960587768079, 35.969138278471846], [126.69328628735647, 35.969119671075845], [126.69328628735647, 35.969119671075845], [126.6960587768079, 35.969138278471846]], [[126.70155837226363, 35.97368285579208], [126.70155837226363, 35.97368285579208], [126.70155837226363, 35.97368285579208], [126.70158106904913, 35.971429078887645], [126.70158106904913, 35.971429078887645], [126.70155837226363, 35.97368285579208]], [[126.71296212211662, 35.94220310524342], [126.71296212211662, 35.94220310524342], [126.71296212211662, 35.94220310524342], [126.71019056234888, 35.942184900112224], [126.71019056234888, 35.94218490011224], [126.70741900507151, 35.94216663099623], [126.70744150925172, 35.939912839021616], [126.70744150925172, 35.939912839021616], [126.70744150925172, 35.939912839021616], [126.71021298785475, 35.939931106634596], [126.71021298785475, 35.9399311066346], [126.71298446894785, 35.93994931026804], [126.71296212211662, 35.94220310524342]], [[126.71282798900576, 35.95572585703269], [126.71282798900576, 35.95572585703269], [126.7128503507308, 35.953472067218314], [126.7128503507308, 35.953472067218314], [126.71282798900576, 35.95572585703269]], [[126.71010083541924, 35.95120006542062], [126.71287270997284, 35.95121827654369], [126.71287270997284, 35.95121827654369], [126.71010083541924, 35.95120006542063], [126.71010083541924, 35.95120006542062]], [[126.71003351406266, 35.95796143036899], [126.71280562479743, 35.957979645986846], [126.71280562479743, 35.957979645986846], [126.71003351406266, 35.95796143036899], [126.71003351406266, 35.95796143036899]], [[126.71273851726995, 35.96474100768758], [126.71273851726995, 35.96474100768758], [126.71551086674897, 35.96475916376333], [126.71551086674897, 35.96475916376333], [126.71273851726995, 35.96474100768758]], [[126.71533243442146, 35.9827894357249], [126.71533243442146, 35.98278943572491], [126.71810541679172, 35.982807539670354], [126.71810541679172, 35.982807539670354], [126.71810541679172, 35.982807539670354], [126.71533243442146, 35.98278943572491], [126.71533243442146, 35.9827894357249], [126.71533243442146, 35.9827894357249]], [[126.70971905102506, 35.98951436440244], [126.70694583956704, 35.989496063703534], [126.70694583956704, 35.989496063703534], [126.70694583956704, 35.989496063703534], [126.70971905102506, 35.98951436440244], [126.70971905102506, 35.98951436440244]], [[126.70969657066688, 35.9917681389505], [126.71246986348818, 35.99178637705359], [126.71246986348818, 35.99178637705359], [126.70969657066688, 35.9917681389505], [126.70969657066688, 35.9917681389505]], [[126.71246986348818, 35.99178637705359], [126.71249226497935, 35.98953260100595], [126.71249226497935, 35.98953260100595], [126.71246986348818, 35.99178637705359], [126.71246986348818, 35.99178637705359]], [[126.732210468991, 35.95810536269018], [126.7294383410549, 35.958087595229024], [126.7294383410549, 35.958087595229024], [126.7294383410549, 35.95808759522902], [126.732210468991, 35.95810536269018], [126.732210468991, 35.95810536269018]], [[126.73506952211832, 35.94910785796539], [126.7350477950456, 35.951361661295444], [126.7350477950456, 35.951361661295444], [126.73506952211832, 35.94910785796539], [126.73506952211832, 35.94910785796539]], [[126.73511296902643, 35.94460024872676], [126.7323413109649, 35.94458255402479], [126.7323413109649, 35.94458255402479], [126.7323413109649, 35.94458255402479], [126.73511296902643, 35.94460024872676], [126.73513468886237, 35.942346442818206], [126.73790627065006, 35.94236407207801], [126.73790627065006, 35.94236407207801], [126.73513468886237, 35.942346442818206], [126.73511296902643, 35.94460024872676], [126.73788462949997, 35.944617879437025], [126.73788462949997, 35.94461787943703], [126.73511296902643, 35.94460024872676], [126.73509124677851, 35.94685405377582], [126.73509124677851, 35.94685405377582], [126.73511296902643, 35.94460024872676]], [[126.73513468886237, 35.942346442818206], [126.73515640628656, 35.940092636050224], [126.73515640628656, 35.940092636050224], [126.73513468886237, 35.942346442818206], [126.73513468886237, 35.942346442818206]], [[126.73238490558744, 35.94007494425965], [126.7296134073085, 35.94005718848808], [126.7295915325309, 35.942310992339515], [126.7295915325309, 35.942310992339515], [126.72956965532408, 35.94456479533132], [126.72956965532408, 35.94456479533132], [126.72956965532408, 35.94456479533132], [126.72956965532408, 35.94456479533132], [126.7295915325309, 35.942310992339515], [126.7295915325309, 35.94231099233951], [126.7296134073085, 35.94005718848808], [126.72684191145848, 35.940039368735725], [126.72684191145848, 35.940039368735725], [126.72684191145848, 35.940039368735725], [126.72684191145848, 35.94003936873572], [126.7296134073085, 35.94005718848808], [126.7296134073085, 35.94005718848808], [126.73238490558744, 35.94007494425965], [126.73238490558744, 35.94007494425964], [126.73515640628656, 35.94009263605021], [126.73517812129933, 35.9378388284228], [126.73517812129933, 35.9378388284228], [126.73515640628656, 35.940092636050224], [126.73238490558744, 35.94007494425965], [126.73238490558744, 35.94007494425965]], [[126.7268858110536, 35.93553176138624], [126.7268858110536, 35.93553176138624], [126.72686386247474, 35.93778556549079], [126.72686386247474, 35.93778556549079], [126.7268858110536, 35.93553176138624]], [[126.73242849052926, 35.93556733105646], [126.73242849052926, 35.93556733105646], [126.73240669926831, 35.93782113808779], [126.73240669926831, 35.93782113808779], [126.73242849052926, 35.93556733105646]], [[126.72954777568782, 35.94681859746348], [126.73231951002266, 35.94683635761804], [126.73231951002266, 35.94683635761804], [126.72954777568782, 35.94681859746348], [126.72954777568782, 35.94681859746348]], [[126.72932884564425, 35.96935657150015], [126.72932884564425, 35.96935657150016], [126.72932884564425, 35.96935657150016], [126.72932884564425, 35.96935657150015], [126.72932884564425, 35.96935657150015]], [[126.7376247481675, 35.97166350070593], [126.7376247481675, 35.97166350070593], [126.7376247481675, 35.97166350070593], [126.73760307575394, 35.97391729689104], [126.73760307575394, 35.97391729689104], [126.73760307575394, 35.97391729689104], [126.7376247481675, 35.97166350070593], [126.7376247481675, 35.97166350070593]], [[126.76262022330828, 35.96731183070669], [126.7625992647576, 35.96956564143634], [126.7625992647576, 35.96956564143634], [126.76262022330828, 35.96731183070669], [126.76262022330828, 35.96731183070669]], [[126.76274592574941, 35.9537889482926], [126.76274592574941, 35.95378894829259], [126.76274592574944, 35.95378894829259], [126.76272498115829, 35.956042764175315], [126.76272498115829, 35.956042764175315], [126.76274592574941, 35.9537889482926], [126.76274592574941, 35.9537889482926]], [[126.73476512343561, 35.98066102635933], [126.73476512343561, 35.98066102635933], [126.73753804407151, 35.98067868028812], [126.73753804407151, 35.98067868028812], [126.73476512343561, 35.98066102635933]], [[126.74031096711501, 35.9806962701408], [126.74031096711501, 35.98069627014079], [126.74031096711501, 35.98069627014079], [126.74031096711501, 35.9806962701408], [126.74031096711501, 35.9806962701408]], [[126.74587826354563, 35.97847745968736], [126.74587826354563, 35.97847745968736], [126.74310541453977, 35.97845999942346], [126.74308389255737, 35.98071379591716], [126.74308389255737, 35.98071379591716], [126.74306236818488, 35.982967591551244], [126.74306236818488, 35.98296759155125], [126.7402893639075, 35.98295006433358], [126.7402893639075, 35.98295006433358], [126.74306236818488, 35.982967591551244], [126.74308389255737, 35.98071379591715], [126.74308389255737, 35.98071379591715], [126.74310541453977, 35.97845999942346], [126.74310541453977, 35.97845999942346], [126.74310541453977, 35.97845999942346], [126.74587826354563, 35.97847745968736]], [[126.74860838390201, 35.98300245374113], [126.74860838390201, 35.98300245374113], [126.74860838390201, 35.98300245374113], [126.74860838390201, 35.98300245374113], [126.74858701482756, 35.985256251382566], [126.74858701482756, 35.985256251382566], [126.74860838390201, 35.98300245374113]], [[126.75146653260525, 35.9740045838513], [126.74869383647392, 35.973987254580955], [126.74871519368678, 35.97173345264244], [126.74871519368678, 35.97173345264244], [126.75148781101726, 35.97175078048758], [126.75150908706651, 35.96949697626461], [126.75153036075324, 35.96724317118239], [126.75153036075324, 35.96724317118239], [126.75155163207776, 35.96498936524095], [126.75155163207776, 35.964989365240946], [126.75157290104032, 35.96273555844031], [126.75157290104032, 35.96273555844031], [126.75155163207776, 35.964989365240946], [126.75155163207776, 35.964989365240946], [126.75153036075326, 35.96724317118239], [126.75430282287053, 35.967260432132], [126.75430282287053, 35.967260432132], [126.75707528734128, 35.96727762903604], [126.75707528734128, 35.96727762903604], [126.75707528734128, 35.96727762903604], [126.75707528734128, 35.96727762903604], [126.75430282287053, 35.967260432132], [126.7542816279674, 35.969514238633984], [126.75705417122204, 35.96953143695251], [126.75705417122204, 35.969531436952515], [126.7542816279674, 35.96951423863399], [126.75426043071052, 35.9717680442768], [126.75703305275778, 35.97178524400991], [126.75701193194826, 35.97403905020816], [126.7542392310996, 35.97402184906042], [126.7542392310996, 35.97402184906043], [126.75146653260525, 35.9740045838513], [126.7514452518302, 35.9762583863557], [126.7514452518302, 35.9762583863557], [126.75142396869185, 35.978512188000806], [126.75142396869185, 35.978512188000806], [126.75142396869185, 35.978512188000806], [126.74865111493258, 35.97849485587987], [126.74867247688928, 35.97624105566012], [126.7514452518302, 35.97625838635572], [126.75146653260525, 35.9740045838513]], [[126.72917544989747, 35.98513310216373], [126.73194852336859, 35.985150887169105], [126.73194852336859, 35.985150887169105], [126.73194852336859, 35.985150887169105], [126.73194852336859, 35.985150887169105], [126.72917544989747, 35.98513310216373], [126.72917544989747, 35.98513310216373]], [[126.73199220521605, 35.98064330835457], [126.73197036550502, 35.98289709819181], [126.731970365505, 35.98289709819181], [126.731970365505, 35.98289709819181], [126.7291973708766, 35.9828793146489], [126.7291973708766, 35.98287931464889], [126.731970365505, 35.98289709819181], [126.73199220521605, 35.98064330835457], [126.73199220521605, 35.98064330835457]], [[126.72373967907214, 35.97382840842261], [126.72373967907214, 35.97382840842261], [126.72373967907214, 35.973828408422605], [126.72373967907214, 35.973828408422605], [126.72373967907214, 35.97382840842261]], [[126.72651235354245, 35.97384631423588], [126.72649036349078, 35.976100103723255], [126.72649036349078, 35.976100103723255], [126.72649036349078, 35.97610010372327], [126.72371761021333, 35.976082196437325], [126.72369553890368, 35.97833598359192], [126.72369553890368, 35.97833598359192], [126.72371761021333, 35.976082196437325], [126.72371761021333, 35.976082196437325], [126.72371761021333, 35.97608219643732], [126.72649036349078, 35.976100103723255], [126.72651235354245, 35.97384631423587], [126.72651235354245, 35.97384631423587], [126.72653434115236, 35.97159252388847], [126.72653434115236, 35.97159252388847], [126.72651235354245, 35.97384631423588], [126.72651235354245, 35.97384631423588]], [[126.74594257872782, 35.971716060741514], [126.74316996614913, 35.97169860478501], [126.74316996614913, 35.97169860478501], [126.74316996614913, 35.97169860478501], [126.74319147857383, 35.96944480485315], [126.74596401236099, 35.96946225937402], [126.74598544361416, 35.967208457147116], [126.74875790099821, 35.96722584618737], [126.74873654852813, 35.96947964984456], [126.74596401236099, 35.96946225937402], [126.74594257872782, 35.971716060741514]], [[126.74314845133537, 35.97395240385736], [126.74314845133537, 35.97395240385736], [126.74592114271437, 35.973969861249586], [126.74592114271437, 35.973969861249586], [126.74314845133537, 35.97395240385736]], [[126.74587826354563, 35.97847745968736], [126.74865111493258, 35.978494855879866], [126.74865111493258, 35.97849485587988], [126.74587826354563, 35.97847745968736], [126.74587826354563, 35.97847745968736]], [[126.75170046522913, 35.94921269959456], [126.75170046522913, 35.949212699594554], [126.75447229739227, 35.949229949188975], [126.75447229739227, 35.94922994918898], [126.75170046522913, 35.94921269959456]], [[126.75449347112357, 35.94697613495555], [126.75449347112357, 35.94697613495555], [126.75447229739227, 35.949229949188975], [126.75447229739227, 35.949229949188975], [126.75449347112357, 35.94697613495555]], [[126.75170046522913, 35.949212699594554], [126.74892863542608, 35.94919538599687], [126.74892863542608, 35.949195385996866], [126.75170046522913, 35.949212699594554], [126.75170046522913, 35.949212699594554]], [[126.74063472751827, 35.94688925410032], [126.74063472751827, 35.94688925410032], [126.73786298594663, 35.946871685936635], [126.73786298594663, 35.946871685936635], [126.74063472751827, 35.94688925410032]], [[126.74624243311021, 35.94016276339909], [126.74624243311021, 35.94016276339909], [126.74624243311021, 35.94016276339909], [126.74622103039607, 35.94241657593705], [126.74622103039607, 35.94241657593705], [126.74624243311021, 35.94016276339909], [126.74624243311021, 35.94016276339909]], [[126.74901394577923, 35.94018013528207], [126.74901394577923, 35.94018013528207], [126.74901394577923, 35.94018013528207], [126.74901394577923, 35.94018013528207], [126.74901394577923, 35.94018013528207]], [[126.74899262174328, 35.94243394924937], [126.74899262174328, 35.94243394924937], [126.74899262174328, 35.94243394924937], [126.74899262174328, 35.94243394924937], [126.74899262174328, 35.94243394924937]], [[126.74065629237674, 35.94463544615541], [126.74065629237674, 35.94463544615542], [126.73788462949997, 35.944617879437025], [126.73788462949997, 35.94461787943702], [126.74065629237674, 35.94463544615541]], [[126.73784133998976, 35.949125491576844], [126.74061316026499, 35.94914306118589], [126.74061316026499, 35.9491430611859], [126.73784133998976, 35.94912549157685], [126.73784133998976, 35.949125491576844]], [[126.74026775830085, 35.985203857666654], [126.74026775830085, 35.98520385766666], [126.74026775830085, 35.98520385766666], [126.74026775830085, 35.98520385766666], [126.73749467757905, 35.985186264920756], [126.73749467757905, 35.98518626492074], [126.74026775830085, 35.985203857666654]], [[126.74301931226854, 35.987475180240544], [126.74301931226854, 35.987475180240544], [126.74304084142202, 35.98522138632572], [126.74304084142204, 35.98522138632572], [126.74301931226854, 35.987475180240544], [126.74301931226854, 35.987475180240544]], [[126.75455697821188, 35.94021468710172], [126.75455697821188, 35.94021468710172], [126.7545358115331, 35.94246850391188], [126.7545358115331, 35.94246850391188], [126.75455697821188, 35.94021468710172]], [[126.75980567715031, 35.9718023796867], [126.75980567715031, 35.9718023796867], [126.75982671682169, 35.969548571220024], [126.75705417122204, 35.96953143695251], [126.75705417122204, 35.96953143695251], [126.75982671682169, 35.969548571220024], [126.75984775415678, 35.96729476189433], [126.75984775415678, 35.96729476189433], [126.75982671682169, 35.969548571220024], [126.75982671682169, 35.969548571220024], [126.75980567715031, 35.9718023796867]], [[126.75986878915589, 35.96504095170965], [126.75986878915589, 35.96504095170965], [126.75984775415678, 35.96729476189432], [126.75984775415678, 35.96729476189432], [126.75986878915589, 35.96504095170965]], [[126.75980567715031, 35.97180237968671], [126.75980567715031, 35.97180237968671], [126.75978463514244, 35.97405618729436], [126.75978463514244, 35.97405618729436], [126.75980567715031, 35.97180237968671]], [[126.7766881244961, 35.94485799015479], [126.7766881244961, 35.94485799015479], [126.77666758269493, 35.94711181640934], [126.77666758269493, 35.94711181640934], [126.7766881244961, 35.94485799015479]], [[126.7709790821803, 35.962855020470705], [126.7709790821803, 35.9628550204707], [126.77375140304363, 35.96287183033212], [126.77377203957806, 35.96061801146361], [126.77099979747395, 35.96060120298485], [126.77099979747395, 35.96060120298485], [126.76822755767004, 35.960584330475285], [126.76822755767004, 35.960584330475285], [126.77099979747395, 35.96060120298485], [126.77099979747395, 35.96060120298485], [126.77377203957806, 35.96061801146361], [126.77379267382102, 35.958364191736564], [126.77379267382102, 35.958364191736564], [126.77381330577275, 35.95611037115103], [126.77381330577275, 35.95611037115103], [126.77379267382102, 35.958364191736564], [126.77656483946589, 35.95838093480704], [126.77656483946589, 35.958380934807046], [126.77379267382102, 35.95836419173657], [126.77377203957806, 35.96061801146361], [126.77654428397369, 35.96063475591139], [126.77654428397369, 35.96063475591139], [126.77654428397369, 35.96063475591139], [126.77652372619872, 35.962888576157304], [126.77929605163678, 35.96290525794606], [126.77929605163678, 35.96290525794606], [126.77652372619872, 35.962888576157304], [126.77650316614074, 35.96514239554474], [126.77650316614074, 35.96514239554474], [126.77652372619872, 35.96288857615731], [126.77375140304363, 35.96287183033213], [126.77375140304363, 35.962871830332126], [126.7709790821803, 35.962855020470705]], [[126.77935748186076, 35.956143790516904], [126.77935748186076, 35.956143790516904], [126.77935748186076, 35.956143790516904], [126.77937795405478, 35.953889966323835], [126.77937795405478, 35.953889966323835], [126.77935748186076, 35.956143790516904]], [[126.77102051046737, 35.958347384640376], [126.77102051046737, 35.958347384640376], [126.7682483494137, 35.95833051351866], [126.7682483494137, 35.95833051351866], [126.77102051046737, 35.958347384640376]], [[126.76545532017514, 35.96056739393508], [126.76822755767004, 35.960584330475285], [126.76822755767004, 35.960584330475285], [126.76545532017514, 35.96056739393509], [126.76545532017514, 35.96056739393508]], [[126.76820676361744, 35.962838146573226], [126.7709790821803, 35.962855020470705], [126.7709790821803, 35.962855020470705], [126.76820676361744, 35.962838146573226], [126.76820676361744, 35.962838146573226]], [[126.77644147226628, 35.97190384855595], [126.7764620391748, 35.96965003174408], [126.7764620391748, 35.96965003174408], [126.77644147226628, 35.97190384855595], [126.77644147226628, 35.97190384855595]], [[126.7820071649893, 35.969683339502865], [126.7820071649893, 35.969683339502865], [126.77923460094453, 35.96966671764966], [126.77923460094453, 35.96966671764966], [126.7764620391748, 35.96965003174408], [126.7764620391748, 35.96965003174408], [126.77923460094453, 35.96966671764966], [126.77923460094453, 35.96966671764966], [126.7820071649893, 35.969683339502865]], [[126.77913213762021, 35.980935799986064], [126.77915263483666, 35.97868198523586], [126.77915263483666, 35.97868198523586], [126.77913213762024, 35.980935799986064], [126.77913213762021, 35.980935799986064]], [[126.78755229986889, 35.96971639105146], [126.78755229986889, 35.96971639105146], [126.78753204814079, 35.971970213321434], [126.78753204814079, 35.971970213321434], [126.78755229986889, 35.96971639105146]], [[126.78751179416368, 35.974224034733155], [126.79028452258122, 35.97424046713101], [126.79028452258122, 35.97424046713101], [126.79028452258122, 35.97424046713101], [126.78751179416368, 35.974224034733155], [126.78751179416368, 35.974224034733155]], [[126.7792550867833, 35.96741289860689], [126.7792550867833, 35.96741289860689], [126.7792550867833, 35.96741289860689], [126.77927557034731, 35.965159078705696], [126.77927557034731, 35.965159078705696], [126.77929605163678, 35.96290525794607], [126.77929605163678, 35.96290525794607], [126.77927557034731, 35.965159078705696], [126.77927557034731, 35.965159078705696], [126.7792550867833, 35.96741289860689], [126.7792550867833, 35.96741289860689]], [[126.78763328429608, 35.96070109338942], [126.78763328429608, 35.96070109338942], [126.78761304156156, 35.9629549190922], [126.78761304156156, 35.9629549190922], [126.78763328429608, 35.96070109338942]], [[126.7901836131049, 35.985509568073226], [126.7901836131049, 35.985509568073226], [126.7901836131049, 35.985509568073226], [126.7901836131049, 35.985509568073226], [126.7901836131049, 35.985509568073226]], [[126.77621508547018, 35.99669577681637], [126.77621508547018, 35.99669577681637], [126.77623567751718, 35.994441969449944], [126.77623567751718, 35.994441969449944], [126.77623567751718, 35.994441969449944], [126.77621508547018, 35.99669577681637]]], [[[126.52447446953227, 35.94307308894755], [126.5217030203413, 35.94305053144495], [126.52167523950159, 35.94530420899495], [126.52167523950159, 35.945304208994955], [126.52164745557702, 35.94755788567835], [126.52441906211826, 35.947580446892694], [126.52444676736333, 35.945326768353375], [126.52444676736333, 35.94532676835337], [126.52447446953227, 35.94307308894755]]], [[[126.52716304210298, 35.94985662364375], [126.527190671736, 35.9476029441202], [126.52441906211826, 35.947580446892694], [126.52439135379666, 35.94983412456548], [126.52716304210298, 35.94985662364375]]], [[[126.52713540940188, 35.952110302300845], [126.52713540940188, 35.952110302300845], [126.52716304210298, 35.94985662364375], [126.52439135379666, 35.949834124565484], [126.52439135379666, 35.949834124565484], [126.52161966856718, 35.9498115614951], [126.52159187847175, 35.952065236445186], [126.5243636423982, 35.95208780137171], [126.5243636423982, 35.95208780137171], [126.52433592792256, 35.95434147731134], [126.52710777363227, 35.95436398009146], [126.52713540940188, 35.952110302300845]]], [[[126.52150848966845, 35.95882625609521], [126.52428048973827, 35.95884882659076], [126.52428048973827, 35.95884882659077], [126.52150848966845, 35.958826256095215], [126.52148068722717, 35.9610799275784], [126.52425276602892, 35.961102499930504], [126.52425276602892, 35.961102499930504], [126.52148068722717, 35.9610799275784], [126.5214528816986, 35.9633335981948], [126.5214528816986, 35.9633335981948], [126.52142507308231, 35.965587267944386], [126.52419730937413, 35.96560984400991], [126.524225039241, 35.96335617240356], [126.524225039241, 35.96335617240356], [126.524225039241, 35.96335617240356], [126.52699719986234, 35.963378682588626], [126.52699719986234, 35.963378682588626], [126.524225039241, 35.96335617240356], [126.52419730937413, 35.96560984400991], [126.52696954874524, 35.965632356046456], [126.52696954874524, 35.965632356046456], [126.52974179118688, 35.96565480405382], [126.52976936355388, 35.96340112874976], [126.52976936355388, 35.96340112874976], [126.52979693285944, 35.96114745257918], [126.52979693285944, 35.96114745257918], [126.52982449910387, 35.95889377554213], [126.52705249288633, 35.95887133307315], [126.52705249288633, 35.95887133307315], [126.52982449910387, 35.95889377554213], [126.52985206228755, 35.95664009763863], [126.52708013479386, 35.95661765701557], [126.52708013479386, 35.95661765701556], [126.52985206228755, 35.95664009763863], [126.5298796224108, 35.9543864188687], [126.52710777363227, 35.95436398009146], [126.52710777363227, 35.954363980091465], [126.52433592792256, 35.954341477311345], [126.52433592792256, 35.95434147731134], [126.5243636423982, 35.95208780137171], [126.52159187847175, 35.952065236445186], [126.52156408529038, 35.95431891052858], [126.52156408529038, 35.95431891052859], [126.52153628902273, 35.95657258374526], [126.52430821036934, 35.95659515238437], [126.52430821036934, 35.956595152384374], [126.52153628902273, 35.95657258374526], [126.52150848966845, 35.95882625609521]], [[126.52428048973827, 35.95884882659076], [126.52705249288633, 35.95887133307315], [126.52705249288633, 35.95887133307315], [126.52428048973827, 35.95884882659076], [126.52428048973827, 35.95884882659076]], [[126.52702484790925, 35.961125008264176], [126.52702484790925, 35.961125008264176], [126.52425276602892, 35.961102499930504], [126.52425276602892, 35.9611024999305], [126.52702484790925, 35.96112500826417], [126.52702484790925, 35.961125008264176], [126.52702484790925, 35.961125008264176]]], [[[126.54091255449435, 35.9589829052796], [126.54093980277906, 35.95672922004506], [126.53816786309612, 35.956707035456766], [126.53814053608617, 35.95896071886645], [126.54091255449435, 35.9589829052796]]], [[[126.52985206228755, 35.95664009763863], [126.52982449910387, 35.95889377554213], [126.52979693285944, 35.961147452579176], [126.53256902087072, 35.96116983287529], [126.5325965083822, 35.95891615399749], [126.53262399284165, 35.95666247425335], [126.52985206228755, 35.95664009763863]]], [[[126.52979693285944, 35.96114745257918], [126.52976936355388, 35.96340112874976], [126.53254153030687, 35.96342351088673], [126.53254153030687, 35.96342351088673], [126.53531370011258, 35.96344582899934], [126.53534111193437, 35.96119214915231], [126.53256902087072, 35.9611698328753], [126.53256902087072, 35.9611698328753], [126.52979693285944, 35.96114745257918]]], [[[126.53523144638201, 35.97020686334257], [126.53525886733675, 35.96795318609448], [126.53525886733675, 35.96795318609448], [126.53528628524683, 35.96569950798008], [126.53528628524683, 35.96569950798008], [126.53531370011258, 35.96344582899934], [126.53254153030687, 35.96342351088673], [126.53254153030687, 35.96342351088674], [126.52976936355388, 35.96340112874976], [126.52974179118688, 35.96565480405383], [126.53251403669033, 35.965677188031776], [126.5324865400207, 35.96793086431038], [126.5324865400207, 35.96793086431038], [126.5324590402977, 35.97018453972255], [126.53523144638201, 35.97020686334257]]], [[[126.55213529529742, 35.94780253972216], [126.54936365838415, 35.947780618386446], [126.54933665827221, 35.950034312526704], [126.55210837387713, 35.95005623566581], [126.55213529529742, 35.94780253972216]]], [[[126.58314400539277, 35.90296496091457], [126.58591410551978, 35.90298607958239], [126.58591410551978, 35.90298607958239], [126.58868420852464, 35.90300713436376], [126.58871004660327, 35.900753397310865], [126.58594002211113, 35.900732344262444], [126.58594002211113, 35.90073234426245], [126.58317000049652, 35.90071122733282], [126.58317000049652, 35.90071122733282], [126.58039998176817, 35.90069004652218], [126.58037390815231, 35.90294377836046], [126.58314400539277, 35.90296496091457], [126.58314400539277, 35.90296496091457]]], [[[126.58865836757685, 35.90526087055289], [126.58865836757685, 35.90526087055289], [126.58868420852464, 35.90300713436377], [126.58591410551978, 35.90298607958239], [126.58588818605055, 35.90523981403848], [126.58588818605055, 35.90523981403848], [126.58586226370319, 35.90749354763067], [126.58586226370319, 35.90749354763067], [126.58583633847729, 35.909747280358985], [126.58860667707263, 35.90976834033977], [126.58863252375964, 35.907514605878234], [126.58863252375964, 35.907514605878234], [126.58865836757685, 35.90526087055289]]], [[[126.58852911978968, 35.916529538541276], [126.58852911978971, 35.916529538541276], [126.58855497508799, 35.914275806671334], [126.58855497508799, 35.914275806671334], [126.58858082751551, 35.91202207393747], [126.58858082751551, 35.91202207393747], [126.58860667707263, 35.90976834033977], [126.58583633847729, 35.909747280358985], [126.58581041037257, 35.91200101222335], [126.58581041037257, 35.91200101222336], [126.58578447938874, 35.914254743223765], [126.58578447938874, 35.914254743223765], [126.58575854552541, 35.916508473360196], [126.58575854552541, 35.916508473360196], [126.5857326087823, 35.91876220263264], [126.58850326162035, 35.91878326954734], [126.58852911978968, 35.916529538541276]]], [[[126.58568072665541, 35.923269658585426], [126.58290991952445, 35.9232485242694], [126.5828838955404, 35.9255022492105], [126.5828838955404, 35.9255022492105], [126.58285786866654, 35.927755973287425], [126.58285786866654, 35.927755973287425], [126.58283183890254, 35.93000969650014], [126.58560288185848, 35.930030836034], [126.58560288185848, 35.930030836034], [126.5855769278298, 35.93228456012194], [126.58834805229361, 35.93230563744041], [126.58837392769617, 35.93005191161827], [126.58837392769617, 35.93005191161827], [126.58839980022574, 35.92779818493208], [126.58839980022574, 35.92779818493208], [126.58842566988262, 35.925544457381875], [126.58842566988262, 35.925544457381875], [126.58845153666712, 35.923290728967665], [126.58568072665541, 35.923269658585426], [126.58568072665541, 35.923269658585426], [126.58845153666712, 35.923290728967665], [126.58847740057959, 35.921036999689484], [126.58570666915907, 35.921015931041055], [126.58570666915907, 35.921015931041055], [126.58847740057959, 35.921036999689484], [126.58850326162035, 35.91878326954734], [126.5857326087823, 35.91876220263264], [126.5857326087823, 35.91876220263264], [126.58296195882438, 35.918741071794656], [126.58296195882438, 35.918741071794656], [126.5801913117553, 35.9187198770336], [126.58016521496808, 35.92097360195879], [126.58016521496808, 35.92097360195879], [126.58013911528298, 35.92322732601974], [126.58290991952445, 35.92324852426938], [126.58290991952445, 35.92324852426939], [126.58568072665541, 35.923269658585426], [126.58568072665541, 35.923269658585426]]], [[[126.58285786866654, 35.927755973287425], [126.58008690721778, 35.92773477154882], [126.58006079883704, 35.929988493016914], [126.58283183890254, 35.93000969650014], [126.58285786866654, 35.927755973287425]]], [[[126.59371020280415, 35.94812368094544], [126.59373594095145, 35.94586995771832], [126.59096433880582, 35.94584899796607], [126.59093852197066, 35.94810271946884], [126.59371020280415, 35.94812368094544]]], [[[126.59091270226861, 35.950356440107484], [126.59093852197066, 35.94810271946885], [126.58816684400401, 35.94808169400013], [126.58814094560569, 35.95033541290906], [126.59091270226861, 35.950356440107484]]], [[[126.61071904329634, 35.914442013366845], [126.61069381652989, 35.91669575891568], [126.60792321954126, 35.91667520508638], [126.6078979113972, 35.918928948080534], [126.61066858696216, 35.9189495036014], [126.61066858696216, 35.9189495036014], [126.61343926532871, 35.91896999519709], [126.61343926532871, 35.91896999519709], [126.61343926532871, 35.91896999519709], [126.61343926532871, 35.91896999519709], [126.61066858696216, 35.9189495036014], [126.6106433545928, 35.92120324742395], [126.6106433545928, 35.92120324742395], [126.61061811942152, 35.9234569903833], [126.61338895496752, 35.92347748535184], [126.61338895496752, 35.92347748535183], [126.61615979330705, 35.92349791638448], [126.61618487128983, 35.921244170057435], [126.61618487128983, 35.921244170057435], [126.61615979330705, 35.92349791638448], [126.61893063443135, 35.92351828348102], [126.61895563381944, 35.92126453547802], [126.61895563381944, 35.92126453547802], [126.61893063443135, 35.92351828348103], [126.61615979330705, 35.923497916384484], [126.61613471253945, 35.925751661848516], [126.6189056322672, 35.9257720306211], [126.61893063443135, 35.92351828348103], [126.61893063443135, 35.92351828348103], [126.6189056322672, 35.9257720306211], [126.6216765547713, 35.92579233545213], [126.62170147833173, 35.92353858664127], [126.62170147833173, 35.92353858664127], [126.6217263991248, 35.92128483696757], [126.6217263991248, 35.92128483696757], [126.62175131715082, 35.91903108643105], [126.61898063043179, 35.91901078661211], [126.61895563381944, 35.92126453547802], [126.61895563381944, 35.92126453547802], [126.61898063043179, 35.91901078661211], [126.61898063043179, 35.91901078661211], [126.61898063043179, 35.91901078661211], [126.62175131715082, 35.91903108643105], [126.62177623241017, 35.916777335031746], [126.62177623241017, 35.916777335031746], [126.6218011449031, 35.91452358276969], [126.6218011449031, 35.91452358276969], [126.62182605462992, 35.91226982964488], [126.61905560361741, 35.91224953483719], [126.61903061533046, 35.91450328629166], [126.61903061533046, 35.91450328629166], [126.61905560361741, 35.91224953483718], [126.61905560361741, 35.91224953483718], [126.61905560361741, 35.91224953483718], [126.62182605462992, 35.91226982964488], [126.621850961591, 35.910016075657346], [126.621850961591, 35.910016075657346], [126.62187586578658, 35.907762320807116], [126.61910557186815, 35.90774202933979], [126.61908058912988, 35.90999578251988], [126.61908058912988, 35.90999578251988], [126.61908058912988, 35.90999578251988], [126.61631021944298, 35.90997542547767], [126.61631021944298, 35.90997542547767], [126.61353985253896, 35.909955004530914], [126.61351470992466, 35.91220875349198], [126.61628515537942, 35.91222917611948], [126.61628515537942, 35.91222917611948], [126.61628515537942, 35.91222917611948], [126.61628515537942, 35.91222917611949], [126.61351470992466, 35.91220875349199], [126.61351470992466, 35.91220875349199], [126.61074426726181, 35.912188266954885], [126.61071904329634, 35.914442013366845], [126.61071904329634, 35.914442013366845]], [[126.61620994648817, 35.91899042286739], [126.61620994648817, 35.91899042286739], [126.61620994648817, 35.91899042286739], [126.61623501890233, 35.91673667481435], [126.61623501890233, 35.91673667481435], [126.61620994648817, 35.91899042286739], [126.61620994648817, 35.91899042286739]]], [[[126.6133134684736, 35.93023871411054], [126.61054239709301, 35.93021821408201], [126.61051715071086, 35.93247195358839], [126.61328830072044, 35.932492455303766], [126.6133134684736, 35.93023871411054]]], [[[126.59650754595488, 35.94589085348352], [126.59373594095145, 35.94586995771832], [126.59371020280415, 35.94812368094544], [126.5964818864958, 35.94814457842974], [126.59650754595488, 35.94589085348352]]], [[[126.60466979531508, 35.95947552433085], [126.60466979531508, 35.95947552433084], [126.60189770952461, 35.95945481030683], [126.60187219044656, 35.96170853349256], [126.6046443549786, 35.961729249220454], [126.6046443549786, 35.96172924922046], [126.60741652233578, 35.96174990092361], [126.60744188393033, 35.959496174335385], [126.60466979531508, 35.95947552433085]]], [[[126.61830474669424, 35.97986170304274], [126.61832981557788, 35.97760797662003], [126.61555708556068, 35.97758756927247], [126.61555708556068, 35.97758756927248], [126.61278435833584, 35.97756709786248], [126.61275913182624, 35.97982082092333], [126.61553193786392, 35.979841294016886], [126.61553193786392, 35.979841294016886], [126.61830474669424, 35.97986170304274]]], [[[126.6044407305566, 35.97975901723849], [126.60446619350277, 35.97750529925996], [126.60169347753472, 35.97748457160229], [126.60166793577702, 35.979738287876195], [126.6044407305566, 35.97975901723849]]], [[[126.60166793577702, 35.979738287876195], [126.60169347753472, 35.97748457160229], [126.59892076440278, 35.97746377988322], [126.59889514383381, 35.979717494447236], [126.60166793577702, 35.979738287876195]]], [[[126.6297175926292, 35.950644101066466], [126.62974231054967, 35.9483903567645], [126.62697059324188, 35.94837022720425], [126.62694579662067, 35.95062396985019], [126.6297175926292, 35.950644101066466]]], [[[126.61865545787325, 35.948309454555506], [126.61588375163105, 35.94828906901728], [126.61585864021005, 35.95054280498649], [126.61863042515174, 35.9505631922018], [126.61865545787325, 35.948309454555506]]], [[[126.62130236907235, 35.95959846405865], [126.6185302664643, 35.95957813415461], [126.61850521984056, 35.961831867484605], [126.62127740119209, 35.96185219906093], [126.62130236907235, 35.95959846405865]]], [[[126.62385037269785, 35.97990232889051], [126.62387528395426, 35.97764859912703], [126.62110254837866, 35.97762831990495], [126.62107755830849, 35.979882048000675], [126.62385037269785, 35.97990232889051]]], [[[126.63854654478786, 35.903375195602884], [126.6385709695832, 35.90112142825598], [126.63580089478593, 35.901101525105055], [126.6357763914722, 35.90335529081365], [126.63854654478786, 35.903375195602884]]], [[[126.63572737668163, 35.90786281964431], [126.6329570690246, 35.90784284767747], [126.63293247900289, 35.910096609155666], [126.63570286520414, 35.910116582766335], [126.63572737668163, 35.90786281964431]]], [[[126.62991525916267, 35.93261412249318], [126.63268642855236, 35.932634176505694], [126.63268642855236, 35.932634176505694], [126.63545760067571, 35.93265416655985], [126.6354821393857, 35.930400412061225], [126.63271104589384, 35.93038042365182], [126.63271104589384, 35.93038042365182], [126.62993995513533, 35.93036037128933], [126.62991525916267, 35.93261412249318]]], [[[126.63771448596566, 35.98000277231085], [126.63773900314857, 35.977749034287555], [126.63496625383002, 35.97772907538277], [126.63494165783179, 35.97998281176463], [126.63771448596566, 35.98000277231085]]], [[[126.64656654051224, 35.93047972616375], [126.6437954361742, 35.93045999356878], [126.64377113336046, 35.932713752970116], [126.6465423163312, 35.93273348718881], [126.64656654051224, 35.93047972616375]]], [[[126.6515786672996, 35.98010161399803], [126.65160279040136, 35.97784786784664], [126.6488300275586, 35.97782822926414], [126.64880582564, 35.98008197380045], [126.6515786672996, 35.98010161399803]]], [[[126.6515786672996, 35.98010161399804], [126.64880582564, 35.98008197380046], [126.64878162103376, 35.98233571747426], [126.65155454151895, 35.982355359287006], [126.6515786672996, 35.98010161399804]]], [[[126.66532423100762, 35.99146761173612], [126.66532423100762, 35.99146761173612], [126.66809748283376, 35.99148687542752], [126.66809748283376, 35.99148687542752], [126.67087073728779, 35.99150607502108], [126.67089432175439, 35.98925232202079], [126.66812114616306, 35.98923312400588], [126.66812114616306, 35.98923312400588], [126.67089432175439, 35.98925232202079], [126.67091790360217, 35.98699856815862], [126.66814480686479, 35.98697937172226], [126.66814480686479, 35.986979371722256], [126.66537171275469, 35.986960111198606], [126.66537171275469, 35.986960111198606], [126.66259862128062, 35.986940786587844], [126.66259862128062, 35.986940786587844], [126.65982553245136, 35.98692139789017], [126.65982553245136, 35.986921397890164], [126.65705244627561, 35.986901945105764], [126.65702847016108, 35.989155691022454], [126.65980163518958, 35.989175145406485], [126.65980163518958, 35.98917514540649], [126.65702847016108, 35.98915569102246], [126.65700449138394, 35.991409436076815], [126.65977773527396, 35.99142889206056], [126.65977773527396, 35.991428892060554], [126.66255098181809, 35.991448283947065], [126.66255098181809, 35.991448283947065], [126.66532423100762, 35.99146761173612]], [[126.6625748028719, 35.98919453569853], [126.6625748028719, 35.98919453569853], [126.6653479731993, 35.989213861898385], [126.66534797319933, 35.989213861898385], [126.66812114616306, 35.98923312400587], [126.66812114616306, 35.98923312400588], [126.66534797319933, 35.9892138618984], [126.66534797319933, 35.9892138618984], [126.6625748028719, 35.98919453569853]]], [[[126.65702847016108, 35.989155691022454], [126.65425530779517, 35.989136172546615], [126.65423125015683, 35.99138991599598], [126.65700449138394, 35.9914094360768], [126.65702847016108, 35.989155691022454]]], [[[126.67460558699094, 35.89912056657197], [126.67183555613198, 35.89910149551297], [126.67181207618817, 35.90135528297045], [126.67458218556067, 35.90137435559932], [126.67460558699094, 35.89912056657197]]], [[[126.67174162071153, 35.908116640176935], [126.67174162071153, 35.908116640176935], [126.674511965677, 35.90813571751594], [126.674535374904, 35.90588193107133], [126.67176510847823, 35.90586285530245], [126.67176510847823, 35.90586285530245], [126.67176510847823, 35.90586285530245], [126.671788593637, 35.90360906956696], [126.671788593637, 35.90360906956696], [126.67181207618815, 35.90135528297045], [126.669041969423, 35.9013361464541], [126.66901840834986, 35.903589931475395], [126.66901840834986, 35.903589931475395], [126.66899484466036, 35.905843715635584], [126.66899484466036, 35.905843715635584], [126.66897127835425, 35.908097498934666], [126.66897127835425, 35.908097498934666], [126.6689477094312, 35.910351281372634], [126.6717181303366, 35.910370424190376], [126.67174162071153, 35.908116640176935], [126.67174162071153, 35.908116640176935]]], [[[126.671788593637, 35.903609069566954], [126.67176510847823, 35.90586285530245], [126.674535374904, 35.90588193107133], [126.67455878153179, 35.903628143765786], [126.67455878153179, 35.903628143765786], [126.67458218556067, 35.90137435559932], [126.67181207618817, 35.90135528297045], [126.671788593637, 35.903609069566954], [126.671788593637, 35.903609069566954]]], [[[126.67169463735317, 35.91262420734274], [126.6717181303366, 35.910370424190376], [126.6689477094312, 35.910351281372634], [126.6689241378909, 35.912605062949446], [126.67169463735317, 35.91262420734274]]], [[[126.6744417223979, 35.91489707168394], [126.67446513942426, 35.91264328782226], [126.67169463735317, 35.91262420734274], [126.67167114176094, 35.914877989634014], [126.6744417223979, 35.91489707168394]]], [[[126.67162414274891, 35.91938555163317], [126.67164764355962, 35.91713177106415], [126.66887698695746, 35.91711262351946], [126.6688534075637, 35.919366402512644], [126.67162414274891, 35.91938555163317]]], [[[126.66551409474074, 35.97343758889799], [126.66274147620298, 35.973418273819966], [126.66271767365849, 35.975672028103034], [126.66549037099709, 35.975691344769636], [126.66551409474074, 35.97343758889799]]], [[[126.67371450334186, 35.98476394421023], [126.67094148283142, 35.98474481343458], [126.67091790360217, 35.98699856815861], [126.67091790360217, 35.98699856815861], [126.67089432175439, 35.98925232202078], [126.67366749996452, 35.98927145594293], [126.67369100295807, 35.98701770050747], [126.67369100295807, 35.98701770050747], [126.67371450334186, 35.98476394421023]]], [[[126.67646410492372, 35.98703676876864], [126.67646410492372, 35.98703676876864], [126.67644068078474, 35.98929052577213], [126.67921386420625, 35.98930953150816], [126.67923720949041, 35.98705577294192], [126.67923720949041, 35.98705577294192], [126.67926055218231, 35.98480201351409], [126.67648752646173, 35.98478301090346], [126.6764875264617, 35.98478301090346], [126.67371450334186, 35.98476394421023], [126.67369100295807, 35.98701770050747], [126.67646410492372, 35.98703676876864]]], [[[126.67087073728779, 35.99150607502107], [126.67364399436092, 35.991525210516606], [126.67366749996452, 35.989271455942934], [126.67644068078474, 35.98929052577213], [126.67646410492372, 35.98703676876865], [126.67369100295807, 35.98701770050748], [126.67366749996452, 35.98927145594293], [126.67089432175439, 35.98925232202078], [126.67087073728779, 35.99150607502107]]], [[[126.67644068078474, 35.98929052577213], [126.67366749996452, 35.989271455942934], [126.67364399436092, 35.991525210516606], [126.67641725404442, 35.99154428191391], [126.67644068078474, 35.98929052577213]]], [[[126.68270710949925, 35.91946150881782], [126.68273029597492, 35.91720772199809], [126.67995962898753, 35.917188830151716], [126.67993636392768, 35.91944261541667], [126.68270710949925, 35.91946150881782]]], [[[126.68545474718837, 35.921734125797215], [126.68547785764561, 35.919480338288686], [126.68270710949925, 35.919461508817825], [126.6826839204488, 35.92171529477676], [126.68545474718837, 35.921734125797215]]], [[[126.68817950509367, 35.92626046840568], [126.69095049417098, 35.92627917463285], [126.69095049417098, 35.92627917463285], [126.69372148579774, 35.92629781691337], [126.69372148579774, 35.92629781691337], [126.69649247996524, 35.926316395247035], [126.69651528110994, 35.92406260331349], [126.69651528110994, 35.92406260331349], [126.6965380797229, 35.921808810519494], [126.69376724277028, 35.92179023524324], [126.69376724277028, 35.92179023524324], [126.69376724277028, 35.92179023524324], [126.69379011744616, 35.91953644311742], [126.69101936162778, 35.919517805438666], [126.69101936162778, 35.91951780543865], [126.68824860835802, 35.91949910382902], [126.68824860835802, 35.91949910382902], [126.68547785764561, 35.919480338288686], [126.68545474718837, 35.921734125797215], [126.6882255764943, 35.92175289288192], [126.6882255764943, 35.92175289288192], [126.6882255764943, 35.92175289288192], [126.68820254207293, 35.92400668107414], [126.68820254207293, 35.92400668107414], [126.68817950509367, 35.92626046840568]], [[126.69099640835783, 35.92177159603065], [126.690973452539, 35.92402538576204], [126.69374436555422, 35.92404402650856], [126.69374436555422, 35.92404402650856], [126.690973452539, 35.92402538576204], [126.690973452539, 35.92402538576204], [126.690973452539, 35.92402538576204], [126.69099640835783, 35.92177159603065], [126.69099640835783, 35.92177159603065]]], [[[126.68817950509364, 35.926260468405665], [126.68820254207293, 35.92400668107414], [126.68543163416477, 35.92398791244501], [126.68540851857455, 35.92624169823202], [126.68540851857455, 35.92624169823202], [126.68538540041742, 35.928495483158216], [126.68815646555618, 35.9285142548765], [126.68817950509367, 35.926260468405665], [126.68817950509364, 35.926260468405665]]], [[[126.67702550462984, 35.932946342233215], [126.67704886383139, 35.9306925636946], [126.67427773038659, 35.930673534605496], [126.67425429254907, 35.9329273115783], [126.67702550462984, 35.932946342233215]]], [[[126.68792592941708, 35.95105207224058], [126.68794899455241, 35.94879829437813], [126.68517722144357, 35.948779508754455], [126.68515407760124, 35.95103328507143], [126.68792592941708, 35.95105207224058]]], [[[126.68517722144357, 35.948779508754455], [126.68240545090454, 35.94876065913187], [126.6823822283555, 35.95101443389811], [126.68515407760124, 35.95103328507143], [126.68517722144357, 35.948779508754455]]], [[[126.68487615094175, 35.97807853370636], [126.68764894792366, 35.97809733942794], [126.68764894792366, 35.97809733942794], [126.6904217474704, 35.97811608108195], [126.69044476454901, 35.97586231201139], [126.6876720438145, 35.97584357189861], [126.6876720438145, 35.97584357189861], [126.68489932564454, 35.975824767723545], [126.68487615094175, 35.97807853370636]]], [[[126.68487615094175, 35.97807853370636], [126.68485297366537, 35.98033229882785], [126.68762584946796, 35.98035110609604], [126.68762584946796, 35.98035110609604], [126.6903987278357, 35.98036984929138], [126.6904217474704, 35.97811608108196], [126.68764894792366, 35.97809733942795], [126.68764894792366, 35.97809733942795], [126.68487615094175, 35.97807853370636]]], [[[126.69032965359217, 35.98713114875244], [126.6903526808969, 35.98487738312664], [126.68757964486092, 35.984858636848365], [126.68755653870898, 35.98711240093259], [126.69032965359217, 35.98713114875244]]], [[[126.69649247996524, 35.926316395247035], [126.69926347666478, 35.92633490963365], [126.69926347666478, 35.92633490963365], [126.7020344758876, 35.92635336007305], [126.7020571198078, 35.924099565097784], [126.7020571198078, 35.924099565097784], [126.70207976121374, 35.921845769262276], [126.69930891920696, 35.92182732185923], [126.69930891920696, 35.92182732185923], [126.6965380797229, 35.921808810519494], [126.69651528110994, 35.92406260331349], [126.69651528110994, 35.92406260331349], [126.69649247996524, 35.926316395247035]]], [[[126.69903611251122, 35.948872796879854], [126.69626432921048, 35.94885426725374], [126.69626432921048, 35.94885426725374], [126.6934925484446, 35.948835673627954], [126.69346964072417, 35.95108945456556], [126.69624150019793, 35.95110804972102], [126.69624150019793, 35.95110804972102], [126.69901336220683, 35.95112658087155], [126.69903611251122, 35.948872796879854]]], [[[126.70444409171938, 35.962432373373524], [126.7072163549575, 35.96245072005252], [126.7072388816395, 35.96019693582123], [126.7044666971541, 35.96017859065128], [126.7044666971541, 35.96017859065127], [126.70169451517879, 35.96016018145477], [126.70167183099161, 35.962413962662694], [126.70444409171938, 35.962432373373524], [126.70444409171938, 35.962432373373524]]], [[[126.70426315784499, 35.98046260416901], [126.7042857833705, 35.97820882833197], [126.7015129711308, 35.9781904070186], [126.70149026678288, 35.980444181340665], [126.70426315784499, 35.98046260416901]]], [[[126.70699095050225, 35.98498851503489], [126.70701350221304, 35.982734739409494], [126.70424052980688, 35.98271637914531], [126.70421789925587, 35.98497015326081], [126.70699095050225, 35.98498851503489]]], [[[126.69312571948979, 35.98489606532136], [126.6903526808969, 35.984877383126644], [126.69032965359219, 35.98713114875244], [126.69032965359217, 35.98713114875244], [126.69030662373022, 35.98938491351699], [126.69307982002694, 35.98940359878443], [126.6931027710326, 35.987149832483475], [126.69310277103261, 35.987149832483475], [126.69312571948979, 35.98489606532136]]], [[[126.69862622025796, 35.98944077703624], [126.6986490135502, 35.98718700767828], [126.69587589102153, 35.98716845212548], [126.69585301887244, 35.98942221995758], [126.69862622025796, 35.98944077703624]]], [[[126.69585301887244, 35.98942221995758], [126.69587589102153, 35.98716845212548], [126.69310277103261, 35.987149832483475], [126.69307982002694, 35.98940359878444], [126.69585301887244, 35.98942221995758]]], [[[126.70757648186822, 35.9263900691094], [126.71034748860852, 35.92640832770599], [126.71036989668988, 35.924154528207644], [126.71314082730505, 35.924172721359106], [126.71316315429351, 35.92191891950366], [126.71039230228313, 35.92190072784929], [126.71039230228313, 35.921900727849284], [126.70762145276055, 35.92188247225748], [126.70759896856279, 35.924136271113476], [126.70759896856279, 35.924136271113476], [126.70757648186822, 35.9263900691094]]], [[[126.71866052372482, 35.926462719807255], [126.71863834902265, 35.92871652292155], [126.72140944428719, 35.928734527206664], [126.72140944428719, 35.928734527206664], [126.72140944428719, 35.928734527206664], [126.71863834902265, 35.92871652292155], [126.71861617185802, 35.93097032517606], [126.72138734575435, 35.930988330942725], [126.7241585221047, 35.931006272750174], [126.7241585221047, 35.931006272750174], [126.7241585221047, 35.931006272750174], [126.72413649975867, 35.933260077102865], [126.72690775719538, 35.93327795642203], [126.72690775719538, 35.93327795642203], [126.72967901706893, 35.93329577177636], [126.7297008821325, 35.931041964486695], [126.7297008821325, 35.931041964486695], [126.72967901706893, 35.93329577177634], [126.73245027937058, 35.93331352316565], [126.73247206579254, 35.931059714415404], [126.73247206579254, 35.931059714415404], [126.73249384979538, 35.928805904805756], [126.73249384979538, 35.928805904805756], [126.73251563137941, 35.92655209433669], [126.73251563137941, 35.92655209433669], [126.7325374105449, 35.92429828300828], [126.72976646275742, 35.924280537460845], [126.72976646275742, 35.924280537460845], [126.72699551739694, 35.924262727969435], [126.72697358100082, 35.926516536371906], [126.72974460497647, 35.926534347328925], [126.72974460497647, 35.92653434732893], [126.72974460497647, 35.92653434732893], [126.72972274476828, 35.92878815633754], [126.72972274476828, 35.92878815633754], [126.72972274476828, 35.92878815633754], [126.72972274476828, 35.92878815633754], [126.72974460497647, 35.92653434732893], [126.72697358100082, 35.926516536371906], [126.72697358100082, 35.926516536371906], [126.72420255946118, 35.92649866146584], [126.72420255946118, 35.926498661465835], [126.72143154036628, 35.92648072261089], [126.72143154036628, 35.926480722610876], [126.72143154036628, 35.926480722610876], [126.7214536339919, 35.92422691715542], [126.71868269596479, 35.92420891583316], [126.71866052372482, 35.926462719807255], [126.71866052372482, 35.926462719807255]], [[126.72692970090034, 35.931024150598226], [126.72692970090034, 35.931024150598226], [126.72692970090034, 35.931024150598226], [126.7269516421687, 35.92877034391485], [126.7269516421687, 35.92877034391485], [126.72692970090034, 35.931024150598226], [126.7297008821325, 35.931041964486695], [126.7297008821325, 35.931041964486695], [126.72692970090034, 35.931024150598226]]], [[[126.71866052372482, 35.926462719807255], [126.71868269596479, 35.92420891583317], [126.7159117603996, 35.924190850567676], [126.71588950954556, 35.92644465305509], [126.71866052372482, 35.926462719807255]]], [[[126.70757648186822, 35.9263900691094], [126.70480547762499, 35.92637174656502], [126.70478290981164, 35.928625542193025], [126.70755399267654, 35.92864386624519], [126.70755399267654, 35.92864386624519], [126.70478290981164, 35.92862554219303], [126.70476033949215, 35.93087933696082], [126.70753150098746, 35.93089766252085], [126.70753150098746, 35.93089766252085], [126.71030266498043, 35.93091592412257], [126.71028024943311, 35.93316972104075], [126.7130514945547, 35.9331879201814], [126.71307383146232, 35.930934121765794], [126.71307383146232, 35.930934121765794], [126.71309616588972, 35.928680322490194], [126.71032507803879, 35.9286621263443], [126.71034748860852, 35.926408327706], [126.70757648186822, 35.9263900691094], [126.70757648186822, 35.9263900691094]], [[126.71032507803879, 35.9286621263443], [126.71032507803879, 35.9286621263443], [126.70755399267654, 35.92864386624519], [126.70755399267654, 35.92864386624519], [126.71032507803879, 35.9286621263443]]], [[[126.71584500042445, 35.93095225545034], [126.71584500042442, 35.93095225545034], [126.7158672562206, 35.92869845468268], [126.7158672562206, 35.92869845468268], [126.71863834902265, 35.92871652292155], [126.71866052372482, 35.92646271980727], [126.71588950954556, 35.9264446530551], [126.7131184978372, 35.926426522354625], [126.71309616588972, 35.928680322490194], [126.71309616588972, 35.928680322490194], [126.71307383146232, 35.930934121765794], [126.71307383146232, 35.930934121765794], [126.7130514945547, 35.9331879201814], [126.71582274215682, 35.93320605535813], [126.71584500042445, 35.93095225545034]]], [[[126.71854962558655, 35.937731726780505], [126.71857181014026, 35.93547792710555], [126.72134314132637, 35.93549593583558], [126.72134314132637, 35.93549593583559], [126.72411447496708, 35.93551388059587], [126.72413649975867, 35.93326007710287], [126.72136524476751, 35.93324213381905], [126.72136524476751, 35.933242133819036], [126.72138734575435, 35.930988330942725], [126.71861617185802, 35.93097032517606], [126.71859399223064, 35.933224126570735], [126.71859399223064, 35.933224126570735], [126.71582274215682, 35.933206055358134], [126.71580048141742, 35.93545985440596], [126.71580048141742, 35.93545985440596], [126.715778218206, 35.93771365259384], [126.71854962558655, 35.937731726780505]]], [[[126.71580048141742, 35.93545985440596], [126.71582274215682, 35.93320605535813], [126.7130514945547, 35.9331879201814], [126.71302915516661, 35.93544171773699], [126.71580048141742, 35.93545985440596]]], [[[126.72112197186813, 35.958033908708664], [126.7183498537089, 35.95801588515687], [126.71832764450694, 35.96026967623181], [126.72109984141154, 35.96028770126623], [126.72112197186813, 35.958033908708664]]], [[[126.7072388816395, 35.96019693582123], [126.70726140582019, 35.95794315072947], [126.70448930007876, 35.95792480706848], [126.7044666971541, 35.96017859065127], [126.7072388816395, 35.96019693582123]]], [[[126.71001106862622, 35.960215216964436], [126.71003351406266, 35.95796143036899], [126.70726140582019, 35.95794315072948], [126.7072388816395, 35.96019693582123], [126.71001106862622, 35.960215216964436]]], [[[126.71803870034161, 35.989568881926004], [126.71526548142111, 35.989550773513855], [126.71524315879726, 35.99180455105584], [126.71801645658535, 35.99182266095705], [126.71803870034161, 35.989568881926004]]], [[[126.72701745135731, 35.922008918707434], [126.72699551739694, 35.924262727969435], [126.72976646275742, 35.92428053746083], [126.72976646275742, 35.92428053746083], [126.7325374105449, 35.92429828300827], [126.7325591872921, 35.922044470820495], [126.72978831811135, 35.92202672673332], [126.72978831811135, 35.92202672673332], [126.72978831811135, 35.922026726733314], [126.72978831811135, 35.922026726733314], [126.7325591872921, 35.92204447082049], [126.73258096162132, 35.91979065777338], [126.7353517546218, 35.91980833646675], [126.7353517546218, 35.91980833646675], [126.73812255003132, 35.919825951226315], [126.73814416476344, 35.917572134415494], [126.73814416476344, 35.917572134415494], [126.73816577709556, 35.915318316745555], [126.73539513885694, 35.91530070488508], [126.73537344794376, 35.91755452110551], [126.73537344794376, 35.91755452110551], [126.73537344794376, 35.91755452110551], [126.73537344794376, 35.9175545211055], [126.73539513885694, 35.91530070488507], [126.73262450302681, 35.915283029101296], [126.73260273353279, 35.91753684386698], [126.73260273353279, 35.91753684386698], [126.72983202153928, 35.917519102700105], [126.72981017103854, 35.9197729151464], [126.72981017103854, 35.9197729151464], [126.72981017103854, 35.9197729151464], [126.72703938288223, 35.91975510858597], [126.72701745135731, 35.922008918707434], [126.72701745135731, 35.922008918707434]]], [[[126.72983202153928, 35.917519102700105], [126.72706131197195, 35.91750129760502], [126.72703938288223, 35.91975510858597], [126.72981017103854, 35.9197729151464], [126.72983202153928, 35.917519102700105]]], [[[126.73524325187164, 35.93107740038419], [126.73247206579254, 35.931059714415404], [126.73245027937058, 35.93331352316565], [126.7352215440916, 35.933331210589756], [126.73524325187164, 35.93107740038419]]], [[[126.72413649975867, 35.93326007710287], [126.7241585221047, 35.931006272750174], [126.72138734575435, 35.93098833094273], [126.72136524476751, 35.93324213381905], [126.72413649975867, 35.93326007710287]]], [[[126.72673211980693, 35.951308372064766], [126.72673211980693, 35.951308372064766], [126.72950400912578, 35.951326199148845], [126.72952589362181, 35.949072398736014], [126.7267540830142, 35.94905457311843], [126.7267540830142, 35.949054573118424], [126.72398227484534, 35.949036683499166], [126.7239602329271, 35.951290480973725], [126.72673211980693, 35.951308372064766]]], [[[126.72387204077377, 35.96030566227301], [126.72389409248471, 35.95805186823807], [126.72112197186816, 35.958033908708664], [126.72109984141154, 35.96028770126623], [126.72387204077377, 35.96030566227301]]], [[[126.72360722915158, 35.987351123608605], [126.72083408415928, 35.98733314486698], [126.72081192173208, 35.989586926242175], [126.72358514558377, 35.98960490646224], [126.72358514558377, 35.98960490646224], [126.72635837188791, 35.98962282258598], [126.72638037659604, 35.98736903825916], [126.72360722915158, 35.98735112360861], [126.72360722915158, 35.987351123608605]]], [[[126.74325600151664, 35.962683399900754], [126.74327750438802, 35.96042959653109], [126.74050528806733, 35.9604120837229], [126.74048370643965, 35.96266588565198], [126.74325600151664, 35.962683399900754]]], [[[126.7457710239504, 35.989746440740234], [126.74299778072417, 35.98972897329572], [126.74297624678861, 35.9919827654912], [126.74574956888517, 35.992000234372064], [126.7457710239504, 35.989746440740234]]], [[[126.74273921560324, 36.01677442289532], [126.74551340585163, 36.016791907581485], [126.74551340585163, 36.016791907581485], [126.74551340585163, 36.016791907581485], [126.74273921560324, 36.01677442289532], [126.74271765295259, 36.01902820477274], [126.74271765295259, 36.01902820477274], [126.74269608790728, 36.02128198579017], [126.74269608790728, 36.02128198579017], [126.742674520467, 36.02353576594758], [126.74544894766817, 36.023553254945966], [126.74544894766817, 36.023553254945966], [126.74544894766817, 36.023553254945966], [126.74542745683448, 36.02580703568092], [126.74820196542416, 36.02582446193478], [126.74820196542416, 36.02582446193479], [126.7509764763918, 36.02584182400637], [126.75375098972862, 36.02585912189552], [126.75375098972862, 36.02585912189552], [126.75652550542581, 36.02587635560202], [126.75652550542581, 36.02587635560202], [126.75930002347467, 36.02589352512574], [126.76207454386636, 36.025910630466484], [126.76484906659215, 36.02592767162409], [126.76487000440578, 36.02367388097383], [126.76487000440578, 36.02367388097383], [126.76489093989437, 36.02142008946419], [126.76489093989437, 36.02142008946419], [126.76491187305814, 36.01916629709519], [126.76213758731703, 36.01914926013929], [126.76211657516713, 36.02140305110782], [126.76211657516713, 36.02140305110782], [126.76209556068365, 36.02365684121688], [126.76209556068365, 36.02365684121688], [126.76209556068365, 36.02365684121688], [126.76211657516713, 36.02140305110782], [126.75934221277346, 36.02138594857883], [126.75934221277346, 36.02138594857883], [126.75934221277343, 36.02138594857883], [126.7593633039092, 36.01913215901607], [126.75658902284346, 36.0191149937257], [126.75661019061398, 36.01686120471438], [126.75383599087563, 36.01684397667328], [126.75383599087563, 36.01684397667328], [126.75106179349662, 36.016826684470644], [126.75104046777322, 36.01908047064422], [126.75104046777322, 36.01908047064422], [126.75104046777322, 36.01908047064423], [126.74826619378628, 36.01906311285345], [126.74826619378628, 36.01906311285345], [126.74549192217647, 36.01904569089624], [126.74549192217647, 36.01904569089623], [126.74549192217647, 36.01904569089623], [126.74549192217647, 36.01904569089623], [126.74826619378628, 36.01906311285345], [126.74826619378628, 36.01906311285345], [126.75104046777322, 36.01908047064422], [126.75106179349659, 36.016826684470644], [126.74828759848569, 36.01680932810665], [126.74828759848569, 36.01680932810665], [126.74828759848569, 36.01680932810665], [126.7483090008082, 36.014555542500055], [126.7483304007541, 36.01230175603368], [126.74555636604526, 36.01228433837238], [126.74553488714113, 36.014538123406865], [126.74553488714113, 36.014538123406865], [126.74555636604526, 36.01228433837238], [126.74278233372155, 36.01226685656063], [126.74280388918976, 36.010013072103405], [126.74002993820882, 36.00999552758372], [126.74000830379168, 36.01224931059859], [126.74000830379168, 36.01224931059859], [126.73998666697192, 36.014503092753465], [126.73998666697192, 36.014503092753465], [126.73996502774924, 36.01675687404832], [126.74273921560324, 36.01677442289532], [126.74273921560324, 36.01677442289532]], [[126.74824478670975, 36.02131689674043], [126.74824478670975, 36.02131689674043], [126.74824478670975, 36.02131689674043], [126.7482233772558, 36.02357067976753], [126.7482233772558, 36.02357067976753], [126.7482233772558, 36.023570679767516], [126.7482233772558, 36.023570679767516], [126.74824478670975, 36.02131689674043]], [[126.75101913968147, 36.02133425595806], [126.75101913968147, 36.02133425595806], [126.75101913968147, 36.02133425595806], [126.75101913968147, 36.02133425595806], [126.75101913968147, 36.02133425595806]], [[126.75654668024964, 36.02362256916953], [126.7565678527221, 36.02136878187743], [126.7565678527221, 36.02136878187743], [126.75654668024964, 36.02362256916953], [126.75932111929535, 36.02363973728205], [126.75932111929535, 36.02363973728205], [126.75654668024964, 36.02362256916953], [126.75654668024964, 36.02362256916953], [126.75654668024964, 36.02362256916953]]], [[[126.75385723526338, 36.01459018821855], [126.75385723526338, 36.01459018821855], [126.75387847729205, 36.01233639890421], [126.75387847729205, 36.01233639890421], [126.75385723526338, 36.01459018821855], [126.75385723526338, 36.01459018821855], [126.75383599087563, 36.01684397667328], [126.75661019061398, 36.01686120471438], [126.75661019061398, 36.01686120471438], [126.75938439270291, 36.01687836859379], [126.7593633039092, 36.01913215901607], [126.76213758731703, 36.01914926013928], [126.76215859713366, 36.016895468311326], [126.76215859713366, 36.016895468311326], [126.76217960461723, 36.014641675623956], [126.76217960461723, 36.014641675623956], [126.76220060976806, 36.01238788207722], [126.76222161258636, 36.01013408767111], [126.76222161258636, 36.01013408767111], [126.76224261307243, 36.007880292405666], [126.75946872446238, 36.0078631983101], [126.75944764503429, 36.01011699217017], [126.75944764503429, 36.01011699217017], [126.7594265632652, 36.012370785170816], [126.7594265632652, 36.012370785170816], [126.75944764503429, 36.01011699217016], [126.75946872446238, 36.0078631983101], [126.75669483819306, 36.00784604007372], [126.75667367982321, 36.01009983252315], [126.7566525191036, 36.01235362411308], [126.7566525191036, 36.01235362411308], [126.75667367982321, 36.01009983252315], [126.75667367982321, 36.01009983252315], [126.75669483819306, 36.00784604007372], [126.75392095427326, 36.007828817696755], [126.75389971696191, 36.010082608730265], [126.75389971696191, 36.010082608730265], [126.75112575645916, 36.010065320791675], [126.7511044378393, 36.01231910954435], [126.74833040075413, 36.01230175603368], [126.7483090008082, 36.014555542500055], [126.74828759848569, 36.01680932810665], [126.75106179349659, 36.016826684470644], [126.75106179349659, 36.016826684470644], [126.75383599087563, 36.01684397667328], [126.75385723526338, 36.01459018821855]], [[126.75663135603395, 36.0146074148435], [126.75940547915482, 36.014624577312034], [126.75940547915482, 36.014624577312034], [126.75663135603395, 36.0146074148435], [126.75663135603395, 36.0146074148435]]], [[[126.75095514119332, 36.028095606740834], [126.75095514119332, 36.02809560674084], [126.75372973354149, 36.0281129060518], [126.75375098972859, 36.02585912189552], [126.7509764763918, 36.02584182400637], [126.7509764763918, 36.02584182400637], [126.74820196542416, 36.02582446193479], [126.74818055121459, 36.028078243242135], [126.75095514119332, 36.028095606740834]]], [[[126.75459930451879, 35.93570705090478], [126.75182794445419, 35.93568980982344], [126.75180670381451, 35.93794362693268], [126.75457814254037, 35.93796086943266], [126.75459930451879, 35.93570705090478]]], [[[126.7542816279674, 35.969514238633984], [126.75430282287053, 35.967260432132], [126.75153036075324, 35.96724317118239], [126.75150908706651, 35.96949697626461], [126.7542816279674, 35.969514238633984]]], [[[126.75426043071052, 35.9717680442768], [126.7542816279674, 35.96951423863399], [126.75150908706651, 35.969496976264615], [126.75148781101726, 35.97175078048759], [126.75426043071052, 35.9717680442768]]], [[[126.75694855544542, 35.98080046364811], [126.75696968329235, 35.9785466600273], [126.7541968248147, 35.97852945605001], [126.75417561814017, 35.98078325825594], [126.75694855544542, 35.98080046364811]]], [[[126.75686402059182, 35.98981566953913], [126.75688515782564, 35.98756186935525], [126.75411198398494, 35.98754465971794], [126.75409076788848, 35.989798458486625], [126.75686402059182, 35.98981566953913]]], [[[126.75675829920662, 36.00108465756866], [126.75677944818001, 35.998830861681476], [126.75400587993853, 35.99881364496738], [126.75398465205868, 36.00106743943897], [126.75398465205868, 36.00106743943897], [126.75396342182137, 36.00332123305108], [126.75396342182137, 36.00332123305108], [126.75398465205868, 36.00106743943898], [126.75121100726824, 36.00105015718466], [126.751189698116, 36.00330394937581], [126.75118969811598, 36.00330394937581], [126.75116838659723, 36.005557740707374], [126.75116838659723, 36.005557740707374], [126.75114707271172, 36.00781153117934], [126.75392095427326, 36.00782881769675], [126.75394218922631, 36.00557502580369], [126.75394218922631, 36.00557502580369], [126.75396342182137, 36.003321233051096], [126.75396342182137, 36.003321233051096], [126.75394218922631, 36.00557502580367], [126.75392095427326, 36.00782881769675], [126.75669483819306, 36.007846040073716], [126.75669483819306, 36.007846040073716], [126.75946872446238, 36.00786319831008], [126.75948980154972, 36.005609403590604], [126.76226361122653, 36.00562649628089], [126.76226361122653, 36.00562649628089], [126.76503742323503, 36.005643524835506], [126.76503742323503, 36.005643524835506], [126.76226361122653, 36.0056264962809], [126.76224261307243, 36.007880292405666], [126.76501650401447, 36.00789732236029], [126.76503742323503, 36.005643524835506], [126.76781123756652, 36.00566048925427], [126.76783207553912, 36.003406689475604], [126.76505834013267, 36.003389726451516], [126.76505834013267, 36.00338972645151], [126.76228460704891, 36.00337269929685], [126.76228460704891, 36.00337269929685], [126.76228460704891, 36.00337269929685], [126.76230560053982, 36.00111890145353], [126.75953194870324, 36.00110181157358], [126.75953194870324, 36.00110181157356], [126.75953194870324, 36.00110181157356], [126.76230560053982, 36.00111890145352], [126.76232659169956, 35.99886510275094], [126.76232659169956, 35.99886510275094], [126.76510016696011, 35.998882127105965], [126.76512107689044, 35.99662832614446], [126.76512107689044, 35.99662832614446], [126.7651419844989, 35.99437452432383], [126.76514198449887, 35.99437452432383], [126.76516288978567, 35.99212072164411], [126.76238955119426, 35.992103701487984], [126.76236856702651, 35.99435750276815], [126.76236856702651, 35.99435750276815], [126.76234758052837, 35.99661130318915], [126.76234758052837, 35.99661130318915], [126.75957408649697, 35.99659421611923], [126.75955301876995, 35.99884801427605], [126.75955301876995, 35.99884801427605], [126.75677944818001, 35.998830861681476], [126.75675829920662, 36.00108465756866], [126.75675829920662, 36.00108465756866], [126.75675829920662, 36.00108465756866], [126.75675829920662, 36.00108465756866]], [[126.7567371478845, 36.00333845259645], [126.75951087629657, 36.00335560801176], [126.75951087629657, 36.00335560801176], [126.7567371478845, 36.00333845259645], [126.7567371478845, 36.00333845259645]], [[126.75948980154972, 36.005609403590604], [126.7567159942134, 36.005592246764806], [126.7567159942134, 36.005592246764806], [126.75948980154972, 36.005609403590604], [126.75948980154972, 36.005609403590604]]], [[[126.75398465205868, 36.00106743943897], [126.75400587993853, 35.99881364496737], [126.75123231405425, 35.998796364133916], [126.75121100726824, 36.00105015718465], [126.75398465205868, 36.00106743943897]]], [[[126.75650432825036, 36.028130141174856], [126.75652550542581, 36.02587635560202], [126.75375098972859, 36.02585912189552], [126.75372973354149, 36.0281129060518], [126.75650432825036, 36.028130141174856]]], [[[126.75927892531111, 36.028147312109844], [126.76205352471499, 36.02816441885659], [126.76207454386636, 36.025910630466484], [126.75930002347467, 36.025893525125745], [126.75930002347467, 36.025893525125745], [126.75652550542581, 36.02587635560202], [126.75650432825036, 36.028130141174856], [126.75927892531111, 36.028147312109844], [126.75927892531111, 36.028147312109844]]], [[[126.76297616281518, 35.928996916908716], [126.76020503166117, 35.928979871951604], [126.76018403400218, 35.931233695876934], [126.76295524379205, 35.931250742236664], [126.76297616281518, 35.928996916908716]]], [[[126.76568476818765, 35.93577537550974], [126.76568476818765, 35.93577537550974], [126.76291339877633, 35.93575839031691], [126.76289247278324, 35.93801221306916], [126.76289247278324, 35.93801221306916], [126.76289247278324, 35.93801221306915], [126.76012102703346, 35.93799516250109], [126.76010002004575, 35.94024898299178], [126.76287154446631, 35.940266034962804], [126.76287154446631, 35.940266034962804], [126.76564307121096, 35.94028302295091], [126.76566392085687, 35.93802919965958], [126.76566392085687, 35.93802919965958], [126.76566392085687, 35.93802919965958], [126.76843537124559, 35.9380461222722], [126.7684561399138, 35.93579229673002], [126.7684561399138, 35.93579229673002], [126.76847690627591, 35.93353847032942], [126.76570561320358, 35.93352155050138], [126.76570561320358, 35.93352155050138], [126.76847690627591, 35.93353847032941], [126.76849767033217, 35.93128464307039], [126.76572645590493, 35.93126772463454], [126.76572645590493, 35.931267724634544], [126.76295524379205, 35.93125074223667], [126.76295524379205, 35.93125074223667], [126.76018403400218, 35.931233695876934], [126.76016303401141, 35.933487518943636], [126.76293432244583, 35.93350456670607], [126.76293432244583, 35.93350456670607], [126.76570561320358, 35.93352155050139], [126.76568476818765, 35.93577537550974], [126.76568476818765, 35.93577537550974]]], [[[126.77652372619872, 35.962888576157304], [126.77654428397369, 35.96063475591139], [126.77377203957806, 35.96061801146361], [126.77375140304363, 35.962871830332126], [126.77652372619872, 35.962888576157304]]], [[[126.77352424985287, 35.98766378121648], [126.7735449116107, 35.98540997179326], [126.77077180267409, 35.98539314810105], [126.77075106206078, 35.98764695614077], [126.77352424985287, 35.98766378121648]]], [[[126.77631802284165, 35.985426731396565], [126.7735449116107, 35.98540997179327], [126.77352424985287, 35.98766378121649], [126.77629743993953, 35.987680542198014], [126.77631802284165, 35.985426731396565]]], [[[126.7678529111978, 36.00115288883783], [126.7678529111978, 36.00115288883783], [126.7650792547076, 36.001135927208324], [126.76505834013267, 36.00338972645151], [126.76783207553912, 36.0034066894756], [126.76783207553912, 36.003406689475604], [126.76781123756652, 36.00566048925426], [126.77058505421218, 36.00567738953699], [126.77060581325951, 36.00342358836894], [126.77060581325951, 36.00342358836893], [126.77062657000167, 36.00116978634185], [126.7678529111978, 36.00115288883783]]], [[[126.77615329560699, 36.00345719376267], [126.77337955328505, 36.00344042313135], [126.77335887316325, 36.00569422568353], [126.77335887316328, 36.00569422568353], [126.77333819074481, 36.007948027376735], [126.77611209092711, 36.00796480076583], [126.77613269441102, 36.0057109976937], [126.77613269441099, 36.0057109976937], [126.77615329560699, 36.00345719376267]]], [[[126.77043967631442, 36.02145397365852], [126.77043967631442, 36.02145397365852], [126.7704604515052, 36.019200178504335], [126.76768616112378, 36.01918326988359], [126.76766530694638, 36.02143706364782], [126.76489093989437, 36.02142008946419], [126.76487000440578, 36.023673880973824], [126.76764445045295, 36.02369085655275], [126.76764445045295, 36.023690856552754], [126.7704188988164, 36.02370776795346], [126.77043967631442, 36.02145397365852]]], [[[126.78775469350899, 35.947178121152454], [126.78498291241425, 35.9471616409666], [126.78496260445448, 35.949415470462036], [126.78773446425724, 35.94943195200377], [126.78773446425724, 35.94943195200378], [126.7905063263065, 35.94944836954002], [126.79052647684995, 35.94719453733811], [126.78775469350899, 35.94717812115246], [126.78775469350899, 35.947178121152454]]], [[[126.78498291241425, 35.9471616409666], [126.7822111335745, 35.947145096780666], [126.78219074690695, 35.94939892491499], [126.78496260445448, 35.949415470462036], [126.78498291241425, 35.9471616409666]]], [[[126.79307734960723, 35.97200301135595], [126.79309744374362, 35.969749186388526], [126.79032487068625, 35.96973282074651], [126.79030469775388, 35.971986644367846], [126.79307734960723, 35.97200301135595]]], [[[126.80137545856937, 35.97430555608493], [126.80139531852156, 35.97205172796873], [126.79862265999982, 35.972035553156566], [126.79860272124215, 35.974289379942405], [126.80137545856937, 35.97430555608493]]], [[[126.78730913063973, 35.996762201641154], [126.78732940712115, 35.99450838881327], [126.78455597132088, 35.994491880138284], [126.78453561594772, 35.996745691608716], [126.78453561594772, 35.996745691608716], [126.78451525831393, 35.998999502220556], [126.7872888519065, 35.99901601361053], [126.78726857092119, 36.00126982472139], [126.79004224567537, 36.001286273342316], [126.79004224567537, 36.001286273342316], [126.79281592267316, 36.001302657836426], [126.7928360458391, 35.99904884402616], [126.79006244775113, 35.999032460879114], [126.79006244775113, 35.999032460879114], [126.7872888519065, 35.99901601361053], [126.7872888519065, 35.99901601361053], [126.79006244775113, 35.999032460879114], [126.79008264758357, 35.99677864755748], [126.79008264758357, 35.99677864755748], [126.79010284517297, 35.99452483337741], [126.79010284517297, 35.99452483337741], [126.79010284517297, 35.994524833377405], [126.79287628546759, 35.99454121383054], [126.79287628546759, 35.994541213830544], [126.79564972799626, 35.9945575301725], [126.79566976557554, 35.992303712445604], [126.79289640193065, 35.992287397445224], [126.79289640193065, 35.992287397445224], [126.79289640193065, 35.992287397445224], [126.79291651615988, 35.99003358020157], [126.79291651615988, 35.99003358020157], [126.79293662815556, 35.98777976209965], [126.79016342448523, 35.98776338568682], [126.79014323362352, 35.99001720244205], [126.78736995332952, 35.99000076058206], [126.78739022305697, 35.98774694517878], [126.78461702387952, 35.98773044057572], [126.78459667528655, 35.98998425462177], [126.78736995332952, 35.99000076058206], [126.78736995332952, 35.99000076058206], [126.78459667528655, 35.989984254621774], [126.78457632443376, 35.992238067809296], [126.78734968135099, 35.99225457512691], [126.78732940712115, 35.99450838881327], [126.78732940712115, 35.99450838881327], [126.78730913063973, 35.996762201641154], [126.78730913063973, 35.996762201641154]], [[126.78734968135099, 35.9922545751269], [126.79012304051953, 35.992271018338926], [126.79012304051953, 35.992271018338926], [126.78734968135099, 35.99225457512691], [126.78734968135099, 35.9922545751269]]], [[[126.79560964616161, 35.99906516305148], [126.79838324870992, 35.99908141795493], [126.79838324870992, 35.99908141795493], [126.80115685347528, 35.999097608736335], [126.80117673770202, 35.99684379005834], [126.80117673770202, 35.99684379005834], [126.80119661972074, 35.99458997052223], [126.80119661972074, 35.99458997052223], [126.8012164995317, 35.992336150128], [126.79844313144548, 35.9923199633399], [126.79844313144548, 35.99231996333992], [126.79566976557554, 35.992303712445604], [126.79564972799626, 35.9945575301725], [126.79842317275025, 35.9945737824031], [126.79840321183848, 35.99682760060812], [126.79562968819172, 35.99681134704113], [126.79560964616161, 35.99906516305148]]], [[[126.80113696704024, 36.00135142655616], [126.80115685347528, 35.999097608736335], [126.79838324870992, 35.99908141795493], [126.79836328336434, 36.00133523444351], [126.80113696704024, 36.00135142655616]]], [[[126.80109718754437, 36.00585905962127], [126.8038710312767, 36.00587519025862], [126.80389084320068, 36.00362137282905], [126.8011170783967, 36.00360524351782], [126.8011170783967, 36.00360524351782], [126.80113696704024, 36.00135142655616], [126.79836328336434, 36.00133523444351], [126.79834331580146, 36.003589050073835], [126.79832334602105, 36.00584286484589], [126.79832334602105, 36.00584286484589], [126.79830337402288, 36.00809667875965], [126.80107729448304, 36.008112874866505], [126.80109718754437, 36.00585905962127]]], [[[126.79281592267316, 36.00130265783643], [126.79004224567537, 36.001286273342316], [126.79002204135605, 36.00354008494704], [126.79279579727238, 36.00355647078829], [126.79281592267316, 36.00130265783643]]], [[[126.79832334602105, 36.00584286484589], [126.79554950671552, 36.005826605932654], [126.79554950671552, 36.005826605932654], [126.79832334602105, 36.00584286484589], [126.79834331580146, 36.003589050073835], [126.79556955542377, 36.00357279249727], [126.79554950671552, 36.005826605932654], [126.79277566963655, 36.00581028288172], [126.79275553976542, 36.0080640941167], [126.79552945578074, 36.008080418509664], [126.79552945578074, 36.008080418509664], [126.79830337402285, 36.00809667875965], [126.79832334602105, 36.00584286484589]]], [[[126.79828339980665, 36.01035049181508], [126.79828339980665, 36.01035049181508], [126.80105739921241, 36.010366689253495], [126.80105739921241, 36.010366689253495], [126.8038314008277, 36.01038282254333], [126.80385121715246, 36.00812900683006], [126.80107729448304, 36.008112874866505], [126.80107729448304, 36.00811287486651], [126.79830337402288, 36.00809667875965], [126.79552945578074, 36.00808041850967], [126.79550940261917, 36.01033423022827], [126.79550940261915, 36.01033423022827], [126.79548934723051, 36.01258804108846], [126.79826342337213, 36.01260430401218], [126.79828339980665, 36.01035049181508]]], [[[126.79826342337213, 36.01260430401219], [126.7982434447191, 36.01485811535091], [126.80101760204239, 36.01487431545264], [126.8010375017323, 36.01262050278222], [126.8010375017323, 36.01262050278222], [126.80105739921241, 36.0103666892535], [126.79828339980665, 36.010350491815096], [126.79826342337213, 36.01260430401219], [126.79826342337213, 36.01260430401219]]]]}}, {"type": "Feature", "properties": {"rank": 2, "method": "BFS+Zoning", "n_grids": 397, "avg_micro": 75.34144185552427, "cluster_score": 142.99563070707788, "buildable_ha": 933.75, "final_score": 100.19833090539386, "avg_bcr": 0.3763224181360202, "center_lat": 35.94718113602905, "center_lon": 126.86572150489064}, "geometry": {"type": "MultiPolygon", "coordinates": [[[[126.82963616470458, 35.91135591837869], [126.83240672248675, 35.91137135420524], [126.832425656599, 35.90911748781295], [126.82965517738036, 35.90910205325683], [126.82965517738036, 35.90910205325683], [126.82688470027284, 35.909086554787535], [126.82686560903372, 35.91134041863371], [126.82963616470458, 35.911355918378696], [126.82963616470458, 35.91135591837869]]], [[[126.83794784435032, 35.91140203410245], [126.83794784435032, 35.911402034102444], [126.83517728237159, 35.91138672611321], [126.83517728237159, 35.9113867261132], [126.83240672248675, 35.91137135420524], [126.83238778627187, 35.91362521974104], [126.8351584247292, 35.91364059291424], [126.8351584247292, 35.91364059291425], [126.83792906528069, 35.91365590216345], [126.83792906528069, 35.91365590216345], [126.84069970791757, 35.913671147488515], [126.84071840841422, 35.91141727817279], [126.83794784435032, 35.91140203410245]]], [[[126.82963616470458, 35.911355918378696], [126.82961714991741, 35.913609782644016], [126.83238778627187, 35.91362521974105], [126.83240672248675, 35.91137135420524], [126.82963616470458, 35.911355918378696]]], [[[126.8351584247292, 35.91364059291425], [126.83238778627187, 35.91362521974105], [126.83236884795411, 35.91587908442036], [126.83513956499267, 35.915894458858865], [126.8351584247292, 35.91364059291425]]], [[[126.83791028412564, 35.915909769368106], [126.83789150088492, 35.91816363571637], [126.83789150088492, 35.91816363571637], [126.83787271555832, 35.92041750120824], [126.83787271555832, 35.92041750120824], [126.83510183923626, 35.92040218817871], [126.83510183923626, 35.92040218817872], [126.83233096500906, 35.9203868112094], [126.83231202038128, 35.92264067331908], [126.83231202038128, 35.92264067331908], [126.83229307364967, 35.924894534572175], [126.83229307364967, 35.924894534572175], [126.82952204430298, 35.924879091121625], [126.82952204430298, 35.92487909112162], [126.82675101706904, 35.92486358372106], [126.82673191098436, 35.92711744157045], [126.82950301684268, 35.927132950247184], [126.82950301684268, 35.9271329502472], [126.83227412481403, 35.92714839496866], [126.83227412481403, 35.92714839496866], [126.83227412481403, 35.92714839496866], [126.82950301684268, 35.9271329502472], [126.82948398726938, 35.92938680851606], [126.83225517387409, 35.92940225450851], [126.83225517387409, 35.92940225450851], [126.8350263625833, 35.9294176365403], [126.8350263625833, 35.9294176365403], [126.83779755338834, 35.929432954611244], [126.83781634706084, 35.92717909254521], [126.83781634706084, 35.92717909254521], [126.83783513864653, 35.92492522962269], [126.83783513864653, 35.92492522962269], [126.83783513864653, 35.92492522962269], [126.83781634706084, 35.92717909254521], [126.83779755338834, 35.92943295461125], [126.83779755338834, 35.92943295461125], [126.83777875762878, 35.931686815820775], [126.84055002916367, 35.93170207118603], [126.84055002916367, 35.93170207118603], [126.84332130277713, 35.93171726258486], [126.84332130277713, 35.93171726258486], [126.84609257846041, 35.93173239001717], [126.8461111382909, 35.92947852505762], [126.8461111382909, 35.92947852505762], [126.8461111382909, 35.92947852505762], [126.8488823373918, 35.92949358728372], [126.84890081652662, 35.92723972022848], [126.84890081652662, 35.92723972022848], [126.84891929360954, 35.924985852317015], [126.84891929360954, 35.924985852317015], [126.84893776864078, 35.92273198354934], [126.846166805418, 35.922716925041264], [126.84614825176943, 35.92497079256965], [126.84614825176943, 35.92497079256965], [126.84614825176943, 35.924970792569646], [126.84614825176943, 35.924970792569646], [126.846166805418, 35.922716925041264], [126.846166805418, 35.922716925041264], [126.84618535700635, 35.92046305665663], [126.8434144744521, 35.920447935447356], [126.8434144744521, 35.92044793544735], [126.84343310258015, 35.918194067450905], [126.84343310258015, 35.918194067450905], [126.84343310258015, 35.918194067450905], [126.8434144744521, 35.92044793544735], [126.84618535700635, 35.92046305665662], [126.8462039065348, 35.91820918741577], [126.8462039065348, 35.91820918741577], [126.84622245400351, 35.915955317318755], [126.84345172863976, 35.91594019859821], [126.84347035263119, 35.913686328889256], [126.8406997079176, 35.913671147488515], [126.84068100534424, 35.915925015947934], [126.84068100534424, 35.915925015947934], [126.84068100534424, 35.915925015947934], [126.83791028412564, 35.915909769368106]], [[126.84056874628044, 35.929448208721226], [126.84056874628044, 35.929448208721226], [126.84056874628044, 35.929448208721226], [126.84056874628044, 35.929448208721226], [126.84058746131888, 35.9271943454], [126.8406061742792, 35.924940481222336], [126.8406061742792, 35.924940481222336], [126.84062488516167, 35.92268661618828], [126.84062488516167, 35.92268661618828], [126.84064359396652, 35.92043275029784], [126.84064359396652, 35.92043275029784], [126.84064359396652, 35.92043275029784], [126.84062488516167, 35.92268661618828], [126.84062488516167, 35.92268661618828], [126.8406061742792, 35.92494048122233], [126.84337721198976, 35.92495566887136], [126.84337721198976, 35.92495566887137], [126.8406061742792, 35.924940481222336], [126.84058746131888, 35.9271943454], [126.84335857765501, 35.927209534298896], [126.84335857765501, 35.927209534298896], [126.84612969606049, 35.92722465924177], [126.84612969606049, 35.92722465924177], [126.84612969606049, 35.92722465924177], [126.84612969606049, 35.92722465924177], [126.84335857765501, 35.927209534298896], [126.84335857765501, 35.927209534298896], [126.84058746131888, 35.9271943454], [126.84056874628044, 35.929448208721226]]], [[[126.83512070316178, 35.91814832394701], [126.83510183923626, 35.92040218817871], [126.83787271555832, 35.92041750120824], [126.83789150088492, 35.91816363571637], [126.83789150088492, 35.91816363571637], [126.83791028412561, 35.915909769368106], [126.83791028412561, 35.915909769368106], [126.83792906528069, 35.91365590216345], [126.8351584247292, 35.913640592914255], [126.83513956499267, 35.915894458858865], [126.83513956499267, 35.915894458858865], [126.83512070316178, 35.91814832394701], [126.83512070316178, 35.91814832394701]]], [[[126.82673191098436, 35.92711744157046], [126.82671280277793, 35.92937129856308], [126.82948398726938, 35.92938680851606], [126.82950301684268, 35.9271329502472], [126.82673191098436, 35.92711744157046]]], [[[126.83223622082961, 35.93165611319172], [126.83223622082961, 35.93165611319172], [126.83221726568037, 35.93390997101823], [126.834988611683, 35.933925355581685], [126.834988611683, 35.93392535558168], [126.83775995978188, 35.933940676173776], [126.83775995978188, 35.93394067617378], [126.84053130996833, 35.933955932794355], [126.84053130996833, 35.933955932794355], [126.83775995978188, 35.93394067617378], [126.83775995978188, 35.93394067617378], [126.83498861168297, 35.933925355581685], [126.83496973308854, 35.93617921381743], [126.83496973308854, 35.93617921381743], [126.83495085239761, 35.93843307119652], [126.8377223578253, 35.93844839431003], [126.8377223578253, 35.93844839431003], [126.8377223578253, 35.93844839431003], [126.8377035537151, 35.940702252093274], [126.84047513990855, 35.94071751248029], [126.840493865341, 35.93846365344151], [126.840493865341, 35.93846365344151], [126.84051258869417, 35.93620979354619], [126.84051258869417, 35.93620979354619], [126.84051258869417, 35.93620979354619], [126.84051258869417, 35.93620979354619], [126.840493865341, 35.93846365344151], [126.840493865341, 35.93846365344151], [126.84047513990855, 35.94071751248029], [126.84324672818148, 35.940732708879864], [126.84324672818148, 35.940732708879864], [126.84047513990855, 35.94071751248029], [126.84045641239659, 35.942971370662534], [126.84045641239659, 35.942971370662534], [126.8404376828049, 35.945225227988175], [126.84320942845999, 35.94524042688852], [126.8431907754925, 35.94749428460807], [126.84596260192325, 35.94750942075551], [126.84596260192325, 35.94750942075551], [126.8431907754925, 35.94749428460808], [126.84317212045356, 35.94974814147106], [126.84594402559745, 35.9497632788638], [126.84592544720867, 35.952017136115565], [126.84869743313767, 35.952032210739596], [126.8487159328043, 35.94977835224771], [126.8487159328043, 35.94977835224771], [126.84873443041674, 35.9475244928994], [126.84873443041674, 35.9475244928994], [126.84875292597516, 35.945270632694665], [126.84598117618633, 35.94525556179075], [126.84596260192326, 35.94750942075551], [126.84596260192325, 35.94750942075551], [126.84598117618633, 35.94525556179075], [126.84598117618633, 35.94525556179075], [126.84598117618633, 35.945255561790745], [126.84875292597516, 35.94527063269466], [126.84877141947982, 35.94301677163353], [126.84599974838689, 35.9430017019695], [126.84599974838689, 35.94300170196951], [126.84322807935625, 35.94298656831245], [126.84322807935625, 35.94298656831245], [126.84599974838689, 35.9430017019695], [126.8460183185252, 35.94074784129183], [126.84324672818148, 35.940732708879864], [126.84324672818148, 35.94073270887986], [126.8460183185252, 35.94074784129182], [126.8460183185252, 35.94074784129182], [126.8460183185252, 35.94074784129182], [126.84599974838689, 35.9430017019695], [126.84877141947982, 35.94301677163353], [126.84878991093096, 35.94076290971603], [126.84878991093096, 35.94076290971603], [126.84880840032878, 35.93850904694217], [126.84880840032878, 35.93850904694217], [126.84882688767357, 35.93625518331201], [126.84605545261596, 35.93624011736725], [126.84605545261596, 35.93624011736724], [126.8432840196199, 35.93622498744524], [126.84326537493598, 35.93847884859078], [126.84326537493598, 35.93847884859078], [126.84326537493598, 35.93847884859079], [126.84326537493598, 35.93847884859079], [126.8432840196199, 35.93622498744526], [126.8432840196199, 35.93622498744526], [126.84330266223354, 35.93397112544328], [126.84330266223354, 35.93397112544328], [126.84332130277713, 35.93171726258486], [126.84055002916367, 35.93170207118603], [126.84055002916367, 35.93170207118603], [126.83777875762878, 35.93168681582079], [126.83777875762878, 35.931686815820775], [126.83500748818118, 35.93167149648929], [126.83500748818118, 35.931671496489294], [126.83500748818118, 35.931671496489294], [126.83500748818118, 35.93167149648929], [126.83777875762878, 35.931686815820775], [126.83779755338834, 35.92943295461125], [126.8350263625833, 35.9294176365403], [126.8350263625833, 35.92941763654031], [126.83225517387409, 35.92940225450852], [126.82948398726938, 35.929386808516064], [126.82946495558281, 35.93164066592821], [126.83223622082961, 35.93165611319172]]], [[[126.84895624162057, 35.920478113925505], [126.85172712828597, 35.92049310725384], [126.85172712828597, 35.92049310725384], [126.84895624162057, 35.920478113925505], [126.84893776864078, 35.92273198354934], [126.84893776864078, 35.92273198354934], [126.84891929360954, 35.924985852317], [126.84891929360954, 35.924985852317], [126.84890081652662, 35.927239720228464], [126.85167193904466, 35.92725471725883], [126.85167193904466, 35.92725471725884], [126.85167193904466, 35.92725471725884], [126.84890081652662, 35.92723972022848], [126.8488823373918, 35.92949358728372], [126.85165353854485, 35.92950858554824], [126.85165353854485, 35.92950858554824], [126.85165353854485, 35.92950858554824], [126.85163513600162, 35.931762452981495], [126.85440641784203, 35.931777388513225], [126.85440641784203, 35.931777388513225], [126.85717770171733, 35.9317922600778], [126.85717770171733, 35.9317922600778], [126.85440641784203, 35.931777388513225], [126.85438809190785, 35.9340312563193], [126.85438809190785, 35.9340312563193], [126.85440641784203, 35.931777388513225], [126.85163513600162, 35.9317624529815], [126.85161673141474, 35.934016319558545], [126.84884537296549, 35.93400131882552], [126.84882688767357, 35.93625518331201], [126.84882688767357, 35.93625518331201], [126.84880840032878, 35.93850904694217], [126.8488084003288, 35.93850904694217], [126.84878991093096, 35.94076290971603], [126.85156150539, 35.94077791415232], [126.85156150539, 35.94077791415233], [126.85156150539, 35.94077791415233], [126.85154309262627, 35.94303177730439], [126.85154309262627, 35.94303177730439], [126.85152467781775, 35.94528563960015], [126.85429643170535, 35.94530058250704], [126.85429643170535, 35.94530058250704], [126.85429643170535, 35.94530058250704], [126.85427809355693, 35.94755444517591], [126.85704992818614, 35.94756932530823], [126.85704992818614, 35.94756932530824], [126.85704992818614, 35.94756932530824], [126.85704992818614, 35.94756932530824], [126.85427809355693, 35.94755444517592], [126.85425975337198, 35.949808306988515], [126.85703166671529, 35.94982318834508], [126.85703166671529, 35.94982318834508], [126.8598035820866, 35.94983800569222], [126.8598035820866, 35.94983800569222], [126.86257549947716, 35.94985275902979], [126.86257549947716, 35.94985275902979], [126.8598035820866, 35.94983800569222], [126.8598035820866, 35.94983800569222], [126.85703166671529, 35.949823188345086], [126.85703166671529, 35.949823188345086], [126.85425975337198, 35.94980830698852], [126.85424141115028, 35.95206216794481], [126.85424141115028, 35.95206216794481], [126.85424141115028, 35.9520621679448], [126.85146942112112, 35.952047221349396], [126.85145099813114, 35.95430108021972], [126.85422306689162, 35.95431602804477], [126.85422306689162, 35.95431602804477], [126.85145099813114, 35.95430108021973], [126.85145099813114, 35.95430108021972], [126.8486789314166, 35.95428606837502], [126.84866042764081, 35.956539925153955], [126.85143257309521, 35.95655493823363], [126.85143257309521, 35.95655493823363], [126.8514141460131, 35.95880879539111], [126.85418637226249, 35.95882374567564], [126.85416802189152, 35.9610776032065], [126.85694032893636, 35.961092490685274], [126.85694032893636, 35.96109249068527], [126.85971263801034, 35.9611073141283], [126.85973083086549, 35.958853454153555], [126.85973083086549, 35.958853454153555], [126.85974902170044, 35.956599593322544], [126.85974902170044, 35.956599593322544], [126.85976721051546, 35.95434573163531], [126.85976721051546, 35.95434573163531], [126.85976721051546, 35.95434573163531], [126.86253928536134, 35.95436048740051], [126.86255739342462, 35.9521066236432], [126.86255739342462, 35.9521066236432], [126.86532939154921, 35.95212131417957], [126.86534741887826, 35.949867448357644], [126.86534741887826, 35.949867448357644], [126.86536544420552, 35.9476135816797], [126.86536544420552, 35.9476135816797], [126.86536544420552, 35.9476135816797], [126.86536544420552, 35.9476135816797], [126.86534741887826, 35.949867448357644], [126.86534741887826, 35.949867448357644], [126.86532939154924, 35.95212131417957], [126.86810139167584, 35.952135940700806], [126.86810139167584, 35.952135940700806], [126.86532939154924, 35.95212131417957], [126.8653113622182, 35.954375179145444], [126.86808344107726, 35.95438980687], [126.86808344107726, 35.95438980687], [126.8653113622182, 35.95437517914545], [126.8652933308849, 35.95662904325524], [126.8652933308849, 35.95662904325524], [126.86527529754918, 35.95888290650893], [126.86804753389941, 35.95889753664031], [126.86804753389941, 35.95889753664031], [126.87081977224359, 35.95891210274059], [126.87081977224359, 35.95891210274059], [126.87359201257296, 35.95892660480966], [126.87360980965815, 35.956672737961426], [126.87360980965815, 35.956672737961426], [126.87359201257296, 35.95892660480966], [126.87636425487878, 35.95894104284736], [126.87638197321336, 35.95668717481147], [126.87638197321336, 35.95668717481147], [126.87639968958044, 35.95443330591978], [126.87639968958044, 35.95443330591978], [126.87639968958044, 35.95443330591978], [126.87638197321336, 35.95668717481147], [126.87638197321336, 35.95668717481147], [126.87636425487878, 35.95894104284736], [126.87913649915232, 35.95895541685354], [126.8819087453848, 35.95896972682805], [126.8819087453848, 35.95896972682806], [126.87913649915232, 35.95895541685355], [126.87911885760964, 35.961209285216015], [126.88189118260195, 35.9612235963677], [126.88189118260195, 35.9612235963677], [126.88466350954467, 35.96123784348234], [126.88466350954467, 35.96123784348234], [126.8874358384291, 35.961252026559734], [126.88745324369168, 35.95899815468154], [126.88745324369168, 35.95899815468154], [126.88745324369168, 35.958998154681545], [126.89022549574858, 35.95901227256021], [126.89024282032672, 35.95675839866511], [126.89024282032672, 35.95675839866511], [126.89026014298105, 35.9545045239145], [126.88748804841887, 35.95449040835839], [126.88747064702153, 35.956744281947735], [126.88747064702153, 35.956744281947735], [126.88748804841887, 35.95449040835838], [126.89026014298105, 35.9545045239145], [126.89027746371187, 35.95225064830839], [126.88750544788391, 35.95223653391347], [126.88750544788391, 35.95223653391347], [126.89027746371187, 35.95225064830839], [126.89029478251933, 35.94999677184685], [126.8875228454169, 35.94998265861304], [126.8875228454169, 35.949982658613045], [126.8847509102463, 35.9499684813682], [126.8847509102463, 35.9499684813682], [126.8819789770163, 35.949954240112476], [126.88196142203299, 35.952208113074875], [126.88196142203299, 35.952208113074875], [126.88196142203299, 35.952208113074875], [126.88196142203299, 35.952208113074875], [126.8819789770163, 35.949954240112476], [126.8819789770163, 35.949954240112476], [126.88199653005027, 35.94770036629445], [126.88199653005027, 35.94770036629445], [126.88199653005027, 35.94770036629444], [126.88476838456397, 35.94771460637858], [126.88478585694124, 35.945460730533426], [126.88478585694124, 35.945460730533426], [126.88480332737836, 35.94320685383276], [126.88203163027111, 35.943192616091586], [126.88203163027111, 35.94319261609158], [126.8820491774584, 35.94093873970679], [126.8792775609897, 35.94092443914733], [126.8792775609897, 35.940924439147324], [126.8820491774584, 35.94093873970679], [126.88206672269723, 35.93868486246646], [126.88206672269723, 35.93868486246646], [126.88208426598781, 35.936430984370624], [126.88208426598781, 35.936430984370624], [126.8821018073304, 35.93417710541928], [126.87933042687892, 35.934162808389374], [126.87931280687268, 35.93641668616427], [126.87931280687268, 35.93641668616427], [126.87933042687892, 35.934162808389374], [126.87933042687892, 35.934162808389374], [126.87934804492866, 35.93190892975895], [126.87657674508846, 35.93189456993695], [126.87659443982785, 35.929640691632585], [126.87382322059847, 35.92962626902912], [126.8738054472133, 35.93188014614663], [126.8738054472133, 35.93188014614663], [126.87103415131193, 35.93186565838811], [126.87101629729871, 35.93411953345779], [126.87378767185434, 35.93413402240849], [126.87378767185434, 35.93413402240849], [126.876559048384, 35.93414844738573], [126.876559048384, 35.93414844738574], [126.87378767185434, 35.9341340224085], [126.8737698945214, 35.93638789781468], [126.8737698945214, 35.93638789781468], [126.87375211521424, 35.93864177236517], [126.87652364907912, 35.93865619971644], [126.87652364907912, 35.93865619971644], [126.87929518490967, 35.93867056308358], [126.87929518490967, 35.93867056308358], [126.87929518490967, 35.93867056308358], [126.87652364907912, 35.93865619971644], [126.87652364907912, 35.93865619971645], [126.87375211521424, 35.93864177236517], [126.87373433393262, 35.94089564605994], [126.87373433393262, 35.94089564605994], [126.87371655067633, 35.94314951889898], [126.87371655067633, 35.943149518898984], [126.87369876544518, 35.945403390882255], [126.87369876544518, 35.945403390882255], [126.8736809782389, 35.94765726200974], [126.87645282687899, 35.947671694109886], [126.87643511641303, 35.94992556556894], [126.87920704573563, 35.949939934846], [126.87922467748571, 35.94768606220482], [126.87922467748571, 35.94768606220482], [126.87924230727795, 35.94543218870797], [126.87647053537837, 35.94541782179507], [126.87647053537837, 35.94541782179507], [126.87647053537837, 35.94541782179507], [126.87648824191136, 35.94316394862456], [126.87648824191136, 35.94316394862455], [126.8765059464782, 35.94091007459834], [126.8765059464782, 35.94091007459834], [126.8765059464782, 35.940910074598335], [126.8765059464782, 35.940910074598335], [126.87648824191136, 35.94316394862455], [126.87648824191136, 35.94316394862455], [126.87647053537837, 35.94541782179507], [126.87924230727795, 35.94543218870797], [126.87924230727795, 35.94543218870797], [126.88201408113513, 35.94544649162081], [126.88201408113513, 35.94544649162081], [126.87924230727795, 35.945432188707976], [126.87922467748571, 35.94768606220483], [126.87922467748571, 35.94768606220483], [126.87920704573563, 35.949939934846014], [126.87920704573563, 35.949939934846014], [126.87918941202747, 35.952193806631485], [126.87918941202747, 35.952193806631485], [126.87918941202747, 35.95219380663149], [126.87641740398027, 35.95217943617225], [126.87641740398027, 35.95217943617225], [126.87641740398027, 35.95217943617225], [126.87641740398027, 35.95217943617225], [126.87918941202747, 35.952193806631485], [126.87920704573563, 35.949939934846014], [126.87643511641303, 35.949925565568954], [126.87643511641303, 35.949925565568954], [126.87366318905725, 35.949911132281436], [126.87364539790009, 35.95216500169729], [126.87364539790009, 35.95216500169729], [126.87362760476714, 35.95441887025729], [126.87362760476712, 35.95441887025729], [126.87360980965815, 35.956672737961426], [126.87360980965815, 35.956672737961426], [126.87362760476712, 35.95441887025729], [126.87362760476712, 35.95441887025729], [126.87364539790006, 35.95216500169729], [126.87364539790006, 35.95216500169729], [126.87366318905725, 35.949911132281436], [126.87089126367705, 35.949896634983624], [126.87089126367705, 35.949896634983624], [126.87366318905725, 35.949911132281436], [126.87366318905725, 35.949911132281436], [126.87643511641303, 35.949925565568954], [126.87645282687899, 35.947671694109886], [126.8736809782389, 35.94765726200975], [126.87368097823887, 35.94765726200975], [126.87090913157411, 35.94764276590459], [126.87089126367705, 35.949896634983624], [126.86811934028114, 35.949882073675646], [126.86811934028114, 35.94988207367564], [126.86811934028113, 35.94988207367564], [126.8681372868934, 35.94762820579451], [126.8681372868934, 35.94762820579451], [126.86811934028114, 35.94988207367564], [126.87089126367705, 35.94989663498361], [126.87090913157411, 35.947642765904575], [126.87090913157411, 35.947642765904575], [126.87092699748708, 35.945388895969664], [126.8709448614162, 35.943135025178904], [126.87094486141623, 35.943135025178904], [126.87092699748708, 35.94538889596967], [126.87092699748708, 35.94538889596967], [126.87090913157411, 35.947642765904575], [126.8736809782389, 35.94765726200974], [126.87369876544518, 35.945403390882255], [126.87369876544518, 35.945403390882255], [126.87371655067633, 35.943149518898984], [126.87094486141623, 35.943135025178904], [126.87094486141623, 35.9431350251789], [126.87371655067633, 35.94314951889898], [126.87373433393262, 35.94089564605994], [126.87373433393262, 35.94089564605994], [126.87375211521424, 35.93864177236517], [126.87375211521424, 35.93864177236517], [126.8737698945214, 35.93638789781468], [126.8737698945214, 35.93638789781468], [126.87378767185434, 35.9341340224085], [126.87101629729871, 35.934119533457796], [126.87103415131193, 35.93186565838811], [126.86826285739306, 35.93185110666155], [126.86824492472576, 35.93410498053379], [126.86824492472576, 35.93410498053379], [126.86822699006703, 35.93635885355022], [126.87099844130272, 35.93637340767174], [126.87099844130272, 35.93637340767174], [126.86822699006703, 35.93635885355022], [126.86822699006703, 35.93635885355022], [126.86824492472576, 35.93410498053379], [126.86826285739306, 35.93185110666155], [126.86826285739306, 35.93185110666155], [126.86828078806907, 35.92959723193353], [126.86828078806907, 35.92959723193353], [126.86826285739306, 35.93185110666155], [126.87103415131193, 35.93186565838811], [126.87103415131193, 35.93186565838811], [126.8738054472133, 35.93188014614663], [126.87382322059847, 35.92962626902912], [126.87382322059847, 35.92962626902912], [126.87384099201006, 35.927372391056], [126.87106985339106, 35.92735790568163], [126.87108770145741, 35.92510402804487], [126.86831664344832, 35.925089479910234], [126.86831664344832, 35.925089479910234], [126.86554558742979, 35.9250748678235], [126.86552758210793, 35.92732874306051], [126.86552758210793, 35.92732874306051], [126.86554558742979, 35.9250748678235], [126.86277453341057, 35.92506019178478], [126.86277453341057, 35.92506019178478], [126.8600034813994, 35.92504545179427], [126.8600034813994, 35.92504545179427], [126.8627745334106, 35.92506019178477], [126.86279261535184, 35.92280631689969], [126.86279261535184, 35.92280631689969], [126.86279261535184, 35.92280631689969], [126.86556359075237, 35.922820991730696], [126.86558159207583, 35.92056711478212], [126.86281069528525, 35.92055244115876], [126.86282877321112, 35.918298564562036], [126.86282877321112, 35.918298564562036], [126.86284684912961, 35.916044687109526], [126.86007611153988, 35.91602995197045], [126.8600579570291, 35.91828382821019], [126.8600579570291, 35.91828382821019], [126.86007611153988, 35.91602995197045], [126.85730537596599, 35.91601515290075], [126.85728714286317, 35.91826902792247], [126.85728714286317, 35.91826902792247], [126.85728714286317, 35.91826902792247], [126.85451633072206, 35.918254163699025], [126.8545346424167, 35.91600028990058], [126.8517639109007, 35.9159853629701], [126.85174552061446, 35.91823923553999], [126.85174552061446, 35.91823923553999], [126.85174552061446, 35.91823923553999], [126.84897471254914, 35.91822424344552], [126.84895624162057, 35.920478113925505]], [[126.85418637226249, 35.95882374567563], [126.85695860054952, 35.95883863192983], [126.85695860054952, 35.95883863192984], [126.85695860054952, 35.95883863192984], [126.85695860054952, 35.95883863192984], [126.85418637226249, 35.95882374567564], [126.85418637226249, 35.95882374567563]], [[126.86815523151286, 35.94537433705746], [126.86815523151286, 35.94537433705746], [126.8681372868934, 35.94762820579451], [126.8681372868934, 35.94762820579451], [126.86815523151286, 35.94537433705746]], [[126.87106985339103, 35.92735790568163], [126.87106985339103, 35.92735790568163], [126.87105200334261, 35.929611782462715], [126.87105200334261, 35.929611782462715], [126.87106985339103, 35.92735790568163]], [[126.85442474174128, 35.929523519851024], [126.85719594697242, 35.929538390191915], [126.85719594697242, 35.929538390191915], [126.85442474174128, 35.929523519851024], [126.85442474174128, 35.929523519851024]], [[126.85444306360588, 35.92726965033274], [126.85444306360588, 35.92726965033274], [126.85442474174128, 35.929523519851024], [126.85442474174128, 35.929523519851024], [126.85444306360588, 35.92726965033274]], [[126.85723243140497, 35.92503064785206], [126.85721419020155, 35.92728451944999], [126.85721419020155, 35.92728451944999], [126.85723243140497, 35.92503064785206], [126.85723243140497, 35.92503064785206]], [[126.85446138343602, 35.92501577995837], [126.85169033750131, 35.9250008481133], [126.85169033750131, 35.92500084811329], [126.85169033750131, 35.92500084811329], [126.85169033750131, 35.92500084811328], [126.85446138343602, 35.925015779958365], [126.85446138343602, 35.92501577995837], [126.85446138343602, 35.92501577995837], [126.85446138343602, 35.92501577995837]], [[126.8572506705829, 35.92277677539816], [126.8572506705829, 35.92277677539816], [126.8600216419591, 35.92279157812212], [126.8600216419591, 35.92279157812213], [126.8572506705829, 35.92277677539816], [126.85723243140497, 35.92503064785206], [126.85723243140497, 35.92503064785206], [126.8572506705829, 35.92277677539816], [126.85447970123195, 35.92276190872794], [126.85447970123195, 35.92276190872794], [126.8572506705829, 35.92277677539816]], [[126.85449801699387, 35.920508036641486], [126.85449801699387, 35.920508036641486], [126.85447970123195, 35.922761908727935], [126.85447970123195, 35.922761908727935], [126.85449801699387, 35.920508036641486]], [[126.85451633072206, 35.91825416369903], [126.85451633072206, 35.91825416369903], [126.85449801699387, 35.920508036641486], [126.85449801699387, 35.920508036641486], [126.85451633072206, 35.91825416369903]], [[126.85170873391502, 35.92274697811162], [126.85170873391502, 35.92274697811162], [126.85170873391502, 35.92274697811162], [126.85170873391502, 35.92274697811162], [126.85170873391502, 35.92274697811162]], [[126.85993081899075, 35.9340609379234], [126.85994898761884, 35.93180706767507], [126.85994898761884, 35.93180706767507], [126.8599671542295, 35.92955319657075], [126.85998531882294, 35.92729932461047], [126.85998531882294, 35.92729932461047], [126.85998531882294, 35.92729932461047], [126.86275644946132, 35.92731406581403], [126.86275644946132, 35.92731406581404], [126.85998531882294, 35.92729932461048], [126.8599671542295, 35.929553196570765], [126.8599671542295, 35.929553196570765], [126.85994898761884, 35.93180706767506], [126.86272027553778, 35.93182181130487], [126.8627383635038, 35.929567938987404], [126.8627383635038, 35.929567938987404], [126.86272027553778, 35.93182181130487], [126.86549156546543, 35.931836490967086], [126.86549156546543, 35.93183649096709], [126.86272027553778, 35.93182181130487], [126.86272027553778, 35.93182181130487], [126.85994898761884, 35.93180706767507], [126.85993081899075, 35.9340609379234], [126.86270218556307, 35.93407568276645], [126.86270218556307, 35.934075682766434], [126.86547355414432, 35.934090363636614], [126.86549156546543, 35.9318364909671], [126.86549156546543, 35.9318364909671], [126.86547355414432, 35.934090363636635], [126.86270218556307, 35.934075682766455], [126.85993081899075, 35.934060937923405], [126.85991264834499, 35.93631480731571], [126.85991264834499, 35.93631480731571], [126.85993081899075, 35.9340609379234], [126.85715945443609, 35.93404612910763], [126.85714120512844, 35.93629999728139], [126.85714120512844, 35.93629999728139], [126.85712295379417, 35.938553864599044], [126.85989447568133, 35.938568675852004], [126.85989447568133, 35.938568675852004], [126.85712295379417, 35.938553864599044], [126.85714120512844, 35.93629999728139], [126.85714120512844, 35.93629999728139], [126.85715945443609, 35.934046129107635], [126.85715945443609, 35.934046129107635], [126.85715945443609, 35.93404612910763], [126.85993081899075, 35.9340609379234]], [[126.85435143393387, 35.93853898936299], [126.85435143393387, 35.93853898936299], [126.8543331018936, 35.940792854600566], [126.85433310189357, 35.940792854600566], [126.85435143393387, 35.93853898936299]], [[126.85157991610916, 35.938524050143975], [126.851598324784, 35.936270185279376], [126.851598324784, 35.936270185279376], [126.85157991610916, 35.938524050143975], [126.85157991610916, 35.938524050143975], [126.85157991610916, 35.938524050143975], [126.85157991610916, 35.938524050143975]], [[126.85161673141474, 35.93401631955855], [126.85161673141474, 35.93401631955855], [126.851598324784, 35.936270185279376], [126.851598324784, 35.936270185279376], [126.85161673141474, 35.93401631955855]], [[126.85983994558069, 35.94533027632447], [126.85983994558069, 35.94533027632447], [126.85706818762925, 35.9453154614152], [126.85706818762925, 35.94531546141519], [126.85983994558069, 35.94533027632446], [126.85983994558069, 35.94533027632447]], [[126.85706818762925, 35.94531546141519], [126.85708644504479, 35.94306159666596], [126.85708644504479, 35.94306159666596], [126.85706818762925, 35.94531546141519], [126.85706818762925, 35.94531546141519]], [[126.86264790358439, 35.940837292015395], [126.86264790358439, 35.940837292015395], [126.86266599958658, 35.93858342312173], [126.85989447568133, 35.938568675852004], [126.85989447568133, 35.938568675852004], [126.86266599958658, 35.93858342312172], [126.86266599958658, 35.93858342312172], [126.86266599958658, 35.93858342312172], [126.86264790358439, 35.940837292015395], [126.86541950817887, 35.94085197650989], [126.86541950817887, 35.94085197650989], [126.86264790358439, 35.9408372920154], [126.86262980557258, 35.943091160053065], [126.86262980557258, 35.943091160053065], [126.8626117055509, 35.945345027234694], [126.8626117055509, 35.945345027234694], [126.86262980557258, 35.94309116005306], [126.86262980557258, 35.94309116005306], [126.86264790358439, 35.940837292015395]], [[126.85712295379417, 35.938553864599044], [126.85710470043303, 35.94080773106058], [126.85710470043303, 35.94080773106058], [126.85712295379417, 35.938553864599044], [126.85712295379417, 35.938553864599044]], [[126.85985812429938, 35.943076410356404], [126.85985812429938, 35.943076410356404], [126.85987630099952, 35.94082254353225], [126.85987630099952, 35.94082254353225], [126.85985812429938, 35.943076410356404]], [[126.85701340321641, 35.95207705052569], [126.85699513768931, 35.95433091185002], [126.85699513768931, 35.95433091185002], [126.85699513768931, 35.954330911850015], [126.85701340321641, 35.95207705052569], [126.85701340321641, 35.95207705052569]], [[126.85726890773556, 35.92052290208829], [126.85726890773556, 35.92052290208829], [126.85726890773556, 35.92052290208829], [126.85726890773556, 35.92052290208829], [126.86003980050225, 35.9205377035941], [126.8600579570291, 35.9182838282102], [126.8600579570291, 35.9182838282102], [126.86003980050225, 35.9205377035941], [126.86003980050225, 35.9205377035941], [126.85726890773556, 35.92052290208829]], [[126.865455540823, 35.936344235450285], [126.865455540823, 35.936344235450285], [126.865455540823, 35.936344235450285], [126.86543752550126, 35.93859810640804], [126.86543752550126, 35.93859810640804], [126.86543752550126, 35.93859810640804], [126.865455540823, 35.936344235450285]], [[126.86828078806907, 35.92959723193353], [126.86829871675408, 35.927343356349745], [126.86829871675408, 35.927343356349745], [126.86829871675408, 35.92734335634975], [126.86829871675408, 35.92734335634975], [126.86828078806907, 35.92959723193353], [126.86550957478656, 35.9295826174417], [126.86550957478656, 35.929582617441696], [126.86828078806907, 35.92959723193353]], [[126.86817317413971, 35.94312046746446], [126.86540148885561, 35.9431058457558], [126.86540148885561, 35.9431058457558], [126.86817317413971, 35.94312046746446], [126.86817317413971, 35.94312046746446]], [[126.87087339379569, 35.95215050320677], [126.87087339379569, 35.95215050320677], [126.86810139167584, 35.95213594070081], [126.86810139167584, 35.952135940700806], [126.87087339379569, 35.95215050320677]], [[126.87654134971432, 35.93640232397891], [126.87654134971432, 35.93640232397891], [126.87654134971432, 35.93640232397891], [126.87654134971432, 35.93640232397891], [126.87654134971432, 35.93640232397891]], [[126.88469847564888, 35.956730101203554], [126.8846809935675, 35.95898397277077], [126.8846809935675, 35.95898397277077], [126.88469847564888, 35.956730101203554], [126.88469847564888, 35.956730101203554]], [[126.88750544788391, 35.95223653391348], [126.88473343398805, 35.95222235550226], [126.88473343398805, 35.95222235550225], [126.88750544788391, 35.95223653391347], [126.88750544788391, 35.95223653391348]], [[126.879171776361, 35.954447677561255], [126.8819438651001, 35.95446198518162], [126.8819438651001, 35.95446198518162], [126.879171776361, 35.954447677561255], [126.879171776361, 35.954447677561255]], [[126.87915413873603, 35.95670154763528], [126.88192630621745, 35.95671585643268], [126.8819438651001, 35.954461985181624], [126.8819438651001, 35.954461985181624], [126.88192630621745, 35.95671585643268], [126.88192630621745, 35.95671585643268], [126.87915413873603, 35.95670154763528], [126.87915413873603, 35.95670154763528]]], [[[126.8462039065348, 35.91820918741577], [126.84618535700638, 35.92046305665662], [126.84618535700638, 35.92046305665662], [126.846166805418, 35.922716925041264], [126.84893776864078, 35.92273198354934], [126.84895624162057, 35.920478113925505], [126.84895624162057, 35.920478113925505], [126.84897471254914, 35.91822424344552], [126.8462039065348, 35.91820918741577]]], [[[126.85148784206541, 35.949793361622675], [126.8487159328043, 35.94977835224771], [126.84869743313769, 35.952032210739596], [126.85146942112112, 35.952047221349396], [126.85148784206541, 35.949793361622675]]], [[[126.85694032893636, 35.961092490685274], [126.85692205529406, 35.96334634858439], [126.85692205529406, 35.96334634858439], [126.85690377962239, 35.9656002056271], [126.85967624623864, 35.96561503150896], [126.85967624623864, 35.965615031508975], [126.85967624623866, 35.965615031508975], [126.85965804732163, 35.967868888914815], [126.86243059474323, 35.967883651964485], [126.86243059474323, 35.967883651964485], [126.86243059474323, 35.967883651964485], [126.86241247259836, 35.97013750972832], [126.86241247259836, 35.97013750972832], [126.86239434844093, 35.97239136663583], [126.86516705547052, 35.972406068051825], [126.86516705547052, 35.97240606805183], [126.86793976450417, 35.9724207054053], [126.8679217959561, 35.97467456386959], [126.8679217959561, 35.97467456386959], [126.86790382541251, 35.97692842147768], [126.87067669407303, 35.97694299716582], [126.87069458579644, 35.974689138359004], [126.87069458579644, 35.974689138359004], [126.87067669407303, 35.97694299716582], [126.8734495647205, 35.97695750878058], [126.8734495647205, 35.97695750878058], [126.8734495647205, 35.97695750878058], [126.8734495647205, 35.976957508780586], [126.87067669407303, 35.97694299716583], [126.87065880036262, 35.97919685511646], [126.87343174983926, 35.979211367924734], [126.87343174983926, 35.979211367924734], [126.87620470129434, 35.97922581665422], [126.87620470129434, 35.97922581665422], [126.87620470129434, 35.97922581665422], [126.87618696327274, 35.98147967613057], [126.87895999553588, 35.981494061964185], [126.87897765471914, 35.97924020130478], [126.88175061010489, 35.97925452187628], [126.88176818849739, 35.9770006591832], [126.87899531194147, 35.97698633978941], [126.87897765471914, 35.97924020130478], [126.87897765471914, 35.97924020130478], [126.87899531194144, 35.97698633978941], [126.87899531194144, 35.97698633978941], [126.87901296720302, 35.974732477418065], [126.87901296720305, 35.974732477418065], [126.87899531194144, 35.97698633978941], [126.88176818849739, 35.9770006591832], [126.88178576493792, 35.97474679563422], [126.88178576493792, 35.97474679563422], [126.88176818849739, 35.97700065918319], [126.88454106700529, 35.97701491450302], [126.88455856462457, 35.97476104978168], [126.88455856462454, 35.97476104978168], [126.8845760603008, 35.972507184204524], [126.8845760603008, 35.972507184204524], [126.88455856462457, 35.9747610497817], [126.8873313662542, 35.97477523986033], [126.89010416981809, 35.974789365870016], [126.89010416981809, 35.974789365870016], [126.8873313662542, 35.974775239860335], [126.88731394745643, 35.97702910574878], [126.89008682984203, 35.977043232920295], [126.89008682984203, 35.97704323292028], [126.89285971415336, 35.97705729601741], [126.89287697530747, 35.97480342781058], [126.89287697530747, 35.97480342781058], [126.89289423454485, 35.972549558748106], [126.89289423454485, 35.972549558748106], [126.89287697530749, 35.97480342781056], [126.89287697530749, 35.97480342781057], [126.89285971415336, 35.97705729601739], [126.89563260038166, 35.977071295040005], [126.89563260038166, 35.97707129504001], [126.89285971415337, 35.9770572960174], [126.89284245108227, 35.979311163368614], [126.89561541614144, 35.97932516354257], [126.89561541614144, 35.97932516354258], [126.89838838310907, 35.97933909963661], [126.89840548851814, 35.97708522998797], [126.89563260038166, 35.97707129504001], [126.89563260038166, 35.97707129504001], [126.89840548851814, 35.97708522998797], [126.89840548851814, 35.97708522998797], [126.89840548851816, 35.97708522998797], [126.89838838310907, 35.979339099636604], [126.90116135197637, 35.97935297165058], [126.90117837855412, 35.97709910086111], [126.90117837855409, 35.97709910086111], [126.90119540324115, 35.9748452292162], [126.90119540324115, 35.9748452292162], [126.90119540324115, 35.9748452292162], [126.90117837855412, 35.97709910086111], [126.90395127048077, 35.97711290765931], [126.90396821634504, 35.97485903487892], [126.90396821634504, 35.97485903487892], [126.90398516032754, 35.972605161243166], [126.90398516032754, 35.972605161243166], [126.9040021024285, 35.97035128675206], [126.90122944694396, 35.97033748336012], [126.90122944694396, 35.97033748336012], [126.90122944694396, 35.97033748336012], [126.90124646596016, 35.968083609149005], [126.898473891162, 35.968069742838495], [126.898473891162, 35.968069742838495], [126.89570131826243, 35.968055812474255], [126.8957184929637, 35.965801939694046], [126.89294600075864, 35.96578794642727], [126.89294600075864, 35.96578794642727], [126.89017351046945, 35.9657738891123], [126.89017351046945, 35.96577388911229], [126.89294600075864, 35.96578794642726], [126.89296325233117, 35.963534073942554], [126.89019084082017, 35.96352001778382], [126.89019084082017, 35.96352001778382], [126.89019084082017, 35.96352001778382], [126.89020816924648, 35.961266145599794], [126.89020816924648, 35.961266145599794], [126.89022549574858, 35.95901227256021], [126.88745324369168, 35.958998154681545], [126.8874358384291, 35.96125202655975], [126.88466350954467, 35.96123784348234], [126.88466350954467, 35.96123784348234], [126.88189118260195, 35.96122359636771], [126.88189118260195, 35.96122359636771], [126.87911885760964, 35.961209285216015], [126.87910121410779, 35.963463152722674], [126.87910121410776, 35.96346315272268], [126.87908356864652, 35.96571701937351], [126.87908356864652, 35.96571701937351], [126.87908356864652, 35.96571701937351], [126.87910121410776, 35.96346315272267], [126.87911885760964, 35.961209285216015], [126.87911885760964, 35.961209285216015], [126.87913649915232, 35.95895541685355], [126.87636425487878, 35.958941042847364], [126.87634653457651, 35.96119491002739], [126.87634653457651, 35.96119491002739], [126.87634653457651, 35.961194910027395], [126.87357421351133, 35.961180470801985], [126.87357421351133, 35.96118047080198], [126.87634653457651, 35.96119491002739], [126.87636425487878, 35.95894104284736], [126.87359201257296, 35.95892660480966], [126.87359201257296, 35.95892660480966], [126.87081977224359, 35.9589121027406], [126.87081977224359, 35.95891210274059], [126.86804753389941, 35.95889753664031], [126.86804753389941, 35.958897536640315], [126.86527529754918, 35.95888290650894], [126.86525726221075, 35.96113676890652], [126.86523922486944, 35.963390630447954], [126.86801161874581, 35.96340526298642], [126.86801161874581, 35.96340526298642], [126.86801161874581, 35.96340526298642], [126.86799365817755, 35.96565912487534], [126.87076613282474, 35.96567369457056], [126.8707840146166, 35.963419831483264], [126.8707840146166, 35.963419831483264], [126.8708018944228, 35.961165967539934], [126.86802957731969, 35.96115140024139], [126.86802957731969, 35.96115140024139], [126.8708018944228, 35.961165967539934], [126.8708018944228, 35.961165967539934], [126.8708018944228, 35.961165967539934], [126.8707840146166, 35.963419831483264], [126.8707840146166, 35.963419831483264], [126.87076613282474, 35.96567369457056], [126.8735386094578, 35.96568820021877], [126.8735386094578, 35.96568820021877], [126.8735386094578, 35.96568820021877], [126.87352080446547, 35.967942063643186], [126.87629336186127, 35.96795650643213], [126.87627563368595, 35.970210370188525], [126.87627563368595, 35.970210370188525], [126.87629336186127, 35.96795650643213], [126.87352080446547, 35.96794206364319], [126.8735386094578, 35.96568820021878], [126.87076613282474, 35.96567369457057], [126.87074824904703, 35.967927556801804], [126.87074824904703, 35.967927556801804], [126.87073036328322, 35.97018141817698], [126.87350299749579, 35.9701959262116], [126.87348518854856, 35.972449787923985], [126.87348518854856, 35.972449787923985], [126.87346737762356, 35.97470364878032], [126.87624017142865, 35.9747180951334], [126.87625790354183, 35.97246423308895], [126.87625790354183, 35.97246423308895], [126.87627563368595, 35.970210370188525], [126.87627563368595, 35.970210370188525], [126.87625790354183, 35.97246423308895], [126.87625790354183, 35.97246423308895], [126.87624017142865, 35.9747180951334], [126.87624017142865, 35.9747180951334], [126.87622243734623, 35.976971956321826], [126.87622243734623, 35.976971956321826], [126.87622243734623, 35.976971956321826], [126.87624017142865, 35.9747180951334], [126.87346737762356, 35.97470364878032], [126.87346737762356, 35.97470364878032], [126.87346737762353, 35.97470364878032], [126.87348518854856, 35.972449787923985], [126.87071247553308, 35.97243527869605], [126.86793976450417, 35.972420705405284], [126.86795773105695, 35.970166846084794], [126.87073036328322, 35.97018141817698], [126.87074824904703, 35.96792755680181], [126.87074824904703, 35.96792755680181], [126.87076613282474, 35.96567369457057], [126.86799365817755, 35.965659124875344], [126.86801161874581, 35.96340526298642], [126.86523922486944, 35.96339063044796], [126.86523922486944, 35.963390630447954], [126.86523922486944, 35.963390630447954], [126.86525726221075, 35.96113676890653], [126.86248494910471, 35.96112207353544], [126.86246683299618, 35.96337593386803], [126.86246683299618, 35.96337593386803], [126.86244871487575, 35.96562979334439], [126.86244871487575, 35.96562979334439], [126.86246683299618, 35.96337593386803], [126.85969444313481, 35.963361173246795], [126.85969444313481, 35.96336117324679], [126.85969444313481, 35.96336117324679], [126.85969444313481, 35.96336117324679], [126.86246683299618, 35.96337593386802], [126.86248494910471, 35.96112207353544], [126.86248494910471, 35.96112207353544], [126.86250306320161, 35.95886821234663], [126.86250306320161, 35.95886821234663], [126.86250306320161, 35.95886821234664], [126.86248494910471, 35.96112207353544], [126.86525726221075, 35.96113676890652], [126.86527529754918, 35.95888290650894], [126.86527529754918, 35.95888290650893], [126.8652933308849, 35.95662904325525], [126.86252117528707, 35.956614350301656], [126.86252117528707, 35.95661435030165], [126.86252117528707, 35.95661435030165], [126.86253928536134, 35.954360487400514], [126.85976721051546, 35.95434573163531], [126.85974902170044, 35.95659959332255], [126.85974902170044, 35.95659959332255], [126.85973083086549, 35.958853454153555], [126.85973083086549, 35.958853454153555], [126.85971263801034, 35.9611073141283], [126.85971263801034, 35.9611073141283], [126.85971263801034, 35.96110731412832], [126.85694032893636, 35.961092490685274]], [[126.86244871487575, 35.96562979334439], [126.86522118552496, 35.96564449113323], [126.86522118552496, 35.96564449113324], [126.86244871487575, 35.96562979334439], [126.86244871487575, 35.96562979334439]], [[126.87906592122565, 35.96797088516848], [126.87906592122565, 35.96797088516848], [126.87629336186127, 35.96795650643213], [126.87629336186127, 35.96795650643213], [126.87906592122565, 35.96797088516848]], [[126.86518510082574, 35.970152209935186], [126.86518510082574, 35.97015220993518], [126.86518510082574, 35.97015220993518], [126.86520314417714, 35.967898350962315], [126.86520314417714, 35.967898350962315], [126.86797569561466, 35.967912985908136], [126.86795773105695, 35.970166846084794], [126.86518510082574, 35.970152209935186]], [[126.87352080446547, 35.96794206364319], [126.87352080446547, 35.96794206364319], [126.87350299749582, 35.9701959262116], [126.87350299749582, 35.9701959262116], [126.87352080446547, 35.96794206364319]], [[126.8818560511847, 35.96573133287976], [126.88183848254985, 35.9679851998521], [126.88183848254985, 35.9679851998521], [126.88183848254985, 35.9679851998521], [126.88183848254985, 35.9679851998521], [126.8818560511847, 35.965731332879756], [126.8818560511847, 35.965731332879756], [126.88187361786865, 35.96347746505162], [126.88187361786865, 35.96347746505162], [126.8818560511847, 35.965731332879756], [126.88462853567373, 35.96574558233839], [126.88462853567373, 35.9657455823384], [126.8818560511847, 35.96573133287976]], [[126.88734878311769, 35.97252137311614], [126.88734878311769, 35.97252137311614], [126.88736619804718, 35.97026750551621], [126.88736619804718, 35.97026750551621], [126.88734878311769, 35.97252137311614]], [[126.88461104582518, 35.967999450482864], [126.88459355403427, 35.97025331777157], [126.88459355403427, 35.97025331777157], [126.88461104582517, 35.967999450482864], [126.88461104582518, 35.967999450482864]], [[126.88461104582518, 35.96799945048286], [126.88738361104285, 35.968013637060594], [126.88738361104285, 35.968013637060594], [126.89015617819412, 35.96802775958516], [126.89015617819412, 35.96802775958517], [126.88738361104285, 35.9680136370606], [126.88738361104285, 35.968013637060594], [126.88461104582518, 35.96799945048286], [126.88462853567373, 35.9657455823384], [126.88462853567373, 35.9657455823384], [126.88461104582518, 35.96799945048286]], [[126.88459355403427, 35.97025331777157], [126.88459355403427, 35.97025331777157], [126.8845760603008, 35.972507184204524], [126.8845760603008, 35.972507184204524], [126.88459355403427, 35.97025331777157]], [[126.88182091196393, 35.970239065968656], [126.88182091196393, 35.970239065968656], [126.88182091196393, 35.970239065968656], [126.88182091196393, 35.970239065968656], [126.88182091196393, 35.970239065968656]], [[126.88178576493792, 35.97474679563422], [126.87901296720305, 35.974732477418065], [126.87901296720305, 35.974732477418065], [126.88178576493792, 35.97474679563422], [126.88178576493792, 35.97474679563422]], [[126.89012150786864, 35.97253549796404], [126.89012150786864, 35.97253549796404], [126.89013884399391, 35.970281629202425], [126.89013884399391, 35.970281629202425], [126.89012150786864, 35.97253549796404], [126.89012150786864, 35.97253549796404], [126.89012150786864, 35.97253549796404]], [[126.89566696313761, 35.972563555468184], [126.89564978271363, 35.974817425681884], [126.89842259202776, 35.9748313594838], [126.89842259202776, 35.97483135948381], [126.89564978271363, 35.974817425681884], [126.89564978271363, 35.974817425681884], [126.89566696313761, 35.972563555468184], [126.89566696313761, 35.972563555468184], [126.89568414165379, 35.97030968439898], [126.89568414165379, 35.97030968439898], [126.89566696313761, 35.972563555468184], [126.89566696313761, 35.972563555468184]], [[126.89017351046945, 35.96577388911229], [126.89017351046945, 35.96577388911229], [126.88740102210491, 35.96575976774928], [126.88740102210491, 35.96575976774928], [126.89017351046945, 35.96577388911229]]], [[[126.86831664344832, 35.92508947991023], [126.86833456815197, 35.922835602614995], [126.86556359075237, 35.922820991730696], [126.86556359075237, 35.922820991730696], [126.86279261535184, 35.92280631689969], [126.8627745334106, 35.92506019178477], [126.8655455874298, 35.9250748678235], [126.8655455874298, 35.9250748678235], [126.86831664344832, 35.92508947991023]]], [[[126.8652933308849, 35.95662904325524], [126.8653113622182, 35.954375179145444], [126.8653113622182, 35.954375179145444], [126.86532939154924, 35.95212131417957], [126.86255739342462, 35.9521066236432], [126.86253928536134, 35.95436048740051], [126.86253928536134, 35.95436048740051], [126.86252117528707, 35.95661435030165], [126.8652933308849, 35.95662904325524]]], [[[126.87343174983926, 35.979211367924734], [126.87341393297955, 35.98146522621278], [126.87618696327274, 35.98147967613057], [126.87620470129434, 35.97922581665422], [126.87343174983926, 35.979211367924734]]], [[[126.87065880036262, 35.97919685511646], [126.870640904665, 35.98145071221093], [126.87341393297955, 35.98146522621278], [126.87343174983926, 35.97921136792475], [126.87065880036262, 35.97919685511646]]], [[[126.87618696327274, 35.98147967613058], [126.87341393297955, 35.98146522621278], [126.87339611414114, 35.98371908364468], [126.87616922328121, 35.983733534750854], [126.87618696327274, 35.98147967613058]]], [[[126.8847509102463, 35.949968481368195], [126.8875228454169, 35.94998265861304], [126.88754024101802, 35.9477287824571], [126.88476838456397, 35.94771460637858], [126.88476838456397, 35.94771460637858], [126.88199653005027, 35.94770036629444], [126.8819789770163, 35.94995424011247], [126.8847509102463, 35.949968481368195], [126.8847509102463, 35.949968481368195]]], [[[126.89027746371187, 35.95225064830839], [126.89026014298105, 35.9545045239145], [126.89303223946679, 35.95451857544891], [126.89304948146315, 35.9522646986869], [126.89027746371187, 35.95225064830839]]], [[[126.89024282032672, 35.95675839866511], [126.8902254957486, 35.95901227256021], [126.89299774972947, 35.95902632640665], [126.89301499555566, 35.956772451355505], [126.89301499555566, 35.956772451355505], [126.89301499555566, 35.9567724513555], [126.89578717269961, 35.95678644001879], [126.89580433786735, 35.95453256296149], [126.8930322394668, 35.95451857544891], [126.8930322394668, 35.954518575448915], [126.89026014298108, 35.9545045239145], [126.89024282032672, 35.95675839866511], [126.89024282032672, 35.95675839866511]]], [[[126.90395127048077, 35.97711290765932], [126.90395127048077, 35.97711290765931], [126.90117837855412, 35.97709910086111], [126.90116135197637, 35.97935297165058], [126.90393432273457, 35.979366779584325], [126.90393432273457, 35.979366779584325], [126.90670729537493, 35.97938052343775], [126.9067241642894, 35.977126650382445], [126.90395127048077, 35.97711290765932]]], [[[126.90670729537493, 35.97938052343775], [126.90670729537493, 35.97938052343776], [126.90393432273457, 35.979366779584346], [126.90393432273457, 35.97936677958433], [126.90116135197637, 35.97935297165058], [126.9011443235077, 35.98160684158458], [126.9039173731062, 35.98162065065395], [126.9039173731062, 35.98162065065396], [126.90669042458707, 35.981634395637705], [126.90669042458707, 35.9816343956377], [126.90946347794157, 35.98164807653569], [126.90948026988872, 35.979394203210674], [126.90670729537493, 35.97938052343775]]]]}}, {"type": "Feature", "properties": {"rank": 3, "method": "BFS+Zoning", "n_grids": 147, "avg_micro": 75.01200293751634, "cluster_score": 131.2396382013643, "buildable_ha": 358.74999999999994, "final_score": 91.96913615139435, "avg_bcr": 0.3904761904761904, "center_lat": 35.98752789615074, "center_lon": 126.82507760213416}, "geometry": {"type": "MultiPolygon", "coordinates": [[[[126.8209197942563, 35.958640116302576], [126.8209197942563, 35.958640116302576], [126.82093908755995, 35.95638627302025], [126.81816696519054, 35.95637055567659], [126.81814759314088, 35.958624397665936], [126.81814759314088, 35.95862439766594], [126.81812821893992, 35.96087823879798], [126.82090049881008, 35.96089395872767], [126.8209197942563, 35.958640116302576]]], [[[126.81810884258738, 35.96313207907271], [126.81812821893992, 35.96087823879799], [126.81535594122134, 35.9608624548347], [126.81533648610558, 35.963116293811034], [126.81810884258738, 35.96313207907271]]], [[[126.81805070061787, 35.96989359475263], [126.81807008342659, 35.96763975705004], [126.81529756939209, 35.96762396919138], [126.81527810779392, 35.96987780559536], [126.81805070061787, 35.96989359475263]]], [[[126.81523917811339, 35.974385475830815], [126.81521971003059, 35.97663930966224], [126.81799253927547, 35.976655102715746], [126.81797314785508, 35.97890893698852], [126.82074605807794, 35.97892466726518], [126.82074605807794, 35.97892466726518], [126.82351897044556, 35.97894033346596], [126.82353820421626, 35.97668649661121], [126.82353820421626, 35.97668649661121], [126.82353820421626, 35.97668649661121], [126.82353820421629, 35.97668649661121], [126.82351897044559, 35.97894033346596], [126.82351897044556, 35.97894033346596], [126.82349973453887, 35.98119416946334], [126.82349973453887, 35.98119416946334], [126.82348049649593, 35.98344800460333], [126.8262535686762, 35.983463609294446], [126.82627272787647, 35.981209772871225], [126.82627272787647, 35.981209772871225], [126.82629188494923, 35.978955935590676], [126.82629188494923, 35.978955935590676], [126.8263110398947, 35.976702097452836], [126.8263110398947, 35.976702097452836], [126.82629188494923, 35.978955935590676], [126.82629188494923, 35.978955935590676], [126.82627272787647, 35.981209772871225], [126.82904572334155, 35.98122531219761], [126.82904572334155, 35.9812253121976], [126.83181872092537, 35.98124078744237], [126.83181872092537, 35.98124078744237], [126.8345917206192, 35.98125619860534], [126.83461064118866, 35.979002357506936], [126.83183772032952, 35.97898694761131], [126.83183772032952, 35.97898694761131], [126.83183772032952, 35.97898694761131], [126.83461064118866, 35.97900235750693], [126.83461064118866, 35.979002357506936], [126.83461064118866, 35.979002357506936], [126.8345917206192, 35.98125619860534], [126.8345917206192, 35.98125619860534], [126.8345917206192, 35.981256198605344], [126.83181872092537, 35.981240787442374], [126.83181872092537, 35.981240787442374], [126.82904572334155, 35.981225312197616], [126.82902664298423, 35.983479149898805], [126.82902664298423, 35.983479149898805], [126.82904572334155, 35.981225312197616], [126.82627272787647, 35.981209772871225], [126.8262535686762, 35.98346360929445], [126.8262535686762, 35.98346360929445], [126.8262535686762, 35.98346360929445], [126.82348049649593, 35.98344800460334], [126.82348049649593, 35.98344800460333], [126.82070742645213, 35.98343233582564], [126.82068810742145, 35.98568616881963], [126.82068810742145, 35.98568616881963], [126.8206687862453, 35.987940000956144], [126.82344201400029, 35.98795567231107], [126.82346125631646, 35.98570183888592], [126.82346125631646, 35.98570183888592], [126.82344201400029, 35.98795567231106], [126.82621524389224, 35.98797127956884], [126.82621524389224, 35.987971279568846], [126.82621524389224, 35.987971279568846], [126.82344201400029, 35.98795567231107], [126.82344201400029, 35.98795567231107], [126.8206687862453, 35.987940000956144], [126.82064946292341, 35.990193832235114], [126.82063013745555, 35.99244766265654], [126.82063013745552, 35.99244766265654], [126.82063013745552, 35.99244766265654], [126.82063013745555, 35.99244766265654], [126.82064946292341, 35.990193832235114], [126.8206494629234, 35.990193832235114], [126.8206687862453, 35.987940000956144], [126.82068810742145, 35.98568616881963], [126.82068810742145, 35.98568616881963], [126.82070742645213, 35.98343233582565], [126.81793435855357, 35.983416602961505], [126.81793435855357, 35.9834166029615], [126.82070742645213, 35.98343233582564], [126.82070742645213, 35.98343233582564], [126.8234804964959, 35.98344800460333], [126.82349973453887, 35.98119416946334], [126.82072674333753, 35.98117850197414], [126.82072674333753, 35.98117850197414], [126.8179537542812, 35.98116277040378], [126.8179537542812, 35.981162770403785], [126.81518076737866, 35.981146974752406], [126.81518076737866, 35.981146974752406], [126.8124077826386, 35.98113111502018], [126.81238822922727, 35.983384944974546], [126.81516129280904, 35.9834008060111], [126.81516129280904, 35.9834008060111], [126.81238822922727, 35.98338494497456], [126.81236867364439, 35.98563877407123], [126.81514181607666, 35.98565463641214], [126.81514181607666, 35.98565463641214], [126.81791496067193, 35.985670434661664], [126.81789556063605, 35.98792426550424], [126.8151223371813, 35.98790846595554], [126.81510285612268, 35.990162294641266], [126.81787615844567, 35.990178095489235], [126.81787615844567, 35.990178095489235], [126.81787615844567, 35.990178095489235], [126.81785675410056, 35.99243192461659], [126.81785675410056, 35.99243192461659], [126.81785675410056, 35.9924319246166], [126.81508337290057, 35.992416122469294], [126.81506388751473, 35.9946699494396], [126.81506388751473, 35.9946699494396], [126.8150443999649, 35.99692377555217], [126.81781793894518, 35.99693958029834], [126.81783734760047, 35.99468575288629], [126.82061080984145, 35.99470149222038], [126.8205914800809, 35.996955320926624], [126.82059148008094, 35.996955320926624], [126.8205721481737, 35.99920914877525], [126.82334577035991, 35.999224826574476], [126.82334577035991, 35.999224826574476], [126.82611939468428, 35.99924044025021], [126.82611939468428, 35.99924044025021], [126.82889302113809, 35.999255989802315], [126.82889302113809, 35.999255989802315], [126.83166664971256, 35.99927147523059], [126.83168566600331, 35.99701764225758], [126.83168566600331, 35.99701764225758], [126.83166664971256, 35.9992714752306], [126.83444028039892, 35.999286896534926], [126.83445921778494, 35.997033062293994], [126.83445921778494, 35.997033062293994], [126.83447815306806, 35.99477922719579], [126.83447815306806, 35.994779227195785], [126.83449708624852, 35.99252539124035], [126.83172369225004, 35.992509973739566], [126.83174270220651, 35.99025613819461], [126.82896938919743, 35.99024065785866], [126.82896938919743, 35.990240657858664], [126.82619607830804, 35.99022511341999], [126.82619607830804, 35.99022511341999], [126.82342276954714, 35.99020950487876], [126.82342276954714, 35.990209504878756], [126.82619607830804, 35.99022511341999], [126.82619607830804, 35.99022511341999], [126.82896938919743, 35.99024065785866], [126.82898847591242, 35.98798682272935], [126.82898847591242, 35.98798682272935], [126.82900756050792, 35.98573298674272], [126.82900756050792, 35.98573298674272], [126.82898847591242, 35.98798682272935], [126.82898847591242, 35.98798682272935], [126.82896938919743, 35.99024065785866], [126.83174270220651, 35.99025613819461], [126.83174270220651, 35.99025613819461], [126.83451601732654, 35.990271554427686], [126.83453494630241, 35.98801771675783], [126.83453494630241, 35.98801771675783], [126.83455387317629, 35.985763878230806], [126.83455387317629, 35.985763878230806], [126.83455387317629, 35.985763878230806], [126.83732703266742, 35.98577922783619], [126.8373458785872, 35.98352538718981], [126.8373458785872, 35.98352538718981], [126.83736472241425, 35.98127154568634], [126.83736472241425, 35.98127154568634], [126.83738356414884, 35.97901770332586], [126.83738356414884, 35.97901770332586], [126.83740240379115, 35.97676386010835], [126.83462955965715, 35.97674851555143], [126.83462955965715, 35.97674851555143], [126.83462955965715, 35.97674851555143], [126.83464847602485, 35.9744946727389], [126.83464847602485, 35.9744946727389], [126.83466739029203, 35.972240829069314], [126.83189470588438, 35.972225422975335], [126.83191369685093, 35.96997157971581], [126.82914109335171, 35.969956110833444], [126.82914109335171, 35.969956110833444], [126.82636849197007, 35.969940577895784], [126.82636849197007, 35.969940577895784], [126.82914109335171, 35.969956110833444], [126.82916016100015, 35.96770226798912], [126.82638763840892, 35.96768673632899], [126.82638763840892, 35.96768673632899], [126.82638763840892, 35.96768673632899], [126.82640678272172, 35.965432893905025], [126.82640678272172, 35.965432893905025], [126.82642592490869, 35.9631790506239], [126.82365356199769, 35.96316345747929], [126.82365356199769, 35.96316345747929], [126.82367278082303, 35.96090961462361], [126.82090049881008, 35.96089395872768], [126.82090049881008, 35.96089395872767], [126.81812821893992, 35.96087823879799], [126.81810884258738, 35.96313207907271], [126.820881201221, 35.96314780029551], [126.820881201221, 35.963147800295516], [126.820881201221, 35.963147800295516], [126.82086190148885, 35.96540164100606], [126.82086190148885, 35.96540164100606], [126.8208425996134, 35.967655480859285], [126.8208425996134, 35.96765548085929], [126.8208232955944, 35.96990931985522], [126.82359589271469, 35.969924980902995], [126.82357666535059, 35.972178820329695], [126.82357666535059, 35.972178820329695], [126.82359589271469, 35.969924980902995], [126.8208232955944, 35.96990931985522], [126.8208425996134, 35.96765548085929], [126.81807008342659, 35.96763975705004], [126.81805070061787, 35.96989359475263], [126.81805070061787, 35.96989359475263], [126.8180313156566, 35.972147431597776], [126.8180313156566, 35.972147431597776], [126.81801192854253, 35.974401267585506], [126.81523917811339, 35.974385475830815]], [[126.8235574358512, 35.97443265889912], [126.8235574358512, 35.97443265889912], [126.82078468112474, 35.97441699527499], [126.82078468112474, 35.97441699527499], [126.8235574358512, 35.97443265889912], [126.8235574358512, 35.97443265889912], [126.82633019271319, 35.974448258457734], [126.82634934340489, 35.97219441860537], [126.82634934340489, 35.97219441860537], [126.82636849197004, 35.969940577895784], [126.82636849197007, 35.969940577895784], [126.82634934340489, 35.972194418605376], [126.82634934340489, 35.972194418605376], [126.82633019271319, 35.97444825845775], [126.8235574358512, 35.97443265889912]], [[126.81801192854256, 35.974401267585506], [126.81801192854256, 35.974401267585506], [126.81799253927547, 35.97665510271574], [126.81799253927547, 35.97665510271574], [126.81801192854256, 35.974401267585506]], [[126.82080398943157, 35.9721631579938], [126.82080398943157, 35.9721631579938], [126.82080398943157, 35.9721631579938], [126.82078468112474, 35.97441699527499], [126.82078468112474, 35.97441699527499], [126.82080398943157, 35.9721631579938], [126.82080398943157, 35.9721631579938]], [[126.82336502336337, 35.99697099743684], [126.8233842742289, 35.99471716744167], [126.8233842742289, 35.99471716744167], [126.82340352295674, 35.992463336588976], [126.82340352295674, 35.992463336588976], [126.82340352295674, 35.992463336588976], [126.82340352295674, 35.992463336588976], [126.8233842742289, 35.994717167441664], [126.8233842742289, 35.994717167441664], [126.82336502336337, 35.99697099743684], [126.82336502336337, 35.99697099743684]], [[126.81516129280904, 35.9834008060111], [126.81516129280904, 35.9834008060111], [126.81793435855357, 35.983416602961505], [126.81793435855357, 35.983416602961505], [126.81516129280904, 35.9834008060111]], [[126.82908387770019, 35.97671763422352], [126.82908387770019, 35.97671763422352], [126.82906480158012, 35.97897147363917], [126.82906480158012, 35.97897147363918], [126.82906480158012, 35.97897147363918], [126.82908387770019, 35.97671763422352]], [[126.82910295170197, 35.97446379395067], [126.82910295170197, 35.97446379395067], [126.82912202358574, 35.97220995282064], [126.82912202358574, 35.97220995282064], [126.82910295170197, 35.97446379395067], [126.82910295170197, 35.97446379395067], [126.82908387770019, 35.97671763422352], [126.82908387770019, 35.97671763422352], [126.82910295170197, 35.97446379395067]], [[126.82912202358574, 35.97220995282064], [126.83189470588438, 35.972225422975335], [126.83189470588438, 35.972225422975335], [126.82912202358574, 35.97220995282064], [126.82912202358574, 35.97220995282064]], [[126.83178071578688, 35.98574846453293], [126.83178071578688, 35.98574846453293], [126.83179971941122, 35.98349462641626], [126.83179971941125, 35.98349462641626], [126.83178071578688, 35.98574846453293], [126.83178071578688, 35.98574846453293], [126.83176171005205, 35.988002301792385], [126.83176171005205, 35.988002301792385], [126.83176171005205, 35.988002301792385], [126.83176171005205, 35.988002301792385], [126.83178071578688, 35.98574846453293]], [[126.82893120940813, 35.99474832554527], [126.82893120940813, 35.99474832554527], [126.82891211633331, 35.99700215810248], [126.82891211633331, 35.99700215810248], [126.82893120940813, 35.99474832554527]], [[126.83172369225004, 35.992509973739566], [126.83172369225004, 35.992509973739566], [126.82895030036275, 35.99249449213064], [126.82895030036275, 35.99249449213064], [126.83172369225004, 35.992509973739566]], [[126.82613856878375, 35.996986609828845], [126.82615774075406, 35.994732778550016], [126.82615774075406, 35.994732778550016], [126.82613856878375, 35.996986609828845], [126.82613856878375, 35.996986609828845]], [[126.8261769105954, 35.99247894641372], [126.8261769105954, 35.99247894641372], [126.8261769105954, 35.99247894641372], [126.82615774075406, 35.99473277855001], [126.82615774075406, 35.99473277855001], [126.8261769105954, 35.99247894641372], [126.8261769105954, 35.99247894641372]]], [[[126.81242733387867, 35.978877284208124], [126.81242733387867, 35.978877284208124], [126.8124077826386, 35.98113111502018], [126.81518076737866, 35.981146974752406], [126.81518076737866, 35.981146974752406], [126.8179537542812, 35.98116277040378], [126.8179537542812, 35.98116277040378], [126.82072674333753, 35.98117850197414], [126.82072674333753, 35.98117850197414], [126.82349973453887, 35.98119416946334], [126.82351897044556, 35.97894033346596], [126.82074605807794, 35.97892466726518], [126.82074605807794, 35.97892466726518], [126.81797314785511, 35.978908936988525], [126.81797314785508, 35.978908936988525], [126.81520023978575, 35.97889314263611], [126.81520023978575, 35.97889314263611], [126.81520023978575, 35.97889314263611], [126.81521971003059, 35.97663930966224], [126.81521971003059, 35.97663930966224], [126.81523917811339, 35.974385475830815], [126.81246642984601, 35.97436962001108], [126.81244688294773, 35.976623452538426], [126.81244688294773, 35.976623452538426], [126.81242733387867, 35.978877284208124]]], [[[126.8124077826386, 35.98113111502018], [126.81242733387867, 35.978877284208124], [126.80965443014263, 35.97886136170473], [126.8096348000698, 35.98111519120727], [126.8124077826386, 35.98113111502018]]], [[[126.82053347791813, 36.00371680189957], [126.81775970004553, 36.00370105738825], [126.81774028276693, 36.00595488136938], [126.82051413956933, 36.0059706271752], [126.82053347791813, 36.00371680189957]]], [[[126.82049479907286, 36.008224451593144], [126.82049479907286, 36.008224451593144], [126.81772086333189, 36.00820870449275], [126.81772086333189, 36.00820870449276], [126.81494692974759, 36.00819289324811], [126.81492742920877, 36.01044671421375], [126.81215341884307, 36.01043083751982], [126.81213383718294, 36.0126846563223], [126.81213383718294, 36.0126846563223], [126.81211425334811, 36.01493847426677], [126.81211425334811, 36.01493847426677], [126.81209466733834, 36.01719229135325], [126.81486891459721, 36.01720817196319], [126.81486891459721, 36.017208171963205], [126.8176431640225, 36.01722398840793], [126.81766259208571, 36.01497016871592], [126.81766259208571, 36.01497016871592], [126.81768201799153, 36.012716348166045], [126.81768201799153, 36.012716348166045], [126.81770144174016, 36.01046252675832], [126.81492742920877, 36.01044671421375], [126.81492742920877, 36.01044671421375], [126.81770144174016, 36.01046252675832], [126.81770144174016, 36.01046252675831], [126.8204754564285, 36.01047827515333], [126.8204754564285, 36.01047827515333], [126.82324947326495, 36.01049395939867], [126.82326873696177, 36.00824013454912], [126.82326873696177, 36.00824013454912], [126.8232879985194, 36.005986308841884], [126.82051413956933, 36.00597062717521], [126.82051413956933, 36.00597062717521], [126.8232879985194, 36.005986308841884], [126.82330725793814, 36.00373248227703], [126.82330725793814, 36.00373248227703], [126.8232879985194, 36.005986308841884], [126.82606185960839, 36.00600192636925], [126.82608104009684, 36.00374809852045], [126.82608104009684, 36.00374809852045], [126.82610021845538, 36.0014942698141], [126.82332651521823, 36.00147865485456], [126.82332651521823, 36.00147865485455], [126.82055281411951, 36.00146297576625], [126.82053347791813, 36.00371680189957], [126.82053347791813, 36.00371680189957], [126.82051413956933, 36.00597062717521], [126.81774028276693, 36.005954881369384], [126.81772086333189, 36.008208704492745], [126.82049479907286, 36.008224451593144]]], [[[126.81211425334811, 36.01493847426677], [126.80934008723733, 36.01492253080249], [126.80932042225467, 36.017176346578275], [126.81209466733834, 36.01719229135325], [126.81211425334811, 36.01493847426677]]], [[[126.8205721481737, 35.99920914877526], [126.82059148008094, 35.996955320926624], [126.81781793894518, 35.99693958029834], [126.8177985281344, 35.999193406852704], [126.8205721481737, 35.99920914877526]]], [[[126.82334577035991, 35.99922482657448], [126.8205721481737, 35.99920914877526], [126.82055281411951, 36.00146297576625], [126.82332651521823, 36.00147865485455], [126.82334577035991, 35.99922482657448]]], [[[126.82045611163596, 36.01273209785578], [126.8204754564285, 36.01047827515334], [126.81770144174016, 36.01046252675832], [126.81768201799153, 36.01271634816604], [126.82045611163596, 36.01273209785578]]], [[[126.82610021845541, 36.001494269814096], [126.8288739238222, 36.00150982064472], [126.8288739238222, 36.00150982064472], [126.8288739238222, 36.00150982064472], [126.8288739238222, 36.00150982064472], [126.82610021845541, 36.001494269814096], [126.82608104009684, 36.00374809852045], [126.82608104009684, 36.00374809852045], [126.82606185960839, 36.00600192636925], [126.8288357228275, 36.00601747975716], [126.82885482438544, 36.00376365062968], [126.82885482438544, 36.00376365062968], [126.8288357228275, 36.00601747975716], [126.83160958816802, 36.00603296900545], [126.83160958816802, 36.00603296900545], [126.83438345562112, 36.00604839411396], [126.83440239931727, 36.00379456244495], [126.83440239931727, 36.00379456244495], [126.83442134090978, 36.001540729918595], [126.83164763130992, 36.00152530734628], [126.83162861079516, 36.003779138604564], [126.83162861079516, 36.003779138604564], [126.83162861079516, 36.003779138604564], [126.82885482438544, 36.00376365062968], [126.82885482438544, 36.00376365062968], [126.83162861079516, 36.003779138604564], [126.83164763130992, 36.00152530734626], [126.83442134090978, 36.001540729918595], [126.83444028039892, 35.999286896534926], [126.83166664971256, 35.9992714752306], [126.83164763130992, 36.00152530734626], [126.83164763130992, 36.00152530734626], [126.83166664971256, 35.9992714752306], [126.82889302113809, 35.999255989802315], [126.82889302113809, 35.999255989802315], [126.82611939468428, 35.99924044025022], [126.82611939468428, 35.99924044025022], [126.82334577035991, 35.99922482657448], [126.82332651521826, 36.00147865485455], [126.82610021845541, 36.001494269814096], [126.82610021845541, 36.001494269814096]]], [[[126.82606185960839, 36.006001926369265], [126.8232879985194, 36.0059863088419], [126.82326873696177, 36.00824013454912], [126.82604267698981, 36.008255753360515], [126.82606185960839, 36.006001926369265]]], [[[126.82881661914823, 36.00827130802717], [126.82604267698981, 36.008255753360515], [126.82602349224084, 36.01050957949417], [126.82879751334733, 36.01052513543964], [126.82881661914823, 36.00827130802717]]], [[[126.82602349224084, 36.01050957949417], [126.82604267698981, 36.008255753360515], [126.82326873696177, 36.00824013454912], [126.82324947326495, 36.01049395939868], [126.82602349224084, 36.01050957949417]]], [[[126.84015648920122, 35.97903298506795], [126.83738356414884, 35.97901770332586], [126.83736472241425, 35.98127154568634], [126.8401377263018, 35.981286828685256], [126.84015648920122, 35.97903298506795]]], [[[126.84011896131864, 35.983540671445596], [126.8401377263018, 35.98128682868526], [126.83736472241425, 35.98127154568634], [126.8373458785872, 35.98352538718981], [126.84011896131864, 35.983540671445596]]], [[[126.84008142510018, 35.98804835439528], [126.84285466763009, 35.98806357706699], [126.84285466763009, 35.988063577066995], [126.84562791223568, 35.98807873564048], [126.8456465236635, 35.985824892095906], [126.84287335791979, 35.9858097347689], [126.84289204613403, 35.98355589161386], [126.84011896131864, 35.983540671445596], [126.8401001942515, 35.98579451334894], [126.8401001942515, 35.98579451334894], [126.84008142510018, 35.98804835439528]]], [[[126.8401001942515, 35.98579451334895], [126.84011896131864, 35.983540671445596], [126.8373458785872, 35.98352538718981], [126.83732703266742, 35.98577922783619], [126.83732703266742, 35.98577922783619], [126.8373081846547, 35.988033067625516], [126.84008142510018, 35.98804835439528], [126.8401001942515, 35.98579451334895], [126.8401001942515, 35.98579451334895]]], [[[126.84562791223568, 35.988078735640485], [126.84285466763009, 35.988063577066995], [126.84283597526472, 35.990317418508134], [126.84560929874094, 35.99033257832818], [126.84562791223568, 35.988078735640485]]], [[[126.83160958816802, 36.00603296900545], [126.8288357228275, 36.00601747975716], [126.82881661914823, 36.008271308027155], [126.83159056342826, 36.00828679854893], [126.83160958816802, 36.00603296900545]]]]}}, {"type": "Feature", "properties": {"rank": 4, "method": "BFS+Zoning", "n_grids": 14, "avg_micro": 73.121690633469, "cluster_score": 102.82427198720389, "buildable_ha": 35.00000000000001, "final_score": 72.07837980148207, "avg_bcr": 0.4000000000000001, "center_lat": 35.95562172499915, "center_lon": 126.79995589727982}, "geometry": {"type": "MultiPolygon", "coordinates": [[[[126.79601006419634, 35.95398867979662], [126.79878209037697, 35.954004907985265], [126.79878209037697, 35.95400490798527], [126.79601006419634, 35.95398867979663], [126.79599006440867, 35.95624251211046], [126.79599006440867, 35.95624251211046], [126.79597006239999, 35.95849634356642], [126.79874224605992, 35.95851257442521], [126.79874224605992, 35.958512574425214], [126.79597006239999, 35.95849634356642], [126.79595005816999, 35.960750174164495], [126.79595005816999, 35.960750174164495], [126.7959300517185, 35.963004003904636], [126.79870239289271, 35.96302023743385], [126.7987223205827, 35.96076640635845], [126.7987223205827, 35.96076640635845], [126.7987223205827, 35.96076640635845], [126.80149458520818, 35.960782574519946], [126.80151443193239, 35.958528741256785], [126.80151443193239, 35.958528741256785], [126.80151443193239, 35.958528741256785], [126.80428662000865, 35.958544844061], [126.80430638578457, 35.95629100861552], [126.80430638578457, 35.95629100861552], [126.80432614936565, 35.954037172312404], [126.80432614936565, 35.954037172312404], [126.80434591075219, 35.95178333515164], [126.80434591075219, 35.95178333515164], [126.80436566994445, 35.94952949713327], [126.80159379679377, 35.9495133996269], [126.80157395888325, 35.95176723632092], [126.80157395888322, 35.95176723632092], [126.80157395888322, 35.95176723632092], [126.79880200921734, 35.95175107347864], [126.79880200921734, 35.95175107347863], [126.79603006176322, 35.95173484662494], [126.79601006419634, 35.95398867979662]], [[126.79874224605992, 35.95851257442521], [126.7987621693246, 35.95625874163414], [126.7987621693246, 35.95625874163414], [126.79874224605992, 35.95851257442521], [126.79874224605992, 35.95851257442521]], [[126.8015342764528, 35.95627490713588], [126.8015342764528, 35.95627490713588], [126.80155411876966, 35.954021072157246], [126.80155411876966, 35.954021072157246], [126.8015342764528, 35.95627490713588]]], [[[126.80157395888322, 35.95176723632091], [126.80159379679377, 35.949513399626895], [126.7988219258459, 35.94949723811422], [126.79880200921734, 35.95175107347863], [126.80157395888322, 35.95176723632091]]]]}}, {"type": "Feature", "properties": {"rank": 5, "method": "BFS+Zoning", "n_grids": 14, "avg_micro": 72.37503490339407, "cluster_score": 101.77431907713142, "buildable_ha": 31.250000000000007, "final_score": 71.34341276443135, "avg_bcr": 0.3571428571428572, "center_lat": 35.943069251529586, "center_lon": 126.80085856529391}, "geometry": {"type": "MultiPolygon", "coordinates": [[[[126.79611002982797, 35.942719505360124], [126.79333839941212, 35.94270321985532], [126.79331833203453, 35.94495705511826], [126.79331833203453, 35.94495705511826], [126.79054662515586, 35.944940704278274], [126.79052647684995, 35.947194537338106], [126.79329826242842, 35.94721088952337], [126.79329826242842, 35.94721088952337], [126.79607005023564, 35.947227177708086], [126.79609004114171, 35.944973341963], [126.79886175246865, 35.944989564812275], [126.79886175246865, 35.94498956481226], [126.80163346600665, 35.94500572366592], [126.80165329730953, 35.94275188439901], [126.80165329730953, 35.94275188439901], [126.80167312641034, 35.94049804427451], [126.80167312641034, 35.94049804427451], [126.80167312641034, 35.94049804427451], [126.80167312641034, 35.94049804427452], [126.80165329730953, 35.94275188439901], [126.80442493435774, 35.942767977932775], [126.80444468477522, 35.94051413648421], [126.80444468477522, 35.94051413648421], [126.80446443299961, 35.938260294178164], [126.80169295330933, 35.93824420329244], [126.80169295330933, 35.93824420329244], [126.7989214758206, 35.93822804842673], [126.79890157024725, 35.94048188807956], [126.79890157024725, 35.94048188807956], [126.79890157024725, 35.94048188807955], [126.79613001629471, 35.94046566789952], [126.79611002982797, 35.942719505360124]], [[126.79888166246333, 35.942735726874744], [126.79888166246333, 35.94273572687475], [126.79611002982797, 35.94271950536013], [126.79611002982797, 35.942719505360124], [126.79888166246333, 35.942735726874744]]], [[[126.80442493435774, 35.942767977932775], [126.80440518174696, 35.94502181852382], [126.80717689968084, 35.94503784938578], [126.80715722357753, 35.947291690438206], [126.80992902239754, 35.94730765861773], [126.80994861979953, 35.945053816251615], [126.80994861979953, 35.945053816251615], [126.80996821502542, 35.942799973028116], [126.8071965735993, 35.94278400747586], [126.8072162453332, 35.94053016470851], [126.80444468477522, 35.94051413648421], [126.80442493435774, 35.942767977932775], [126.80442493435774, 35.942767977932775]]]]}}, {"type": "Feature", "properties": {"rank": 6, "method": "BFS+Zoning", "n_grids": 11, "avg_micro": 72.13614651695414, "cluster_score": 99.02388504246328, "buildable_ha": 27.5, "final_score": 69.41810894016365, "avg_bcr": 0.4, "center_lat": 35.91525747813976, "center_lon": 126.71285129397442}, "geometry": {"type": "MultiPolygon", "coordinates": [[[[126.71050429293776, 35.910631713158196], [126.71048189978077, 35.91288551781625], [126.70771136458896, 35.91286726823301], [126.70768889037569, 35.91512107052915], [126.71045950413712, 35.91513932161441], [126.71045950413712, 35.91513932161441], [126.70768889037569, 35.91512107052915], [126.70766641366671, 35.91737487196529], [126.71043710600647, 35.91739312455264], [126.71043710600647, 35.91739312455264], [126.71041470538857, 35.91964692663094], [126.7131854788029, 35.919665116788295], [126.7131854788029, 35.919665116788295], [126.71595625469604, 35.91968324301329], [126.715978498139, 35.91742943794641], [126.715978498139, 35.91742943794641], [126.71600073911215, 35.91517563201974], [126.71600073911215, 35.91517563201974], [126.71602297761576, 35.91292182523333], [126.71325243745929, 35.91290370348308], [126.71325243745929, 35.91290370348308], [126.71048189978077, 35.91288551781626], [126.71048189978077, 35.91288551781625], [126.71325243745929, 35.91290370348308], [126.7132747520551, 35.910649897328355], [126.71050429293776, 35.910631713158196]]], [[[126.71604521365013, 35.9106680175872], [126.7132747520551, 35.91064989732836], [126.71325243745929, 35.91290370348308], [126.71602297761576, 35.91292182523333], [126.71604521365013, 35.9106680175872]]], [[[126.71874919791433, 35.91744749875244], [126.71877136030832, 35.91519369133947], [126.71600073911215, 35.91517563201974], [126.715978498139, 35.917429437946396], [126.71874919791433, 35.91744749875244]]]]}}, {"type": "Feature", "properties": {"rank": 7, "method": "BFS+Zoning", "n_grids": 6, "avg_micro": 75.42564747294892, "cluster_score": 97.44137741045085, "buildable_ha": 15.0, "final_score": 68.31035359775494, "avg_bcr": 0.39999999999999997, "center_lat": 35.99448222912104, "center_lon": 126.84881088402179}, "geometry": {"type": "Polygon", "coordinates": [[[126.84560929874094, 35.99033257832818], [126.84559068317907, 35.99258642015896], [126.84559068317907, 35.99258642015896], [126.84557206554977, 35.99484026113278], [126.84557206554977, 35.99484026113278], [126.84555344585287, 35.997094101249665], [126.8483270080614, 35.99710920069032], [126.84834554886116, 35.99485535933195], [126.84834554886116, 35.99485535933195], [126.8483270080614, 35.99710920069032], [126.85110057232903, 35.997124236011366], [126.85110057232903, 35.997124236011366], [126.85387413864697, 35.99713920721267], [126.85389252165174, 35.99488536338712], [126.85111903423142, 35.99487039341678], [126.85111903423142, 35.99487039341678], [126.85111903423142, 35.99487039341678], [126.85113749408369, 35.99261654996537], [126.84836408760206, 35.9926015171167], [126.84836408760206, 35.992601517116704], [126.84836408760206, 35.992601517116704], [126.84838262428433, 35.990347674044564], [126.84560929874094, 35.99033257832818]]]}}, {"type": "Feature", "properties": {"rank": 8, "method": "BFS+Zoning", "n_grids": 6, "avg_micro": 72.56742472390326, "cluster_score": 93.74887796306088, "buildable_ha": 15.0, "final_score": 65.72560398458197, "avg_bcr": 0.39999999999999997, "center_lat": 35.925254692788315, "center_lon": 126.76532019122787}, "geometry": {"type": "MultiPolygon", "coordinates": [[[[126.76305981568242, 35.91998160701202], [126.76303890594887, 35.922235435773885], [126.76303890594889, 35.922235435773885], [126.76301799389334, 35.924489263677316], [126.7657889701241, 35.924506241883336], [126.76580980356974, 35.92225241258279], [126.76580980356974, 35.92225241258279], [126.76583063470206, 35.91999858242387], [126.76305981568242, 35.91998160701202]]], [[[126.76853919152815, 35.926776985977234], [126.7685599486684, 35.92452315614314], [126.7657889701241, 35.92450624188334], [126.7657889701241, 35.92450624188334], [126.76301799389334, 35.924489263677316], [126.76299707951551, 35.926743090722276], [126.76299707951551, 35.926743090722276], [126.76297616281518, 35.92899691690872], [126.76574729629195, 35.92901389790925], [126.76574729629195, 35.92901389790925], [126.76851843208283, 35.929030814953], [126.76853919152815, 35.926776985977234], [126.76576813436493, 35.92676007032551], [126.76576813436493, 35.92676007032551], [126.76576813436493, 35.92676007032551], [126.76576813436493, 35.92676007032551], [126.76853919152815, 35.926776985977234]]]]}}, {"type": "Feature", "properties": {"rank": 9, "method": "BFS+Zoning", "n_grids": 4, "avg_micro": 72.81052950528544, "cluster_score": 90.38813349681665, "buildable_ha": 10.0, "final_score": 63.37308285821101, "avg_bcr": 0.4, "center_lat": 35.922038483323085, "center_lon": 126.8253894330036}, "geometry": {"type": "MultiPolygon", "coordinates": [[[[126.82399917453525, 35.922594154945905], [126.82677012103221, 35.92260972501493], [126.82678922287411, 35.92035586545205], [126.82401835498383, 35.92034029666433], [126.82399917453525, 35.922594154945905]]], [[[126.82677012103221, 35.92260972501493], [126.82954106965047, 35.92262523113937], [126.82956009288544, 35.92037137030046], [126.82678922287411, 35.92035586545205], [126.82677012103221, 35.92260972501493]]], [[[126.82122823016824, 35.92257852093248], [126.82399917453525, 35.922594154945905], [126.82401835498383, 35.92034029666433], [126.8212474892233, 35.92032466393746], [126.82122823016824, 35.92257852093248]]], [[[126.82397999195665, 35.924848012370695], [126.82675101706904, 35.924863583721084], [126.82677012103221, 35.92260972501494], [126.82399917453525, 35.92259415494592], [126.82397999195665, 35.924848012370695]]]]}}]}