{"type": "FeatureCollection", "features": [{"type": "Feature", "properties": {"rank": 1, "method": "BFS+Zoning", "n_grids": 976, "avg_micro": 78.03264807233793, "cluster_score": 158.6148566839723, "buildable_ha": 2455.625000000001, "final_score": 127.19356152632099, "avg_bcr": 0.40256147540983617, "center_lat": 36.97606018462129, "center_lon": 127.5480780050819}, "geometry": {"type": "MultiPolygon", "coordinates": [[[[127.515547686122, 36.92853956850798], [127.515547686122, 36.92853956850798], [127.51274056665261, 36.928539902764804], [127.51274056665261, 36.928539902764804], [127.50993344714148, 36.92854017068323], [127.50993344714148, 36.92854017068323], [127.51274056665258, 36.928539902764804], [127.51274056665261, 36.928539902764804], [127.515547686122, 36.92853956850797], [127.51554722848286, 36.92628593353719], [127.5155467708946, 36.92403229770932], [127.51273981666859, 36.92403263191173], [127.51274019163975, 36.926286267766805], [127.50993315475492, 36.926286535663415], [127.50993344714148, 36.92854017068323], [127.50712632759783, 36.92854037226323], [127.50712653738142, 36.93079400644234], [127.50712653738142, 36.93079400644234], [127.50712674718834, 36.933047639764354], [127.50712674718831, 36.933047639764354], [127.50712695701857, 36.935301272229225], [127.50712695701857, 36.935301272229225], [127.50712695701857, 36.935301272229225], [127.50712695701857, 36.935301272229225], [127.50712674718831, 36.93304763976436], [127.50431946234117, 36.933047775027966], [127.50431958951752, 36.93530140750386], [127.50151222200239, 36.93530147642387], [127.50151222200239, 36.93530147642386], [127.50151222200239, 36.93530147642386], [127.5015121774799, 36.93304784394236], [127.49870489261363, 36.93304784650755], [127.49870485448227, 36.93530147898925], [127.49870485448227, 36.93530147898925], [127.49870481634663, 36.93755511061381], [127.49870481634663, 36.93755511061381], [127.49870485448224, 36.93530147898926], [127.49870485448227, 36.93530147898926], [127.49870489261363, 36.933047846507556], [127.49589760775163, 36.93304778272353], [127.49589748696637, 36.93530141520004], [127.49589748696637, 36.93530141520004], [127.49589748696637, 36.93530141520004], [127.49309011946394, 36.93530128505623], [127.49308991600218, 36.93755491666499], [127.49308991600218, 36.93755491666499], [127.49308971251779, 36.93980854741658], [127.49308971251779, 36.93980854741658], [127.49308991600218, 36.937554916664986], [127.49028246585928, 36.93755472015056], [127.49028217970265, 36.93980835088617], [127.49028217970266, 36.93980835088617], [127.4902818935142, 36.942061980764585], [127.49308950901079, 36.942062177310994], [127.49308950901079, 36.942062177311], [127.4902818935142, 36.94206198076459], [127.4902816072939, 36.94431560978582], [127.49308930548113, 36.94431580634822], [127.49308910192885, 36.94656943452822], [127.49589688283857, 36.94656956472501], [127.4958968828386, 36.94656956472501], [127.49870466376173, 36.94656962854019], [127.49870466376173, 36.94656962854019], [127.50151244468913, 36.946569625973744], [127.50151240014188, 36.94431599777817], [127.49870470191432, 36.94431600034441], [127.49870474006268, 36.94206237129141], [127.49870474006268, 36.94206237129141], [127.49870474006268, 36.94206237129141], [127.50151235559959, 36.94206236872538], [127.50151235559959, 36.94206236872539], [127.50431997113155, 36.94206229978854], [127.50431984391271, 36.93980866988416], [127.50151231106223, 36.93980873881538], [127.50151231106223, 36.93980873881537], [127.49870477820677, 36.93980874138119], [127.49870477820677, 36.939808741381206], [127.49589724535556, 36.9398086775816], [127.49589724535556, 36.9398086775816], [127.49589724535556, 36.9398086775816], [127.49589724535556, 36.9398086775816], [127.49870477820677, 36.93980874138119], [127.49870477820677, 36.93980874138119], [127.50151231106223, 36.93980873881537], [127.50151226652983, 36.9375551080482], [127.50151226652983, 36.9375551080482], [127.50151226652983, 36.937555108048215], [127.50431971670807, 36.93755503912259], [127.50431971670807, 36.93755503912259], [127.50712716687215, 36.93755490383696], [127.50712716687215, 36.93755490383696], [127.50712716687215, 36.93755490383696], [127.50712737674908, 36.93980853458753], [127.5099349095621, 36.939808332925466], [127.5099346170129, 36.937554702191306], [127.5099346170129, 36.937554702191306], [127.50993432449627, 36.9353010706], [127.50993432449627, 36.9353010706], [127.50993403201213, 36.933047438151526], [127.50993403201215, 36.933047438151526], [127.50993403201215, 36.933047438151526], [127.51274131680343, 36.9330471701895], [127.51274131680343, 36.9330471701895], [127.51274131680343, 36.9330471701895], [127.50993403201215, 36.933047438151526], [127.50993432449627, 36.9353010706], [127.50993432449627, 36.9353010706], [127.50993461701293, 36.93755470219132], [127.51274206712114, 36.937554434185664], [127.51274244234257, 36.939808064898], [127.5099349095621, 36.939808332925466], [127.50993520214382, 36.942061962802434], [127.50993520214382, 36.942061962802434], [127.5099349095621, 36.939808332925466], [127.50712737674908, 36.93980853458753], [127.50712758664936, 36.94206216448088], [127.50712758664933, 36.94206216448088], [127.50712758664933, 36.94206216448089], [127.50431997113155, 36.94206229978854], [127.5043200983645, 36.944315928835735], [127.50712779657295, 36.94431579351706], [127.50712779657295, 36.94431579351706], [127.50993549475805, 36.94431559182218], [127.5099352021438, 36.942061962802434], [127.50993520214382, 36.942061962802434], [127.50993549475805, 36.94431559182219], [127.50993549475805, 36.94431559182219], [127.50993578740487, 36.94656921998472], [127.51274356825728, 36.94656895189183], [127.51274356825728, 36.94656895189183], [127.51555134906793, 36.94656861741731], [127.51555134906793, 36.94656861741731], [127.51835912982766, 36.94656821656119], [127.51835858908134, 36.9443145884803], [127.51555089102145, 36.944314989303805], [127.51555089102145, 36.944314989303805], [127.51274319291063, 36.94431532375111], [127.51274319291063, 36.944315323751105], [127.51555089102145, 36.944314989303805], [127.51555089102145, 36.944314989303805], [127.51835858908134, 36.9443145884803], [127.51835804839517, 36.94206095954219], [127.51835804839517, 36.94206095954219], [127.51835858908134, 36.9443145884803], [127.5211662870811, 36.9443141212806], [127.52116566370432, 36.9420604923805], [127.51835804839517, 36.94206095954219], [127.51835804839517, 36.94206095954219], [127.52116566370432, 36.9420604923805], [127.5211662870811, 36.9443141212806], [127.52397398501154, 36.944313587704706], [127.52397398501154, 36.944313587704706], [127.5211662870811, 36.9443141212806], [127.5211662870811, 36.94431412128061], [127.51835858908134, 36.9443145884803], [127.51835912982766, 36.9465682165612], [127.52116691052724, 36.94656774932347], [127.52116691052724, 36.946567749323464], [127.52397469115748, 36.94656721570415], [127.52397469115748, 36.94656721570415], [127.52678247170918, 36.946566615703226], [127.52678247170918, 36.946566615703226], [127.52959025217316, 36.946565949320735], [127.52958938062763, 36.944312321424334], [127.53239707829489, 36.94431158871988], [127.5323961241557, 36.94205796002586], [127.5323961241557, 36.94205796002586], [127.53239517012258, 36.93980433047463], [127.53239517012258, 36.93980433047463], [127.53239421619557, 36.9375507000662], [127.53239421619557, 36.9375507000662], [127.53239517012258, 36.93980433047463], [127.53239517012258, 36.93980433047463], [127.5323961241557, 36.94205796002586], [127.5323961241557, 36.94205796002586], [127.53239707829489, 36.94431158871988], [127.53239707829489, 36.94431158871988], [127.52958938062763, 36.944312321424334], [127.52959025217316, 36.946565949320735], [127.53239803254023, 36.94656521655666], [127.53520581280114, 36.94656441741101], [127.53520581280114, 36.94656441741102], [127.53239803254023, 36.94656521655666], [127.53239898689166, 36.94881884353617], [127.53239898689166, 36.94881884353617], [127.53239994134925, 36.95107246965839], [127.53239994134925, 36.95107246965839], [127.532400895913, 36.95332609492332], [127.53520892432842, 36.95332529558256], [127.53520892432842, 36.95332529558256], [127.53520996173489, 36.95557891992512], [127.53520996173489, 36.95557891992512], [127.53520892432842, 36.95332529558256], [127.532400895913, 36.95332609492332], [127.5295928673914, 36.95332682786629], [127.5295928673914, 36.95332682786629], [127.52678483877287, 36.95332749441148], [127.52678483877287, 36.95332749441148], [127.52397681006654, 36.953328094558884], [127.52397751652667, 36.95558171912919], [127.5267856279696, 36.95558111893297], [127.5267856279696, 36.95558111893297], [127.52959373932472, 36.955580452333535], [127.52959373932472, 36.95558045233354], [127.52959373932472, 36.95558045233354], [127.52959373932472, 36.95558045233354], [127.5267856279696, 36.955581118932976], [127.5267856279696, 36.955581118932976], [127.52397751652667, 36.9555817191292], [127.52397822306537, 36.95783534284219], [127.52397822306537, 36.95783534284219], [127.52397892968266, 36.96008896569781], [127.52397892968266, 36.96008896569781], [127.52397963637853, 36.96234258769607], [127.52678799608647, 36.96234198735333], [127.52678799608647, 36.96234198735333], [127.52959635570659, 36.96234132059118], [127.52959635570659, 36.962341320591186], [127.52678799608647, 36.962341987353334], [127.52678878563434, 36.964595608445364], [127.52398034315299, 36.96459620883695], [127.52398105000607, 36.96684982912045], [127.52398175693776, 36.969103448546484], [127.52398175693776, 36.969103448546484], [127.52117314880333, 36.96910398260015], [127.5211737730126, 36.97135760121221], [127.52398246394807, 36.97135706711509], [127.52398246394807, 36.97135706711509], [127.52398317103703, 36.97361068482623], [127.52679194470412, 36.97361008423922], [127.52679194470412, 36.97361008423922], [127.52960071828335, 36.97360941720579], [127.52960071828335, 36.97360941720579], [127.52960071828335, 36.97360941720579], [127.52960071828335, 36.97360941720579], [127.52679194470412, 36.97361008423922], [127.52679273469116, 36.97586370104403], [127.52679273469116, 36.97586370104403], [127.52679194470412, 36.97361008423922], [127.52398317103703, 36.973610684826234], [127.52398387820462, 36.9758643016799], [127.52398387820462, 36.9758643016799], [127.52398458545086, 36.97811791767605], [127.52398458545086, 36.97811791767605], [127.52398529277578, 36.98037153281471], [127.52679431492885, 36.98037093208111], [127.52679431492885, 36.98037093208111], [127.52960333699406, 36.98037026488487], [127.5296024639934, 36.97811664984936], [127.5296024639934, 36.97811664984936], [127.52960159108983, 36.97586303395633], [127.52960159108983, 36.97586303395633], [127.5296024639934, 36.97811664984936], [127.53241140312365, 36.97811591625016], [127.53241044739141, 36.9758623004168], [127.52960159108983, 36.97586303395633], [127.52960159108983, 36.97586303395632], [127.53241044739141, 36.9758623004168], [127.53240949176549, 36.973608683725935], [127.53240949176549, 36.973608683725935], [127.53241044739141, 36.9758623004168], [127.53521930358674, 36.97586150042546], [127.5352182651414, 36.973607883799666], [127.5352182651414, 36.973607883799666], [127.5352182651414, 36.973607883799666], [127.53802703840178, 36.97360701742698], [127.53802591726172, 36.971353400014166], [127.53802591726172, 36.971353400014166], [127.53802479624635, 36.969099781743886], [127.53802479624635, 36.969099781743886], [127.53802367535562, 36.96684616261615], [127.53802367535562, 36.96684616261615], [127.53802479624635, 36.96909978174388], [127.53802479624635, 36.969099781743886], [127.53802591726172, 36.971353400014166], [127.53802591726172, 36.971353400014166], [127.53802703840181, 36.97360701742698], [127.5408358115375, 36.9736060846079], [127.5408358115375, 36.9736060846079], [127.5436445845393, 36.97360508534245], [127.5436445845393, 36.97360508534245], [127.5436445845393, 36.97360508534245], [127.54364587144283, 36.97585870174058], [127.54364587144283, 36.97585870174058], [127.54364587144283, 36.97585870174058], [127.5436445845393, 36.97360508534245], [127.5408358115375, 36.973606084607916], [127.5408358115375, 36.9736060846079], [127.53802703840178, 36.97360701742698], [127.53802703840178, 36.97360701742699], [127.5352182651414, 36.97360788379967], [127.53521930358674, 36.97586150042546], [127.53521930358674, 36.97586150042546], [127.5352203421476, 36.97811511619372], [127.5352203421476, 36.97811511619372], [127.5352203421476, 36.97811511619373], [127.53241140312365, 36.97811591625016], [127.53241235896216, 36.980369531225996], [127.53522138082396, 36.980368731104484], [127.53522241961583, 36.982622345157665], [127.53522241961583, 36.982622345157665], [127.53522345852326, 36.9848759583533], [127.53803264597283, 36.98487509162816], [127.53803264597283, 36.98487509162816], [127.53803264597283, 36.98487509162816], [127.53803376786128, 36.987128703895685], [127.53803376786128, 36.987128703895685], [127.53803376786128, 36.987128703895685], [127.53803376786128, 36.987128703895685], [127.53803264597283, 36.98487509162816], [127.53522345852326, 36.98487595835331], [127.53522345852326, 36.98487595835331], [127.53241427095813, 36.98487675860499], [127.53241427095813, 36.98487675860499], [127.52960508328668, 36.984877492383234], [127.52960595657866, 36.98713110484605], [127.52960595657866, 36.98713110484605], [127.52960682996778, 36.98938471645125], [127.52960682996778, 36.98938471645125], [127.52960682996778, 36.98938471645125], [127.52960595657866, 36.98713110484605], [127.52960595657866, 36.98713110484605], [127.52960508328668, 36.984877492383234], [127.5267958955181, 36.98487815968803], [127.5267958955181, 36.98487815968803], [127.52398670766162, 36.98487876051936], [127.52398670766162, 36.98487876051937], [127.52398670766162, 36.98487876051937], [127.52398600017935, 36.98262514709582], [127.5211768951005, 36.98262568141022], [127.52117751972645, 36.98487929487722], [127.51836833172179, 36.98487976276161], [127.51836887355168, 36.98713337540911], [127.52117814442187, 36.987132907486654], [127.52117876918675, 36.98938651923849], [127.52117876918675, 36.98938651923849], [127.52117939402115, 36.991640130132716], [127.52117939402115, 36.991640130132716], [127.52117876918675, 36.98938651923849], [127.51836941544181, 36.98938698719901], [127.51836887355168, 36.98713337540911], [127.51555960262122, 36.98713377685268], [127.5155591436569, 36.98488016417254], [127.5155591436569, 36.98488016417254], [127.5155586847436, 36.982626550634826], [127.512749579484, 36.98262688554502], [127.51274995554095, 36.98488049910996], [127.51274995554095, 36.98488049910996], [127.512749579484, 36.982626885545], [127.50994047418256, 36.982627153987124], [127.50994076738317, 36.98488076757391], [127.50994076738317, 36.98488076757391], [127.50994106061638, 36.98713438030314], [127.50994106061638, 36.98713438030314], [127.50994135388223, 36.989387992174784], [127.50994135388223, 36.989387992174784], [127.50994106061638, 36.98713438030314], [127.50994106061638, 36.98713438030314], [127.50994076738317, 36.98488076757391], [127.50713157919279, 36.98488096956439], [127.50713178956045, 36.98713458231004], [127.50713178956045, 36.98713458231004], [127.5071319999515, 36.989388194198106], [127.50994135388223, 36.989387992174784], [127.50994164718067, 36.99164160318882], [127.50994164718067, 36.99164160318882], [127.50994194051175, 36.99389521334524], [127.51275146018705, 36.99389494479392], [127.51275108396277, 36.991641334659356], [127.51275108396277, 36.991641334659356], [127.51275070778033, 36.989387723667164], [127.51275070778033, 36.989387723667164], [127.51275033163974, 36.98713411181736], [127.51275033163974, 36.98713411181736], [127.51274995554095, 36.98488049910997], [127.51274995554095, 36.98488049910997], [127.51275033163974, 36.98713411181736], [127.51555960262122, 36.98713377685269], [127.51555960262122, 36.98713377685269], [127.51275033163974, 36.98713411181736], [127.51275070778036, 36.989387723667164], [127.51275070778033, 36.989387723667164], [127.51275108396277, 36.991641334659356], [127.51275108396277, 36.991641334659356], [127.51275146018708, 36.99389494479392], [127.51275146018708, 36.99389494479392], [127.5127518364532, 36.99614855407086], [127.5127518364532, 36.99614855407086], [127.51275146018708, 36.99389494479392], [127.50994194051175, 36.99389521334524], [127.50994223387545, 36.99614882264401], [127.51275183645318, 36.99614855407086], [127.51275221276117, 36.998402162490116], [127.5155618982087, 36.99840182738919], [127.5155618982087, 36.99840182738919], [127.51837158360517, 36.99840142578233], [127.5183710414739, 36.99614781742299], [127.5183710414739, 36.99614781742299], [127.51837158360517, 36.99840142578233], [127.52118126894133, 36.998400957669546], [127.52118126894133, 36.998400957669546], [127.51837158360517, 36.99840142578233], [127.51837212579674, 37.000655033284005], [127.51837266804863, 37.002908639927966], [127.52118251923572, 37.00290817173903], [127.52118189405377, 37.00065456513314], [127.52118189405377, 37.00065456513314], [127.52118189405377, 37.00065456513314], [127.52118251923572, 37.00290817173903], [127.52118251923572, 37.00290817173903], [127.52118314448724, 37.005161777487196], [127.52399307854407, 37.00516124273804], [127.52399378681362, 37.00741484758496], [127.52680380374022, 37.007414246264766], [127.52680380374022, 37.007414246264766], [127.52961382057882, 37.00741357841702], [127.52961469484264, 37.00966718230298], [127.5324247945417, 37.00966644786797], [127.5324247945417, 37.00966644786796], [127.53523489413429, 37.00966564690001], [127.53523385395508, 37.00741204313893], [127.53523385395508, 37.00741204313893], [127.53523489413429, 37.00966564690001], [127.5380449936112, 37.009664779399124], [127.5380449936112, 37.009664779399124], [127.54085509296316, 37.009663845365324], [127.54085509296316, 37.009663845365324], [127.543665192181, 37.0096628447986], [127.54366390312875, 37.00740924126538], [127.54366390312875, 37.00740924126538], [127.543665192181, 37.009662844798605], [127.54647529125543, 37.00966177769897], [127.54647391924551, 37.00740817425252], [127.54647391924551, 37.00740817425252], [127.54647529125543, 37.00966177769897], [127.54647529125543, 37.00966177769897], [127.54647529125543, 37.00966177769897], [127.543665192181, 37.009662844798605], [127.54366648137665, 37.01191644747403], [127.54647666341795, 37.011915380287626], [127.54647666341795, 37.011915380287626], [127.54928684530664, 37.0119142465629], [127.54928539017727, 37.00966064406646], [127.54928539017727, 37.00966064406646], [127.55209548893725, 37.00965944390105], [127.55209395101213, 37.00740584064438], [127.55209395101213, 37.00740584064438], [127.55209395101213, 37.007405840644374], [127.55209395101213, 37.007405840644374], [127.55209548893725, 37.00965944390105], [127.55209548893725, 37.00965944390105], [127.55209548893725, 37.00965944390105], [127.54928539017727, 37.009660644066464], [127.54928684530664, 37.0119142465629], [127.55209702703347, 37.0119130462999], [127.55209702703347, 37.0119130462999], [127.55490720858919, 37.01191177949861], [127.55490558752619, 37.009658177202766], [127.55490558752619, 37.009658177202766], [127.55490558752619, 37.00965817720277], [127.55490558752619, 37.00965817720277], [127.55490720858921, 37.01191177949862], [127.55490720858919, 37.01191177949862], [127.55490720858919, 37.01191177949862], [127.55209702703347, 37.0119130462999], [127.55209702703347, 37.0119130462999], [127.54928684530664, 37.0119142465629], [127.54928684530664, 37.0119142465629], [127.54647666341795, 37.011915380287626], [127.5464780357331, 37.014168982018425], [127.54928830059785, 37.01416784820152], [127.54928830059785, 37.01416784820152], [127.55209856530075, 37.01416664784091], [127.55209856530075, 37.01416664784091], [127.55490882983254, 37.0141653809366], [127.55490882983254, 37.0141653809366], [127.55771909418398, 37.01416404748861], [127.55771738996464, 37.011910446159064], [127.55771738996464, 37.011910446159064], [127.55771738996464, 37.011910446159064], [127.56052757115053, 37.011909046281254], [127.56052578415394, 37.009655444207674], [127.55771568593484, 37.00965684397165], [127.55771568593484, 37.00965684397164], [127.55771568593484, 37.00965684397164], [127.55771568593484, 37.00965684397164], [127.56052578415394, 37.00965544420767], [127.56052578415394, 37.00965544420767], [127.56333588217433, 37.009653977910865], [127.56333401241895, 37.00740037509867], [127.56052399735611, 37.00740184127624], [127.56052399735611, 37.007401841276234], [127.55771398209454, 37.00740324092639], [127.55771398209454, 37.00740324092639], [127.55490396664347, 37.00740457404911], [127.55490396664347, 37.0074045740491], [127.55771398209451, 37.00740324092639], [127.55771227844373, 37.005149637023315], [127.55490234594099, 37.005150970037626], [127.55490234594099, 37.005150970037626], [127.55490234594099, 37.005150970037626], [127.55490072541879, 37.002897365168344], [127.55209087567495, 37.00289863155763], [127.55209087567495, 37.00289863155763], [127.54928102576011, 37.002899831430256], [127.54928102576011, 37.00289983143025], [127.55209087567495, 37.00289863155761], [127.55209087567495, 37.00289863155761], [127.55490072541879, 37.00289736516834], [127.55489910507681, 37.00064375944128], [127.55489910507681, 37.00064375944128], [127.55489748491503, 36.998390152856466], [127.5520878010218, 36.99839141903978], [127.5520878010218, 36.99839141903978], [127.5492781169576, 36.998392618717254], [127.5492781169576, 36.998392618717254], [127.5520878010218, 36.99839141903978], [127.55208626395167, 36.99613781149424], [127.55208626395167, 36.99613781149424], [127.55208472705252, 36.99388420309101], [127.55208472705252, 36.99388420309101], [127.55208319032427, 36.991630593830074], [127.55208319032427, 36.991630593830074], [127.55208165376692, 36.989376983711466], [127.54927230129334, 36.98937818299871], [127.54927230129334, 36.98937818299871], [127.54927230129334, 36.98937818299871], [127.54927084778147, 36.987124571924895], [127.54927084778147, 36.987124571924895], [127.54926939443129, 36.984870959993465], [127.54926939443129, 36.984870959993465], [127.5492708477815, 36.987124571924895], [127.5492708477815, 36.987124571924895], [127.54927230129334, 36.989378182998706], [127.55208165376692, 36.98937698371145], [127.55208011738047, 36.98712337273519], [127.55208011738047, 36.98712337273519], [127.55207858116488, 36.98486976090129], [127.55207858116488, 36.98486976090128], [127.55207858116488, 36.98486976090128], [127.55208011738047, 36.98712337273519], [127.55208165376692, 36.989376983711466], [127.55208165376692, 36.989376983711466], [127.55208319032427, 36.99163059383005], [127.55208319032427, 36.99163059383005], [127.55208472705252, 36.99388420309099], [127.55489424513203, 36.99388293711364], [127.55489262551077, 36.99162932795568], [127.55489262551077, 36.99162932795568], [127.55489424513203, 36.99388293711364], [127.55489424513203, 36.99388293711364], [127.55489586493347, 36.99613654541391], [127.55489586493347, 36.99613654541391], [127.55489586493347, 36.99613654541391], [127.55489586493347, 36.99613654541391], [127.55489424513203, 36.99388293711364], [127.55208472705252, 36.993884203091], [127.55208626395167, 36.99613781149424], [127.5520862639517, 36.99613781149424], [127.5520878010218, 36.99839141903978], [127.55489748491506, 36.998390152856466], [127.55489748491506, 36.998390152856466], [127.5577071686281, 36.998388820167335], [127.5577071686281, 36.998388820167335], [127.56051685215175, 36.998387420972435], [127.56051685215175, 36.998387420972435], [127.56332653547676, 36.99838595527174], [127.56332466676092, 36.996132348170576], [127.56332466676092, 36.996132348170576], [127.56332279825287, 36.99387874021166], [127.56051328074145, 36.99388020567397], [127.56051328074145, 36.99388020567397], [127.56332279825287, 36.99387874021166], [127.56332279825287, 36.99387874021166], [127.56332279825287, 36.99387874021166], [127.56332466676092, 36.99613234817057], [127.56332466676092, 36.99613234817057], [127.56332653547676, 36.99838595527174], [127.56613621859394, 36.99838442306528], [127.56613426696671, 36.99613081608872], [127.56613426696671, 36.99613081608872], [127.56613426696671, 36.99613081608872], [127.56613426696671, 36.99613081608872], [127.56613621859394, 36.998384423065275], [127.56894590149403, 36.998382824353065], [127.56894386695544, 36.99612921750653], [127.56894386695544, 36.99612921750653], [127.56894590149403, 36.998382824353065], [127.57175558416782, 36.99838115913512], [127.57175558416782, 36.99838115913513], [127.57456526660609, 36.99837942741146], [127.57456526660609, 36.99837942741146], [127.57737494879962, 36.99837762918211], [127.57737494879962, 36.99837762918211], [127.57456526660609, 36.99837942741146], [127.57456746721205, 37.000633033123954], [127.57737723232607, 37.00063123474835], [127.57737723232607, 37.00063123474835], [127.5801869971861, 37.000629369861635], [127.5801869971861, 37.000629369861635], [127.57737723232607, 37.00063123474835], [127.57737723232607, 37.000631234748354], [127.57456746721205, 37.00063303312397], [127.57456966806276, 37.00288663797865], [127.57456966806276, 37.00288663797865], [127.57457186915828, 37.0051402419755], [127.57457186915828, 37.0051402419755], [127.57457407049863, 37.00739384511451], [127.57738408442947, 37.007392046300076], [127.57738408442947, 37.00739204630008], [127.57457407049863, 37.007393845114514], [127.57457407049863, 37.00739384511451], [127.57457407049863, 37.00739384511451], [127.57457186915828, 37.0051402419755], [127.57457186915828, 37.0051402419755], [127.57456966806276, 37.00288663797865], [127.57456966806276, 37.00288663797865], [127.57456746721205, 37.000633033123954], [127.57456746721205, 37.000633033123954], [127.57456526660609, 36.99837942741147], [127.57175558416782, 36.998381159135135], [127.57175770185326, 37.00063476498846], [127.57175770185323, 37.00063476498846], [127.57175981977421, 37.002888369984], [127.57175981977421, 37.002888369984], [127.57176193793076, 37.00514197412172], [127.57176193793076, 37.00514197412172], [127.57176405632292, 37.007395577401596], [127.57176405632292, 37.007395577401596], [127.5717661749507, 37.00964917982361], [127.57457627208382, 37.00964744739566], [127.57457627208382, 37.00964744739566], [127.57738636897204, 37.00964564843494], [127.57738636897204, 37.00964564843494], [127.58019646560618, 37.009643782941495], [127.58019646560618, 37.0096437829415], [127.58300656197697, 37.00964185091534], [127.58300411151968, 37.007388249089296], [127.58019409810623, 37.00739018095834], [127.58019409810623, 37.00739018095834], [127.58019409810623, 37.00739018095834], [127.58019409810623, 37.00739018095834], [127.58300411151968, 37.007388249089296], [127.58300411151968, 37.007388249089296], [127.58581412466062, 37.00738625069296], [127.58581159152779, 37.00513264817155], [127.58581159152779, 37.00513264817155], [127.5858090586767, 37.00287904479223], [127.5858090586767, 37.00287904479223], [127.5858115915278, 37.00513264817155], [127.5858115915278, 37.00513264817155], [127.58581412466062, 37.00738625069296], [127.58581412466062, 37.00738625069296], [127.58581412466062, 37.00738625069296], [127.58300411151968, 37.007388249089296], [127.58300656197697, 37.00964185091533], [127.5858166580752, 37.0096398523565], [127.5858166580752, 37.00963985235649], [127.58862675389162, 37.00963778726498], [127.58862413751979, 37.00738418576938], [127.58862413751979, 37.00738418576938], [127.58862152143894, 37.00513058341587], [127.58862152143894, 37.00513058341587], [127.58861890564901, 37.00287698020447], [127.5858090586767, 37.00287904479223], [127.58580652610732, 37.00062544055505], [127.58299676178294, 37.00062743846387], [127.58299921142269, 37.00288104286354], [127.58299921142269, 37.00288104286354], [127.58299921142269, 37.00288104286353], [127.58018936389622, 37.002882974418384], [127.58018936389622, 37.00288297441838], [127.58299921142269, 37.00288104286352], [127.58299676178291, 37.00062743846387], [127.58299676178294, 37.00062743846387], [127.58299676178294, 37.00062743846387], [127.58580652610732, 37.00062544055505], [127.58580399381957, 36.99837183546003], [127.5829943124156, 36.998373833206365], [127.5829943124156, 36.99837383320636], [127.5801846307392, 36.998375764447054], [127.5801869971861, 37.00062936986163], [127.5801869971861, 37.00062936986163], [127.5801846307392, 36.998375764447054], [127.5801846307392, 36.998375764447054], [127.5801846307392, 36.998375764447054], [127.5829943124156, 36.99837383320636], [127.58299186332066, 36.99612022709105], [127.58299186332066, 36.99612022709105], [127.5829894144981, 36.993866620117934], [127.58017989863491, 36.99386855104452], [127.58017753297747, 36.991614943056575], [127.58017516758314, 36.989361334210905], [127.58298451766997, 36.98935940359839], [127.58298206966437, 36.987105794052006], [127.58579133660464, 36.98710379711792], [127.58578880600618, 36.98485018687623], [127.58297962193099, 36.98485218364788], [127.58297962193099, 36.98485218364788], [127.58017043758358, 36.984854113946355], [127.57736125297315, 36.9848559777716], [127.57736353497626, 36.987109588484344], [127.57736581723319, 36.98936319833937], [127.57736581723319, 36.98936319833937], [127.57736353497626, 36.98710958848434], [127.57736353497626, 36.98710958848434], [127.57736125297315, 36.984855977771595], [127.57736125297315, 36.984855977771595], [127.57735897122383, 36.98260236620117], [127.57735897122383, 36.98260236620117], [127.57736125297315, 36.984855977771595], [127.58017043758358, 36.98485411394635], [127.58017043758358, 36.98485411394635], [127.58297962193099, 36.984852183647874], [127.58297717446983, 36.98259857238607], [127.58016807297831, 36.98260050252752], [127.58016570863603, 36.980346890251035], [127.57735668972825, 36.98034875377308], [127.57735897122383, 36.98260236620117], [127.57735897122382, 36.98260236620117], [127.57735668972825, 36.98034875377308], [127.57454767056674, 36.98035055083272], [127.57454986921557, 36.982604163407004], [127.57174076696279, 36.982605894144974], [127.57174288300017, 36.98485950600237], [127.57174288300017, 36.98485950600237], [127.57174288300017, 36.98485950600237], [127.56893369765602, 36.984861170407875], [127.56893369765602, 36.98486117040788], [127.56612451208576, 36.9848627683401], [127.56612451208576, 36.98486276834009], [127.56612451208576, 36.98486276834009], [127.56612451208576, 36.98486276834009], [127.56893369765602, 36.984861170407875], [127.56893166447466, 36.98260755841508], [127.56612256176045, 36.98260915621732], [127.56612256176045, 36.98260915621732], [127.56331345882931, 36.98261068755167], [127.56331532629856, 36.98486429979899], [127.56331532629856, 36.98486429979899], [127.56050614030367, 36.98486576478458], [127.56050614030367, 36.98486576478458], [127.55769695411028, 36.98486716329685], [127.55769695411028, 36.98486716329685], [127.56050614030364, 36.98486576478458], [127.56050614030367, 36.98486576478458], [127.56331532629856, 36.98486429979899], [127.56331345882931, 36.98261068755167], [127.5605043556905, 36.98261215241809], [127.5605043556905, 36.98261215241809], [127.55769525235323, 36.98261355081659], [127.55769525235323, 36.98261355081659], [127.55769525235323, 36.98261355081659], [127.55769525235323, 36.98261355081658], [127.5605043556905, 36.98261215241808], [127.5605043556905, 36.982612152418085], [127.56331345882931, 36.98261068755166], [127.56331345882931, 36.98261068755167], [127.56612256176045, 36.98260915621732], [127.56612061165202, 36.980355543236925], [127.56331159156774, 36.98035707444671], [127.56331159156774, 36.9803570744467], [127.56050257127582, 36.98035853919397], [127.56050257127582, 36.98035853919397], [127.55769355078543, 36.98035993747873], [127.55769355078543, 36.980359937478724], [127.56050257127582, 36.980358539193965], [127.56050078705958, 36.97810492511226], [127.56050078705958, 36.97810492511226], [127.56050078705958, 36.97810492511226], [127.56050078705958, 36.97810492511226], [127.56050257127582, 36.980358539193965], [127.56331159156774, 36.980357074446694], [127.56331159156774, 36.9803570744467], [127.56612061165202, 36.980355543236925], [127.56612061165202, 36.980355543236925], [127.56612061165202, 36.980355543236925], [127.56612256176045, 36.98260915621732], [127.56893166447466, 36.98260755841508], [127.56893369765602, 36.98486117040787], [127.57174288300017, 36.984859506002365], [127.57174076696279, 36.98260589414497], [127.57454986921557, 36.982604163407], [127.57454767056674, 36.98035055083272], [127.57454767056674, 36.98035055083272], [127.57454547216244, 36.97809693740081], [127.57173653559398, 36.97809866785723], [127.57173653559398, 36.978098667857225], [127.57173653559398, 36.978098667857225], [127.57173653559398, 36.978098667857225], [127.57454547216244, 36.9780969374008], [127.57454327400262, 36.97584332311127], [127.57454327400262, 36.97584332311127], [127.57454327400262, 36.97584332311128], [127.57454327400262, 36.97584332311128], [127.57454547216244, 36.9780969374008], [127.57454547216244, 36.9780969374008], [127.57454767056674, 36.98035055083271], [127.57735668972825, 36.98034875377308], [127.57735440848643, 36.97809514048735], [127.57735440848643, 36.97809514048735], [127.57735212749827, 36.975841526343984], [127.57735212749827, 36.975841526343984], [127.57734984676378, 36.97358791134301], [127.57454107608726, 36.97358970796414], [127.57454107608726, 36.97358970796413], [127.5717323051663, 36.973591438139046], [127.5717323051663, 36.97359143813904], [127.57454107608726, 36.97358970796413], [127.57454107608726, 36.97358970796413], [127.57734984676378, 36.973587911343], [127.57734756628295, 36.971334295484446], [127.5745388784163, 36.97133609195941], [127.57453668098978, 36.96908247509714], [127.57453668098978, 36.96908247509714], [127.5745344838076, 36.96682885737732], [127.5745344838076, 36.96682885737732], [127.57453228686978, 36.964575238799995], [127.57172384713328, 36.964576968411954], [127.57172384713328, 36.964576968411954], [127.57172384713328, 36.964576968411954], [127.57172173321285, 36.96232334883641], [127.56891337601436, 36.96232501188845], [127.56891337601436, 36.96232501188845], [127.56610501859001, 36.96232660852125], [127.56610696696414, 36.96458022836204], [127.56891540716165, 36.964578631599316], [127.56891540716165, 36.964578631599316], [127.56891540716165, 36.96457863159932], [127.56610696696414, 36.96458022836204], [127.56610891555496, 36.96683384734534], [127.56610891555496, 36.96683384734534], [127.56611086436251, 36.969087465471105], [127.56611086436251, 36.969087465471105], [127.56611281338684, 36.971341082739386], [127.56892150195904, 36.97133948558691], [127.56891947013398, 36.969085868448566], [127.56891947013398, 36.969085868448566], [127.57172807567946, 36.96908420499056], [127.57172807567946, 36.96908420499056], [127.57172807567946, 36.96908420499056], [127.57172807567946, 36.969084204990565], [127.56891947013398, 36.96908586844857], [127.56892150195904, 36.97133948558691], [127.56611281338684, 36.971341082739386], [127.56611476262792, 36.97359469915013], [127.56892353401011, 36.97359310186772], [127.56892353401011, 36.97359310186772], [127.5717323051663, 36.973591438139046], [127.5717323051663, 36.973591438139046], [127.56892353401011, 36.97359310186772], [127.56892353401011, 36.97359310186773], [127.56611476262792, 36.973594699150134], [127.56611671208577, 36.975848314703306], [127.56611671208577, 36.975848314703306], [127.56611476262792, 36.97359469915013], [127.56611476262792, 36.97359469915013], [127.56611281338684, 36.971341082739386], [127.56330412459783, 36.971342613451], [127.56330412459783, 36.971342613451], [127.5604954356013, 36.971344077721746], [127.56049721922234, 36.97359769437613], [127.56049721922234, 36.97359769437613], [127.56049721922234, 36.97359769437613], [127.56049721922234, 36.97359769437613], [127.5604954356013, 36.971344077721746], [127.5604954356013, 36.971344077721746], [127.56330412459783, 36.971342613451], [127.56330412459783, 36.97134261345101], [127.56611281338684, 36.971341082739386], [127.56611086436251, 36.969087465471105], [127.56330225837432, 36.9690889960582], [127.56330225837432, 36.96908899605821], [127.56330225837432, 36.96908899605821], [127.56330225837432, 36.9690889960582], [127.56611086436251, 36.969087465471105], [127.56610891555496, 36.96683384734533], [127.56610891555496, 36.96683384734533], [127.56610696696414, 36.96458022836204], [127.56610696696414, 36.96458022836204], [127.56610501859001, 36.96232660852125], [127.56610307043253, 36.960072987823025], [127.56329479555545, 36.9600745179121], [127.56329293036941, 36.957820896231915], [127.56048473803968, 36.95782235978805], [127.56048473803968, 36.95782235978805], [127.55767654551174, 36.957823756935696], [127.55767824518819, 36.96007737884862], [127.55767824518819, 36.96007737884862], [127.55767994505366, 36.962330999904125], [127.55487158681784, 36.96233233085985], [127.55487320409914, 36.964585951166214], [127.55487320409914, 36.964585951166214], [127.55487320409914, 36.964585951166214], [127.55206476291018, 36.96458721580552], [127.55206629758888, 36.96684083535732], [127.55206629758888, 36.96684083535732], [127.55206783243827, 36.969094454051636], [127.55487643920137, 36.969093189206546], [127.55487643920137, 36.969093189206546], [127.55206783243827, 36.969094454051636], [127.55206936745836, 36.97134807188849], [127.55487805702234, 36.971346806940495], [127.55487805702234, 36.971346806940495], [127.55768674640638, 36.97134547555157], [127.55768504578455, 36.96909185792593], [127.55487643920137, 36.969093189206546], [127.55487482156029, 36.966839570615136], [127.55487482156029, 36.966839570615136], [127.55487482156032, 36.966839570615136], [127.55487643920137, 36.969093189206546], [127.55768504578455, 36.969091857925925], [127.55768504578455, 36.96909185792594], [127.55768504578455, 36.96909185792594], [127.55768674640638, 36.97134547555157], [127.55768674640638, 36.97134547555157], [127.55768674640638, 36.97134547555158], [127.55487805702234, 36.9713468069405], [127.55487805702234, 36.9713468069405], [127.55206936745836, 36.9713480718885], [127.55207090264918, 36.97360168886783], [127.55207090264918, 36.97360168886783], [127.55206936745836, 36.9713480718885], [127.54926067772364, 36.971349270395564], [127.54926067772364, 36.97134927039555], [127.54645198782742, 36.97135040246166], [127.54645198782742, 36.97135040246165], [127.54926067772364, 36.97134927039554], [127.54926067772364, 36.97134927039555], [127.55206936745836, 36.97134807188849], [127.55206783243827, 36.969094454051636], [127.55206783243827, 36.969094454051636], [127.55206629758888, 36.96684083535732], [127.55206629758888, 36.96684083535732], [127.55206476291018, 36.96458721580552], [127.55206476291018, 36.96458721580552], [127.55206322840213, 36.96233359539628], [127.54925486981581, 36.962334793513385], [127.54925486981581, 36.96233479351338], [127.55206322840213, 36.96233359539628], [127.55206322840213, 36.96233359539628], [127.55206322840213, 36.96233359539628], [127.55206476291018, 36.96458721580552], [127.55487320409914, 36.964585951166214], [127.55487158681784, 36.96233233085985], [127.55487158681784, 36.96233233085985], [127.55486996971639, 36.96007870969606], [127.55206169406478, 36.96007997412959], [127.55206015989802, 36.957826352005526], [127.55206015989802, 36.957826352005526], [127.55205862590186, 36.95557272902404], [127.54925051558017, 36.95557392684873], [127.54925196683062, 36.95782754992768], [127.54925196683062, 36.95782754992768], [127.54925341824251, 36.96008117214922], [127.54925341824251, 36.96008117214922], [127.54925196683062, 36.95782754992768], [127.54925196683062, 36.95782754992768], [127.54925051558017, 36.95557392684873], [127.54925051558017, 36.95557392684873], [127.54924906449108, 36.953320302912424], [127.54644103674447, 36.953321434241936], [127.54644240509708, 36.95557505827029], [127.54644240509708, 36.95557505827029], [127.54644240509708, 36.95557505827029], [127.54644240509708, 36.95557505827029], [127.54644103674447, 36.953321434241936], [127.5436330088457, 36.953322499173716], [127.54363429446181, 36.95557612328872], [127.54363429446181, 36.95557612328872], [127.5436330088457, 36.953322499173716], [127.54082498080399, 36.95332349770775], [127.54082498080399, 36.95332349770775], [127.5380169526285, 36.95332442984403], [127.53801583261003, 36.95107080471458], [127.53520788703732, 36.951071670382674], [127.53520684986157, 36.94881804432549], [127.53520684986157, 36.94881804432549], [127.53520684986157, 36.94881804432549], [127.53520684986157, 36.94881804432549], [127.53520788703732, 36.951071670382674], [127.53801583261003, 36.95107080471458], [127.53801583261003, 36.95107080471458], [127.5380169526285, 36.95332442984403], [127.54082498080399, 36.95332349770775], [127.54082498080399, 36.95332349770775], [127.5436330088457, 36.95332249917371], [127.5436330088457, 36.95332249917371], [127.54644103674447, 36.953321434241936], [127.54643966854404, 36.95106780935622], [127.54643966854404, 36.95106780935622], [127.54644103674447, 36.953321434241936], [127.54924906449108, 36.953320302912424], [127.54924761356335, 36.95106667811877], [127.54924761356335, 36.95106667811877], [127.54924616279698, 36.94881305246779], [127.54924616279698, 36.94881305246779], [127.54924761356335, 36.95106667811877], [127.54924761356335, 36.95106667811877], [127.54924906449108, 36.953320302912424], [127.55205709207631, 36.953319105185194], [127.55205555842132, 36.95106548048899], [127.55205555842132, 36.95106548048899], [127.55205709207631, 36.953319105185194], [127.55205862590186, 36.95557272902404], [127.55486673605299, 36.955571464796236], [127.55486673605299, 36.955571464796236], [127.55486673605299, 36.955571464796236], [127.55205862590186, 36.95557272902404], [127.55206015989802, 36.957826352005526], [127.55206015989802, 36.957826352005526], [127.55206169406478, 36.96007997412959], [127.55486996971639, 36.96007870969606], [127.55486996971639, 36.96007870969606], [127.55487158681784, 36.96233233085985], [127.55767994505366, 36.962330999904125], [127.55767824518819, 36.96007737884862], [127.55767824518819, 36.96007737884862], [127.55767654551174, 36.95782375693568], [127.55767654551174, 36.95782375693568], [127.55767484602431, 36.95557013416534], [127.55767484602431, 36.95557013416534], [127.55767314672588, 36.95331651053764], [127.55486511949097, 36.95331784106026], [127.55486511949097, 36.953317841060255], [127.55486511949097, 36.95331784106025], [127.55767314672585, 36.95331651053762], [127.55767144761639, 36.95106288605254], [127.55767144761639, 36.95106288605254], [127.55766974869586, 36.94880926071012], [127.55766974869586, 36.94880926071012], [127.55766804996426, 36.94655563451035], [127.55486027088345, 36.94655696470822], [127.55486027088345, 36.94655696470822], [127.55205249162297, 36.94655822852461], [127.55205402493688, 36.94881185493546], [127.55205402493685, 36.94881185493546], [127.55205249162294, 36.94655822852461], [127.54924471219194, 36.94655942595949], [127.54924616279698, 36.948813052467784], [127.54924616279698, 36.948813052467784], [127.54924471219194, 36.94655942595949], [127.5464369325996, 36.946560557012866], [127.5464369325996, 36.94656055701286], [127.5464369325996, 36.94656055701286], [127.5464369325996, 36.94656055701286], [127.54924471219194, 36.946559425959485], [127.54924326174822, 36.9443057985939], [127.54643556485557, 36.944306929555246], [127.54643556485557, 36.944306929555246], [127.54924326174822, 36.9443057985939], [127.54924181146579, 36.94205217037105], [127.54924181146579, 36.94205217037105], [127.55204942550662, 36.942050973131025], [127.55204942550662, 36.942050973131025], [127.54924181146579, 36.94205217037106], [127.54924326174822, 36.9443057985939], [127.54924326174822, 36.9443057985939], [127.54924471219194, 36.946559425959485], [127.55205249162294, 36.9465582285246], [127.55205249162294, 36.9465582285246], [127.55486027088345, 36.94655696470822], [127.55486027088345, 36.94655696470822], [127.55766804996426, 36.94655563451034], [127.55766635142156, 36.94430200745328], [127.5548586550404, 36.944303337542905], [127.5548586550404, 36.944303337542905], [127.55205095847955, 36.94430460125646], [127.55205095847955, 36.944304601256455], [127.5548586550404, 36.944303337542905], [127.5548586550404, 36.944303337542905], [127.55766635142156, 36.94430200745328], [127.55766635142156, 36.94430200745328], [127.55766635142156, 36.94430200745328], [127.55766804996426, 36.94655563451034], [127.55766804996426, 36.94655563451034], [127.55766974869586, 36.94880926071011], [127.56047761029657, 36.94880786401711], [127.56047582885616, 36.946554237931], [127.56047582885616, 36.946554237931], [127.56047761029657, 36.94880786401711], [127.56328547169915, 36.94880640093726], [127.56328360754995, 36.946552774970186], [127.56328360754995, 36.946552774970186], [127.56328174360806, 36.94429914814581], [127.56328174360806, 36.94429914814581], [127.56327987987342, 36.94204552046412], [127.56327987987342, 36.94204552046412], [127.56327801634606, 36.93979189192514], [127.56047048572346, 36.939793354528845], [127.56047048572346, 36.939793354528845], [127.55766295490281, 36.93979475076729], [127.55766465306775, 36.94204837953892], [127.55766465306775, 36.94204837953892], [127.55766295490281, 36.93979475076729], [127.55766295490281, 36.939794750767284], [127.5576612569267, 36.93754112113841], [127.5576612569267, 36.93754112113841], [127.55766295490281, 36.939794750767284], [127.56047048572346, 36.939793354528845], [127.56046870507531, 36.937539725013586], [127.56046870507531, 36.937539725013586], [127.56046692462517, 36.935286094641086], [127.55765955913938, 36.93528749065229], [127.55765786154089, 36.93303385930897], [127.55485057851996, 36.933035188857495], [127.55485057851996, 36.933035188857495], [127.55204329531948, 36.93303645205695], [127.55204329531948, 36.93303645205695], [127.55485057851996, 36.933035188857495], [127.55485057851996, 36.933035188857495], [127.55765786154089, 36.93303385930897], [127.55765616413115, 36.93078022710845], [127.55484896375472, 36.93078155654878], [127.55484896375472, 36.93078155654878], [127.55484896375472, 36.93078155654878], [127.55484734916901, 36.92852792338291], [127.55204023124831, 36.92852918637676], [127.55204023124831, 36.92852918637676], [127.55484734916901, 36.92852792338291], [127.55484573476286, 36.92627428935985], [127.55203869946827, 36.92627555225092], [127.55204023124831, 36.92852918637674], [127.55204023124831, 36.92852918637674], [127.55203869946827, 36.92627555225092], [127.54923166400334, 36.92627674880908], [127.54923166400334, 36.92627674880907], [127.55203869946827, 36.926275552250914], [127.55203716785854, 36.92402191726795], [127.5492302150106, 36.92402311372873], [127.54922876617896, 36.921769477791294], [127.54642189577763, 36.92177060783258], [127.54642326200148, 36.92402424386199], [127.54642326200148, 36.92402424386199], [127.5464246283773, 36.92627787903432], [127.5464246283773, 36.92627787903432], [127.54642326200148, 36.92402424386199], [127.54361630884047, 36.92402530766773], [127.54361630884047, 36.92402530766773], [127.54642326200148, 36.92402424386199], [127.54642189577763, 36.92177060783258], [127.54642189577763, 36.92177060783258], [127.54642189577763, 36.92177060783258], [127.54922876617894, 36.921769477791294], [127.54922731750841, 36.91951584099677], [127.54642052970568, 36.919516970946084], [127.54642052970568, 36.91951697094609], [127.54361374175107, 36.919518034578665], [127.54361245842045, 36.917264396748536], [127.54080575291255, 36.9172653939832], [127.54080695365371, 36.919519031894495], [127.54080695365371, 36.919519031894495], [127.54080695365371, 36.9195190318945], [127.54080695365371, 36.9195190318945], [127.54080575291255, 36.9172653939832], [127.53799904727111, 36.917266324906514], [127.53800016542283, 36.919519962893595], [127.53800016542283, 36.919519962893595], [127.5380012836989, 36.92177360002363], [127.5380012836989, 36.92177360002363], [127.53800016542283, 36.919519962893595], [127.53800016542283, 36.919519962893595], [127.53799904727111, 36.917266324906514], [127.53519234150534, 36.917267189518476], [127.53519337706759, 36.91952082757592], [127.53519337706759, 36.91952082757592], [127.53519234150534, 36.917267189518476], [127.53238563562444, 36.91726798781906], [127.53238658859719, 36.9195216259415], [127.52957980002081, 36.91952235799029], [127.52958067050088, 36.921775995315286], [127.52958067050088, 36.921775995315286], [127.52958154107775, 36.92402963178323], [127.53238849486068, 36.92402889961524], [127.53238754167594, 36.9217752632069], [127.53238754167594, 36.9217752632069], [127.53238849486068, 36.92402889961524], [127.53519544853758, 36.9240281011197], [127.53519441274501, 36.92177446477634], [127.53519441274501, 36.92177446477634], [127.53519544853758, 36.92402810111971], [127.53519544853758, 36.92402810111971], [127.53519648444536, 36.92628173660599], [127.53519648444536, 36.92628173660599], [127.53519752046836, 36.92853537123519], [127.53800463927332, 36.92853450627129], [127.53800352062413, 36.92628087171249], [127.53800352062413, 36.92628087171249], [127.53800240209932, 36.9240272362966], [127.53800240209932, 36.9240272362966], [127.5380012836989, 36.92177360002363], [127.5380012836989, 36.92177360002363], [127.53800240209932, 36.9240272362966], [127.54080935553668, 36.92402630514594], [127.54080935553668, 36.92402630514594], [127.54361630884047, 36.92402530766773], [127.54361630884047, 36.92402530766773], [127.54080935553668, 36.92402630514594], [127.54080935553668, 36.92402630514594], [127.53800240209932, 36.9240272362966], [127.53800352062413, 36.9262808717125], [127.53800352062413, 36.9262808717125], [127.53800463927332, 36.9285345062713], [127.54081175795389, 36.928533574969045], [127.54081175795389, 36.928533574969045], [127.54361887650086, 36.928532577328454], [127.54361887650086, 36.92853257732846], [127.54081175795389, 36.92853357496905], [127.54081175795389, 36.92853357496905], [127.53800463927332, 36.928534506271305], [127.53800575804692, 36.93078813997297], [127.53800575804692, 36.93078813997297], [127.53800687694493, 36.933041772817504], [127.53519959285998, 36.93304263792221], [127.53520062922865, 36.93529626998001], [127.53520062922865, 36.93529626998001], [127.53519959285998, 36.93304263792221], [127.53800687694493, 36.933041772817504], [127.53800575804692, 36.93078813997297], [127.53800575804692, 36.93078813997297], [127.53800463927332, 36.9285345062713], [127.53519752046836, 36.92853537123519], [127.53519648444536, 36.92628173660599], [127.53519648444536, 36.92628173660599], [127.53519544853758, 36.924028101119724], [127.53238849486068, 36.92402889961526], [127.53238849486068, 36.92402889961525], [127.52958154107775, 36.92402963178323], [127.52958241175143, 36.926283267394105], [127.53238944815142, 36.92628253516654], [127.53238944815142, 36.92628253516654], [127.52958241175143, 36.926283267394105], [127.52958328252194, 36.9285369021479], [127.52958328252194, 36.9285369021479], [127.52958241175143, 36.92628326739411], [127.52677537525462, 36.926283933288715], [127.52677616339886, 36.928537568096694], [127.52677616339886, 36.928537568096694], [127.52677695163077, 36.930791202047565], [127.52396974978463, 36.93079180170678], [127.52396974978463, 36.93079180170678], [127.52677695163077, 36.93079120204756], [127.52677616339886, 36.928537568096694], [127.52677616339886, 36.928537568096694], [127.52677537525462, 36.926283933288715], [127.52396833867017, 36.926284532850325], [127.52396833867017, 36.926284532850325], [127.52116130200727, 36.92628506607893], [127.52116130200727, 36.92628506607893], [127.52396833867017, 36.926284532850325], [127.52396833867017, 36.926284532850325], [127.52677537525462, 36.926283933288715], [127.52677458719799, 36.924030297623645], [127.52396763323064, 36.92403089713645], [127.52396763323064, 36.92403089713645], [127.52116067918482, 36.924031430321676], [127.52116067918482, 36.924031430321676], [127.51835372506976, 36.9240318971793], [127.51835426527512, 36.92628553297456], [127.51835426527512, 36.92628553297456], [127.51835372506973, 36.9240318971793], [127.51835372506976, 36.9240318971793], [127.51835318492445, 36.92177826052697], [127.51554631335723, 36.92177866102439], [127.5155467708946, 36.92403229770932], [127.5155467708946, 36.92403229770932], [127.51554722848286, 36.92628593353719], [127.51554722848286, 36.92628593353719], [127.515547686122, 36.92853956850798], [127.515547686122, 36.92853956850798]], [[127.52958938062763, 36.944312321424334], [127.52958850917899, 36.9420586926707], [127.52678089410541, 36.94205935894475], [127.52678089410541, 36.94205935894475], [127.52397327894413, 36.94205995884802], [127.52397327894413, 36.94205995884802], [127.52116566370432, 36.9420604923805], [127.52116566370432, 36.94206049238049], [127.52397327894413, 36.94205995884801], [127.52397327894413, 36.94205995884801], [127.52678089410541, 36.942059358944746], [127.52678089410541, 36.94205935894475], [127.52958850917899, 36.9420586926707], [127.52958763782729, 36.93980506305984], [127.52958763782729, 36.93980506305984], [127.52958676657248, 36.937551432591775], [127.52958676657248, 36.937551432591775], [127.52958589541453, 36.93529780126654], [127.52958589541453, 36.93529780126654], [127.52958589541453, 36.935297801266536], [127.53239326237463, 36.93529706880055], [127.53239230865975, 36.93304343667776], [127.53239230865975, 36.93304343667776], [127.53239230865975, 36.93304343667776], [127.53239230865975, 36.93304343667776], [127.53239326237463, 36.93529706880056], [127.53239326237463, 36.93529706880056], [127.53239326237463, 36.93529706880056], [127.52958589541456, 36.93529780126654], [127.52958676657248, 36.93755143259178], [127.52958676657248, 36.93755143259178], [127.52958763782729, 36.93980506305984], [127.52958763782729, 36.93980506305984], [127.52958850917899, 36.9420586926707], [127.52958850917899, 36.9420586926707], [127.52958938062763, 36.944312321424334], [127.52958938062763, 36.944312321424334]], [[127.52961294641224, 37.0051599736733], [127.52961294641224, 37.0051599736733], [127.52961207234289, 37.00290636807184], [127.52961207234289, 37.002906368071834], [127.52961207234289, 37.002906368071834], [127.52961207234289, 37.002906368071834], [127.52961294641224, 37.0051599736733], [127.53242288020512, 37.005159239357745], [127.5324219231965, 37.002905633815985], [127.5324219231965, 37.002905633815985], [127.5324209662943, 37.000652027416486], [127.52961119837073, 37.00065276161263], [127.5296103244958, 36.99839915429572], [127.5296103244958, 36.99839915429572], [127.52960945071804, 36.9961455461211], [127.52960945071804, 36.9961455461211], [127.52960857703746, 36.9938919370888], [127.52679905775152, 36.993892604610735], [127.52679984852972, 36.99614621369732], [127.52679984852972, 36.99614621369732], [127.52680063939586, 36.998399821926235], [127.52680063939586, 36.998399821926235], [127.52680143034999, 37.00065342929746], [127.52680143034999, 37.00065342929746], [127.52680063939586, 36.998399821926235], [127.52680063939586, 36.998399821926235], [127.52679984852972, 36.99614621369732], [127.52679984852972, 36.99614621369732], [127.52679905775152, 36.993892604610735], [127.52398953837763, 36.99389320563759], [127.52118001892502, 36.99389374016933], [127.52118001892502, 36.99389374016932], [127.51837049940293, 36.993894208205965], [127.51837049940293, 36.993894208205965], [127.51837049940293, 36.993894208205965], [127.51837049940293, 36.99389420820596], [127.52118001892502, 36.99389374016932], [127.52398953837763, 36.993893205637576], [127.52398953837763, 36.99389320563758], [127.52679905775152, 36.993892604610735], [127.52679905775152, 36.993892604610735], [127.52960857703746, 36.9938919370888], [127.52960770345405, 36.991638327198835], [127.52960770345405, 36.991638327198835], [127.52960857703746, 36.99389193708879], [127.53241809622624, 36.99389120307177], [127.53241713974965, 36.991637593241514], [127.53241713974965, 36.991637593241514], [127.53241809622624, 36.99389120307177], [127.53522761530861, 36.993890402559686], [127.53522761530861, 36.993890402559686], [127.53803713427538, 36.993889535552505], [127.53803601201255, 36.991635925857885], [127.53803601201255, 36.991635925857885], [127.5408454479614, 36.99163499243158], [127.54084424293946, 36.98938138195521], [127.54084424293946, 36.98938138195521], [127.54084303805155, 36.98712777062123], [127.54084303805155, 36.98712777062123], [127.54084424293946, 36.98938138195521], [127.54084424293947, 36.98938138195521], [127.5408454479614, 36.99163499243158], [127.5436548837762, 36.99163399251564], [127.5436548837762, 36.99163399251564], [127.54646431944775, 36.99163292611006], [127.54646431944775, 36.99163292611006], [127.5436548837762, 36.99163399251564], [127.5436548837762, 36.99163399251564], [127.5408454479614, 36.99163499243158], [127.54084665311736, 36.99388860205029], [127.54365617182525, 36.99388760205302], [127.54365617182525, 36.99388760205302], [127.5464656903899, 36.993886535560705], [127.5464656903899, 36.993886535560705], [127.5464656903899, 36.993886535560705], [127.54646706148453, 36.996140144153664], [127.54365746001758, 36.996141210732716], [127.54365874835318, 36.998394818554715], [127.54365874835318, 36.998394818554715], [127.54365874835318, 36.998394818554715], [127.54365874835318, 36.998394818554715], [127.54365746001758, 36.996141210732716], [127.54365746001758, 36.996141210732716], [127.54365617182525, 36.99388760205302], [127.54084665311736, 36.9938886020503], [127.54084785840736, 36.99614221081133], [127.54084785840736, 36.99614221081133], [127.54084665311736, 36.99388860205029], [127.54084665311736, 36.99388860205029], [127.5408454479614, 36.99163499243158], [127.53803601201255, 36.99163592585789], [127.53803713427538, 36.99388953555252], [127.53522761530861, 36.99389040255969], [127.53522761530861, 36.993890402559686], [127.53241809622624, 36.993891203071776], [127.53241809622624, 36.993891203071776], [127.52960857703746, 36.9938919370888], [127.52960945071804, 36.99614554612109], [127.52960945071804, 36.99614554612109], [127.5296103244958, 36.998399154295704], [127.53242000949854, 36.99839842015927], [127.53242000949854, 36.99839842015927], [127.5296103244958, 36.998399154295704], [127.52961119837076, 37.00065276161263], [127.5324209662943, 37.000652027416486], [127.5324209662943, 37.000652027416486], [127.53523073411144, 37.000651226709046], [127.53523073411144, 37.000651226709046], [127.53804050181292, 37.00065035949032], [127.53803937917556, 36.998396752368755], [127.53803937917556, 36.998396752368755], [127.54084906383142, 36.99839581871467], [127.54084785840736, 36.99614221081134], [127.54084785840736, 36.99614221081134], [127.54084906383142, 36.99839581871466], [127.54084906383142, 36.99839581871466], [127.54085026938955, 37.0006494257603], [127.54366003683207, 37.000648425519], [127.54366003683207, 37.000648425519], [127.54646980413128, 37.00064735876643], [127.54646843273164, 36.99839375188891], [127.54646843273164, 36.99839375188891], [127.54646843273164, 36.99839375188891], [127.5492781169576, 36.998392618717254], [127.54927957127798, 37.000646225502635], [127.54928102576011, 37.00289983143025], [127.54647117568348, 37.002900964786235], [127.54647254738822, 37.00515456994827], [127.54928248040402, 37.00515343650012], [127.54928248040402, 37.00515343650012], [127.54928248040402, 37.00515343650012], [127.54928393520973, 37.00740704071218], [127.54928393520973, 37.00740704071218], [127.54928248040402, 37.00515343650012], [127.54647254738822, 37.00515456994827], [127.54647254738822, 37.00515456994827], [127.54647254738822, 37.00515456994827], [127.54647117568348, 37.002900964786235], [127.54647117568348, 37.002900964786235], [127.54646980413128, 37.00064735876644], [127.54366003683207, 37.000648425519], [127.54366003683207, 37.000648425519], [127.54085026938955, 37.00064942576031], [127.54084906383142, 36.99839581871467], [127.53803937917556, 36.998396752368755], [127.53804050181292, 37.00065035949032], [127.53804050181292, 37.00065035949032], [127.53804050181292, 37.00065035949032], [127.53523073411144, 37.00065122670905], [127.5324209662943, 37.000652027416486], [127.5324219231965, 37.002905633815985], [127.5324219231965, 37.002905633815985], [127.53242288020512, 37.005159239357745], [127.53242288020512, 37.005159239357745], [127.53242383732017, 37.00741284404174], [127.53242383732017, 37.00741284404174], [127.53242383732017, 37.00741284404174], [127.52961382057882, 37.00741357841702], [127.52961294641224, 37.0051599736733]], [[127.53803713427538, 36.99388953555252], [127.53803825666306, 36.99614314438948], [127.53803825666306, 36.99614314438948], [127.53803713427538, 36.99388953555252], [127.53803713427538, 36.99388953555252]], [[127.56611866176048, 36.97810192939891], [127.56892759879027, 36.9781003318566], [127.56892963151942, 36.98035394556465], [127.57173865116074, 36.98035228142991], [127.57173865116074, 36.980352281429916], [127.57173865116074, 36.980352281429916], [127.57174076696279, 36.98260589414497], [127.56893166447466, 36.98260755841508], [127.56892963151942, 36.98035394556466], [127.56892963151942, 36.98035394556466], [127.56892759879027, 36.97810033185661], [127.56611866176048, 36.978101929398925], [127.56611866176048, 36.97810192939891], [127.56330972451386, 36.978103460484135], [127.56330972451386, 36.978103460484135], [127.56611866176048, 36.97810192939891], [127.56611671208577, 36.975848314703306], [127.56611671208577, 36.975848314703306], [127.56611866176048, 36.97810192939891]], [[127.56048830310046, 36.96232960252911], [127.56048830310046, 36.962329602529124], [127.55767994505366, 36.96233099990414], [127.55768164510822, 36.96458462010221], [127.55768164510822, 36.964584620102215], [127.55768334535183, 36.96683823944281], [127.55768334535183, 36.96683823944281], [127.55768334535183, 36.9668382394428], [127.55768334535183, 36.9668382394428], [127.55768164510822, 36.96458462010221], [127.55768164510822, 36.96458462010221], [127.55767994505366, 36.962330999904125], [127.56048830310046, 36.96232960252911]], [[127.54923311315727, 36.928530383032296], [127.54923311315727, 36.928530383032296], [127.54923456247235, 36.93078401639837], [127.55204176319872, 36.93078281964542], [127.55204176319872, 36.93078281964542], [127.54923456247235, 36.93078401639837], [127.5492360119486, 36.933037648907295], [127.55204329531948, 36.93303645205695], [127.55204329531948, 36.93303645205695], [127.5492360119486, 36.9330376489073], [127.5492360119486, 36.933037648907295], [127.5492360119486, 36.933037648907295], [127.54923456247235, 36.93078401639838], [127.54923456247235, 36.93078401639838], [127.54923311315727, 36.928530383032296], [127.54642599490505, 36.92853151334954], [127.54642736158476, 36.930785146807615], [127.54642736158476, 36.930785146807615], [127.54642872841649, 36.93303877940854], [127.54642872841649, 36.93303877940854], [127.54642736158476, 36.930785146807615], [127.54362016054523, 36.93078621087313], [127.54362016054523, 36.93078621087313], [127.54362016054523, 36.93078621087313], [127.54362016054523, 36.93078621087312], [127.54642736158476, 36.93078514680761], [127.54642599490505, 36.92853151334953], [127.54642599490505, 36.92853151334953], [127.54642599490505, 36.92853151334954], [127.54923311315727, 36.928530383032296], [127.54923166400334, 36.92627674880908], [127.54923166400334, 36.92627674880908], [127.54923311315727, 36.928530383032296]], [[127.5408141609055, 36.93304084136366], [127.54081295936288, 36.93078720859493], [127.54081295936288, 36.93078720859493], [127.54081295936288, 36.93078720859493], [127.5408141609055, 36.93304084136366], [127.54362144473241, 36.933039843560664], [127.54362144473241, 36.933039843560664], [127.5408141609055, 36.93304084136366], [127.54081536258172, 36.935294473275235], [127.54362272906239, 36.935293475391035], [127.54362272906239, 36.935293475391035], [127.54081536258172, 36.935294473275235], [127.54081536258172, 36.935294473275235], [127.5408141609055, 36.93304084136366], [127.53800687694493, 36.93304177281751], [127.53800687694493, 36.933041772817504], [127.5408141609055, 36.93304084136366]], [[127.53520166571258, 36.937549901180624], [127.53520166571258, 36.937549901180624], [127.53520062922865, 36.93529626998001], [127.53520062922865, 36.93529626998001], [127.53520166571258, 36.937549901180624]], [[127.52677695163077, 36.930791202047565], [127.52677773995036, 36.93304483514133], [127.52958502435348, 36.933044169084134], [127.52958502435348, 36.933044169084134], [127.52677773995036, 36.93304483514133], [127.52677852835757, 36.93529846737795], [127.52677852835757, 36.93529846737795], [127.5267793168525, 36.9375520987574], [127.5267793168525, 36.9375520987574], [127.52678010543511, 36.93980572927967], [127.52678010543511, 36.93980572927967], [127.5267793168525, 36.93755209875741], [127.5267793168525, 36.9375520987574], [127.52677852835757, 36.93529846737795], [127.52677852835757, 36.93529846737795], [127.52677773995033, 36.93304483514133], [127.52677773995036, 36.93304483514133], [127.52677695163077, 36.930791202047565], [127.52677695163077, 36.930791202047565]], [[127.546453357398, 36.9736040196306], [127.54926213010434, 36.97360288747238], [127.54926213010434, 36.97360288747239], [127.546453357398, 36.973604019630606], [127.546453357398, 36.973604019630606], [127.546453357398, 36.973604019630606], [127.546453357398, 36.9736040196306]], [[127.54083460758726, 36.97135246727098], [127.54083460758726, 36.97135246727098], [127.54083460758726, 36.97135246727098], [127.54083460758726, 36.97135246727098], [127.54364329777889, 36.97135146808681], [127.54364329777889, 36.97135146808681], [127.54083460758726, 36.97135246727098]], [[127.5464492491432, 36.96684316555132], [127.5464492491432, 36.96684316555132], [127.54644788002949, 36.96458954580996], [127.54363943835615, 36.96459061117505], [127.54363943835615, 36.96459061117505], [127.54644788002949, 36.96458954580995], [127.54644788002949, 36.96458954580995], [127.54644788002949, 36.96458954580995], [127.5464492491432, 36.96684316555132], [127.5464492491432, 36.96684316555132]], [[127.54363815216803, 36.962336990489575], [127.54363815216803, 36.96233699048956], [127.540829793125, 36.96233798934863], [127.540829793125, 36.96233798934863], [127.53802143394813, 36.962338921788344], [127.53802255458955, 36.96459254263096], [127.53802255458955, 36.96459254263096], [127.53802255458955, 36.96459254263096], [127.53802255458955, 36.96459254263096], [127.53802143394813, 36.962338921788344], [127.53802143394813, 36.962338921788344], [127.53802031343132, 36.96008530008833], [127.53521203689398, 36.9600861660382], [127.53521203689398, 36.960086166038195], [127.53802031343132, 36.96008530008832], [127.53802031343132, 36.96008530008833], [127.53802031343132, 36.96008530008833], [127.53802143394813, 36.962338921788344], [127.540829793125, 36.96233798934863], [127.540829793125, 36.96233798934863], [127.54363815216803, 36.96233699048956], [127.54363815216803, 36.96233699048956], [127.54644651106804, 36.962335925211136], [127.54644651106804, 36.96233592521115], [127.54644651106804, 36.96233592521115], [127.54644651106804, 36.96233592521115], [127.54363815216803, 36.962336990489575]], [[127.54363558022088, 36.957829746546395], [127.54363558022088, 36.957829746546395], [127.54363686612295, 36.96008336894666], [127.54363686612295, 36.96008336894666], [127.54363558022088, 36.957829746546395]], [[127.5436317233726, 36.95106887420135], [127.54363043804241, 36.948815248371695], [127.54363043804241, 36.94881524837169], [127.54363043804241, 36.94881524837169], [127.5436317233726, 36.95106887420135], [127.5436317233726, 36.95106887420135]], [[127.54362786781086, 36.94430799414046], [127.54362915285517, 36.94656162168471], [127.54362915285517, 36.94656162168471], [127.54362915285517, 36.946561621684715], [127.54082137296781, 36.946562619975026], [127.54082137296781, 36.946562619975026], [127.53801359294675, 36.9465635518838], [127.53801359294675, 36.94656355188379], [127.54082137296781, 36.946562619975026], [127.54082137296781, 36.946562619975026], [127.54362915285517, 36.94656162168471], [127.54362786781086, 36.94430799414045], [127.54362786781086, 36.94430799414045], [127.54362658290944, 36.94205436573894], [127.54081896841232, 36.9420553638668], [127.5408201706232, 36.944308992349534], [127.5408201706232, 36.944308992349534], [127.53801247330189, 36.94430992418248], [127.53801247330189, 36.94430992418248], [127.5408201706232, 36.944308992349534], [127.54081896841232, 36.9420553638668], [127.54362658290944, 36.94205436573894], [127.54362529815089, 36.93980073648018], [127.54362529815089, 36.93980073648018], [127.54362658290944, 36.94205436573894], [127.54643419726365, 36.94205330124035], [127.54643419726365, 36.94205330124035], [127.54362658290944, 36.94205436573894], [127.54362786781086, 36.94430799414045], [127.54643556485557, 36.944306929555246], [127.54643556485557, 36.94430692955525], [127.54362786781086, 36.94430799414046]], [[127.54643282982379, 36.939799672068226], [127.5492403613446, 36.93979854129094], [127.5492389113847, 36.9375449113536], [127.5492389113847, 36.9375449113536], [127.54923746158603, 36.935291280559056], [127.54923746158603, 36.935291280559056], [127.54923746158603, 36.935291280559056], [127.54923746158603, 36.935291280559056], [127.5492389113847, 36.9375449113536], [127.5492389113847, 36.937544911353605], [127.5492403613446, 36.93979854129094], [127.54643282982379, 36.939799672068226], [127.54643419726365, 36.94205330124035], [127.54643419726365, 36.94205330124035], [127.54643282982379, 36.939799672068226]], [[127.54361887650086, 36.928532577328454], [127.54361759259928, 36.92627894292665], [127.54361759259928, 36.92627894292665], [127.54361887650086, 36.928532577328454], [127.54361887650086, 36.928532577328454]], [[127.53239135505093, 36.9307898036978], [127.53239135505093, 36.9307898036978], [127.53239135505093, 36.9307898036978], [127.53519855660653, 36.93078900500727], [127.53519752046836, 36.92853537123519], [127.53519752046836, 36.92853537123519], [127.53519855660653, 36.93078900500727], [127.53519855660653, 36.93078900500727], [127.53519855660653, 36.93078900500727], [127.53239135505093, 36.9307898036978], [127.53239135505093, 36.9307898036978]], [[127.51554997508131, 36.93980773050514], [127.51554951718762, 36.93755409982001], [127.51554951718762, 36.93755409982001], [127.51554951718762, 36.93755409982001], [127.51554951718765, 36.93755409982001], [127.51554997508131, 36.93980773050514], [127.51835750776914, 36.93980732974687], [127.51835750776914, 36.93980732974687], [127.51554997508131, 36.93980773050514], [127.51554997508131, 36.93980773050514], [127.51554997508131, 36.93980773050514]], [[127.51835696720322, 36.937553699094344], [127.51835696720322, 36.937553699094344], [127.51835750776914, 36.93980732974687], [127.51835750776914, 36.93980732974687], [127.51835696720322, 36.937553699094344]], [[127.51835588625168, 36.93304643521782], [127.51554860155302, 36.93304683587826], [127.51554860155302, 36.93304683587826], [127.51554814381207, 36.93079320262168], [127.51554814381207, 36.93079320262168], [127.51554814381207, 36.93079320262167], [127.51554814381207, 36.93079320262167], [127.51554860155302, 36.93304683587826], [127.51835588625168, 36.93304643521782], [127.51835588625168, 36.93304643521782], [127.51835642669741, 36.93530006758466], [127.52116379398983, 36.93529960053702], [127.52116379398983, 36.93529960053702], [127.51835642669738, 36.93530006758466], [127.51835696720322, 36.937553699094344], [127.51835696720322, 36.937553699094344], [127.51835642669738, 36.93530006758466], [127.51835642669738, 36.93530006758466], [127.51835588625168, 36.93304643521782]], [[127.51554905934486, 36.93530046827772], [127.51554905934486, 36.93530046827772], [127.51274169194143, 36.93530080261615], [127.51274169194143, 36.93530080261615], [127.51274169194143, 36.93530080261615], [127.51554905934486, 36.93530046827772], [127.51554905934486, 36.93530046827772]], [[127.51274281760574, 36.94206169475316], [127.51274281760574, 36.94206169475316], [127.51555043302592, 36.94206136033307], [127.51555043302592, 36.94206136033307], [127.51555043302592, 36.94206136033307], [127.51555043302592, 36.94206136033307], [127.51274281760574, 36.94206169475316]], [[127.52116317089026, 36.93304596820818], [127.52116254785997, 36.93079233502221], [127.52116254785997, 36.93079233502221], [127.52116317089026, 36.93304596820818], [127.52397045545953, 36.93304543484934], [127.52397045545953, 36.93304543484935], [127.52116317089026, 36.93304596820818], [127.52116317089026, 36.93304596820818], [127.52116317089026, 36.93304596820818]], [[127.52396904418816, 36.9285381677071], [127.52396904418816, 36.9285381677071], [127.52396974978463, 36.93079180170678], [127.52396974978463, 36.93079180170678], [127.52396904418816, 36.9285381677071]], [[127.52397116121294, 36.935299067134785], [127.52397116121294, 36.935299067134785], [127.52397116121294, 36.93529906713479], [127.52116379398983, 36.93529960053702], [127.52116379398983, 36.93529960053702], [127.52397116121294, 36.935299067134785], [127.52397116121294, 36.935299067134785]], [[127.5295841533893, 36.930790536044576], [127.5295841533893, 36.930790536044576], [127.5295841533893, 36.930790536044576], [127.52958328252194, 36.928536902147904], [127.52958328252194, 36.928536902147904], [127.5295841533893, 36.930790536044576]], [[127.53240376024127, 36.96008696557409], [127.53240376024127, 36.96008696557409], [127.53521203689398, 36.960086166038195], [127.53521203689398, 36.960086166038195], [127.53240376024127, 36.96008696557409], [127.53240471522972, 36.962340587409614], [127.53521307464663, 36.962339787808666], [127.53521411251468, 36.96459340872175], [127.53521411251468, 36.96459340872175], [127.53521411251468, 36.96459340872175], [127.53521411251468, 36.96459340872175], [127.53521307464663, 36.962339787808666], [127.53240471522972, 36.962340587409614], [127.53240471522972, 36.962340587409614], [127.52959635570659, 36.96234132059118], [127.52959635570659, 36.96234132059118], [127.53240471522972, 36.962340587409614], [127.53240376024127, 36.96008696557409]], [[127.5324018505829, 36.95557971933093], [127.5324018505829, 36.95557971933093], [127.5324018505829, 36.95557971933093], [127.53240280535897, 36.95783334288118], [127.53240280535897, 36.95783334288118], [127.53240280535897, 36.95783334288118], [127.53240280535897, 36.95783334288118], [127.5324018505829, 36.95557971933093]], [[127.53801807277151, 36.95557805411615], [127.54082618368354, 36.95557712190402], [127.54082618368354, 36.95557712190403], [127.54082618368356, 36.95557712190403], [127.54082738669689, 36.95783074524294], [127.54082738669689, 36.95783074524294], [127.54082858984404, 36.96008436772448], [127.54082858984404, 36.96008436772448], [127.54082858984404, 36.96008436772448], [127.54082738669689, 36.957830745242944], [127.53801919303912, 36.957831677530926], [127.53801807277151, 36.95557805411616], [127.53520996173489, 36.955578919925124], [127.53521099925675, 36.95783254341033], [127.53521099925675, 36.95783254341033], [127.53521099925675, 36.95783254341033], [127.53521099925675, 36.95783254341033], [127.53520996173489, 36.95557891992512], [127.53801807277151, 36.95557805411615]], [[127.52678720662638, 36.9600883654039], [127.52678720662638, 36.9600883654039], [127.52678641725409, 36.95783474259711], [127.52678641725409, 36.95783474259711], [127.52678720662638, 36.9600883654039]], [[127.52959722802787, 36.964594941628974], [127.52959722802787, 36.964594941628974], [127.5324056703244, 36.96459420838776], [127.5324056703244, 36.96459420838776], [127.5324056703244, 36.96459420838776], [127.53240662552531, 36.96684782850846], [127.53240662552531, 36.96684782850846], [127.5324056703244, 36.96459420838776], [127.52959722802787, 36.964594941628974], [127.52959810044618, 36.96684856180934], [127.52959810044618, 36.96684856180934], [127.52959897296152, 36.96910218113227], [127.52959897296152, 36.96910218113227], [127.52959810044618, 36.966848561809336], [127.52959810044618, 36.966848561809336], [127.52959722802787, 36.964594941628974], [127.52959722802787, 36.964594941628974]], [[127.53520477585606, 36.94431078963926], [127.53520373902627, 36.942057161010275], [127.53520373902627, 36.942057161010275], [127.53520477585606, 36.94431078963927], [127.53801247330189, 36.94430992418248], [127.53801247330189, 36.94430992418248], [127.53520477585606, 36.94431078963927], [127.53520581280115, 36.94656441741101], [127.53520581280114, 36.94656441741101], [127.53520477585606, 36.94431078963926], [127.53520477585606, 36.94431078963926]], [[127.53520373902627, 36.942057161010275], [127.53801135378154, 36.94205629562391], [127.53801135378154, 36.942056295623914], [127.53520373902627, 36.942057161010275], [127.53520373902627, 36.942057161010275]], [[127.54363943835615, 36.96459061117505], [127.54083099653977, 36.96459161011539], [127.54083099653977, 36.96459161011539], [127.54363943835615, 36.96459061117505], [127.54363943835615, 36.96459061117505]], [[127.53521722681151, 36.971354266316375], [127.53521722681151, 36.971354266316375], [127.53521722681151, 36.971354266316375], [127.53521722681151, 36.971354266316375], [127.53521618859712, 36.969100647975615], [127.53521618859712, 36.969100647975615], [127.53521722681151, 36.971354266316375]], [[127.5295998455739, 36.971355799597774], [127.5295998455739, 36.971355799597774], [127.53240853624582, 36.97135506617758], [127.53240853624582, 36.97135506617758], [127.53240853624582, 36.97135506617758], [127.53240949176549, 36.97360868372593], [127.53240949176549, 36.97360868372593], [127.53240853624582, 36.97135506617758], [127.5295998455739, 36.971355799597774]], [[127.53521618859712, 36.969100647975615], [127.53521515049819, 36.96684702877741], [127.53521515049819, 36.9668470287774], [127.53521515049819, 36.9668470287774], [127.53521618859712, 36.969100647975615], [127.53521618859712, 36.969100647975615]], [[127.53801359294675, 36.9465635518838], [127.5380147127161, 36.94881717872783], [127.5380147127161, 36.94881717872783], [127.53801359294675, 36.9465635518838], [127.53801359294675, 36.9465635518838]], [[127.54081776633511, 36.939801734526824], [127.54081896841232, 36.9420553638668], [127.54081896841232, 36.9420553638668], [127.54081776633511, 36.939801734526824], [127.54081776633511, 36.939801734526824]], [[127.5380079959674, 36.9352954048049], [127.5380079959674, 36.9352954048049], [127.5380079959674, 36.9352954048049], [127.53800911511432, 36.937549035935106], [127.53800911511432, 36.937549035935106], [127.5380079959674, 36.9352954048049], [127.5380079959674, 36.9352954048049]], [[127.53520270231178, 36.93980353152405], [127.53520270231178, 36.93980353152405], [127.53801023438568, 36.93980266620812], [127.53801023438568, 36.93980266620812], [127.53520270231178, 36.93980353152405]], [[127.54362529815089, 36.93980073648018], [127.54362529815089, 36.93980073648018], [127.54362401353521, 36.937547106364214], [127.54362401353521, 36.937547106364214], [127.54362529815089, 36.93980073648018]], [[127.5408105566785, 36.92627994048605], [127.54361759259928, 36.92627894292665], [127.54361759259928, 36.92627894292665], [127.5408105566785, 36.92627994048605], [127.5408105566785, 36.92627994048605]], [[127.54365359587038, 36.9893803821206], [127.54365230810781, 36.98712677086794], [127.54365230810784, 36.98712677086794], [127.54365359587041, 36.9893803821206], [127.54365359587038, 36.9893803821206]], [[127.54365102048845, 36.98487315875763], [127.54365102048845, 36.98487315875763], [127.54084183329763, 36.98487415842961], [127.54084303805155, 36.987127770621214], [127.54084303805155, 36.987127770621214], [127.54084183329763, 36.98487415842961], [127.54084183329763, 36.98487415842961], [127.54084183329763, 36.984874158429605], [127.54365102048845, 36.98487315875763], [127.54364973301229, 36.982619545789724], [127.5408406286777, 36.98262054538039], [127.5408406286777, 36.9826205453804], [127.53803152420916, 36.98262147850304], [127.53803152420916, 36.982621478503034], [127.53803152420916, 36.982621478503034], [127.53803152420916, 36.982621478503034], [127.5408406286777, 36.98262054538039], [127.5408406286777, 36.98262054538039], [127.54364973301229, 36.982619545789724], [127.54364844567932, 36.98036593196423], [127.54364844567932, 36.98036593196423], [127.5436471584895, 36.97811231728118], [127.54083821983973, 36.97811331670923], [127.54083942419174, 36.98036693147358], [127.53803040257021, 36.98036786452034], [127.53803040257021, 36.98036786452034], [127.53522138082396, 36.98036873110448], [127.53522138082396, 36.98036873110448], [127.53803040257021, 36.98036786452033], [127.53803040257021, 36.98036786452033], [127.54083942419174, 36.980366931473576], [127.54083821983973, 36.978113316709226], [127.54083821983973, 36.978113316709226], [127.54083821983973, 36.978113316709226], [127.5436471584895, 36.97811231728117], [127.5436471584895, 36.97811231728117], [127.54645609699611, 36.97811125139593], [127.54645609699611, 36.97811125139593], [127.54645609699611, 36.97811125139593], [127.54645609699611, 36.97811125139593], [127.5436471584895, 36.97811231728118], [127.54364844567932, 36.98036593196423], [127.54364844567932, 36.98036593196423], [127.54364973301229, 36.982619545789724], [127.54645883720372, 36.98261847973105], [127.54645746702373, 36.98036486599227], [127.54645746702373, 36.98036486599227], [127.54645746702373, 36.98036486599227], [127.54926648821576, 36.98036373355773], [127.54926648821576, 36.98036373355773], [127.55207550924618, 36.98036253466062], [127.55207397354306, 36.978108920253916], [127.55207397354306, 36.978108920253916], [127.55207243801075, 36.97585530498965], [127.55488129320413, 36.975854039835816], [127.55488129320413, 36.975854039835816], [127.55488129320413, 36.97585403983582], [127.55207243801075, 36.97585530498965], [127.55207397354309, 36.97810892025392], [127.55488291156499, 36.978107654997174], [127.55488291156499, 36.978107654997174], [127.55207397354306, 36.97810892025392], [127.55207550924618, 36.98036253466062], [127.54926648821576, 36.98036373355773], [127.54926648821576, 36.98036373355773], [127.54645746702373, 36.98036486599227], [127.54645883720372, 36.98261847973105], [127.54926794124272, 36.982617347204396], [127.54926794124272, 36.982617347204396], [127.55207704512011, 36.98261614820975], [127.55207704512011, 36.98261614820976], [127.54926794124272, 36.9826173472044], [127.54926794124272, 36.9826173472044], [127.54645883720372, 36.98261847973106], [127.54646020753609, 36.98487209261224], [127.54646020753609, 36.98487209261224], [127.54646020753609, 36.98487209261224], [127.54365102048845, 36.98487315875763]], [[127.54645472712089, 36.975857635942035], [127.54926358264659, 36.975856503691716], [127.54926213010434, 36.97360288747239], [127.54926213010434, 36.97360288747239], [127.54926358264659, 36.975856503691716], [127.54926358264659, 36.975856503691716], [127.54926503535039, 36.978110119053504], [127.54926503535039, 36.978110119053504], [127.54926503535039, 36.978110119053504], [127.54926503535039, 36.978110119053504], [127.54926358264659, 36.97585650369172], [127.54645472712089, 36.975857635942035], [127.54645472712089, 36.975857635942035]], [[127.52399307854407, 37.00516124273804], [127.52399307854407, 37.00516124273804], [127.5239923703533, 37.00290763703336], [127.52680222139209, 37.00290703581096], [127.52680222139209, 37.00290703581096], [127.52680222139209, 37.00290703581096], [127.5239923703533, 37.00290763703337], [127.52399307854407, 37.00516124273804]], [[127.52961119837073, 37.00065276161263], [127.52961119837073, 37.000652761612635], [127.52680143034999, 37.000653429297465], [127.52680143034999, 37.00065342929746], [127.52961119837073, 37.00065276161263]], [[127.52398883058056, 36.99163959564445], [127.52398883058056, 36.99163959564445], [127.5239881228622, 36.98938598479371], [127.5239881228622, 36.98938598479371], [127.52398883058058, 36.99163959564445], [127.52679826706127, 36.99163899466648], [127.52679826706127, 36.991638994666495], [127.52398883058056, 36.99163959564445], [127.52398883058056, 36.99163959564445]], [[127.5155600616366, 36.98938738867523], [127.5155600616366, 36.98938738867523], [127.51836941544181, 36.98938698719901], [127.51836941544181, 36.98938698719901], [127.5155600616366, 36.98938738867523]], [[127.52117814442187, 36.987132907486654], [127.52117751972645, 36.984879294877224], [127.52117751972645, 36.984879294877224], [127.52117814442187, 36.987132907486654], [127.52117814442187, 36.987132907486654]], [[127.52398741522258, 36.98713237308533], [127.52679668594456, 36.987131772205124], [127.52679668594456, 36.98713177220513], [127.52398741522258, 36.98713237308534], [127.52398741522258, 36.98713237308533]], [[127.52399095420796, 36.99840042305085], [127.52399095420796, 36.998400423050846], [127.52399024625343, 36.99614681477306], [127.52399024625343, 36.99614681477306], [127.52399095420796, 36.99840042305085], [127.52399095420796, 36.99840042305085], [127.52399095420796, 36.99840042305085]], [[127.5239923703533, 37.00290763703336], [127.5239923703533, 37.00290763703336], [127.52399166224124, 37.00065403047096], [127.52399166224127, 37.00065403047096], [127.5239923703533, 37.00290763703336]], [[127.53522553668479, 36.98938318217175], [127.53522657593889, 36.99163679279452], [127.53522657593889, 36.99163679279452], [127.53522657593889, 36.99163679279452], [127.53522657593889, 36.99163679279452], [127.53522553668476, 36.98938318217175], [127.53522553668479, 36.98938318217175]], [[127.53241522711564, 36.987130371008114], [127.53522449754622, 36.98712957069132], [127.53522449754622, 36.98712957069132], [127.53522449754622, 36.98712957069132], [127.53241522711564, 36.987130371008114], [127.53241618337945, 36.989383982553626], [127.53241618337945, 36.989383982553626], [127.53241522711564, 36.987130371008114], [127.53241522711564, 36.987130371008114], [127.53241522711564, 36.987130371008114]], [[127.53241618337945, 36.98938398255363], [127.53241618337945, 36.98938398255363], [127.53241713974965, 36.99163759324151], [127.53241713974965, 36.99163759324151], [127.53241618337945, 36.98938398255363]], [[127.53238658859719, 36.9195216259415], [127.53238658859719, 36.9195216259415], [127.53238754167594, 36.9217752632069], [127.53238754167592, 36.9217752632069], [127.53238658859719, 36.9195216259415]], [[127.53522969439487, 36.99839761951695], [127.53522969439487, 36.99839761951695], [127.53522969439487, 36.99839761951695], [127.53242000949854, 36.99839842015927], [127.53242000949854, 36.99839842015927], [127.53522969439487, 36.99839761951694], [127.53522969439487, 36.99839761951695]], [[127.54366390312875, 37.00740924126538], [127.54647391924551, 37.00740817425252], [127.54647391924551, 37.00740817425252], [127.54366390312875, 37.00740924126538], [127.54366390312875, 37.00740924126538]], [[127.54085147508178, 37.00290303194821], [127.54085147508178, 37.00290303194821], [127.53804162457516, 37.00290396575417], [127.53804274746228, 37.00515757116026], [127.53804274746228, 37.00515757116026], [127.53804162457516, 37.00290396575417], [127.53804162457516, 37.00290396575417], [127.54085147508178, 37.0029030319482], [127.54085147508178, 37.0029030319482], [127.54366132545428, 37.00290203162556], [127.54366132545428, 37.00290203162556], [127.54366132545431, 37.00290203162556], [127.54366132545431, 37.00290203162556], [127.54085147508178, 37.00290303194821]], [[127.54085268090812, 37.00515663727836], [127.54085268090812, 37.00515663727836], [127.54085388686859, 37.00741024175073], [127.54085388686859, 37.00741024175073], [127.54085388686859, 37.00741024175073], [127.54085388686859, 37.00741024175073], [127.54085268090812, 37.00515663727836], [127.54085268090812, 37.00515663727836]], [[127.53804274746228, 37.00515757116026], [127.53804274746228, 37.00515757116026], [127.53523281389154, 37.00515843852006], [127.53523281389154, 37.00515843852006], [127.53523281389154, 37.00515843852006], [127.53804274746228, 37.00515757116026]], [[127.56047404761384, 36.94430061098757], [127.56047404761384, 36.94430061098757], [127.5604722665696, 36.94204698318684], [127.56047226656963, 36.94204698318684], [127.56047404761384, 36.94430061098757]], [[127.55204789270421, 36.93979734414834], [127.55204789270421, 36.93979734414834], [127.55204789270421, 36.93979734414834], [127.5520463600722, 36.93754371430844], [127.5520463600722, 36.93754371430844], [127.55204789270421, 36.93979734414834], [127.55204789270421, 36.93979734414834]], [[127.55204482761063, 36.93529008361129], [127.55204482761063, 36.93529008361129], [127.5548521934648, 36.93528882030904], [127.5548521934648, 36.93528882030904], [127.55204482761063, 36.93529008361129]], [[127.55204942550662, 36.942050973131025], [127.55204942550662, 36.942050973131025], [127.55485703937703, 36.942049709520305], [127.55485703937703, 36.94204970952031], [127.55766465306775, 36.94204837953892], [127.55766465306775, 36.94204837953892], [127.55485703937703, 36.94204970952031], [127.55485703937703, 36.94204970952031], [127.55204942550662, 36.942050973131025]], [[127.55765955913938, 36.93528749065229], [127.55766125692668, 36.93754112113841], [127.55766125692668, 36.93754112113841], [127.55765955913938, 36.93528749065229], [127.55765955913938, 36.93528749065229]], [[127.55770376303144, 36.99388160464128], [127.55770206051716, 36.99162799559169], [127.55770206051716, 36.99162799559169], [127.55770206051716, 36.99162799559169], [127.56051149533418, 36.99162659673812], [127.56050971012547, 36.989372986944616], [127.56050971012547, 36.989372986944616], [127.56050792511532, 36.987119376293435], [127.56050792511532, 36.987119376293435], [127.56050971012547, 36.989372986944616], [127.56050971012547, 36.989372986944616], [127.56051149533418, 36.99162659673813], [127.56051149533418, 36.99162659673813], [127.55770206051716, 36.99162799559169], [127.55770376303144, 36.99388160464129], [127.55770376303144, 36.99388160464129], [127.55770376303144, 36.99388160464128], [127.55770376303144, 36.99388160464128]], [[127.55488614882668, 36.98261488274715], [127.55488614882668, 36.98261488274715], [127.55488453010582, 36.98036126930096], [127.55207550924618, 36.98036253466063], [127.55207550924618, 36.98036253466063], [127.55488453010582, 36.98036126930096], [127.55488453010582, 36.98036126930096], [127.55769355078543, 36.98035993747873], [127.55769355078543, 36.98035993747874], [127.55488453010582, 36.98036126930096], [127.55488614882668, 36.98261488274715]], [[127.55488291156499, 36.97810765499717], [127.55769184940688, 36.97810632328328], [127.55769184940688, 36.97810632328328], [127.55488291156499, 36.97810765499717], [127.55488291156499, 36.97810765499717]], [[127.56049900304174, 36.975851310172985], [127.56049900304174, 36.975851310172985], [127.55769014821755, 36.97585270823026], [127.55769014821755, 36.97585270823026], [127.56049900304174, 36.975851310172985]], [[127.55768844721739, 36.97359909231969], [127.55768844721739, 36.97359909231969], [127.55768844721739, 36.97359909231969], [127.55768844721739, 36.97359909231969], [127.55768844721739, 36.97359909231969]], [[127.55207243801075, 36.97585530498965], [127.55207243801075, 36.97585530498965], [127.55207090264918, 36.97360168886783], [127.55207090264918, 36.97360168886783], [127.55207243801075, 36.97585530498965]], [[127.54925777344677, 36.966842033669394], [127.54925922550446, 36.9690956524612], [127.54925922550446, 36.9690956524612], [127.54925922550446, 36.96909565246119], [127.54925922550446, 36.96909565246119], [127.54925777344677, 36.966842033669394], [127.54925777344677, 36.966842033669394], [127.54925632155056, 36.9645884140201], [127.54925632155056, 36.9645884140201], [127.54925777344677, 36.96684203366939], [127.54925777344677, 36.966842033669394]], [[127.54644514225885, 36.960082303754916], [127.54644514225885, 36.960082303754916], [127.54644514225885, 36.960082303754916], [127.54925341824251, 36.96008117214922], [127.54925341824251, 36.96008117214923], [127.54644514225885, 36.960082303754916], [127.54644514225885, 36.960082303754916]], [[127.54925632155056, 36.9645884140201], [127.54925486981581, 36.962334793513385], [127.54925486981581, 36.962334793513385], [127.54925632155056, 36.9645884140201], [127.54925632155056, 36.9645884140201]], [[127.54927520880206, 36.99388540257337], [127.54927375496685, 36.99163179321487], [127.54927375496685, 36.99163179321487], [127.54927520880206, 36.99388540257337], [127.54927520880206, 36.99388540257337]], [[127.54646706148453, 36.996140144153664], [127.54927666279896, 36.99613901107416], [127.54927666279896, 36.99613901107416], [127.54646706148453, 36.996140144153664], [127.54646706148453, 36.996140144153664]], [[127.56049008592821, 36.9645832226135], [127.56049008592821, 36.96458322261349], [127.56049008592821, 36.96458322261349], [127.5632985265499, 36.96458175870009], [127.56330039235837, 36.9668353778079], [127.56330039235837, 36.9668353778079], [127.5632985265499, 36.96458175870009], [127.56049008592821, 36.9645832226135], [127.56049008592821, 36.9645832226135]], [[127.56329666094894, 36.96232813873482], [127.56329666094894, 36.96232813873482], [127.56329479555545, 36.9600745179121], [127.56329479555545, 36.9600745179121], [127.56329666094894, 36.96232813873482], [127.5632985265499, 36.96458175870009], [127.5632985265499, 36.96458175870009], [127.56329666094894, 36.96232813873482]], [[127.55489100606962, 36.989375717940014], [127.55489100606962, 36.98937571794002], [127.55489262551077, 36.991629327955664], [127.55489262551077, 36.991629327955664], [127.55489100606962, 36.989375717940014], [127.55489100606962, 36.989375717940014]], [[127.55488776772759, 36.98486849533574], [127.55488614882668, 36.98261488274715], [127.55488614882668, 36.98261488274715], [127.55488776772759, 36.98486849533574], [127.55488776772759, 36.98486849533574]], [[127.5633059910289, 36.973596229986285], [127.56330599102893, 36.973596229986285], [127.56330785766757, 36.97584984566399], [127.56330785766757, 36.97584984566399], [127.56330785766757, 36.97584984566399], [127.56330785766757, 36.97584984566399], [127.5633059910289, 36.973596229986285]], [[127.57738180014097, 37.00513844330735], [127.5801917308696, 37.005136578117295], [127.5801917308696, 37.005136578117295], [127.58300166133493, 37.005134646405345], [127.58300166133493, 37.00513464640535], [127.58300166133493, 37.00513464640535], [127.58300166133493, 37.00513464640535], [127.5801917308696, 37.005136578117295], [127.58019173086957, 37.005136578117295], [127.57738180014097, 37.00513844330735], [127.57737951610652, 37.002884839456776], [127.57737951610652, 37.002884839456776], [127.57737951610652, 37.002884839456776], [127.57737951610652, 37.002884839456776], [127.57738180014097, 37.00513844330735]], [[127.57175134950347, 36.993873944855125], [127.57174923252452, 36.99162033642851], [127.57174923252452, 36.99162033642851], [127.57174711578101, 36.98936672714418], [127.57174711578101, 36.98936672714418], [127.57174923252452, 36.99162033642851], [127.57174923252452, 36.99162033642851], [127.57175134950347, 36.993873944855125], [127.57175134950347, 36.993873944855125], [127.56894183264312, 36.99387560980223], [127.56894386695544, 36.99612921750652], [127.56894386695544, 36.99612921750652], [127.56894183264312, 36.99387560980223], [127.56894183264312, 36.993875609802224], [127.57175134950347, 36.993873944855125]], [[127.56893979855704, 36.99162200124018], [127.5689377646972, 36.989368391820456], [127.5689377646972, 36.989368391820456], [127.56893979855704, 36.99162200124018], [127.56893979855704, 36.99162200124018]], [[127.57174499927288, 36.98711311700213], [127.56893573106353, 36.98711478154301], [127.5689377646972, 36.98936839182045], [127.5689377646972, 36.98936839182045], [127.56893573106353, 36.98711478154301], [127.56893573106353, 36.987114781543006], [127.57174499927288, 36.987113117002124], [127.57174499927288, 36.98711311700213]], [[127.56612646262799, 36.987116379605204], [127.56612646262799, 36.98711637960521], [127.56612841338719, 36.98936999001262], [127.56612841338719, 36.98936999001262], [127.56612646262799, 36.98711637960521], [127.56331719397554, 36.98711791118868], [127.56331719397554, 36.98711791118867], [127.56612646262799, 36.987116379605204], [127.56612646262799, 36.987116379605204]], [[127.56613036436335, 36.99162359956237], [127.56613036436335, 36.99162359956237], [127.56613036436335, 36.99162359956237], [127.56613036436335, 36.99162359956237], [127.56613036436335, 36.99162359956237]], [[127.5745564666294, 36.9893649959838], [127.5745564666294, 36.9893649959838], [127.5745564666294, 36.9893649959838], [127.5745564666294, 36.9893649959838], [127.5745564666294, 36.9893649959838]], [[127.57455206810894, 36.98485777512361], [127.57455206810894, 36.98485777512361], [127.57454986921557, 36.982604163407004], [127.57454986921557, 36.982604163407004], [127.57455206810894, 36.98485777512361]], [[127.57455426724687, 36.987111385982566], [127.57455206810894, 36.98485777512362], [127.57455206810894, 36.98485777512362], [127.57455426724687, 36.98711138598256], [127.57455426724687, 36.98711138598256], [127.57455426724687, 36.987111385982566], [127.57174499927288, 36.987113117002124], [127.57174499927288, 36.987113117002124], [127.57455426724687, 36.987111385982566]], [[127.58017280245183, 36.98710772450749], [127.58017280245183, 36.98710772450749], [127.58017516758314, 36.9893613342109], [127.58017516758314, 36.9893613342109], [127.58017280245183, 36.98710772450749]], [[127.57455866625658, 36.991618605127336], [127.5745608661284, 36.993872213413134], [127.5745608661284, 36.993872213413134], [127.57456306624488, 36.99612582084118], [127.57456306624488, 36.99612582084118], [127.57456306624488, 36.99612582084118], [127.57175346671792, 36.99612755242401], [127.57175346671792, 36.99612755242401], [127.57175346671792, 36.99612755242401], [127.57175346671792, 36.99612755242401], [127.57456306624488, 36.99612582084118], [127.5745608661284, 36.993872213413134], [127.5745608661284, 36.99387221341313], [127.57455866625658, 36.991618605127336], [127.57455866625658, 36.991618605127336]], [[127.5773703825086, 36.99387041547626], [127.58017989863491, 36.99386855104452], [127.58017989863491, 36.99386855104452], [127.5773703825086, 36.993870415476266], [127.5773703825086, 36.99387041547626]]], [[[127.50431946234117, 36.93304777502795], [127.50712674718831, 36.93304763976435], [127.50712653738142, 36.93079400644234], [127.50431933517895, 36.93079414169493], [127.50431946234117, 36.93304777502795]]], [[[127.50993608008422, 36.94882284729002], [127.50993608008422, 36.94882284729001], [127.50993608008422, 36.94882284729001], [127.50993578740487, 36.94656921998473], [127.5071280065199, 36.94656942169602], [127.5071282164902, 36.948823049017726], [127.5071282164902, 36.948823049017726], [127.50712842648386, 36.95107667548216], [127.50712842648386, 36.95107667548216], [127.50712863650087, 36.953330301089316], [127.50432060743785, 36.95333043645204], [127.50432073474158, 36.95558406121292], [127.50712884654125, 36.95558392583918], [127.50712884654125, 36.95558392583918], [127.50993695831754, 36.95558372406222], [127.5127450700613, 36.955583455882056], [127.51274469454766, 36.95332983117042], [127.51274469454766, 36.95332983117042], [127.51274431907578, 36.95107620560151], [127.51274431907578, 36.95107620560151], [127.51274431907578, 36.95107620560151], [127.51274469454766, 36.95332983117042], [127.51555272351304, 36.95332949661426], [127.5155522653137, 36.95107587107255], [127.5155522653137, 36.95107587107255], [127.51555272351304, 36.95332949661425], [127.51836075242741, 36.953329095660266], [127.51836075242741, 36.953329095660266], [127.52116878128165, 36.95332862830847], [127.5211681576275, 36.95107500283742], [127.5211681576275, 36.95107500283742], [127.52116878128165, 36.953328628308476], [127.52116878128165, 36.953328628308476], [127.5211694050052, 36.95558225292222], [127.52397751652667, 36.955581719129185], [127.52397681006654, 36.95332809455887], [127.52397681006654, 36.95332809455887], [127.52397610368497, 36.95107446913125], [127.52397610368497, 36.95107446913125], [127.52397539738196, 36.94882084284635], [127.52397539738196, 36.94882084284635], [127.52397610368497, 36.95107446913125], [127.52397610368497, 36.95107446913125], [127.52397681006654, 36.95332809455887], [127.52678483877287, 36.953327494411475], [127.52678404966389, 36.95107386903268], [127.52678404966389, 36.95107386903268], [127.52678483877287, 36.95332749441148], [127.5295928673914, 36.953326827866285], [127.5295928673914, 36.953326827866285], [127.532400895913, 36.95332609492332], [127.53239994134925, 36.95107246965839], [127.53239898689166, 36.94881884353617], [127.53239898689166, 36.94881884353617], [127.53239803254023, 36.94656521655666], [127.52959025217316, 36.94656594932074], [127.52959025217316, 36.94656594932074], [127.52678247170918, 36.94656661570323], [127.52678247170918, 36.946566615703226], [127.52397469115748, 36.94656721570415], [127.52397469115748, 36.94656721570416], [127.52116691052724, 36.94656774932347], [127.5211675340427, 36.94882137650908], [127.5211675340427, 36.94882137650908], [127.52116691052724, 36.94656774932347], [127.51835912982766, 36.9465682165612], [127.51835967063411, 36.948821843784835], [127.51835967063408, 36.948821843784835], [127.51836021150069, 36.95107547015118], [127.51836021150069, 36.95107547015118], [127.51835967063408, 36.948821843784835], [127.51835967063408, 36.948821843784835], [127.51835912982766, 36.9465682165612], [127.51555134906793, 36.94656861741731], [127.51555134906793, 36.94656861741731], [127.51274356825728, 36.94656895189183], [127.51274356825728, 36.94656895189183], [127.50993578740487, 36.94656921998473], [127.50993608008422, 36.94882284729002], [127.50993608008422, 36.94882284729002]], [[127.50993666554054, 36.953330099328774], [127.5099363727961, 36.95107647373804], [127.5099363727961, 36.95107647373804], [127.50993666554054, 36.953330099328774], [127.50993666554054, 36.953330099328774]], [[127.52678404966389, 36.951073869032676], [127.52678404966389, 36.951073869032676], [127.52678326064267, 36.948820242796614], [127.52678326064267, 36.948820242796614], [127.52678404966389, 36.951073869032676]], [[127.5211681576275, 36.95107500283742], [127.5211681576275, 36.95107500283742], [127.5211675340427, 36.948821376509095], [127.5211675340427, 36.948821376509095], [127.5211681576275, 36.95107500283742]]], [[[127.51556235747942, 37.00065543492352], [127.51837212579674, 37.000655033284005], [127.51837158360517, 36.99840142578233], [127.5155618982087, 36.998401827389195], [127.51556235747942, 37.00065543492352]]], [[[127.52677458719799, 36.92403029762364], [127.52677458719799, 36.92403029762364], [127.52677458719799, 36.92403029762364], [127.52677537525462, 36.92628393328871], [127.52958241175143, 36.926283267394105], [127.52958154107775, 36.92402963178323], [127.52958154107775, 36.92402963178323], [127.52958067050088, 36.921775995315286], [127.526773799229, 36.9217766611015], [127.526773799229, 36.9217766611015], [127.52396692786954, 36.921777260565506], [127.52396692786954, 36.921777260565506], [127.52116005643163, 36.921777793707335], [127.52116005643163, 36.92177779370733], [127.52116005643163, 36.92177779370733], [127.52115943374767, 36.91952415623597], [127.51835264483923, 36.91952462301761], [127.51835318492445, 36.92177826052697], [127.51835318492445, 36.92177826052697], [127.51835372506976, 36.924031897179276], [127.52116067918482, 36.92403143032167], [127.52116067918482, 36.92403143032167], [127.52396763323064, 36.92403089713644], [127.52396763323064, 36.92403089713644], [127.52677458719799, 36.92403029762364]]], [[[127.52117002879807, 36.957835876678644], [127.52397822306537, 36.95783534284219], [127.52397751652667, 36.9555817191292], [127.5211694050052, 36.95558225292223], [127.52117002879807, 36.957835876678644]]], [[[127.52398458545086, 36.97811791767605], [127.52398458545086, 36.97811791767605], [127.52398387820462, 36.975864301679906], [127.52398387820462, 36.975864301679906], [127.52398317103703, 36.97361068482624], [127.52117439729129, 36.97361121896681], [127.52117502163942, 36.97586483586392], [127.52117502163942, 36.97586483586392], [127.52117564605702, 36.97811845190354], [127.52117564605702, 36.97811845190354], [127.52117627054402, 36.98037206708564], [127.52398529277578, 36.98037153281471], [127.52398458545086, 36.97811791767605]]], [[[127.52679510517952, 36.98262454631335], [127.52960421009182, 36.98262387906283], [127.52960421009182, 36.98262387906283], [127.52960421009182, 36.98262387906283], [127.52960508328668, 36.98487749238322], [127.53241427095813, 36.98487675860498], [127.53241427095813, 36.98487675860498], [127.53522345852326, 36.9848759583533], [127.53522241961583, 36.98262234515767], [127.53522241961583, 36.98262234515767], [127.53522138082396, 36.980368731104484], [127.53241235896216, 36.980369531225996], [127.53241331490698, 36.98262314534427], [127.53241331490698, 36.98262314534427], [127.53241331490698, 36.98262314534427], [127.53241331490698, 36.98262314534427], [127.53241235896216, 36.980369531225996], [127.53241235896216, 36.980369531225996], [127.53241140312365, 36.97811591625016], [127.5296024639934, 36.97811664984936], [127.52960333699406, 36.980370264884876], [127.52960333699406, 36.980370264884876], [127.52960333699406, 36.98037026488487], [127.52679431492885, 36.98037093208111], [127.52679510517952, 36.98262454631335]]], [[[127.52679431492885, 36.98037093208111], [127.52398529277578, 36.98037153281471], [127.52398529277578, 36.980371532814715], [127.52117627054402, 36.980372067085646], [127.5211768951005, 36.98262568141021], [127.52398600017935, 36.98262514709582], [127.52398600017935, 36.98262514709582], [127.52679510517952, 36.98262454631335], [127.52679431492885, 36.98037093208111]]], [[[127.5268045950463, 37.00966785020503], [127.52961469484264, 37.00966718230298], [127.52961382057882, 37.00741357841702], [127.52680380374022, 37.007414246264766], [127.5268045950463, 37.00966785020503]]], [[[127.53238563562444, 36.91726798781905], [127.53519234150534, 36.91726718951846], [127.53519234150534, 36.91726718951847], [127.53799904727111, 36.91726632490651], [127.54080575291255, 36.91726539398319], [127.54080455230488, 36.91501175521487], [127.53799792924373, 36.91501268606241], [127.53519130605827, 36.91501355060399], [127.53519130605827, 36.91501355060398], [127.53519130605827, 36.91501355060398], [127.53519027072632, 36.91275991083251], [127.53519027072632, 36.91275991083251], [127.53518923550948, 36.91050627020407], [127.53518923550948, 36.91050627020407], [127.53518820040776, 36.90825262871865], [127.53238182479295, 36.908253426759345], [127.53238277734192, 36.91050706830972], [127.52957631906844, 36.9105078001202], [127.52957718916139, 36.9127614408732], [127.53238372999681, 36.91276070900314], [127.53238468275765, 36.91501434883959], [127.53238468275765, 36.91501434883959], [127.53238563562444, 36.91726798781905]]], [[[127.5324257518697, 37.0119200508364], [127.53523593442922, 37.01191924980331], [127.53523489413429, 37.009665646900025], [127.5324247945417, 37.00966644786797], [127.5324247945417, 37.00966644786798], [127.52961469484264, 37.00966718230298], [127.52961556920368, 37.011920785331135], [127.5324257518697, 37.01192005083641], [127.5324257518697, 37.0119200508364]]], [[[127.52961556920368, 37.011920785331135], [127.529616443662, 37.01417438750149], [127.529616443662, 37.01417438750149], [127.52961731821756, 37.01642798881399], [127.53242766684515, 37.01642725419979], [127.53242766684515, 37.01642725419979], [127.53523801536623, 37.01642645303644], [127.53523697483988, 37.014172851848805], [127.53523697483988, 37.014172851848805], [127.53804724025983, 37.014171984206826], [127.53804724025983, 37.014171984206826], [127.53523697483988, 37.014172851848805], [127.53523801536623, 37.016426453036445], [127.53523801536623, 37.016426453036445], [127.53523905600835, 37.018680053366204], [127.5380494874083, 37.01867918558311], [127.5380483637716, 37.01642558532389], [127.54085871205196, 37.016424651062195], [127.54085750555485, 37.0141710500211], [127.54085750555485, 37.0141710500211], [127.54085750555485, 37.0141710500211], [127.54085750555485, 37.0141710500211], [127.54085871205196, 37.016424651062195], [127.54085871205196, 37.016424651062195], [127.54085991868327, 37.01867825124545], [127.54085991868327, 37.01867825124545], [127.54086112544879, 37.020931850570825], [127.53805061117, 37.020932784984474], [127.5380517350567, 37.02318638352792], [127.5380517350567, 37.02318638352793], [127.5380517350567, 37.02318638352793], [127.5380517350567, 37.02318638352793], [127.53805061117, 37.020932784984474], [127.5352400967662, 37.02093365283813], [127.53524113763984, 37.02318725145215], [127.53524113763984, 37.02318725145215], [127.53524113763984, 37.02318725145216], [127.53243054010721, 37.02318805281099], [127.5324314980743, 37.02544165063225], [127.5324314980743, 37.02544165063225], [127.53243245614793, 37.02769524759559], [127.53524321973444, 37.027694446106445], [127.53524217862926, 37.025440849208266], [127.53524217862926, 37.025440849208266], [127.53524321973444, 37.027694446106445], [127.53524321973444, 37.027694446106445], [127.53524426095545, 37.029948042146664], [127.53524426095545, 37.029948042146664], [127.5352453022923, 37.03220163732893], [127.53805623185379, 37.032200769122376], [127.53805623185379, 37.03220076912239], [127.5408671612902, 37.0321998343288], [127.54086595385338, 37.02994623929311], [127.53805510746695, 37.02994717401071], [127.53805510746695, 37.02994717401071], [127.54086595385336, 37.02994623929311], [127.54086474655082, 37.02769264339946], [127.54086474655082, 37.02769264339946], [127.54086353938257, 37.02543904664786], [127.53805285906842, 37.02543998121347], [127.53805398320516, 37.02769357804106], [127.53805398320516, 37.02769357804106], [127.53805285906842, 37.02543998121347], [127.53805285906842, 37.02543998121346], [127.54086353938254, 37.025439046647854], [127.54086353938254, 37.025439046647854], [127.54367421956242, 37.02543804551146], [127.54367421956242, 37.02543804551146], [127.5464848995988, 37.02543697780427], [127.54648352652026, 37.02318338036292], [127.54648352652026, 37.02318338036292], [127.5464848995988, 37.025436977804254], [127.5464848995988, 37.025436977804254], [127.54648627283007, 37.02769057438765], [127.54929703574518, 37.027689440017454], [127.54929557948245, 37.02543584352628], [127.54929557948245, 37.02543584352628], [127.54929412338167, 37.02318224617718], [127.54929412338167, 37.02318224617718], [127.54929266744284, 37.020928647970116], [127.54648215359444, 37.02092978206363], [127.54648352652026, 37.02318338036291], [127.54648352652026, 37.02318338036291], [127.54648215359444, 37.02092978206363], [127.54648215359444, 37.02092978206363], [127.54648078082131, 37.018676182906454], [127.54648078082131, 37.018676182906454], [127.54647940820087, 37.01642258289137], [127.54647940820087, 37.01642258289137], [127.54648078082131, 37.018676182906454], [127.54648078082131, 37.018676182906454], [127.54648215359444, 37.02092978206363], [127.54929266744284, 37.02092864797011], [127.54929266744284, 37.020928647970116], [127.54929266744284, 37.020928647970116], [127.54929412338167, 37.02318224617718], [127.55210472008112, 37.02318104542608], [127.55210472008112, 37.02318104542608], [127.55491531660938, 37.02317977810964], [127.55491531660938, 37.02317977810964], [127.55772591295725, 37.02317844422788], [127.5577242079795, 37.02092484632995], [127.55491369464461, 37.020926180103245], [127.55491369464461, 37.020926180103245], [127.55210318112931, 37.02092744731664], [127.55210318112931, 37.02092744731664], [127.55210318112931, 37.02092744731664], [127.55210164234866, 37.018673848349295], [127.55210164234863, 37.018673848349295], [127.55210164234863, 37.01867384834929], [127.5549120728602, 37.01867258123893], [127.55491045125619, 37.01641898151672], [127.55491045125619, 37.01641898151672], [127.55491045125619, 37.01641898151672], [127.5577207985929, 37.016417647960296], [127.55771909418398, 37.01416404748862], [127.55490882983254, 37.01416538093661], [127.55490882983254, 37.01416538093661], [127.55209856530075, 37.014166647840916], [127.55210010373912, 37.01642024852404], [127.55210010373912, 37.01642024852404], [127.55210010373912, 37.01642024852404], [127.54928975605094, 37.01642144898227], [127.54928975605094, 37.01642144898227], [127.54928975605094, 37.01642144898227], [127.54928830059785, 37.01416784820152], [127.5464780357331, 37.01416898201843], [127.54647666341795, 37.011915380287626], [127.54366648137665, 37.01191644747403], [127.54366777071567, 37.01417004929162], [127.54366777071567, 37.01417004929162], [127.54366777071567, 37.01417004929163], [127.54366777071567, 37.01417004929163], [127.54366648137665, 37.01191644747403], [127.54085629919193, 37.01191744812213], [127.54085629919193, 37.01191744812213], [127.54366648137665, 37.01191644747403], [127.543665192181, 37.00966284479862], [127.54085509296316, 37.009663845365345], [127.54085629919193, 37.01191744812213], [127.53804611687306, 37.01191838223189], [127.53804724025983, 37.01417198420682], [127.53804724025983, 37.01417198420682], [127.53804611687306, 37.01191838223189], [127.53523593442922, 37.01191924980333], [127.5324257518697, 37.01192005083641], [127.53242670930418, 37.01417365294702], [127.53242670930418, 37.01417365294702], [127.53242670930418, 37.01417365294702], [127.5324257518697, 37.01192005083641], [127.52961556920368, 37.011920785331135]], [[127.54366906019814, 37.01642365025136], [127.54366906019814, 37.016423650251355], [127.54647940820087, 37.01642258289137], [127.54647940820087, 37.01642258289137], [127.54366906019814, 37.01642365025136]], [[127.54367292950613, 37.0231844479833], [127.54367292950613, 37.02318444798329], [127.54086233234855, 37.023185449038294], [127.54086233234855, 37.023185449038294], [127.54367292950613, 37.02318444798329], [127.54367163959336, 37.02093084959721], [127.54367163959336, 37.02093084959721], [127.54367034982401, 37.01867725035323], [127.54367034982401, 37.01867725035323], [127.54367163959336, 37.02093084959721], [127.54367163959336, 37.02093084959721], [127.54367292950613, 37.0231844479833], [127.54367292950613, 37.0231844479833]]], [[[127.53241140312365, 36.97811591625016], [127.5352203421476, 36.97811511619373], [127.53521930358674, 36.97586150042546], [127.53241044739141, 36.9758623004168], [127.53241140312365, 36.97811591625016]]], [[[127.53523593442922, 37.01191924980331], [127.53804611687306, 37.01191838223188], [127.5380449936112, 37.00966477939913], [127.53523489413429, 37.009665646900025], [127.53523593442922, 37.01191924980331]]], [[[127.53805061117, 37.02093278498447], [127.54086112544879, 37.020931850570825], [127.54085991868327, 37.01867825124545], [127.5380494874083, 37.01867918558311], [127.53805061117, 37.02093278498447]]], [[[127.53805735636568, 37.034454363376085], [127.54086836886134, 37.034453428506495], [127.5408671612902, 37.0321998343288], [127.53805623185379, 37.0322007691224], [127.53805735636568, 37.034454363376085]]], [[[127.54367809059232, 37.03219883294819], [127.5408671612902, 37.0321998343288], [127.54086836886134, 37.034453428506495], [127.54086836886134, 37.034453428506495], [127.54086957656683, 37.03670702182615], [127.54368067199663, 37.03670602028269], [127.54367938122269, 37.03445242704445], [127.54367938122269, 37.03445242704445], [127.54367809059232, 37.03219883294819]]], [[[127.54365102048845, 36.98487315875763], [127.54646020753609, 36.984872092612235], [127.54645883720372, 36.98261847973105], [127.54364973301229, 36.982619545789724], [127.54365102048845, 36.98487315875763]]], [[[127.54646843273164, 36.99839375188892], [127.54646980413128, 37.00064735876644], [127.54927957127798, 37.000646225502635], [127.5492781169576, 36.99839261871726], [127.54646843273164, 36.99839375188892]]], [[[127.54925051558017, 36.95557392684873], [127.55205862590186, 36.95557272902404], [127.55205709207631, 36.953319105185194], [127.54924906449108, 36.953320302912424], [127.54925051558017, 36.95557392684873]]], [[[127.55489910507681, 37.00064375944128], [127.55770887171055, 37.000642426643765], [127.5577071686281, 36.99838882016735], [127.55489748491506, 36.998390152856466], [127.55489910507681, 37.00064375944128]]], [[[127.56328733605568, 36.95106002604698], [127.56047939193512, 36.951061489245895], [127.56048117377179, 36.953315113617315], [127.56048117377179, 36.953315113617315], [127.56047939193512, 36.9510614892459], [127.56047939193512, 36.951061489245895], [127.56047761029657, 36.94880786401712], [127.55766974869586, 36.94880926071012], [127.55767144761639, 36.95106288605253], [127.55767144761639, 36.95106288605254], [127.55767314672588, 36.95331651053763], [127.56048117377179, 36.953315113617315], [127.56048295580663, 36.95556873713137], [127.56329106539077, 36.95556727369432], [127.56329106539077, 36.95556727369432], [127.56609917476752, 36.95556574385423], [127.56609917476752, 36.95556574385423], [127.56329106539077, 36.95556727369432], [127.56329106539077, 36.95556727369432], [127.56048295580663, 36.95556873713137], [127.56048473803968, 36.95782235978804], [127.56329293036941, 36.957820896231915], [127.56329479555545, 36.96007451791209], [127.56610307043253, 36.96007298782302], [127.56610501859001, 36.96232660852125], [127.56891337601436, 36.96232501188844], [127.56891337601436, 36.96232501188844], [127.57172173321285, 36.9623233488364], [127.57171961952753, 36.96006972840336], [127.57171961952753, 36.96006972840336], [127.57171750607726, 36.95781610711287], [127.56890931439739, 36.95781776989431], [127.56890728392767, 36.955564147611085], [127.56890728392767, 36.955564147611085], [127.56890525368371, 36.95331052447045], [127.56609722725992, 36.95331212058371], [127.56609722725992, 36.95331212058371], [127.56609722725992, 36.95331212058371], [127.56609722725992, 36.95331212058371], [127.56890525368371, 36.953310524470446], [127.56890322366556, 36.951056900472416], [127.56609527996889, 36.95105849645581], [127.56609333289441, 36.94880487147056], [127.56328547169915, 36.94880640093726], [127.56328733605568, 36.95106002604698], [127.56328733605568, 36.95106002604698], [127.56328733605568, 36.95106002604698]], [[127.56610307043253, 36.96007298782302], [127.56891134509296, 36.960071391320106], [127.56891134509296, 36.960071391320106], [127.56610307043253, 36.96007298782302], [127.56610307043253, 36.96007298782302]], [[127.56610112249172, 36.95781936626733], [127.56329293036941, 36.957820896231915], [127.56329293036941, 36.957820896231915], [127.56610112249172, 36.95781936626733], [127.56610112249172, 36.95781936626733]], [[127.56609917476752, 36.95556574385423], [127.56609917476752, 36.95556574385423], [127.56610112249172, 36.95781936626733], [127.56610112249172, 36.95781936626733], [127.56609917476752, 36.95556574385423]]], [[[127.55767654551174, 36.95782375693568], [127.56048473803968, 36.95782235978804], [127.56048295580663, 36.95556873713137], [127.55767484602431, 36.95557013416534], [127.55767654551174, 36.95782375693568]]], [[[127.5689499712501, 37.00289003547283], [127.57175981977421, 37.002888369984], [127.57175770185323, 37.00063476498846], [127.56894793625891, 37.000636430341835], [127.5689499712501, 37.00289003547283]]], [[[127.56895200646765, 37.005143639746], [127.57176193793076, 37.00514197412172], [127.57175981977421, 37.002888369984014], [127.5689499712501, 37.00289003547283], [127.56895200646765, 37.005143639746]]], [[[127.55771909418398, 37.01416404748862], [127.56052935834587, 37.01416264749698], [127.56052757115053, 37.011909046281254], [127.55771738996464, 37.011910446159064], [127.55771909418398, 37.01416404748862]]], [[[127.5829943124156, 36.99837383320635], [127.58580399381957, 36.99837183546001], [127.58580146181347, 36.99611822950716], [127.58299186332066, 36.99612022709104], [127.5829943124156, 36.99837383320635]]], [[[127.56894793625891, 37.000636430341835], [127.57175770185323, 37.00063476498846], [127.57175558416782, 36.99838115913513], [127.56894590149403, 36.99838282435307], [127.56894793625891, 37.000636430341835]]], [[[127.58301636653205, 37.01865624964025], [127.58020593823966, 37.01865818229493], [127.58020830705658, 37.02091177998839], [127.58020830705658, 37.02091177998839], [127.58020830705658, 37.02091177998839], [127.58020593823966, 37.01865818229493], [127.5773955096838, 37.01866004839525], [127.57739779549722, 37.02091364624046], [127.57739779549722, 37.02091364624046], [127.57740008156492, 37.023167243227675], [127.58021067613701, 37.023165376823854], [127.58021067613701, 37.023165376823854], [127.58302127044561, 37.02316344385486], [127.58301881835247, 37.02090984717656], [127.58301881835247, 37.02090984717656], [127.58302127044561, 37.02316344385485], [127.58583186448143, 37.0231614443207], [127.58582932937561, 37.02090784780497], [127.58582932937561, 37.02090784780497], [127.58583186448143, 37.0231614443207], [127.58583186448143, 37.0231614443207], [127.58583186448143, 37.0231614443207], [127.58302127044561, 37.02316344385486], [127.5830237228115, 37.02541703967514], [127.58583439986926, 37.025415039978405], [127.58583439986926, 37.025415039978405], [127.58864507664497, 37.02541297371111], [127.58864245823528, 37.023159378221415], [127.58864245823528, 37.023159378221415], [127.58864507664497, 37.02541297371111], [127.59145575312942, 37.0254108408733], [127.5914530516979, 37.023157245557], [127.59145035056683, 37.02090364938267], [127.58863984011681, 37.02090578187367], [127.58863984011681, 37.02090578187367], [127.58863984011681, 37.02090578187367], [127.59145035056683, 37.02090364938267], [127.59145035056683, 37.02090364938267], [127.59426086071642, 37.02090145033197], [127.5942580768824, 37.0186478534784], [127.5942580768824, 37.0186478534784], [127.59425529335802, 37.016394255766805], [127.59425529335802, 37.016394255766805], [127.5942580768824, 37.0186478534784], [127.59706850371903, 37.018645588052266], [127.59706563720057, 37.01639199052486], [127.59706563720057, 37.01639199052486], [127.59706850371903, 37.018645588052266], [127.5998789302368, 37.0186432560719], [127.5998759807243, 37.01638965873412], [127.5998759807243, 37.01638965873412], [127.59987303153984, 37.014136060538306], [127.59987303153984, 37.014136060538306], [127.59987008268338, 37.01188246148448], [127.5998700826834, 37.01188246148448], [127.59986713415492, 37.00962886157268], [127.59986713415492, 37.00962886157268], [127.59986418595433, 37.007375260802895], [127.59705417431448, 37.0073775918353], [127.5970570395579, 37.00963119279465], [127.5970570395579, 37.00963119279465], [127.59705990512003, 37.01188479289603], [127.59705990512003, 37.01188479289603], [127.5970570395579, 37.00963119279465], [127.59424694464222, 37.009633457484036], [127.59424694464222, 37.009633457484036], [127.59143684941705, 37.00963565564082], [127.59143954904637, 37.01188925610515], [127.59424972723797, 37.011887057769606], [127.59424972723797, 37.011887057769606], [127.59143954904637, 37.01188925610515], [127.59144224897597, 37.01414285571152], [127.59144224897597, 37.01414285571152], [127.5914449492059, 37.0163964544599], [127.5914449492059, 37.0163964544599], [127.5914449492059, 37.01639645445989], [127.58863460475341, 37.01639858660413], [127.58863460475341, 37.01639858660415], [127.58582426000982, 37.01640065219949], [127.58582679455175, 37.01865425043123], [127.58582679455175, 37.01865425043123], [127.58582932937561, 37.02090784780496], [127.58301881835247, 37.02090984717654], [127.58301636653205, 37.01865624964025]], [[127.58863722228953, 37.0186521846679], [127.58863722228953, 37.0186521846679], [127.58863722228953, 37.0186521846679], [127.58863722228953, 37.0186521846679], [127.58863722228953, 37.0186521846679]]], [[[127.58021304548097, 37.02541897280132], [127.5830237228115, 37.02541703967514], [127.58302127044561, 37.02316344385487], [127.58021067613701, 37.02316537682386], [127.58021304548097, 37.02541897280132]]], [[[127.5830261754502, 37.02767063463738], [127.58583693553906, 37.02766863477805], [127.58583439986926, 37.02541503997841], [127.5830237228115, 37.02541703967514], [127.5830261754502, 37.02767063463738]]], [[[127.59147737540226, 37.043439572511424], [127.5886660344105, 37.043441706736886], [127.5886660344105, 37.043441706736886], [127.59147737540226, 37.043439572511424], [127.59147737540226, 37.04343957251143], [127.59428871609327, 37.043437371672155], [127.59429150333544, 37.04569095908619], [127.59710292682136, 37.04568869144878], [127.59710005647428, 37.04343510421907], [127.59710005647428, 37.04343510421907], [127.59709718644643, 37.04118151613112], [127.59709718644643, 37.04118151613112], [127.59709431673781, 37.03892792718493], [127.59428314253894, 37.03893019426937], [127.59428314253894, 37.03893019426938], [127.59147196803013, 37.03893239475086], [127.59147467156583, 37.04118598406023], [127.58866341366982, 37.0411881181122], [127.58866341366982, 37.04118811811221], [127.5858521554823, 37.041190185555756], [127.58585469312719, 37.043443774348496], [127.58585469312719, 37.043443774348496], [127.58585723105435, 37.04569736228304], [127.58866865544267, 37.04569529450334], [127.58866865544267, 37.04569529450334], [127.59148007953947, 37.04569316010438], [127.59147737540226, 37.043439572511424]]], [[[127.58580652610732, 37.00062544055505], [127.58861629015004, 37.000623376135195], [127.58861367494194, 36.998369771208054], [127.58580399381957, 36.99837183546002], [127.58580652610732, 37.00062544055505]]], [[[127.59143684941705, 37.00963565564082], [127.59424694464222, 37.009633457484036], [127.59424694464222, 37.009633457484036], [127.5970570395579, 37.00963119279464], [127.59705417431448, 37.007377591835294], [127.59705417431448, 37.007377591835294], [127.5970513093897, 37.005123990018], [127.5942413803791, 37.00512625433908], [127.5942413803791, 37.00512625433908], [127.59143145105911, 37.00512845213839], [127.59143145105911, 37.00512845213839], [127.58862152143894, 37.00513058341587], [127.58862413751979, 37.00738418576938], [127.59143415008798, 37.00738205431856], [127.59143684941705, 37.00963565564082]]], [[[127.59705417431448, 37.007377591835294], [127.59986418595433, 37.00737526080289], [127.59986123808167, 37.00512165917516], [127.5970513093897, 37.005123990018], [127.59705417431448, 37.007377591835294]]], [[[127.59986713415492, 37.00962886157268], [127.60267722842399, 37.00962646381816], [127.60267419726634, 37.00737286324334], [127.59986418595436, 37.00737526080289], [127.59986713415492, 37.00962886157268]]], [[[127.5886293705545, 37.011891387902665], [127.59143954904637, 37.01188925610515], [127.59143684941705, 37.00963565564082], [127.58862675389162, 37.009637787264985], [127.58862675389162, 37.009637787264985], [127.5858166580752, 37.00963985235651], [127.58581919177158, 37.011893453162116], [127.5886293705545, 37.01189138790267], [127.5886293705545, 37.011891387902665]]], [[[127.5998759807243, 37.01638965873412], [127.60268632392001, 37.01638726039458], [127.60268329175078, 37.01413366239379], [127.60268329175078, 37.01413366239379], [127.60268025991878, 37.01188006353497], [127.60268025991878, 37.01188006353497], [127.60267722842399, 37.00962646381816], [127.59986713415492, 37.00962886157268], [127.5998700826834, 37.01188246148448], [127.5998700826834, 37.01188246148448], [127.59987303153986, 37.014136060538306], [127.59987303153986, 37.014136060538306], [127.5998759807243, 37.01638965873412]]], [[[127.58582172574977, 37.014147053109795], [127.58863198750842, 37.01414498768239], [127.5886293705545, 37.01189138790267], [127.58581919177158, 37.011893453162116], [127.58582172574977, 37.014147053109795]]], [[[127.60269238927032, 37.02089445382204], [127.59988188007738, 37.02089685255163], [127.5998848302461, 37.023150448173304], [127.6026954224515, 37.02314804924866], [127.6026954224515, 37.02314804924866], [127.60550601431949, 37.023145583759], [127.60550289812589, 37.020891988532846], [127.60269238927032, 37.02089445382204], [127.60268935642652, 37.018640857537335], [127.60268935642652, 37.018640857537335], [127.60268632392001, 37.01638726039459], [127.5998759807243, 37.01638965873412], [127.5998789302368, 37.0186432560719], [127.5998789302368, 37.0186432560719], [127.59988188007738, 37.02089685255163], [127.60269238927032, 37.02089445382204], [127.60269238927032, 37.02089445382204]]], [[[127.5914530516979, 37.023157245557], [127.59426364486008, 37.0231550463275], [127.59426086071642, 37.02090145033197], [127.59145035056683, 37.02090364938267], [127.5914530516979, 37.023157245557]]], [[[127.6026954224515, 37.02314804924867], [127.60269845597006, 37.02540164381718], [127.6055091308597, 37.025399178127074], [127.60550601431949, 37.02314558375901], [127.6026954224515, 37.02314804924867]]], [[[127.60832300532044, 37.02765023917057], [127.60831980540273, 37.025396645866564], [127.6055091308597, 37.025399178127074], [127.6055122477466, 37.02765277163699], [127.60832300532044, 37.02765023917057]]], [[[127.59145845486145, 37.02766443533151], [127.59426921407648, 37.02766223574435], [127.59427199914931, 37.02991582916564], [127.5970828410948, 37.02991356281832], [127.59707997298173, 37.02765996958129], [127.59426921407648, 37.02766223574435], [127.59426642931341, 37.02540864146498], [127.59145575312942, 37.025410840873306], [127.59145845486145, 37.02766443533151]]], [[[127.591461156894, 37.02991802893164], [127.591461156894, 37.02991802893164], [127.59145845486145, 37.027664435331516], [127.59145845486145, 37.027664435331516], [127.59145575312942, 37.025410840873306], [127.58864507664497, 37.02541297371112], [127.58864507664497, 37.02541297371112], [127.58583439986926, 37.02541503997841], [127.58583693553906, 37.02766863477805], [127.58864769534591, 37.02766656834276], [127.58864769534591, 37.02766656834276], [127.58864769534591, 37.02766656834276], [127.58865031433814, 37.029920162116305], [127.58865031433814, 37.029920162116305], [127.58865293362169, 37.03217375503178], [127.59146385922712, 37.03217162167366], [127.591461156894, 37.02991802893164]]], [[[127.60270148982603, 37.0276552375276], [127.6055122477466, 37.027652771636994], [127.6055091308597, 37.025399178127074], [127.60269845597006, 37.02540164381718], [127.60270148982603, 37.0276552375276]]], [[[127.60270755855046, 37.032162422373986], [127.60271059341896, 37.03441601350993], [127.60552160048763, 37.03441354701781], [127.60552160048763, 37.03441354701782], [127.60271059341896, 37.03441601350993], [127.60270755855046, 37.03216242237399], [127.59989663420284, 37.03216482207894], [127.59989663420284, 37.03216482207894], [127.59708570952692, 37.03216715519723], [127.59708570952692, 37.03216715519723], [127.59989663420284, 37.03216482207894], [127.59989368272129, 37.029911229889734], [127.59708284109483, 37.02991356281833], [127.5970828410948, 37.02991356281833], [127.59427199914931, 37.029915829165645], [127.59427478453193, 37.032169421728796], [127.59427478453193, 37.0321694217288], [127.59427757022439, 37.03442301343382], [127.59427757022439, 37.03442301343382], [127.5942803562267, 37.03667660428068], [127.5970914473484, 37.03667433738054], [127.5970914473484, 37.03667433738054], [127.5970914473484, 37.03667433738054], [127.59709431673781, 37.03892792718493], [127.59709431673781, 37.03892792718493], [127.59709718644643, 37.04118151613112], [127.59709718644643, 37.04118151613112], [127.59710005647428, 37.043435104219064], [127.59710005647428, 37.043435104219064], [127.59710292682136, 37.04568869144878], [127.599914349988, 37.045686357192174], [127.59991139653602, 37.04343277015223], [127.59991139653602, 37.04343277015223], [127.59990844341255, 37.041179182254005], [127.59990844341252, 37.041179182254005], [127.59990549061752, 37.038925593497545], [127.60271666416878, 37.038923193207246], [127.60271362862505, 37.0366696037877], [127.60271362862505, 37.0366696037877], [127.60271362862505, 37.03666960378769], [127.60271362862505, 37.03666960378769], [127.60271666416878, 37.03892319320724], [127.60552783738238, 37.03892072631404], [127.60552471876159, 37.03666713709502], [127.60552471876159, 37.03666713709502], [127.60552160048763, 37.03441354701782], [127.60552160048763, 37.03441354701782], [127.60552471876159, 37.03666713709502], [127.60833580855123, 37.036664603804915], [127.60833260720949, 37.034411013933635], [127.61114361357525, 37.034408414257456], [127.61114032953104, 37.0321548237393], [127.61114032953104, 37.0321548237393], [127.61113704585209, 37.02990123236295], [127.61113704585212, 37.02990123236295], [127.61113376253837, 37.02764764012841], [127.60832300532047, 37.02765023917058], [127.6055122477466, 37.027652771636994], [127.60551536498018, 37.029906364288756], [127.60551536498018, 37.029906364288756], [127.60551848256051, 37.032159956082374], [127.60270755855046, 37.032162422373986]], [[127.60551848256051, 37.03215995608238], [127.60551848256051, 37.032159956082374], [127.60832940622379, 37.03215742320415], [127.60832940622379, 37.03215742320415], [127.60551848256051, 37.03215995608238]], [[127.60832940622379, 37.03215742320415], [127.60832940622379, 37.03215742320415], [127.60832620559412, 37.02990383161645], [127.60832620559412, 37.02990383161645], [127.60832940622379, 37.03215742320415]], [[127.59989958601271, 37.03441841341], [127.59989958601271, 37.03441841341], [127.60271059341896, 37.03441601350993], [127.60271059341896, 37.03441601350993], [127.59989958601271, 37.03441841341], [127.59989958601271, 37.03441841341]]], [[[127.5886555531966, 37.03442734708911], [127.59146656186081, 37.034425213557554], [127.59146385922712, 37.03217162167366], [127.58865293362169, 37.03217375503178], [127.5886555531966, 37.03442734708911]]], [[[127.59428314253894, 37.03893019426937], [127.59709431673781, 37.03892792718493], [127.59709144734838, 37.03667433738054], [127.5942803562267, 37.03667660428068], [127.59428314253894, 37.03893019426937]]], [[[127.599914349988, 37.045686357192174], [127.6027257728261, 37.04568395631644], [127.60272273626926, 37.043430369471636], [127.60272273626926, 37.043430369471636], [127.60272273626927, 37.043430369471636], [127.60553407566476, 37.043427902177314], [127.6055371953264, 37.045681488821536], [127.60834861747969, 37.045678954707526], [127.60835182060237, 37.04793254028745], [127.61116332551336, 37.047929939342936], [127.6111600392767, 37.04567635397442], [127.6111600392767, 37.04567635397442], [127.61115675340557, 37.0434227677476], [127.60834541471326, 37.04342536826929], [127.60834221230307, 37.04117178097277], [127.60834221230307, 37.04117178097277], [127.60833901024907, 37.03891819281798], [127.60552783738238, 37.038920726314046], [127.60552783738238, 37.038920726314046], [127.60271666416878, 37.038923193207246], [127.60271970005017, 37.041176781768556], [127.60271970005017, 37.041176781768556], [127.60271666416878, 37.038923193207246], [127.59990549061752, 37.038925593497545], [127.59990844341255, 37.04117918225401], [127.59990844341255, 37.04117918225401], [127.59991139653602, 37.04343277015223], [127.59991139653602, 37.04343277015223], [127.599914349988, 37.045686357192174]], [[127.60553407566476, 37.04342790217731], [127.60553407566476, 37.04342790217731], [127.60553095635011, 37.04117431467481], [127.60553095635011, 37.04117431467481], [127.60553407566476, 37.04342790217731]], [[127.60834861747969, 37.045678954707526], [127.60834541471326, 37.0434253682693], [127.60834541471326, 37.0434253682693], [127.60834861747969, 37.045678954707526], [127.60834861747969, 37.045678954707526]]], [[[127.6111666121156, 37.05018352385309], [127.61397819978419, 37.05018085606725], [127.61397483005878, 37.047927271773936], [127.61116332551336, 37.047929939342936], [127.6111666121156, 37.05018352385309]]], [[[127.60835502408136, 37.05018612500905], [127.6111666121156, 37.05018352385309], [127.61116332551336, 37.047929939342936], [127.60835182060237, 37.04793254028745], [127.60835502408136, 37.05018612500905]]]]}}, {"type": "Feature", "properties": {"rank": 2, "method": "BFS+Zoning", "n_grids": 294, "avg_micro": 75.17968409854903, "cluster_score": 139.31143571342818, "buildable_ha": 693.1249999999998, "final_score": 113.6811668469401, "avg_bcr": 0.3772108843537414, "center_lat": 36.97383934647092, "center_lon": 127.47027244602805}, "geometry": {"type": "MultiPolygon", "coordinates": [[[[127.45658795551039, 36.94656170124436], [127.45378017575455, 36.94656064170539], [127.45377881425377, 36.94881426831262], [127.4565866767185, 36.948815327937815], [127.45658795551039, 36.94656170124436]]], [[[127.45939095027843, 36.955577196355016], [127.46219906120041, 36.95557812343261], [127.46219906120044, 36.95557812343261], [127.46500717224629, 36.95557898410703], [127.46500820325525, 36.95332535975925], [127.46781623167921, 36.95332615396586], [127.46781717984615, 36.95107252869614], [127.46500923414956, 36.95107173455414], [127.46500923414956, 36.95107173455414], [127.46220128856761, 36.951070874019756], [127.46220128856761, 36.951070874019756], [127.46220128856761, 36.951070874019756], [127.46220128856761, 36.951070874019756], [127.46500923414956, 36.95107173455414], [127.46500923414956, 36.95107173455414], [127.46781717984615, 36.95107252869614], [127.46781623167921, 36.953326153965854], [127.47062426020862, 36.9533268817747], [127.47062512564818, 36.95107325644575], [127.47062512564818, 36.95107325644575], [127.47062599099152, 36.94881963025952], [127.47062599099152, 36.948819630259514], [127.47062599099152, 36.948819630259514], [127.47343385417159, 36.94882029156294], [127.4734346367097, 36.946566664465614], [127.4734346367097, 36.946566664465614], [127.47343541916078, 36.94431303651102], [127.47343541916078, 36.94431303651102], [127.47343620152483, 36.9420594076992], [127.47062858644414, 36.94205874655718], [127.47062772138946, 36.944312375315214], [127.47062772138946, 36.944312375315214], [127.4706268562386, 36.94656600321599], [127.4706268562386, 36.94656600321599], [127.4706268562386, 36.946566003216], [127.46781907586372, 36.9465652755848], [127.46781907586372, 36.9465652755848], [127.46501129559427, 36.94656448157203], [127.46501129559427, 36.94656448157203], [127.46220351543944, 36.946563621177695], [127.46220351543944, 36.94656362117769], [127.46501129559427, 36.94656448157202], [127.46501129559427, 36.94656448157202], [127.46781907586372, 36.946565275584796], [127.46781907586372, 36.946565275584796], [127.4706268562386, 36.94656600321599], [127.47062772138946, 36.944312375315214], [127.46782002371438, 36.94431164774322], [127.46782002371438, 36.94431164774322], [127.47062772138946, 36.944312375315214], [127.47062858644414, 36.94205874655718], [127.46782097145963, 36.942058019044396], [127.46782097145963, 36.9420580190444], [127.46501335658054, 36.94205722516085], [127.46501335658054, 36.942057225160845], [127.462205741816, 36.942056364906534], [127.46220462868963, 36.94430999347073], [127.46501232614469, 36.944310853795066], [127.46501232614469, 36.944310853795066], [127.4622046286896, 36.94430999347074], [127.46220351543944, 36.94656362117769], [127.45939573540839, 36.9465626944018], [127.45939453932547, 36.94881632117606], [127.45939453932547, 36.94881632117606], [127.45939573540839, 36.94656269440181], [127.45658795551039, 36.94656170124437], [127.4565866767185, 36.948815327937815], [127.4565866767185, 36.948815327937815], [127.45658539778441, 36.951068953773955], [127.45658539778441, 36.951068953773955], [127.45658411870808, 36.953322578752775], [127.45939214676048, 36.95332357215269], [127.45939095027843, 36.955577196355016]], [[127.46781812790766, 36.94881890256911], [127.46781717984615, 36.95107252869613], [127.46781717984615, 36.95107252869613], [127.46781812790765, 36.94881890256911], [127.46781812790766, 36.94881890256911]], [[127.46220017494593, 36.953324499154846], [127.46220017494593, 36.953324499154846], [127.45939214676048, 36.95332357215269], [127.45939214676048, 36.953323572152684], [127.46220017494593, 36.95332449915484], [127.46220017494593, 36.953324499154846]], [[127.45939334310948, 36.951069947093025], [127.45939334310948, 36.951069947093025], [127.45939453932547, 36.948816321176075], [127.45939453932547, 36.948816321176075], [127.45939334310948, 36.951069947093025]]], [[[127.45939214676048, 36.9533235721527], [127.45658411870808, 36.95332257875279], [127.4565828394895, 36.95557620287428], [127.45939095027843, 36.955577196355016], [127.45939214676048, 36.9533235721527]]], [[[127.45377200447821, 36.9600823884888], [127.45377200447821, 36.9600823884888], [127.45377336673627, 36.95782876616829], [127.45377336673627, 36.95782876616829], [127.45377472884286, 36.95557514299039], [127.45096661834765, 36.95557401670337], [127.4509651734954, 36.95782763978962], [127.4509651734954, 36.95782763978962], [127.45096372848244, 36.96008126201849], [127.45096372848244, 36.96008126201849], [127.45096228330877, 36.96233488338996], [127.45377064206866, 36.96233600995192], [127.45377200447821, 36.9600823884888]]], [[[127.4565828394895, 36.95557620287428], [127.45377472884286, 36.9555751429904], [127.45377336673627, 36.95782876616829], [127.45377336673627, 36.95782876616829], [127.45377200447821, 36.9600823884888], [127.4565802806255, 36.96008344854518], [127.45658156012863, 36.95782982613842], [127.45658156012865, 36.95782982613842], [127.4565802806255, 36.96008344854517], [127.4565802806255, 36.96008344854518], [127.45657900098006, 36.962337070094534], [127.45938736003379, 36.96233806381781], [127.45938855691509, 36.96008444218761], [127.45938855691509, 36.96008444218761], [127.45938736003379, 36.96233806381782], [127.46219571922063, 36.96233899112172], [127.46219571922063, 36.96233899112171], [127.46500407853135, 36.96233985200623], [127.46500407853135, 36.96233985200623], [127.46781243795682, 36.96234064647138], [127.46781338654564, 36.960087024631044], [127.46500510988436, 36.96008623023053], [127.46500510988436, 36.96008623023053], [127.46500510988436, 36.96008623023053], [127.46500614112267, 36.95783260759746], [127.46500614112267, 36.95783260759746], [127.46500717224629, 36.95557898410703], [127.46219906120041, 36.95557812343261], [127.46219906120041, 36.95557812343261], [127.45939095027843, 36.95557719635503], [127.45939095027843, 36.95557719635503], [127.4565828394895, 36.95557620287428], [127.45658156012865, 36.95782982613842], [127.45658156012865, 36.95782982613842], [127.4565828394895, 36.95557620287428]], [[127.4593897536633, 36.9578308197], [127.46219794733103, 36.95783174685302], [127.46219794733103, 36.95783174685302], [127.4593897536633, 36.9578308197], [127.4593897536633, 36.9578308197], [127.4593897536633, 36.9578308197], [127.4593897536633, 36.9578308197]], [[127.46219683333779, 36.960085369416056], [127.46219683333779, 36.960085369416056], [127.46219683333779, 36.96008536941605], [127.46219683333779, 36.96008536941605], [127.46219683333779, 36.960085369416056]]], [[[127.45938616301936, 36.96459168459062], [127.46219460497954, 36.96459261196998], [127.46219571922063, 36.96233899112172], [127.45938736003379, 36.96233806381782], [127.45938736003379, 36.96233806381782], [127.45657900098006, 36.96233707009454], [127.45657772119229, 36.9645906907865], [127.45938616301936, 36.96459168459062], [127.45938616301936, 36.96459168459062]]], [[[127.45376655393073, 36.96909686919668], [127.45376519091496, 36.97135048723002], [127.45657388097489, 36.971351547717695], [127.45657388097489, 36.9713515477177], [127.4593825711772, 36.9713525417644], [127.45938376859108, 36.969098923563934], [127.45657516118973, 36.9690979295981], [127.45657516118973, 36.96909792959809], [127.45938376859108, 36.96909892356393], [127.45938496587178, 36.96684530450601], [127.45938496587178, 36.966845304506], [127.45938616301936, 36.96459168459062], [127.45657772119229, 36.9645906907865], [127.45657772119229, 36.9645906907865], [127.45657900098006, 36.96233707009454], [127.45377064206866, 36.96233600995192], [127.45376927950755, 36.964589630557626], [127.45376791679493, 36.96684325030588], [127.45376791679493, 36.966843250305885], [127.45376655393073, 36.96909686919668], [127.45657516118973, 36.96909792959809], [127.45657516118973, 36.96909792959809], [127.45376655393073, 36.96909686919668]]], [[[127.453761100958, 36.97811133618497], [127.456570039476, 36.97811239693149], [127.456570039476, 36.97811239693149], [127.456570039476, 36.97811239693149], [127.45656875869155, 36.98036601162104], [127.45375973733574, 36.98036495078822], [127.45375837356181, 36.98261856453389], [127.45375837356181, 36.98261856453389], [127.45375973733574, 36.98036495078823], [127.45375973733574, 36.98036495078822], [127.453761100958, 36.97811133618498], [127.453761100958, 36.97811133618498], [127.45376246442862, 36.97585772072419], [127.4509536088908, 36.975856593612185], [127.45095216259162, 36.978110208981285], [127.45095216259162, 36.978110208981285], [127.45095071613159, 36.98036382349282], [127.45095071613159, 36.98036382349282], [127.45094926951069, 36.98261743714679], [127.45094926951069, 36.98261743714679], [127.45094782272888, 36.98487104994317], [127.45375700963619, 36.98487217742198], [127.45375700963619, 36.98487217742198], [127.45656619669522, 36.984873238427376], [127.45656747776461, 36.982619625453005], [127.45375837356181, 36.98261856453389], [127.45375837356181, 36.98261856453389], [127.45656747776461, 36.982619625453005], [127.45656875869155, 36.98036601162104], [127.4593777801898, 36.98036700599125], [127.45937897813648, 36.97811339122084], [127.45937897813648, 36.97811339122084], [127.45938017594992, 36.97585977559287], [127.45657132011806, 36.97585878138442], [127.45657132011806, 36.97585878138442], [127.45938017594992, 36.975859775592866], [127.45938137363017, 36.97360615910739], [127.45938137363017, 36.97360615910739], [127.4593825711772, 36.971352541764404], [127.45657388097489, 36.9713515477177], [127.45657388097489, 36.9713515477177], [127.45376519091496, 36.97135048723002], [127.45376382774761, 36.97360410440586], [127.45376382774761, 36.97360410440586], [127.45376382774761, 36.97360410440586], [127.45376382774761, 36.97360410440586], [127.45376519091496, 36.97135048723002], [127.45095650100662, 36.97134936030139], [127.45095505502911, 36.973602977385546], [127.45095505502914, 36.973602977385546], [127.4509536088908, 36.97585659361218], [127.45376246442862, 36.975857720724186], [127.45376246442862, 36.975857720724186], [127.45376246442862, 36.975857720724186], [127.453761100958, 36.97811133618497]]], [[[127.45375700963619, 36.984872177421984], [127.45094782272888, 36.98487104994317], [127.45094637578613, 36.98712466188194], [127.45375564555886, 36.98712578945247], [127.45375700963619, 36.984872177421984]]], [[[127.45375564555886, 36.98712578945247], [127.45094637578613, 36.98712466188194], [127.45094492868247, 36.98937827296307], [127.45375428132982, 36.98937940062532], [127.45375564555886, 36.98712578945247]]], [[[127.45374609276855, 37.0029010496512], [127.45374472747699, 37.00515465482012], [127.45374472747699, 37.00515465482012], [127.45374336203356, 37.007408259131275], [127.45374336203356, 37.007408259131275], [127.45374199643825, 37.00966186258462], [127.45374199643825, 37.00966186258462], [127.45374063069106, 37.01191546518017], [127.45655081274379, 37.01191652722158], [127.4565520955241, 37.009662924539676], [127.4565520955241, 37.009662924539676], [127.45655337816176, 37.00740932099996], [127.45655337816176, 37.00740932099996], [127.45655337816176, 37.00740932099996], [127.45655337816176, 37.00740932099996], [127.4565520955241, 37.00966292453967], [127.45936219475264, 37.00966391996181], [127.45936219475264, 37.00966391996181], [127.4621722941146, 37.00966484885103], [127.46217341083691, 37.00741124515484], [127.46217341083691, 37.00741124515484], [127.4621722941146, 37.00966484885103], [127.4621722941146, 37.00966484885103], [127.46217117726808, 37.01191845168943], [127.46217117726808, 37.01191845168943], [127.46217006029732, 37.01417205367], [127.46498032572657, 37.01417291616656], [127.46498032572657, 37.01417291616657], [127.46779059127081, 37.01417371211938], [127.46779154228926, 37.011920110003956], [127.46498135972118, 37.011919314115865], [127.46498135972118, 37.01191931411586], [127.46779154228926, 37.01192011000395], [127.46779249320193, 37.0096665070307], [127.47060259290885, 37.009667236321114], [127.47060346075806, 37.00741363243079], [127.47060346075806, 37.00741363243079], [127.47060259290885, 37.00966723632113], [127.4734126927123, 37.00966789907861], [127.47341347760378, 37.007414295134375], [127.47341347760378, 37.007414295134375], [127.4734126927123, 37.00966789907861], [127.47622279260307, 37.00966849530312], [127.47622279260307, 37.00966849530312], [127.47903289257188, 37.009669024994665], [127.47903351154787, 37.00741542095888], [127.4818435286278, 37.00741588407978], [127.4818440645864, 37.00516227914858], [127.4818440645864, 37.00516227914858], [127.48184460048542, 37.00290867335962], [127.47903474929332, 37.00290821031402], [127.47903474929332, 37.00290821031402], [127.48184460048542, 37.00290867335962], [127.48184460048542, 37.00290867335961], [127.4846544517371, 37.002909069888474], [127.48465490464643, 37.00065546320953], [127.48184513632481, 37.00065506671294], [127.48184567210464, 36.99840145920856], [127.48184567210464, 36.99840145920856], [127.48184620782486, 36.99614785084649], [127.47903660539534, 36.99614738791385], [127.47903660539534, 36.996147387913844], [127.48184620782486, 36.99614785084649], [127.48184620782486, 36.99614785084649], [127.48184567210464, 36.99840145920854], [127.48184567210464, 36.99840145920854], [127.48184513632484, 37.00065506671292], [127.48465490464643, 37.00065546320953], [127.48465535750539, 36.99840185567291], [127.48465535750539, 36.99840185567291], [127.48465581031395, 36.996148247278605], [127.48465581031395, 36.996148247278605], [127.48465626307217, 36.993894638026624], [127.4818467434855, 36.99389424162675], [127.4818467434855, 36.99389424162675], [127.48465626307217, 36.993894638026624], [127.48465671578003, 36.991641027917005], [127.48465671578003, 36.991641027917005], [127.48746615252387, 36.99164135779493], [127.4874665222974, 36.98938774680087], [127.4874665222974, 36.98938774680087], [127.4874668920298, 36.98713413494918], [127.4874668920298, 36.98713413494918], [127.4874672617211, 36.98488052223991], [127.48465807360161, 36.98488019244245], [127.48465807360161, 36.984880192442446], [127.48184888553241, 36.984879796171526], [127.48184888553241, 36.984879796171526], [127.48465807360161, 36.984880192442446], [127.4846585261081, 36.98262657890243], [127.48184942089526, 36.982626182663736], [127.48184995619857, 36.98037256829841], [127.47904093389238, 36.980372105629264], [127.47904093389238, 36.980372105629264], [127.47623191165492, 36.980371576497475], [127.47623121065739, 36.98262519078213], [127.47904031574197, 36.982625719956964], [127.47904031574197, 36.982625719956964], [127.48184942089526, 36.982626182663736], [127.48184942089526, 36.98262618266374], [127.47904031574197, 36.98262571995697], [127.47904031574197, 36.98262571995697], [127.47623121065742, 36.98262519078214], [127.47623050958192, 36.98487880420923], [127.4790396975228, 36.98487933342712], [127.4790396975228, 36.98487933342712], [127.48184888553241, 36.984879796171526], [127.48184835011003, 36.98713340882174], [127.48465762104475, 36.9871338051249], [127.48465762104475, 36.987133805124905], [127.48465762104475, 36.987133805124905], [127.48465762104475, 36.987133805124905], [127.48184835011003, 36.98713340882175], [127.48184888553241, 36.984879796171526], [127.4790396975228, 36.98487933342712], [127.4790396975228, 36.98487933342712], [127.47623050958192, 36.98487880420923], [127.47622980842844, 36.98713241677877], [127.47622980842844, 36.98713241677877], [127.47622980842844, 36.98713241677876], [127.47623050958192, 36.98487880420923], [127.47623050958192, 36.98487880420923], [127.47623121065739, 36.98262519078213], [127.4734221056508, 36.98262459513924], [127.47342132171902, 36.984878208517884], [127.47342132171902, 36.984878208517884], [127.47342053770002, 36.98713182103896], [127.47342053770002, 36.987131821038965], [127.4706112670588, 36.98713115882029], [127.47061040007789, 36.98938477042988], [127.47061040007789, 36.98938477042988], [127.4706112670588, 36.98713115882029], [127.46780199651401, 36.98713043012276], [127.46780104665835, 36.98938404167308], [127.46780104665835, 36.98938404167308], [127.46780009669706, 36.991637652365775], [127.47060953300051, 36.99163838118186], [127.47060953300051, 36.99163838118187], [127.47060953300051, 36.99163838118187], [127.47060866582673, 36.99389199107621], [127.46779914663011, 36.99389126220084], [127.4677981964575, 36.99614487117824], [127.47060779855649, 36.9961456001129], [127.47060779855649, 36.9961456001129], [127.47341740075194, 36.99614626254705], [127.47341740075194, 36.99614626254705], [127.47341740075194, 36.99614626254705], [127.47341661629683, 36.998399870779934], [127.47622630149114, 36.99840046676205], [127.47622630149114, 36.99840046676205], [127.47341661629683, 36.998399870779934], [127.47341740075194, 36.99614626254705], [127.47060779855649, 36.9961456001129], [127.47060779855649, 36.9961456001129], [127.4677981964575, 36.99614487117824], [127.4677981964575, 36.99614487117824], [127.4677981964575, 36.99614487117824], [127.46779914663011, 36.99389126220084], [127.46498962753918, 36.9938904668304], [127.46498859446419, 36.99614407574311], [127.46498859446419, 36.99614407574311], [127.4649875612743, 36.99839768379814], [127.46779724617919, 36.99839847929797], [127.46779724617919, 36.99839847929797], [127.47060693118976, 36.9983992082919], [127.47060606372658, 37.00065281561323], [127.47060606372658, 37.00065281561323], [127.4706051961669, 37.00290642207681], [127.46779534530546, 37.00290569296429], [127.46779439471003, 37.00515929851086], [127.46779439471003, 37.00515929851086], [127.46779344400885, 37.007412903199665], [127.46779344400885, 37.007412903199665], [127.46779439471003, 37.00515929851086], [127.46779534530546, 37.00290569296429], [127.46498549454974, 37.002904897335064], [127.46498446101504, 37.005158502816926], [127.4649834273654, 37.00741210744101], [127.4649834273654, 37.00741210744101], [127.4649834273654, 37.00741210744101], [127.4649834273654, 37.00741210744101], [127.46498446101504, 37.005158502816926], [127.46217452743502, 37.00515764060087], [127.46217452743502, 37.00515764060087], [127.46498446101504, 37.005158502816926], [127.46498549454974, 37.002904897335064], [127.46498549454974, 37.002904897335064], [127.46498652796949, 37.00065129099546], [127.46217676025871, 37.00065042891964], [127.46217564390895, 37.002904035189125], [127.46217564390895, 37.002904035189125], [127.46217564390895, 37.00290403518913], [127.45936579339237, 37.0029031065265], [127.45936579339237, 37.002903106526496], [127.46217564390895, 37.002904035189125], [127.46217676025871, 37.00065042891964], [127.4593669926721, 37.00064950033253], [127.4593669926721, 37.00064950033253], [127.4593669926721, 37.00064950033253], [127.4593681918185, 36.99839589328083], [127.45655850728602, 36.99839489826338], [127.45655722521887, 37.000648505234146], [127.45655722521887, 37.000648505234146], [127.45655594300915, 37.00290211134718], [127.45655594300915, 37.00290211134718], [127.45655594300915, 37.00290211134718], [127.45374609276855, 37.0029010496512]], [[127.47060432851075, 37.00516002768268], [127.47060432851075, 37.00516002768268], [127.47341426240794, 37.00516069033237], [127.47341426240794, 37.00516069033237], [127.47060432851075, 37.00516002768268], [127.47060346075806, 37.00741363243079], [127.47060346075806, 37.00741363243079], [127.47060432851075, 37.00516002768268]], [[127.46779249320193, 37.0096665070307], [127.46779249320193, 37.0096665070307], [127.46498239360078, 37.00966571120733], [127.46498239360078, 37.00966571120733], [127.46498239360078, 37.00966571120733], [127.46779249320193, 37.0096665070307]], [[127.47341896940041, 36.99163904350827], [127.47341896940041, 36.99163904350827], [127.47341975359383, 36.98938543270243], [127.47341975359383, 36.98938543270243], [127.47341896940041, 36.99163904350827], [127.47341896940041, 36.99163904350827], [127.4734181851198, 36.99389265345649], [127.4734181851198, 36.99389265345649], [127.47341896940041, 36.99163904350827]], [[127.47622770450009, 36.993893249341674], [127.47622840588754, 36.991639639344996], [127.47622840588754, 36.991639639344996], [127.47622910719699, 36.98938602849068], [127.47622910719699, 36.98938602849068], [127.47622910719699, 36.98938602849069], [127.47622910719699, 36.98938602849069], [127.47622840588754, 36.991639639344996], [127.47622840588754, 36.991639639344996], [127.47622770450009, 36.993893249341674], [127.4790372239584, 36.99389377873176], [127.4790372239584, 36.99389377873176], [127.4790372239584, 36.99389377873176], [127.47622770450009, 36.993893249341674], [127.47622770450009, 36.993893249341674], [127.4734181851198, 36.99389265345649], [127.4734181851198, 36.99389265345649], [127.47622770450009, 36.993893249341674]], [[127.4762234945368, 37.0074148913104], [127.4762234945368, 37.0074148913104], [127.47341347760378, 37.007414295134375], [127.47341347760378, 37.007414295134375], [127.4762234945368, 37.0074148913104]], [[127.479034130455, 37.005161816065325], [127.479034130455, 37.005161816065325], [127.479034130455, 37.005161816065325], [127.47903351154787, 37.00741542095888], [127.47903351154787, 37.00741542095888], [127.479034130455, 37.00516181606533], [127.47622419639245, 37.00516128645992], [127.47622419639245, 37.005161286459916], [127.479034130455, 37.005161816065325]], [[127.47341504712486, 37.002907084672614], [127.47622489817006, 37.00290768075169], [127.47622419639245, 37.005161286459916], [127.47341426240794, 37.00516069033237], [127.47341504712486, 37.002907084672614]], [[127.47341504712486, 37.002907084672614], [127.47341583175447, 37.00065347815513], [127.47341583175447, 37.00065347815513], [127.47341504712486, 37.002907084672614], [127.47341504712486, 37.002907084672614]], [[127.47341583175447, 37.00065347815513], [127.47341661629683, 36.998399870779934], [127.47341661629683, 36.998399870779934], [127.47341583175447, 37.00065347815513], [127.47341583175447, 37.00065347815513]], [[127.47622559986962, 37.000654074185725], [127.47622559986962, 37.000654074185725], [127.47903536806281, 37.000654603705], [127.47903536806281, 37.000654603705], [127.47622559986962, 37.000654074185725], [127.47622559986962, 37.000654074185725], [127.47622559986962, 37.000654074185725]], [[127.48184727908657, 36.991640631549366], [127.47903784245267, 36.99164016869202], [127.47903784245267, 36.99164016869202], [127.48184727908657, 36.99164063154936], [127.48184727908657, 36.991640631549366]], [[127.48184513632481, 37.00065506671294], [127.48184513632481, 37.00065506671294], [127.47903536806281, 37.000654603705], [127.47903536806281, 37.000654603704994], [127.48184513632481, 37.00065506671294]], [[127.47622630149114, 36.99840046676205], [127.47622630149114, 36.99840046676205], [127.47622700303464, 36.99614685848071], [127.47622700303464, 36.99614685848071], [127.47622630149114, 36.99840046676205]], [[127.48184781462808, 36.98938702061436], [127.48184835011003, 36.98713340882175], [127.48184835011003, 36.98713340882175], [127.48184781462808, 36.98938702061436], [127.48184781462808, 36.98938702061436]]], [[[127.4593609949392, 37.01191752272467], [127.45936219475264, 37.00966391996182], [127.4565520955241, 37.009662924539676], [127.45655081274379, 37.01191652722159], [127.45655081274379, 37.01191652722159], [127.45654952982079, 37.01417012904566], [127.45935979499231, 37.0141711246297], [127.4593609949392, 37.01191752272467], [127.4593609949392, 37.01191752272467]]], [[[127.46501438690177, 36.9398035956694], [127.46501438690177, 36.9398035956694], [127.46501335658054, 36.94205722516083], [127.46782097145963, 36.94205801904439], [127.46782097145963, 36.942058019044396], [127.47062858644414, 36.94205874655718], [127.47062945140262, 36.93980511694194], [127.47062945140262, 36.93980511694194], [127.47062858644414, 36.94205874655718], [127.47343620152483, 36.9420594076992], [127.4734369838019, 36.939805778030156], [127.4734369838019, 36.939805778030156], [127.47343620152483, 36.9420594076992], [127.47343620152483, 36.9420594076992], [127.47343541916078, 36.94431303651102], [127.47343541916078, 36.94431303651102], [127.4734346367097, 36.946566664465614], [127.4734346367097, 36.946566664465614], [127.47343385417159, 36.94882029156294], [127.47343385417159, 36.94882029156294], [127.47343307154647, 36.951073917802994], [127.47343307154647, 36.951073917802994], [127.47343385417159, 36.94882029156295], [127.47062599099152, 36.94881963025952], [127.47062512564818, 36.95107325644576], [127.47062512564818, 36.95107325644576], [127.47062426020864, 36.9533268817747], [127.4734322888343, 36.953327543185765], [127.4734322888343, 36.953327543185765], [127.47062426020864, 36.9533268817747], [127.47062339467283, 36.95558050624634], [127.4734315060351, 36.955581167711216], [127.4734315060351, 36.955581167711216], [127.47623961748441, 36.955581762772894], [127.47623961748441, 36.9555817627729], [127.47904772901158, 36.95558229143138], [127.47904772901158, 36.95558229143138], [127.47904772901158, 36.95558229143138], [127.47904711161692, 36.95783591519093], [127.48185530595859, 36.957836377483815], [127.48185584060741, 36.95558275368665], [127.48185584060741, 36.95558275368665], [127.4818563751968, 36.953329129032156], [127.47904834633758, 36.9533286668145], [127.47904834633758, 36.953328666814514], [127.47624031754701, 36.95332813819904], [127.47624031754701, 36.953328138199026], [127.47904834633758, 36.9533286668145], [127.47904834633758, 36.9533286668145], [127.4818563751968, 36.953329129032156], [127.48185690972674, 36.95107550352036], [127.47904896359495, 36.95107504134031], [127.47904896359495, 36.9510750413403], [127.47904896359495, 36.9510750413403], [127.48185690972674, 36.95107550352035], [127.48185690972674, 36.95107550352035], [127.48466485591798, 36.951075899308], [127.48466530767026, 36.948822272906725], [127.48466530767026, 36.948822272906725], [127.48466575937229, 36.94656864564816], [127.4818579786083, 36.94656824992494], [127.4818579786083, 36.94656824992493], [127.48466575937229, 36.94656864564816], [127.48466621102409, 36.94431501753236], [127.48185851295993, 36.94431462184132], [127.48185851295993, 36.94431462184132], [127.4790508149552, 36.944314159774095], [127.4790508149552, 36.944314159774095], [127.4790508149552, 36.944314159774095], [127.4790508149552, 36.944314159774095], [127.48185851295993, 36.94431462184132], [127.48185851295993, 36.944314621841315], [127.48466621102409, 36.944315017532354], [127.48466666262568, 36.94206138855934], [127.48466666262568, 36.942061388559324], [127.48466711417701, 36.939807758729096], [127.48747464691932, 36.93980808799034], [127.48747501574822, 36.937554457276114], [127.48466756567818, 36.93755412804168], [127.48466801712911, 36.935300496497085], [127.48186064977232, 36.93530010093483], [127.48186011565834, 36.93755373244723], [127.48186011565834, 36.93755373244723], [127.48185958148494, 36.93980736310245], [127.48185958148494, 36.93980736310245], [127.48185904725213, 36.94206099290049], [127.48185904725213, 36.94206099290049], [127.48185904725213, 36.942060992900494], [127.47905143193802, 36.942060530870855], [127.47905143193802, 36.942060530870855], [127.47624381669254, 36.94206000247042], [127.47624381669254, 36.94206000247042], [127.47905143193802, 36.942060530870855], [127.47905143193802, 36.94206053087084], [127.48185904725213, 36.94206099290049], [127.48185958148494, 36.939807363102446], [127.48185958148494, 36.939807363102446], [127.48186011565834, 36.937553732447235], [127.48186011565834, 36.93755373244723], [127.48186064977232, 36.935300100934825], [127.48186064977232, 36.935300100934825], [127.48466801712911, 36.93530049649708], [127.48466846852985, 36.93304686409533], [127.48186118382691, 36.933046468565266], [127.48186118382691, 36.933046468565266], [127.47905389918337, 36.93304600668601], [127.4762466146084, 36.93304547845755], [127.47624591524611, 36.93529911074652], [127.47624591524611, 36.93529911074653], [127.47624591524611, 36.935299110746534], [127.47343854809507, 36.935298516120504], [127.47343776599197, 36.93755214750392], [127.4706303162649, 36.93755148646951], [127.47062945140262, 36.93980511694194], [127.47062945140262, 36.93980511694194], [127.4706303162649, 36.93755148646951], [127.47343776599197, 36.937552147503915], [127.47343854809507, 36.935298516120504], [127.470631181031, 36.93529785513987], [127.4706303162649, 36.9375514864695], [127.4706303162649, 36.9375514864695], [127.470631181031, 36.93529785513987], [127.4678238140631, 36.935297127804674], [127.46782286663398, 36.937550759075116], [127.46501541710845, 36.93754996532075], [127.46501438690177, 36.9398035956694]], [[127.47624101753178, 36.951074512767846], [127.47624101753178, 36.95107451276785], [127.47624101753178, 36.95107451276785], [127.47343307154647, 36.951073917803], [127.47343307154647, 36.951073917802994], [127.47624101753178, 36.951074512767846]], [[127.4678219190995, 36.93980438948835], [127.46782286663398, 36.937550759075116], [127.467822866634, 36.937550759075116], [127.4678219190995, 36.93980438948836], [127.4678219190995, 36.93980438948836], [127.4678219190995, 36.93980438948835], [127.4678219190995, 36.93980438948835]], [[127.47343776599197, 36.93755214750392], [127.4734369838019, 36.939805778030156], [127.4734369838019, 36.939805778030156], [127.47343776599197, 36.93755214750392], [127.47343776599197, 36.93755214750392]], [[127.47624171743871, 36.94882088647939], [127.47624171743871, 36.94882088647939], [127.47624171743871, 36.94882088647939], [127.47624171743871, 36.94882088647939], [127.47624171743871, 36.94882088647939]], [[127.47624451628819, 36.93980637275298], [127.47905204885225, 36.9398069011104], [127.47905204885225, 36.9398069011104], [127.47624451628819, 36.93980637275298], [127.47624451628819, 36.93980637275298]], [[127.47624241726781, 36.94656725933365], [127.47624241726781, 36.94656725933365], [127.47624241726781, 36.946567259333634], [127.47624241726781, 36.946567259333634], [127.47624311701908, 36.94431363133065], [127.47624311701908, 36.94431363133065], [127.47624241726781, 36.94656725933365]], [[127.48185744419723, 36.94882187715127], [127.4818579786083, 36.94656824992494], [127.4818579786083, 36.94656824992494], [127.48185744419723, 36.94882187715127], [127.48185744419723, 36.94882187715127]]], [[[127.46219571922063, 36.96233899112172], [127.46219460497954, 36.96459261196998], [127.46500304706366, 36.96459347292455], [127.46500304706366, 36.96459347292455], [127.46781148926249, 36.96459426745433], [127.46781243795682, 36.96234064647138], [127.46500407853135, 36.96233985200624], [127.46500407853135, 36.96233985200624], [127.46219571922063, 36.96233899112172]]], [[[127.45938376859108, 36.969098923563934], [127.45938376859108, 36.969098923563934], [127.4593825711772, 36.9713525417644], [127.46219126151271, 36.97135346937012], [127.4621923761256, 36.969099851094185], [127.4621923761256, 36.969099851094185], [127.46219349061454, 36.96684623196081], [127.46219349061454, 36.96684623196081], [127.4621923761256, 36.969099851094185], [127.4621923761256, 36.96909985109419], [127.46219126151271, 36.97135346937012], [127.46499995197216, 36.971354330534844], [127.46499995197216, 36.971354330534844], [127.46780864254639, 36.971355125258576], [127.4678095915573, 36.96910150684793], [127.4678095915573, 36.96910150684793], [127.46780864254639, 36.971355125258576], [127.47061733322616, 36.97135585354128], [127.47061733322616, 36.97135585354128], [127.47342602400226, 36.97135651538298], [127.47342680741113, 36.96910289685926], [127.47342680741113, 36.96910289685926], [127.47342602400226, 36.97135651538297], [127.47342602400226, 36.97135651538298], [127.47342524050629, 36.973610133049235], [127.47623401417978, 36.97361072849834], [127.47623401417978, 36.97361072849834], [127.47904278793119, 36.97361125750101], [127.47904340580668, 36.9713576397433], [127.47904340580668, 36.9713576397433], [127.47904278793119, 36.97361125750103], [127.48185156175136, 36.97361172005726], [127.48185209681657, 36.9713581022619], [127.48185209681657, 36.9713581022619], [127.48185263182228, 36.96910448360909], [127.48185263182228, 36.96910448360909], [127.4818531667685, 36.96685086409884], [127.47904464135152, 36.966850401655485], [127.47904464135152, 36.966850401655485], [127.47904464135155, 36.966850401655485], [127.47904525902091, 36.964596781325426], [127.47904525902091, 36.964596781325426], [127.47904587662158, 36.962343160137976], [127.47623751682936, 36.96234263135044], [127.47623681645524, 36.96459625249488], [127.47623681645524, 36.96459625249488], [127.47623611600324, 36.96684987278189], [127.47623611600324, 36.96684987278189], [127.47623541547334, 36.96910349221149], [127.47623541547334, 36.96910349221149], [127.47623611600324, 36.9668498727819], [127.47623611600324, 36.9668498727819], [127.47623681645524, 36.96459625249488], [127.47623751682936, 36.96234263135044], [127.47623751682936, 36.96234263135044], [127.47623821712557, 36.96008900934862], [127.47623821712557, 36.96008900934862], [127.47623751682936, 36.96234263135043], [127.47904587662158, 36.96234316013797], [127.4790464941536, 36.96008953809313], [127.47623821712557, 36.960089009348614], [127.47623891734392, 36.95783538648944], [127.47343072314881, 36.95783479137934], [127.4734315060351, 36.95558116771122], [127.47062339467283, 36.95558050624634], [127.47062252904074, 36.95783412986063], [127.47062252904074, 36.95783412986063], [127.47062166331241, 36.96008775261757], [127.46781338654564, 36.960087024631044], [127.46781243795682, 36.96234064647138], [127.47062079748777, 36.96234137451714], [127.47062079748777, 36.96234137451714], [127.47062079748777, 36.96234137451714], [127.46781243795682, 36.96234064647138], [127.46781148926249, 36.96459426745433], [127.46781148926249, 36.96459426745433], [127.46781148926249, 36.96459426745433], [127.46500304706366, 36.96459347292455], [127.46500304706366, 36.96459347292455], [127.46219460497954, 36.96459261196998], [127.46219460497954, 36.96459261196998], [127.45938616301936, 36.96459168459062], [127.45938496587178, 36.96684530450601], [127.45938496587178, 36.96684530450601], [127.45938376859108, 36.969098923563934]], [[127.47061819943606, 36.9691022350714], [127.47342680741113, 36.96910289685926], [127.47342680741113, 36.96910289685926], [127.47061819943606, 36.9691022350714], [127.47061819943606, 36.9691022350714]], [[127.47061993156684, 36.96459499555932], [127.47061993156684, 36.96459499555932], [127.47061993156684, 36.96459499555932], [127.47342837396748, 36.96459565723949], [127.47342837396748, 36.9645956572395], [127.47061993156684, 36.96459499555932]], [[127.47062166331241, 36.96008775261757], [127.47342994017545, 36.9600884141901], [127.47342994017545, 36.9600884141901], [127.47062166331241, 36.96008775261757], [127.47062166331241, 36.96008775261757]], [[127.47904340580668, 36.97135763974329], [127.47904340580668, 36.97135763974329], [127.47904402361345, 36.96910402112811], [127.47904402361345, 36.96910402112811], [127.47904340580668, 36.97135763974329]]], [[[127.46499995197216, 36.97135433053486], [127.46499892004549, 36.97360794802336], [127.46780769342995, 36.973608742811734], [127.46780864254639, 36.971355125258576], [127.46499995197216, 36.97135433053486]]], [[[127.46219126151271, 36.97135346937012], [127.4593825711772, 36.9713525417644], [127.45938137363017, 36.97360615910739], [127.46219014677585, 36.973607086788576], [127.46219126151271, 36.97135346937012]]], [[[127.46780769342995, 36.97360874281174], [127.46499892004549, 36.973607948023364], [127.46499788800408, 36.97586156465438], [127.46780674420792, 36.97586235950742], [127.46780769342995, 36.97360874281174]]], [[[127.46498859446419, 36.99614407574311], [127.46217899258579, 36.99614321380751], [127.46217787648433, 36.998396821792426], [127.4649875612743, 36.99839768379814], [127.46498859446419, 36.99614407574311]]], [[[127.46217787648433, 36.998396821792426], [127.4593681918185, 36.99839589328083], [127.4593669926721, 37.00064950033253], [127.46217676025871, 37.00065042891964], [127.46217787648433, 36.998396821792426]]], [[[127.4621722941146, 37.009664848851045], [127.45936219475264, 37.00966391996182], [127.4593609949392, 37.01191752272467], [127.4593609949392, 37.01191752272467], [127.45935979499231, 37.0141711246297], [127.46217006029732, 37.01417205367001], [127.46217117726808, 37.01191845168944], [127.46217117726808, 37.01191845168944], [127.4621722941146, 37.009664848851045]]], [[[127.46781623167921, 36.953326153965854], [127.46781528340684, 36.95557977837827], [127.47062339467283, 36.95558050624634], [127.47062426020864, 36.9533268817747], [127.46781623167921, 36.953326153965854]]], [[[127.47061646691994, 36.9736094711537], [127.47342524050629, 36.97361013304924], [127.47342602400226, 36.97135651538298], [127.47061733322616, 36.97135585354128], [127.47061733322616, 36.97135585354128], [127.46780864254639, 36.971355125258576], [127.46780769342995, 36.973608742811734], [127.47061646691994, 36.9736094711537], [127.47061646691994, 36.9736094711537]]], [[[127.47061560051735, 36.97586308790862], [127.47061560051735, 36.97586308790862], [127.47061560051735, 36.975863087908635], [127.46780674420792, 36.97586235950742], [127.46780579488033, 36.97811597534558], [127.46780579488033, 36.97811597534558], [127.46780484544716, 36.980369590326205], [127.4706138674231, 36.98037031884595], [127.47061300073139, 36.98262393302829], [127.47061300073139, 36.98262393302829], [127.4706138674231, 36.98037031884595], [127.46780484544716, 36.980369590326205], [127.46780389590839, 36.9826232044493], [127.47061300073139, 36.98262393302829], [127.47061213394329, 36.98487754635308], [127.47342132171902, 36.984878208517884], [127.4734221056508, 36.98262459513924], [127.4734221056508, 36.98262459513924], [127.47342288949542, 36.98037098090303], [127.4706138674231, 36.98037031884595], [127.47061473401843, 36.97811670380605], [127.47061473401843, 36.97811670380605], [127.47061473401843, 36.97811670380605], [127.47061473401843, 36.97811670380605], [127.4706138674231, 36.98037031884594], [127.47342288949542, 36.98037098090303], [127.4734221056508, 36.98262459513924], [127.47623121065739, 36.98262519078213], [127.47623191165492, 36.980371576497475], [127.47342288949542, 36.98037098090303], [127.47342288949542, 36.98037098090302], [127.47623191165492, 36.98037157649747], [127.47623261257449, 36.97811796135528], [127.47623261257449, 36.97811796135528], [127.4762333134161, 36.97586434535557], [127.4762333134161, 36.97586434535557], [127.47623261257449, 36.97811796135529], [127.47623261257449, 36.97811796135529], [127.47623191165492, 36.980371576497475], [127.47904093389238, 36.980372105629264], [127.47904093389238, 36.98037210562926], [127.48184995619857, 36.980372568298385], [127.48184995619857, 36.9803725682984], [127.4846589785643, 36.98037296450487], [127.48465943097018, 36.978119349249766], [127.48185049144236, 36.97811895307552], [127.48185102662661, 36.97586533699514], [127.479042169987, 36.97586487440128], [127.479042169987, 36.97586487440128], [127.479042169987, 36.97586487440128], [127.47904278793119, 36.97361125750103], [127.47623401417978, 36.97361072849836], [127.47623401417978, 36.97361072849835], [127.47342524050629, 36.97361013304924], [127.47342445692315, 36.97586374985801], [127.47342445692315, 36.97586374985801], [127.47342367325288, 36.97811736580927], [127.47342367325288, 36.97811736580927], [127.47342367325288, 36.978117365809275], [127.47342367325288, 36.978117365809275], [127.47342445692315, 36.97586374985801], [127.47342445692315, 36.97586374985801], [127.47342524050629, 36.97361013304924], [127.47061646691994, 36.9736094711537], [127.47061646691994, 36.97360947115371], [127.46780769342995, 36.97360874281174], [127.46780674420792, 36.97586235950742], [127.47061560051735, 36.975863087908635], [127.47061560051735, 36.97586308790862]]], [[[127.47061213394329, 36.98487754635308], [127.4706112670588, 36.98713115882028], [127.47342053770002, 36.98713182103896], [127.47342132171902, 36.984878208517884], [127.47061213394329, 36.98487754635308]]], [[[127.46779534530546, 37.00290569296429], [127.46779534530546, 37.00290569296429], [127.4706051961669, 37.00290642207681], [127.47060606372658, 37.00065281561323], [127.47060606372658, 37.00065281561323], [127.47060693118976, 36.9983992082919], [127.46779724617919, 36.99839847929797], [127.46779629579517, 37.000652086559974], [127.46498652796949, 37.00065129099546], [127.46498549454974, 37.00290489733505], [127.46779534530546, 37.00290569296429]]], [[[127.47622279260307, 37.009668495303124], [127.4734126927123, 37.009667899078615], [127.47341190773352, 37.01192150216505], [127.47622209059126, 37.01192209843806], [127.47622279260307, 37.009668495303124]]], [[[127.4874731711935, 36.94882260227515], [127.48466530767026, 36.948822272906725], [127.48466485591798, 36.95107589930801], [127.48185690972674, 36.95107550352036], [127.4818563751968, 36.953329129032156], [127.48466440411548, 36.95332952485201], [127.48466485591798, 36.95107589930801], [127.48747280215946, 36.95107622870323], [127.4874731711935, 36.94882260227515]]], [[[127.48185423648249, 36.96234362250608], [127.47904587662158, 36.962343160137976], [127.47904525902091, 36.964596781325426], [127.47904525902091, 36.964596781325426], [127.47904464135155, 36.966850401655485], [127.48185316676853, 36.96685086409884], [127.48185370165525, 36.96459724373116], [127.48185370165525, 36.96459724373116], [127.48185423648249, 36.96234362250608]]], [[[127.48465490464643, 37.00065546320953], [127.4846544517371, 37.002909069888474], [127.48746430303916, 37.002909399900574], [127.48746467301841, 37.00065579319481], [127.48465490464643, 37.00065546320953]]], [[[127.48465354576734, 37.00741628067314], [127.48465354576734, 37.00741628067314], [127.4846539987774, 37.005162675709684], [127.4846539987774, 37.005162675709684], [127.4846544517371, 37.002909069888474], [127.48184460048542, 37.00290867335962], [127.4818440645864, 37.00516227914858], [127.4818440645864, 37.00516227914858], [127.4818435286278, 37.00741588407978], [127.4818435286278, 37.00741588407978], [127.48184299260959, 37.00966948815324], [127.48465309270686, 37.00966988477885], [127.48465354576734, 37.00741628067314]]], [[[127.48184299260959, 37.00966948815324], [127.48184245653172, 37.011923091368914], [127.48465263959602, 37.01192348802679], [127.48465309270686, 37.00966988477886], [127.48184299260959, 37.00966948815324]]]]}}, {"type": "Feature", "properties": {"rank": 3, "method": "BFS+Zoning", "n_grids": 140, "avg_micro": 78.70401838472681, "cluster_score": 137.1271117938151, "buildable_ha": 348.7499999999999, "final_score": 112.15214010321094, "avg_bcr": 0.39857142857142847, "center_lat": 36.94454504414546, "center_lon": 127.70294518156518}, "geometry": {"type": "MultiPolygon", "coordinates": [[[[127.67555312821648, 36.92841085890338], [127.67555829608645, 36.930664482541275], [127.67836548004811, 36.93066030034445], [127.67836548004811, 36.93066030034445], [127.67836548004811, 36.93066030034445], [127.67837073113536, 36.93291392278426], [127.68117799715561, 36.932909673899196], [127.68117799715561, 36.932909673899196], [127.68117799715561, 36.932909673899196], [127.68118333147858, 36.935163295135446], [127.68399067955725, 36.93515897955139], [127.68399067955725, 36.93515897955139], [127.6867980270335, 36.935154597614186], [127.6867980270335, 36.935154597614186], [127.6867980270335, 36.935154597614186], [127.68399067955725, 36.93515897955139], [127.68399067955725, 36.93515897955139], [127.68118333147858, 36.935163295135446], [127.68118866639476, 36.937416915513886], [127.68118866639475, 36.937416915513886], [127.68119400190425, 36.93967053503451], [127.68119400190425, 36.93967053503451], [127.68119933800715, 36.94192415369729], [127.68400693409586, 36.94191983705951], [127.68400151531377, 36.93966621874799], [127.6868090281207, 36.939661836097514], [127.68680352727127, 36.93740821728479], [127.68961095679657, 36.93740376863244], [127.68960537389813, 36.935150149323874], [127.68960537389813, 36.935150149323874], [127.68959979162054, 36.93289652915744], [127.68679252740738, 36.93290097708575], [127.6867870283928, 36.930647355699485], [127.68397984621048, 36.930651736923515], [127.68397984621048, 36.930651736923515], [127.68117266342584, 36.93065605180518], [127.68116733028916, 36.9284024288534], [127.67836022954475, 36.928406677046915], [127.67836022954475, 36.928406677046915], [127.67836022954475, 36.92840667704691], [127.67836022954475, 36.9284066770469], [127.68116733028916, 36.928402428853396], [127.68116199774553, 36.926148805043866], [127.68116199774553, 36.926148805043866], [127.68115666579486, 36.923895180376626], [127.67834973028951, 36.923899427878666], [127.67835497962524, 36.92615305289163], [127.67835497962524, 36.92615305289163], [127.67835497962524, 36.926153052891635], [127.67554796092116, 36.92615723440777], [127.67555312821648, 36.92841085890337], [127.67555312821648, 36.92841085890338]], [[127.68399609713427, 36.937412599578614], [127.68399609713427, 36.937412599578614], [127.68400151531377, 36.93966621874799], [127.68400151531377, 36.93966621874799], [127.68399609713427, 36.937412599578614], [127.68399609713427, 36.937412599578614]]], [[[127.67835497962524, 36.92615305289163], [127.67834973028951, 36.923899427878666], [127.67554279420044, 36.923903609054456], [127.67554796092116, 36.92615723440776], [127.67835497962524, 36.92615305289163]]], [[[127.66993392179842, 36.9261653984449], [127.66993892384517, 36.928419023605], [127.67274602631356, 36.92841497442275], [127.67274602631356, 36.92841497442275], [127.67555312821648, 36.92841085890338], [127.67554796092116, 36.92615723440777], [127.67554796092116, 36.92615723440777], [127.67554279420044, 36.923903609054456], [127.67273585753685, 36.923907723903966], [127.67273585753685, 36.923907723903966], [127.66992892030791, 36.92391177242715], [127.66993392179842, 36.9261653984449], [127.66993392179842, 36.9261653984449]]], [[[127.6699539333233, 36.935179893939264], [127.6699539333233, 36.935179893939264], [127.66995893759555, 36.937433515668594], [127.67276637065314, 36.93742946516796], [127.6727714581522, 36.9396830857099], [127.67557897331427, 36.939678968515516], [127.67557380314499, 36.93742534830861], [127.67838123506193, 36.937421165090576], [127.67837598280663, 36.9351675443663], [127.67556863355064, 36.93517172724391], [127.67556863355064, 36.93517172724391], [127.67276128371981, 36.93517584376825], [127.67275619735214, 36.93292222151079], [127.67275619735214, 36.93292222151079], [127.67275619735214, 36.93292222151079], [127.67556346453114, 36.93291810532146], [127.67556346453114, 36.93291810532146], [127.67837073113536, 36.93291392278426], [127.67836548004811, 36.93066030034445], [127.67555829608645, 36.930664482541275], [127.67555829608645, 36.930664482541275], [127.67555829608645, 36.930664482541275], [127.67555312821648, 36.92841085890338], [127.67274602631356, 36.92841497442275], [127.67275111155008, 36.93066859839563], [127.66994392644817, 36.93067264790744], [127.66994892960753, 36.932926271352194], [127.66994892960753, 36.932926271352194], [127.6699539333233, 36.935179893939264]]], [[[127.68120467470345, 36.94417777150223], [127.68119933800712, 36.94192415369729], [127.67839174132496, 36.94192840396568], [127.67839699533282, 36.94418202211651], [127.68120467470345, 36.94417777150223]]], [[[127.67841276086263, 36.95094287142174], [127.67841801720817, 36.95319648614101], [127.68122602742466, 36.95319223414301], [127.68122602742466, 36.95319223414301], [127.68403403704735, 36.95318791574859], [127.68403403704735, 36.9531879157486], [127.68122602742466, 36.95319223414301], [127.68122602742466, 36.95319223414301], [127.67841801720817, 36.953196486141024], [127.67842327413831, 36.95545010000236], [127.68123136708924, 36.95544584765837], [127.68123136708924, 36.955445847658375], [127.67842327413831, 36.955450100002366], [127.67842853165311, 36.95770371300576], [127.67562035537378, 36.9577078992885], [127.67562035537378, 36.9577078992885], [127.67281217851894, 36.957712019163935], [127.67281727111254, 36.959965631985206], [127.67562553072038, 36.959961511774544], [127.67562553072038, 36.959961511774544], [127.67843378975265, 36.95995732515118], [127.67842853165311, 36.95770371300577], [127.67842853165311, 36.95770371300577], [127.67843378975265, 36.95995732515118], [127.67843378975265, 36.95995732515118], [127.67843904843699, 36.96221093643862], [127.68124738964651, 36.96220668305655], [127.6812420482001, 36.95995307211517], [127.68405030605359, 36.959948752666534], [127.68404488244839, 36.95769514121855], [127.68685305694595, 36.95769075571418], [127.68684755120036, 36.955437143765], [127.68403945944632, 36.955441528912566], [127.68404488244839, 36.95769514121855], [127.68404488244839, 36.95769514121855], [127.68403945944632, 36.955441528912566], [127.68403945944632, 36.955441528912566], [127.68403945944632, 36.955441528912566], [127.68684755120036, 36.955437143765], [127.68684755120036, 36.955437143765], [127.6896556423421, 36.95543269221572], [127.6896556423421, 36.95543269221572], [127.69246373286241, 36.95542817426475], [127.69245806226066, 36.95317456218736], [127.68965005447454, 36.95317907977071], [127.68965005447454, 36.95317907977071], [127.68684204606703, 36.953183530957816], [127.68684204606703, 36.953183530957816], [127.68403403704735, 36.95318791574859], [127.68403403704735, 36.953187915748586], [127.68684204606703, 36.95318353095781], [127.68683654154593, 36.95092991729263], [127.68683654154593, 36.95092991729263], [127.6868310376369, 36.94867630276949], [127.6868310376369, 36.94867630276949], [127.68683654154593, 36.95092991729263], [127.68683654154593, 36.95092991729263], [127.68684204606703, 36.95318353095781], [127.68965005447454, 36.95317907977071], [127.68965005447454, 36.95317907977071], [127.69245806226066, 36.95317456218735], [127.69245806226066, 36.95317456218736], [127.69245806226067, 36.95317456218736], [127.69246373286241, 36.95542817426475], [127.69527182275205, 36.955423589912165], [127.69526606941619, 36.95316997820776], [127.69526606941616, 36.95316997820776], [127.69526031672012, 36.950916365645305], [127.69526031672012, 36.950916365645305], [127.6952545646638, 36.94866275222481], [127.69244672294889, 36.948667335458474], [127.69244105423871, 36.94641372080702], [127.68963329459991, 36.94641823728773], [127.68963888060352, 36.94867185230672], [127.68963888060352, 36.94867185230672], [127.68963888060352, 36.94867185230672], [127.68963329459991, 36.94641823728774], [127.68682553433996, 36.94642268738838], [127.68682553433996, 36.94642268738838], [127.68401777346803, 36.94642707110892], [127.68401777346803, 36.946427071108914], [127.68401777346803, 36.946427071108914], [127.6840123534806, 36.944173454513155], [127.6840123534806, 36.944173454513155], [127.68400693409586, 36.941919837059515], [127.68119933800715, 36.94192415369729], [127.68120467470348, 36.94417777150223], [127.68120467470345, 36.94417777150223], [127.68121001199331, 36.946431388449284], [127.68121001199331, 36.946431388449284], [127.68121534987675, 36.94868500453844], [127.68121534987675, 36.94868500453845], [127.68121534987675, 36.94868500453845], [127.68121534987675, 36.94868500453845], [127.68121001199331, 36.946431388449284], [127.68121001199331, 36.946431388449284], [127.68120467470345, 36.94417777150223], [127.67839699533282, 36.94418202211651], [127.678402249925, 36.946435639409465], [127.678402249925, 36.946435639409465], [127.67840750510157, 36.94868925584455], [127.67840750510157, 36.94868925584455], [127.67841276086263, 36.95094287142174], [127.67841276086263, 36.95094287142174]], [[127.68122068835385, 36.95093861976969], [127.68122068835385, 36.95093861976969], [127.68402861525132, 36.95093430172664], [127.68402861525132, 36.95093430172664], [127.68122068835385, 36.95093861976969], [127.68122068835385, 36.95093861976969], [127.68122068835385, 36.95093861976969]]], [[[127.67563070664258, 36.96221512340262], [127.67843904843699, 36.96221093643863], [127.67844430770617, 36.96446454686806], [127.68125273168697, 36.964460293139915], [127.68124738964651, 36.96220668305655], [127.67843904843699, 36.96221093643862], [127.67843378975265, 36.95995732515118], [127.67562553072038, 36.95996151177455], [127.67562553072038, 36.95996151177455], [127.67281727111254, 36.959965631985206], [127.67282236427252, 36.962219243948525], [127.67563070664258, 36.96221512340262], [127.67563070664258, 36.96221512340262]]], [[[127.69241272014195, 36.9351456346805], [127.69241272014195, 36.9351456346805], [127.68960537389813, 36.93515014932388], [127.68961095679657, 36.93740376863244], [127.68961095679657, 36.93740376863244], [127.6896165403159, 36.93965738708312], [127.69242405189013, 36.93965287170488], [127.69241838570099, 36.93739925362164], [127.69241838570099, 36.93739925362164], [127.69241272014195, 36.9351456346805], [127.69522006575575, 36.935141053684106], [127.69802741073035, 36.93513640633475], [127.69802741073035, 36.935136406334735], [127.70083475505656, 36.93513169263245], [127.70082884217375, 36.932878073968034], [127.69802158049872, 36.932882787286715], [127.69802158049872, 36.93288278728673], [127.69521431817539, 36.93288743425788], [127.69240705521293, 36.93289201488147], [127.69240705521293, 36.93289201488146], [127.68959979162054, 36.93289652915744], [127.68960537389813, 36.935150149323874], [127.69241272014195, 36.9351456346805]]], [[[127.69523156283418, 36.93964828996281], [127.69522581397534, 36.93739467225242], [127.69241838570099, 36.93739925362164], [127.69242405189013, 36.939652871704865], [127.69523156283418, 36.93964828996281]]], [[[127.72051861443842, 36.946364905106805], [127.72051211938897, 36.944111293569534], [127.7177044491644, 36.94411647342674], [127.71771086151723, 36.94637008538551], [127.72051861443842, 36.946364905106805]]], [[[127.72613411810453, 36.94635434541087], [127.72894186883106, 36.94634896599375], [127.72894186883109, 36.94634896599375], [127.73174961880768, 36.94634352019728], [127.73174279297267, 36.94408991040013], [127.72893512569232, 36.94409535575346], [127.72893512569232, 36.94409535575346], [127.72612745766212, 36.94410073473285], [127.72331978889126, 36.94410604733823], [127.72331978889126, 36.94410604733823], [127.72051211938897, 36.94411129356954], [127.72051861443842, 36.946364905106805], [127.72332636663724, 36.94635965844856], [127.72332636663724, 36.94635965844856], [127.72613411810453, 36.94635434541087]]], [[[127.71771086151723, 36.94637008538551], [127.7177044491644, 36.944116473426746], [127.71489677822676, 36.94412158690975], [127.7149031078829, 36.94637519928465], [127.71771086151723, 36.94637008538551]]], [[[127.70648592503501, 36.9486437554369], [127.70929376345971, 36.94863884027685], [127.70929376345971, 36.94863884027685], [127.70648592503501, 36.9486437554369], [127.70649200795341, 36.95089736731155], [127.70649200795341, 36.95089736731155], [127.70648592503501, 36.9486437554369], [127.70367808593386, 36.94864860421177], [127.70368408613686, 36.95090221648098], [127.70087616365302, 36.95090699925978], [127.7008702461655, 36.94865338660141], [127.7008702461655, 36.94865338660141], [127.70086432933601, 36.94639977308496], [127.69805657161595, 36.946404488705596], [127.69806240573908, 36.94865810260577], [127.69806240573908, 36.94865810260577], [127.69806824051103, 36.9509117156479], [127.69806824051103, 36.9509117156479], [127.69526031672012, 36.9509163656453], [127.69526606941619, 36.953169978207754], [127.69807407593191, 36.95316532783198], [127.69807407593191, 36.95316532783198], [127.70088208179865, 36.95316061106009], [127.70088208179865, 36.95316061106009], [127.70369008700719, 36.95315582789211], [127.70368408613686, 36.95090221648098], [127.70368408613686, 36.95090221648098], [127.70369008700719, 36.95315582789211], [127.70649809154834, 36.9531509783281], [127.70649200795341, 36.95089736731155], [127.70649200795341, 36.95089736731155], [127.70649809154834, 36.9531509783281], [127.70930609541287, 36.95314606236809], [127.7093060954129, 36.95314606236809], [127.71211409859163, 36.95314108001214], [127.71210784954776, 36.95088746980099], [127.71210784954776, 36.95088746980099], [127.71210784954776, 36.95088746980099], [127.71491576930715, 36.95088242145997], [127.71490943824303, 36.94862881080141], [127.71771727458321, 36.948623696486116], [127.71771086151723, 36.94637008538552], [127.7149031078829, 36.94637519928466], [127.7149031078829, 36.94637519928466], [127.71209535354464, 36.946380246804175], [127.71210160119878, 36.94863385873167], [127.71210160119878, 36.94863385873167], [127.71209535354464, 36.94638024680417], [127.71209535354464, 36.94638024680417], [127.71209535354464, 36.946380246804175], [127.7149031078829, 36.94637519928466], [127.71489677822676, 36.94412158690975], [127.71208910658525, 36.94412663401855], [127.71208910658525, 36.94412663401855], [127.70928143424909, 36.944131614753076], [127.70928759851161, 36.946385227944006], [127.70928759851161, 36.946385227944006], [127.70928759851161, 36.946385227944006], [127.70647984279304, 36.94639014270412], [127.70648592503501, 36.9486437554369]], [[127.70929992909345, 36.95089245175153], [127.70929992909345, 36.95089245175153], [127.70929376345971, 36.94863884027685], [127.70929376345973, 36.94863884027685], [127.70929992909345, 36.95089245175153], [127.70929992909345, 36.95089245175153]]], [[[127.70648592503501, 36.9486437554369], [127.70647984279304, 36.94639014270412], [127.7036720863981, 36.94639499108445], [127.70367808593386, 36.94864860421177], [127.70648592503501, 36.9486437554369]]], [[[127.72894861271975, 36.94860257537577], [127.72894186883106, 36.94634896599376], [127.7261341181045, 36.946354345410874], [127.72614077928765, 36.94860795523063], [127.72894861271975, 36.94860257537577]]], [[[127.72333294511473, 36.94861326870068], [127.72332636663724, 36.94635965844857], [127.72051861443842, 36.946364905106805], [127.7205251102102, 36.94861851578586], [127.72333294511473, 36.94861326870068]]], [[[127.70650417581986, 36.95540458848648], [127.70649809154834, 36.9531509783281], [127.70369008700719, 36.95315582789211], [127.70369608854489, 36.9554094384451], [127.70650417581986, 36.95540458848648]]], [[[127.6980799120018, 36.95541893915801], [127.6980799120018, 36.95541893915801], [127.70088800060248, 36.95541422200229], [127.70088208179865, 36.9531606110601], [127.69807407593191, 36.953165327832], [127.69807407593191, 36.953165327832], [127.69526606941619, 36.953169978207775], [127.69527182275205, 36.955423589912165], [127.6980799120018, 36.95541893915801]]], [[[127.6980799120018, 36.95541893915801], [127.69527182275205, 36.95542358991217], [127.69527757672773, 36.957677200758496], [127.69808574872074, 36.957672549625904], [127.6980799120018, 36.95541893915801]]], [[[127.74576664158982, 36.93955447044982], [127.74577387929487, 36.941808079667155], [127.74577387929487, 36.941808079667155], [127.74578111780485, 36.94406168802608], [127.74858878039299, 36.9440558444302], [127.7485814591965, 36.941802236546785], [127.7485814591965, 36.941802236546785], [127.74857413881412, 36.93954862780494], [127.74576664158982, 36.93955447044982], [127.74575940468962, 36.93730086037413], [127.74575940468962, 36.93730086037413], [127.74575216859415, 36.935047249440046], [127.74294483589229, 36.93505302478204], [127.74295198932872, 36.93730663618614], [127.74295198932872, 36.93730663618614], [127.74295914356068, 36.9395602467319], [127.74576664158982, 36.93955447044982]]], [[[127.7373441451247, 36.939571600207394], [127.73735113479721, 36.94182521081876], [127.74015871708603, 36.9418195668032], [127.74015164473592, 36.939565956651116], [127.74015164473592, 36.939565956651116], [127.74295914356068, 36.9395602467319], [127.74295198932872, 36.93730663618614], [127.74014457317226, 36.9373123456407], [127.74014457317226, 36.9373123456407], [127.73733715622946, 36.937317988737746], [127.7373441451247, 36.93957160020739], [127.7373441451247, 36.939571600207394]]], [[[127.73735113479721, 36.94182521081876], [127.7373441451247, 36.93957160020739], [127.73453664473621, 36.93957717740069], [127.73454355173102, 36.941830788465936], [127.73735113479721, 36.94182521081876]]], [[[127.73454355173102, 36.941830788465936], [127.73453664473621, 36.93957717740069], [127.73172914357967, 36.93958268823095], [127.73172914357967, 36.93958268823095], [127.72892164166426, 36.93958813269812], [127.72892838330341, 36.941841744654916], [127.7317359678967, 36.94183629974467], [127.7317359678967, 36.94183629974467], [127.73454355173102, 36.941830788465936]]], [[[127.73455736802516, 36.94633800802151], [127.73455736802516, 36.94633800802151], [127.73174961880768, 36.94634352019728], [127.73175644540184, 36.94859712913613], [127.7345642773247, 36.94859161651182], [127.73455736802516, 36.94633800802151], [127.73736511647431, 36.94633242946651], [127.73735812524704, 36.94407882057182], [127.73455045949396, 36.94408439867289], [127.73455045949396, 36.944084398672885], [127.73455045949396, 36.944084398672885], [127.73454355173102, 36.941830788465936], [127.7317359678967, 36.94183629974468], [127.7317359678967, 36.94183629974468], [127.72892838330341, 36.941841744654916], [127.72612079796038, 36.9418471231966], [127.72612745766212, 36.94410073473285], [127.72893512569232, 36.94409535575346], [127.73174279297267, 36.94408991040013], [127.73174279297267, 36.94408991040013], [127.73174961880768, 36.94634352019728], [127.73455736802516, 36.94633800802151]]], [[[127.74016579022266, 36.944073176096936], [127.74016579022266, 36.94407317609694], [127.73735812524704, 36.94407882057182], [127.73736511647431, 36.94633242946651], [127.74017286414596, 36.94632678453231], [127.74017286414596, 36.94632678453231], [127.74298061103086, 36.94632107321898], [127.74297345441167, 36.944067465248345], [127.74297345441167, 36.944067465248345], [127.7429662985883, 36.94181385641931], [127.740158717086, 36.94181956680321], [127.74016579022266, 36.944073176096936], [127.74016579022266, 36.944073176096936]]], [[[127.74858878039299, 36.9440558444302], [127.74858878039299, 36.94405584443021], [127.74578111780485, 36.94406168802608], [127.74578835711984, 36.94631529552658], [127.74859610240372, 36.94630945145517], [127.74859610240372, 36.94630945145517], [127.74578835711984, 36.94631529552658], [127.74579559723996, 36.948568902168645], [127.74860342522875, 36.948563057621676], [127.74861074886819, 36.950816662929675], [127.74861074886819, 36.950816662929675], [127.74861807332212, 36.953070267379175], [127.75142606593374, 36.953064355485836], [127.75142606593374, 36.95306435548582], [127.75423405772156, 36.95305837719739], [127.75423405772156, 36.95305837719739], [127.75704204867641, 36.95305233251393], [127.75703447605308, 36.95079872952369], [127.75422656782128, 36.95080477371533], [127.75422656782128, 36.95080477371533], [127.7542190787539, 36.948551169374724], [127.7542190787539, 36.948551169374724], [127.75421159051932, 36.94629756417555], [127.75140384687326, 36.9463035410048], [127.75140384687326, 36.9463035410048], [127.74859610240372, 36.94630945145517], [127.74859610240372, 36.94630945145516], [127.75140384687326, 36.9463035410048], [127.75140384687326, 36.9463035410048], [127.75421159051932, 36.94629756417555], [127.75420410311744, 36.94404395811787], [127.75139644216694, 36.944049934460786], [127.75139644216694, 36.94404993446077], [127.75139644216694, 36.94404993446077], [127.75138903828399, 36.94179632705826], [127.7485814591965, 36.941802236546785], [127.74858878039299, 36.9440558444302], [127.74858878039299, 36.9440558444302]]], [[[127.73735113479721, 36.94182521081876], [127.73454355173102, 36.941830788465936], [127.73455045949396, 36.944084398672885], [127.73735812524704, 36.94407882057181], [127.73735113479721, 36.94182521081876]]], [[[127.74578835711984, 36.94631529552658], [127.74578111780485, 36.94406168802608], [127.74297345441167, 36.944067465248345], [127.74298061103086, 36.94632107321898], [127.74578835711984, 36.94631529552658]]]]}}, {"type": "Feature", "properties": {"rank": 4, "method": "BFS+Zoning", "n_grids": 114, "avg_micro": 78.26928482518291, "cluster_score": 133.9766514598366, "buildable_ha": 283.125, "final_score": 109.946817869426, "avg_bcr": 0.3973684210526316, "center_lat": 37.116762360662584, "center_lon": 127.6766782106179}, "geometry": {"type": "MultiPolygon", "coordinates": [[[[127.65909063464845, 37.110975447587926], [127.65909534899919, 37.11322900362673], [127.65628143725385, 37.11323274599194], [127.65628606873817, 37.11548630147562], [127.65910006387442, 37.115482558806406], [127.65910006387442, 37.11548255880641], [127.65910006387442, 37.11548255880641], [127.6591047792742, 37.117736113126924], [127.66191885728607, 37.117732303361706], [127.66191405848613, 37.115478749350665], [127.664728052564, 37.11547487310841], [127.664728052564, 37.11547487310841], [127.66754204609876, 37.11547093007972], [127.6675370810511, 37.113217375844634], [127.66472317090708, 37.11322131855305], [127.66471828979321, 37.11096776313851], [127.66190446248768, 37.110971638751046], [127.66190446248768, 37.110971638751046], [127.65909063464845, 37.110975447587926]], [[127.66472317090708, 37.11322131855305], [127.66190926022003, 37.113225194480435], [127.66190926022003, 37.113225194480435], [127.66472317090708, 37.11322131855305], [127.66472317090708, 37.11322131855305]]], [[[127.65347662168593, 37.11774353228144], [127.65348117079128, 37.119997086345435], [127.65629533325264, 37.11999340986555], [127.65629533325264, 37.11999340986555], [127.6591094951986, 37.119989666588246], [127.6591047792742, 37.117736113126924], [127.65629070073773, 37.11773985610017], [127.65629070073773, 37.11773985610017], [127.6591047792742, 37.117736113126924], [127.65910006387442, 37.11548255880641], [127.65628606873817, 37.11548630147563], [127.65628606873817, 37.11548630147563], [127.65347207308662, 37.11548997735828], [127.65347662168593, 37.11774353228144], [127.65347662168593, 37.11774353228144]]], [[[127.6450300831331, 37.11550060428643], [127.64503438153123, 37.11775416007286], [127.64503868040758, 37.1200077150002], [127.64785284435946, 37.12000423891279], [127.64785284435946, 37.12000423891279], [127.6506670078238, 37.120000696027866], [127.65066254212803, 37.11774714167066], [127.64784846207338, 37.11775068426781], [127.64784846207338, 37.11775068426781], [127.64784846207338, 37.11775068426781], [127.65066254212803, 37.11774714167066], [127.65065807692908, 37.11549358645432], [127.64784408027481, 37.11549712876372], [127.64784408027481, 37.11549712876372], [127.6450300831331, 37.11550060428643]]], [[[127.64503438153123, 37.11775416007286], [127.6450300831331, 37.11550060428643], [127.64221608551321, 37.11550401302243], [127.64222030051084, 37.11775756908577], [127.64503438153123, 37.11775416007286]]], [[[127.64222030051084, 37.11775756908577], [127.63940621902151, 37.1177609113065], [127.63940621902151, 37.1177609113065], [127.63940208742444, 37.115507354971676], [127.63658808887607, 37.11551063013414], [127.63659213707253, 37.117764186735016], [127.63659213707253, 37.117764186735016], [127.63659618571938, 37.12001774247683], [127.63941035107825, 37.120014466782244], [127.63941035107825, 37.120014466782244], [127.6422245159774, 37.120011124290016], [127.64222030051084, 37.11775756908577]]], [[[127.6591142116477, 37.12224321919037], [127.65911892862151, 37.12449677093327], [127.65911892862151, 37.12449677093327], [127.65912364612014, 37.12675032181695], [127.66193805782538, 37.12674651081373], [127.66193805782538, 37.12674651081373], [127.66475246899651, 37.12674263299687], [127.66474758462341, 37.12448908273769], [127.66474758462341, 37.12448908273769], [127.66474758462341, 37.12448908273769], [127.66756191181396, 37.12448513842764], [127.66756191181396, 37.12448513842765], [127.66756191181396, 37.12448513842765], [127.66756687962422, 37.12673868836644], [127.6703812896992, 37.12673467692246], [127.67037623845187, 37.12448112730947], [127.67037623845187, 37.12448112730947], [127.67037118776645, 37.122227576837176], [127.67037118776645, 37.122227576837176], [127.6703661376429, 37.11997402550559], [127.6703661376429, 37.119974025505584], [127.67036108808117, 37.11772047331474], [127.66754701169882, 37.11772448345558], [127.66754701169882, 37.11772448345558], [127.66754701169882, 37.11772448345558], [127.66754204609876, 37.115470930079724], [127.664728052564, 37.115474873108425], [127.664728052564, 37.115474873108425], [127.66191405848613, 37.11547874935067], [127.66191885728607, 37.117732303361706], [127.6591047792742, 37.117736113126924], [127.6591094951986, 37.119989666588246], [127.6591142116477, 37.12224321919037], [127.6591142116477, 37.12224321919037]], [[127.6619284564877, 37.12223940880619], [127.66193325688951, 37.12449296023958], [127.66193325688951, 37.12449296023958], [127.6619284564877, 37.12223940880619], [127.6619284564877, 37.12223940880619]], [[127.66473293476403, 37.11772842680458], [127.66473293476403, 37.11772842680458], [127.66473293476403, 37.11772842680458], [127.66473293476403, 37.11772842680458], [127.66191885728607, 37.11773230336171], [127.66191885728607, 37.11773230336171], [127.66473293476403, 37.11772842680458]]], [[[127.65348117079128, 37.11999708634544], [127.65348572040274, 37.12225063955028], [127.65348572040274, 37.12225063955028], [127.65349027052041, 37.12450419189594], [127.65630459982872, 37.12450051481874], [127.65629996628294, 37.12224696277175], [127.65629996628294, 37.12224696277175], [127.65630459982872, 37.12450051481874], [127.65911892862151, 37.12449677093327], [127.65911421164768, 37.12224321919037], [127.6591142116477, 37.12224321919037], [127.6591094951986, 37.11998966658825], [127.65629533325264, 37.11999340986556], [127.65629996628296, 37.12224696277174], [127.65629996628294, 37.12224696277174], [127.65629533325264, 37.11999340986555], [127.65348117079128, 37.119997086345435], [127.65347662168593, 37.117743532281445], [127.65066254212803, 37.11774714167067], [127.6506670078238, 37.12000069602787], [127.65348117079128, 37.11999708634544]]], [[[127.64503868040758, 37.120007715000206], [127.64503438153123, 37.11775416007286], [127.64222030051084, 37.11775756908577], [127.64222451597743, 37.12001112429002], [127.64503868040758, 37.120007715000206]]], [[[127.65630923389001, 37.12675406600653], [127.65631386846687, 37.12900761633507], [127.65912836414363, 37.129003871841384], [127.65912836414363, 37.12900387184138], [127.66194285929544, 37.1290000605286], [127.66193805782538, 37.12674651081373], [127.65912364612014, 37.12675032181695], [127.65912364612014, 37.126750321816964], [127.65630923389001, 37.12675406600653]]], [[[127.6759735934927, 37.11095159293277], [127.67596837943344, 37.10869803797264], [127.67315463772749, 37.1087021803508], [127.67315463772749, 37.1087021803508], [127.67034089545082, 37.10870625595892], [127.67034594276603, 37.11095981158668], [127.67034594276603, 37.11095981158668], [127.67034089545082, 37.10870625595892], [127.66752715261268, 37.10871026479693], [127.66753211655576, 37.11096382075038], [127.66471828979321, 37.11096776313851], [127.66472317090708, 37.11322131855305], [127.6675370810511, 37.113217375844634], [127.66754204609876, 37.11547093007972], [127.67035603908114, 37.11546692026459], [127.67035099064279, 37.11321336635525], [127.67035099064279, 37.11321336635525], [127.67034594276603, 37.11095981158668], [127.67034594276603, 37.11095981158668], [127.67035099064279, 37.11321336635525], [127.67316489967288, 37.1132092900849], [127.67315976841478, 37.110955735647465], [127.67315976841478, 37.110955735647465], [127.67315976841478, 37.110955735647465], [127.6759735934927, 37.11095159293277], [127.67597880813207, 37.113205147033675], [127.67597880813207, 37.113205147033675], [127.6759840233516, 37.115458700275305], [127.67879801462114, 37.115454490101214], [127.67879271601113, 37.113200937201555], [127.67879271601113, 37.113200937201555], [127.67878741799053, 37.11094738344264], [127.6759735934927, 37.11095159293277]], [[127.6675370810511, 37.113217375844634], [127.66753211655576, 37.11096382075038], [127.66753211655576, 37.11096382075038], [127.6675370810511, 37.113217375844634], [127.6675370810511, 37.113217375844634]]], [[[127.67317003150183, 37.115462843663124], [127.67317003150183, 37.115462843663124], [127.67035603908114, 37.115466920264595], [127.67035603908114, 37.1154669202646], [127.66754204609876, 37.115470930079724], [127.66754701169882, 37.11772448345558], [127.67036108808117, 37.11772047331474], [127.67036108808117, 37.11772047331473], [127.67317516390175, 37.117716396382086], [127.67317516390175, 37.117716396382086], [127.67598923915133, 37.117712252657675], [127.6759840233516, 37.11545870027531], [127.67317003150183, 37.115462843663124]]], [[[127.67319056452784, 37.12447704938323], [127.67319056452784, 37.12447704938323], [127.67037623845187, 37.12448112730947], [127.6703812896992, 37.12673467692246], [127.67319569921219, 37.12673059866498], [127.67319569921219, 37.12673059866498], [127.67319569921219, 37.12673059866498], [127.6732008344678, 37.12898414708739], [127.67601532685578, 37.128980001679764], [127.67601010815389, 37.12672645359404], [127.67601010815389, 37.12672645359404], [127.67600489003257, 37.12447290464896], [127.67319056452784, 37.12447704938323]]], [[[127.68160124189903, 37.11094310717711], [127.68160124189903, 37.11094310717711], [127.67878741799056, 37.11094738344264], [127.67879271601113, 37.113200937201555], [127.67879271601113, 37.113200937201555], [127.67879801462114, 37.115454490101214], [127.68161200530118, 37.11545021314087], [127.68161200530118, 37.11545021314088], [127.68442599538244, 37.11544586939434], [127.68442599538244, 37.11544586939434], [127.68442599538244, 37.11544586939434], [127.68443146138128, 37.117699420734404], [127.68724553425402, 37.117695009843416], [127.68723998485565, 37.11544145886165], [127.68723998485565, 37.11544145886165], [127.6872344360746, 37.113187907020524], [127.68442052999167, 37.11319231719495], [127.68442052999167, 37.11319231719494], [127.68160662330077, 37.11319666058864], [127.68160662330077, 37.113196660588635], [127.68442052999167, 37.11319231719493], [127.68442052999167, 37.11319231719494], [127.6872344360746, 37.113187907020524], [127.68723998485565, 37.11544145886164], [127.68723998485565, 37.11544145886164], [127.68724553425405, 37.117695009843416], [127.6900596065094, 37.1176905321609], [127.6900596065094, 37.11769053216091], [127.68724553425405, 37.117695009843416], [127.68724553425405, 37.117695009843416], [127.68443146138128, 37.117699420734404], [127.68443692798823, 37.11995297121511], [127.68725108426983, 37.11994855996581], [127.68725108426983, 37.11994855996581], [127.69006523993394, 37.11994408191957], [127.69006523993394, 37.11994408191957], [127.69287939497131, 37.11993953707641], [127.69288511244058, 37.122193085606476], [127.69289083054595, 37.12444663327709], [127.69570515179237, 37.12444202088782], [127.69569935025979, 37.12218847359184], [127.69851358743364, 37.122183794774955], [127.69850770312866, 37.11993024699953], [127.69850770312866, 37.11993024699953], [127.69850181947825, 37.11767669836462], [127.6956877491308, 37.11768137642146], [127.6956877491308, 37.11768137642146], [127.69850181947825, 37.11767669836461], [127.69850181947825, 37.117676698364605], [127.70131588917121, 37.117671953516414], [127.70130992277616, 37.115418404407464], [127.70130992277616, 37.115418404407464], [127.70130395704484, 37.11316485443904], [127.70130395704484, 37.11316485443904], [127.70129799197716, 37.11091130361118], [127.6984841724539, 37.11091604730319], [127.6984841724539, 37.11091604730318], [127.6984841724539, 37.11091604730318], [127.69847829142113, 37.10866249523054], [127.69566455461505, 37.10866717176756], [127.69567035227638, 37.110920724220136], [127.69567035227638, 37.110920724220136], [127.69567615058274, 37.11317427581331], [127.69567615058273, 37.11317427581331], [127.69567035227638, 37.11092072422014], [127.69285653145383, 37.110925334361966], [127.69285653145383, 37.110925334361966], [127.69004270999557, 37.110929877728616], [127.69004834154029, 37.11318343006541], [127.69004834154029, 37.11318343006541], [127.69005397371153, 37.115436981542835], [127.69005397371153, 37.115436981542835], [127.69005397371153, 37.115436981542835], [127.69005397371153, 37.115436981542835], [127.69004834154029, 37.11318343006541], [127.69004834154029, 37.11318343006541], [127.69004270999557, 37.110929877728616], [127.68722888791082, 37.11093435432006], [127.6872344360746, 37.113187907020524], [127.6872344360746, 37.113187907020524], [127.68722888791082, 37.110934354320044], [127.68441506520888, 37.110938764136236], [127.68441506520888, 37.110938764136236], [127.68722888791082, 37.110934354320044], [127.68722334036421, 37.10868080076026], [127.684409601034, 37.10868521021822], [127.68441506520888, 37.110938764136236], [127.68160124189903, 37.11094310717711]], [[127.69287367813808, 37.1176859876869], [127.6900596065094, 37.11769053216091], [127.6900596065094, 37.11769053216091], [127.69287367813808, 37.1176859876869], [127.6928679619408, 37.11543243743798], [127.6928679619408, 37.11543243743798], [127.69286224637942, 37.113178886329656], [127.69286224637942, 37.113178886329656], [127.6928679619408, 37.11543243743798], [127.69568194953419, 37.11542782654709], [127.69568194953419, 37.115427826547105], [127.6928679619408, 37.11543243743798], [127.69287367813808, 37.117685987686905], [127.6956877491308, 37.11768137642146], [127.6956877491308, 37.11768137642146], [127.69287367813808, 37.117685987686905], [127.69287939497131, 37.11993953707641], [127.69287939497131, 37.11993953707641], [127.69287367813808, 37.1176859876869]], [[127.69849593648239, 37.115423148870235], [127.69849593648239, 37.115423148870235], [127.69568194953419, 37.11542782654709], [127.69568194953419, 37.115427826547084], [127.69849593648239, 37.115423148870235], [127.69849593648239, 37.115423148870235], [127.69849593648239, 37.115423148870235]]], [[[127.69004270999557, 37.1109298777286], [127.6900370790773, 37.108676324532475], [127.68722334036421, 37.10868080076026], [127.68722888791082, 37.110934354320044], [127.69004270999557, 37.1109298777286]]], [[[127.6759840233516, 37.11545870027531], [127.67598923915133, 37.117712252657675], [127.67598923915133, 37.117712252657675], [127.6759944555314, 37.119965804180765], [127.67880861360972, 37.11996159332263], [127.67880861360972, 37.11996159332263], [127.68162277109843, 37.11995731566739], [127.68161738790037, 37.1177037648338], [127.68443146138128, 37.117699420734404], [127.68442599538244, 37.11544586939434], [127.68161200530118, 37.11545021314088], [127.68161738790037, 37.1177037648338], [127.68161738790037, 37.1177037648338], [127.68161200530118, 37.11545021314088], [127.67879801462114, 37.11545449010122], [127.67879801462114, 37.11545449010122], [127.6759840233516, 37.11545870027531]]], [[[127.68443692798823, 37.11995297121511], [127.68443146138128, 37.11769942073441], [127.68161738790037, 37.11770376483381], [127.68162277109843, 37.1199573156674], [127.68443692798823, 37.11995297121511]]], [[[127.6872566349031, 37.12220210922883], [127.68725108426983, 37.11994855996583], [127.68443692798823, 37.11995297121511], [127.68444239520339, 37.12220652083645], [127.6872566349031, 37.12220210922883]]], [[[127.67882981866309, 37.1289757894533], [127.67882451651506, 37.12672224170969], [127.67882451651506, 37.12672224170969], [127.67881921495686, 37.1244686931067], [127.6760048900326, 37.12447290464896], [127.67601010815389, 37.12672645359404], [127.67601010815389, 37.12672645359404], [127.67601532685578, 37.128980001679764], [127.67882981866309, 37.1289757894533]]], [[[127.70974566173749, 37.1131502215244], [127.71255956193113, 37.11314521032552], [127.71537346142402, 37.1131401323464], [127.71536707945435, 37.11088658352675], [127.7125532633417, 37.11089166109338], [127.7125532633417, 37.11089166109338], [127.71254696545293, 37.10863811100172], [127.70973323201063, 37.10864312138647], [127.70973323201063, 37.10864312138647], [127.70691949787705, 37.10864806500179], [127.70691336741248, 37.10639451324201], [127.70409971595878, 37.106399389691646], [127.70410576306142, 37.10865294184761], [127.70410576306142, 37.10865294184761], [127.70410576306142, 37.108652941847616], [127.70129202757303, 37.10865775192388], [127.70129799197716, 37.11091130361118], [127.7041118108368, 37.11090649314415], [127.7041118108368, 37.11090649314415], [127.70129799197716, 37.11091130361118], [127.70130395704484, 37.11316485443904], [127.70130395704484, 37.11316485443904], [127.70130992277616, 37.11541840440745], [127.70412390840623, 37.11541359315881], [127.70411785928505, 37.11316004358121], [127.70411785928505, 37.11316004358121], [127.70411785928505, 37.1131600435812], [127.70693176085237, 37.113155165942985], [127.70692562902364, 37.11090161590212], [127.70692562902364, 37.11090161590212], [127.70693176085237, 37.113155165942985], [127.70974566173749, 37.1131502215244], [127.70973944652836, 37.11089667188519], [127.70692562902364, 37.11090161590212], [127.70692562902364, 37.11090161590212], [127.70973944652836, 37.11089667188519], [127.70973944652836, 37.11089667188519], [127.70973944652836, 37.11089667188519], [127.70974566173749, 37.1131502215244]]], [[[127.69847829142113, 37.10866249523054], [127.6984841724539, 37.11091604730318], [127.70129799197716, 37.11091130361118], [127.70129202757303, 37.10865775192388], [127.70129202757303, 37.10865775192388], [127.70128606383237, 37.10640419937717], [127.69847241104259, 37.10640894229851], [127.69847829142113, 37.10866249523054], [127.69847829142113, 37.10866249523054]]]]}}, {"type": "Feature", "properties": {"rank": 5, "method": "BFS+Zoning", "n_grids": 69, "avg_micro": 77.08858570270237, "cluster_score": 126.21515913883917, "buildable_ha": 167.49999999999994, "final_score": 104.51377324472779, "avg_bcr": 0.3884057971014491, "center_lat": 36.92116114738869, "center_lon": 127.70541516593639}, "geometry": {"type": "MultiPolygon", "coordinates": [[[[127.69234478255335, 36.90810214047741], [127.69234478255335, 36.90810214047741], [127.69235044055708, 36.91035576971186], [127.69515687751145, 36.91035119281512], [127.69515113695742, 36.90809756395322], [127.69515113695742, 36.90809756395322], [127.69515113695742, 36.90809756395322], [127.69795749072316, 36.90809292114083], [127.69795166826638, 36.905839291799204], [127.69514539704167, 36.90584393423364], [127.69514539704167, 36.90584393423365], [127.69233912517873, 36.9058485103853], [127.69234478255335, 36.90810214047741]]], [[[127.68953842752013, 36.90810665071336], [127.68953842752013, 36.90810665071336], [127.68954400297352, 36.91036028031499], [127.68954400297349, 36.91036028031499], [127.68953842752013, 36.90810665071336], [127.68673207186697, 36.908111094661024], [127.6867375647699, 36.91036472462443], [127.6867375647699, 36.91036472462443], [127.68673207186697, 36.908111094661024], [127.68392571560304, 36.908115472320354], [127.68392571560304, 36.908115472320354], [127.68111935873753, 36.90811978369131], [127.68112468653933, 36.91037341436206], [127.68393112595545, 36.91036910264013], [127.68393112595545, 36.91036910264013], [127.68393653690953, 36.91262273210229], [127.68674305828368, 36.9126183537302], [127.6867375647699, 36.910364724624436], [127.6867375647699, 36.910364724624436], [127.68674305828368, 36.9126183537302], [127.6895495790469, 36.91261390905897], [127.68955515574038, 36.914867536945295], [127.68955515574038, 36.914867536945295], [127.68956073305405, 36.91712116397392], [127.69236741834385, 36.917116652269165], [127.69236175845226, 36.91486302560777], [127.69236175845226, 36.91486302560777], [127.69235609919002, 36.91260939808866], [127.69235609919002, 36.91260939808866], [127.69235044055708, 36.91035576971186], [127.69235044055708, 36.91035576971186], [127.69234478255335, 36.90810214047741], [127.69234478255335, 36.90810214047741], [127.69233912517873, 36.9058485103853], [127.68953285268674, 36.905853020254085], [127.68953842752013, 36.90810665071336]]], [[[127.69236175845226, 36.91486302560777], [127.69236175845226, 36.91486302560777], [127.69236741834385, 36.917116652269165], [127.69517410300419, 36.91711207425459], [127.69516836053478, 36.91485844796582], [127.69516836053478, 36.91485844796582], [127.69516836053478, 36.91485844796582], [127.69797496197876, 36.914853804019494], [127.69796913757928, 36.912600177250994], [127.69516261870389, 36.912604820819325], [127.69516261870389, 36.912604820819325], [127.69235609919002, 36.91260939808866], [127.69236175845226, 36.91486302560777]]], [[[127.68956631098796, 36.91937479014485], [127.69237307886485, 36.91937027807285], [127.69236741834385, 36.91711665226917], [127.68956073305405, 36.917121163973924], [127.68956631098796, 36.91937479014485]]], [[[127.69518558985894, 36.92161932425885], [127.69518558985894, 36.92161932425885], [127.69518558985894, 36.92161932425885], [127.69237874001537, 36.92162390301875], [127.69237874001537, 36.92162390301875], [127.6895718895422, 36.92162841545804], [127.68957746871679, 36.92388203991348], [127.69238440179544, 36.9238775271069], [127.69238440179544, 36.9238775271069], [127.69519133424443, 36.92387294797431], [127.69519133424443, 36.92387294797432], [127.69238440179544, 36.92387752710692], [127.69239006420516, 36.926131150337284], [127.69239006420516, 36.926131150337284], [127.69239572724459, 36.92838477270984], [127.69239572724459, 36.92838477270984], [127.69239572724459, 36.92838477270984], [127.68958862892745, 36.92838928625108], [127.68958862892745, 36.92838928625106], [127.68678152998972, 36.92839373345543], [127.6867870283928, 36.93064735569948], [127.68959420996364, 36.93064290813315], [127.68959420996364, 36.930642908133166], [127.69240139091383, 36.93063839422458], [127.69240139091383, 36.930638394224566], [127.69520857123413, 36.930633813973756], [127.69520282493195, 36.928380192831796], [127.69520282493195, 36.92838019283178], [127.69519707926875, 36.92612657083197], [127.69519707926875, 36.92612657083197], [127.69520282493195, 36.928380192831796], [127.69800992198032, 36.92837554661697], [127.69800409369341, 36.926121924995286], [127.69519707926875, 36.92612657083197], [127.69519707926875, 36.92612657083196], [127.69800409369341, 36.92612192499527], [127.69799826605458, 36.923868302515736], [127.69519133424443, 36.92387294797431], [127.69519133424443, 36.9238729479743], [127.69799826605458, 36.92386830251573], [127.69799243906378, 36.92161467917837], [127.69799243906378, 36.92161467917837], [127.69798661272092, 36.91936105498321], [127.69798661272092, 36.91936105498321], [127.69798078702594, 36.91710742993024], [127.69517410300419, 36.917112074254604], [127.69517410300419, 36.917112074254604], [127.69236741834385, 36.91711665226917], [127.69237307886485, 36.91937027807283], [127.69237307886485, 36.91937027807285], [127.69237874001537, 36.92162390301875], [127.69518558985894, 36.92161932425885]]], [[[127.69795749072316, 36.90809292114083], [127.70076384384141, 36.90808821204031], [127.70075793884368, 36.90583458308201], [127.69795166826638, 36.905839291799204], [127.69795749072316, 36.90809292114083]]], [[[127.70079928762068, 36.92160996777737], [127.70079928762068, 36.92160996777737], [127.70079337868178, 36.91935634396567], [127.69798661272092, 36.91936105498321], [127.69799243906378, 36.92161467917837], [127.69799243906378, 36.92161467917837], [127.69799826605458, 36.923868302515736], [127.70080519721672, 36.923863590731244], [127.70079928762068, 36.92160996777737]]], [[[127.70361212772168, 36.923858812620885], [127.70360613552046, 36.921605190055885], [127.70079928762068, 36.92160996777737], [127.70080519721675, 36.923863590731244], [127.70361212772168, 36.923858812620885]]], [[[127.70921982931188, 36.92159543565168], [127.70641298275392, 36.92160034601398], [127.70641905756024, 36.92385396818468], [127.70361212772168, 36.923858812620885], [127.70361812058931, 36.92611243432799], [127.70361812058931, 36.92611243432799], [127.70362411412339, 36.92836605517721], [127.70362411412339, 36.92836605517721], [127.70362411412339, 36.928366055177214], [127.70362411412339, 36.928366055177214], [127.70361812058931, 36.92611243432799], [127.70361812058931, 36.92611243432799], [127.70361212772168, 36.923858812620885], [127.70080519721675, 36.923863590731244], [127.70081110747, 36.92611721282727], [127.70081110747, 36.92611721282727], [127.70081701838052, 36.92837083406543], [127.70081701838055, 36.92837083406543], [127.70082292994843, 36.93062445444569], [127.70363010832402, 36.93061967516851], [127.70363010832402, 36.930619675168494], [127.70643728603298, 36.9306148295493], [127.70643120919969, 36.928361209952364], [127.70643120919969, 36.928361209952364], [127.70643120919969, 36.928361209952364], [127.70923830360026, 36.928356298390945], [127.70924446306613, 36.93060991758812], [127.71205163941427, 36.930604939285026], [127.71204539731592, 36.92835132049299], [127.71204539731592, 36.92835132049299], [127.71485249033746, 36.928346276258566], [127.71484616630998, 36.926092657019076], [127.71203915591164, 36.92609770084296], [127.71203291520145, 36.92384408033498], [127.70922598672324, 36.92384905742269], [127.70921982931188, 36.92159543565168]], [[127.70922598672324, 36.92384905742269], [127.70923214481931, 36.92610267833578], [127.71203915591164, 36.92609770084296], [127.71203915591164, 36.92609770084297], [127.70923214481931, 36.92610267833578], [127.70923214481931, 36.92610267833578], [127.70642513304215, 36.92610758949748], [127.70642513304215, 36.92610758949748], [127.70641905756024, 36.92385396818468], [127.70922598672324, 36.92384905742269]]], [[[127.69800409369341, 36.92612192499527], [127.70081110747, 36.926117212827265], [127.70080519721675, 36.923863590731244], [127.69799826605458, 36.923868302515736], [127.69800409369341, 36.92612192499527]]], [[[127.73168139460394, 36.92380738360497], [127.73448831727333, 36.92380187591332], [127.73448141642054, 36.92154825798239], [127.73448141642054, 36.92154825798239], [127.73447451633508, 36.91929463919334], [127.73446761701689, 36.9170410195462], [127.73166094213273, 36.91704652589311], [127.73166775886503, 36.91930014598849], [127.73167457635539, 36.92155376522578], [127.73167457635539, 36.92155376522578], [127.73168139460394, 36.92380738360497]]], [[[127.73448141642054, 36.92154825798239], [127.73728825571834, 36.921542684419165], [127.73728127303788, 36.919289066083756], [127.73447451633508, 36.91929463919334], [127.73448141642054, 36.92154825798239]]], [[[127.71203291520145, 36.92384408033498], [127.71203915591167, 36.92609770084296], [127.71484616630998, 36.926092657019076], [127.71484616630998, 36.92609265701908], [127.71765317600506, 36.92608754686415], [127.71765317600506, 36.92608754686415], [127.71765317600507, 36.92608754686415], [127.71765958265571, 36.92834116568772], [127.72046667426146, 36.9283359887805], [127.72046018498776, 36.92608237037827], [127.72046018498776, 36.92608237037827], [127.72046667426146, 36.92833598878051], [127.72327376514554, 36.92833074553697], [127.72327376514554, 36.92833074553696], [127.72608085529875, 36.928325435957156], [127.72608085529875, 36.928325435957156], [127.72888794471191, 36.928320060041145], [127.72888794471191, 36.92832006004116], [127.73169503337583, 36.928314617788985], [127.73168821361071, 36.92606100112605], [127.72888120756951, 36.926066442935294], [127.72888120756951, 36.92606644293529], [127.72607420077917, 36.926071818413774], [127.72607420077917, 36.926071818413774], [127.72888120756951, 36.92606644293529], [127.72888120756951, 36.92606644293529], [127.73168821361071, 36.926061001126044], [127.73168821361071, 36.926061001126044], [127.73449521889357, 36.9260554929861], [127.73448831727333, 36.92380187591332], [127.73168139460394, 36.92380738360497], [127.73168139460394, 36.92380738360497], [127.73167457635539, 36.92155376522578], [127.72886773553209, 36.92155920614926], [127.72887447117627, 36.923812824971314], [127.72606754699954, 36.92381820001231], [127.72606089395981, 36.92156458075277], [127.72325405164771, 36.92156988903628], [127.72326062208295, 36.923823508727885], [127.72326062208295, 36.923823508727885], [127.72326062208295, 36.923823508727885], [127.72045369643565, 36.923828751117995], [127.72046018498776, 36.92608237037827], [127.72046018498776, 36.92608237037827], [127.72045369643563, 36.923828751117995], [127.71764677006684, 36.923833927182585], [127.71764677006684, 36.923833927182585], [127.71483984298571, 36.9238390369216], [127.71483984298571, 36.92383903692159], [127.71203291520145, 36.92384408033498], [127.71202667518516, 36.92159045896905], [127.70921982931188, 36.921595435651675], [127.70922598672324, 36.92384905742269], [127.71203291520145, 36.92384408033498]]], [[[127.72045369643563, 36.923828751117995], [127.72326062208295, 36.923823508727885], [127.72325405164771, 36.92156988903628], [127.72044720860504, 36.921575130999706], [127.72045369643563, 36.923828751117995]]]]}}, {"type": "Feature", "properties": {"rank": 6, "method": "BFS+Zoning", "n_grids": 39, "avg_micro": 74.0895861409016, "cluster_score": 115.08571895274808, "buildable_ha": 93.75, "final_score": 96.72316511446404, "avg_bcr": 0.38461538461538464, "center_lat": 37.137320291110164, "center_lon": 127.63969470927172}, "geometry": {"type": "MultiPolygon", "coordinates": [[[[127.63378598558813, 37.12227450651715], [127.6337899517074, 37.12452806080151], [127.63660428436444, 37.12452485138326], [127.63660428436444, 37.12452485138326], [127.63660428436444, 37.12452485138326], [127.63660833436278, 37.12677840454783], [127.63942275000701, 37.12677512805493], [127.63941861657095, 37.12452157515647], [127.64223294831761, 37.124518232121204], [127.642228731913, 37.12226467863517], [127.6394144835947, 37.1222680213989], [127.63941861657095, 37.12452157515647], [127.63941861657095, 37.12452157515647], [127.6394144835947, 37.1222680213989], [127.63660023481668, 37.122271297359575], [127.63659618571938, 37.12001774247683], [127.63378201991006, 37.120020951373746], [127.63378598558813, 37.12227450651715], [127.63378598558813, 37.12227450651715]]], [[[127.63379391826793, 37.12678161422677], [127.63379788526979, 37.12903516679293], [127.63661238481168, 37.12903195685327], [127.63660833436275, 37.12677840454783], [127.63660833436278, 37.12677840454783], [127.63660428436444, 37.12452485138326], [127.6337899517074, 37.12452806080151], [127.63379391826793, 37.12678161422677], [127.63379391826793, 37.12678161422677]]], [[[127.63660833436278, 37.12677840454783], [127.63661238481168, 37.12903195685327], [127.63942688390293, 37.12902868009425], [127.63942275000701, 37.12677512805493], [127.63660833436278, 37.12677840454783]]], [[[127.63661643571126, 37.1312855082996], [127.63661643571126, 37.1312855082996], [127.63662048706153, 37.13353905888672], [127.63662048706153, 37.133539058886726], [127.63662453886256, 37.1357926086147], [127.63943928835056, 37.13578933105717], [127.63943928835056, 37.13578933105718], [127.63943928835056, 37.13578933105718], [127.63943928835056, 37.13578933105718], [127.63662453886256, 37.13579260861471], [127.63662453886256, 37.135792608614715], [127.63380978892376, 37.135795819336586], [127.6338137576914, 37.13804936846612], [127.6366285911144, 37.13804615748349], [127.6366285911144, 37.13804615748348], [127.63944342408656, 37.13804287965976], [127.63944342408656, 37.13804287965976], [127.64225825659857, 37.138039534994974], [127.64225403737846, 37.135785986664025], [127.64225403737846, 37.135785986664025], [127.64224981862776, 37.13353243747384], [127.63943515307469, 37.133535781595384], [127.63943515307469, 37.133535781595384], [127.63943515307469, 37.13353578159538], [127.63943101825882, 37.131282231274405], [127.63943101825882, 37.131282231274405], [127.63942688390293, 37.12902868009425], [127.63661238481168, 37.129031956853275], [127.63661643571126, 37.1312855082996]]], [[[127.633801852713, 37.131288718499974], [127.633801852713, 37.131288718499974], [127.63380582059764, 37.133542269347835], [127.63380582059764, 37.13354226934784], [127.63380978892376, 37.13579581933658], [127.63662453886256, 37.1357926086147], [127.63662048706153, 37.133539058886726], [127.63662048706153, 37.13353905888672], [127.63661643571126, 37.131285508299584], [127.63661643571126, 37.131285508299584], [127.63661238481168, 37.129031956853275], [127.63379788526979, 37.12903516679294], [127.633801852713, 37.131288718499974]]], [[[127.63663264381711, 37.14029970549305], [127.63663264381711, 37.14029970549305], [127.6366366969707, 37.142553252643374], [127.63945169693903, 37.142549974287206], [127.63945169693903, 37.142549974287206], [127.6366366969707, 37.142553252643374], [127.6338216965514, 37.14255646414758], [127.63382566664389, 37.14481001069947], [127.63664075057528, 37.14480679893445], [127.63945583405564, 37.144803520312045], [127.63945583405564, 37.144803520312045], [127.6422709170757, 37.1448001748323], [127.64226669644712, 37.14254662907914], [127.63945169693903, 37.142549974287206], [127.63945169693903, 37.142549974287206], [127.64226669644712, 37.14254662907914], [127.6422624762881, 37.14029308246669], [127.6422624762881, 37.14029308246669], [127.6422624762881, 37.140293082466705], [127.6422624762881, 37.140293082466705], [127.64226669644712, 37.14254662907915], [127.6422709170757, 37.1448001748323], [127.6422709170757, 37.1448001748323], [127.64227513817389, 37.14705371972615], [127.64227513817387, 37.14705371972615], [127.6422793597417, 37.1493072637607], [127.6422793597417, 37.1493072637607], [127.64228358177924, 37.15156080693588], [127.64228358177924, 37.15156080693588], [127.64228780428654, 37.153814349251725], [127.64510322097762, 37.1538109358061], [127.64509891492122, 37.151557393767426], [127.64791424758411, 37.15155391372541], [127.64790985846705, 37.14930037110995], [127.64790985846705, 37.14930037110995], [127.64790546983826, 37.147046827635116], [127.64509030424554, 37.14705030711199], [127.64509460934389, 37.14930385086938], [127.64509460934389, 37.14930385086938], [127.64509030424554, 37.14705030711198], [127.64509030424554, 37.14705030711198], [127.64790546983826, 37.14704682763511], [127.64790108169773, 37.14479328330092], [127.64508599962618, 37.14479676249524], [127.64508599962615, 37.14479676249524], [127.64508169548567, 37.14254321701919], [127.64507739182403, 37.14028967068383], [127.64507739182403, 37.14028967068383], [127.64507308864115, 37.1380361234892], [127.64225825659857, 37.138039534994995], [127.64225825659857, 37.138039534994974], [127.63944342408656, 37.13804287965976], [127.63944342408656, 37.138042879659764], [127.6366285911144, 37.13804615748349], [127.63663264381711, 37.14029970549305]]], [[[127.63382566664389, 37.14481001069947], [127.6338296371781, 37.14706355639211], [127.63664480463086, 37.14706034436625], [127.63664075057528, 37.14480679893445], [127.63382566664389, 37.14481001069947]]], [[[127.64225403737846, 37.135785986664025], [127.64506878593701, 37.135782575435286], [127.64506448371152, 37.133529026522126], [127.64224981862776, 37.13353243747384], [127.64224560034639, 37.13127888742445], [127.63943101825882, 37.131282231274405], [127.63943515307469, 37.133535781595384], [127.64224981862776, 37.13353243747384], [127.64225403737846, 37.135785986664025]]], [[[127.63945997163256, 37.1470570654776], [127.64227513817387, 37.14705371972616], [127.6422709170757, 37.1448001748323], [127.63945583405564, 37.14480352031205], [127.63945997163256, 37.1470570654776]]]]}}, {"type": "Feature", "properties": {"rank": 7, "method": "BFS+Zoning", "n_grids": 38, "avg_micro": 74.48342204482707, "cluster_score": 115.41461328621445, "buildable_ha": 93.75000000000003, "final_score": 96.95339114789049, "avg_bcr": 0.3947368421052633, "center_lat": 36.92382580405018, "center_lon": 127.75177322934296}, "geometry": {"type": "MultiPolygon", "coordinates": [[[[127.74570153845085, 36.91927194886887], [127.74570153845085, 36.919271948868875], [127.74289478410496, 36.91927772092147], [127.7429019319751, 36.9215313383334], [127.74570876891573, 36.921525565810974], [127.74570876891573, 36.921525565810974], [127.74851560505226, 36.92151972696893], [127.74850829199275, 36.91926611050207], [127.74850829199278, 36.91926611050207], [127.74851560505226, 36.92151972696893], [127.74851560505226, 36.92151972696893], [127.74852291892505, 36.92377334257754], [127.75132983685204, 36.923767436935286], [127.75132244037553, 36.921513821807345], [127.75132244037553, 36.921513821807345], [127.75132983685204, 36.923767436935286], [127.75413675395646, 36.923761464968145], [127.75413675395646, 36.923761464968145], [127.75694367022912, 36.923755426676166], [127.75693610854547, 36.92150181252572], [127.75412927487635, 36.92150785032625], [127.75412179662786, 36.919254234826035], [127.75412179662786, 36.919254234826035], [127.75412179662786, 36.919254234826035], [127.75692854770267, 36.919248197516936], [127.7569209877006, 36.91699458164983], [127.7569209877006, 36.91699458164983], [127.75691342853916, 36.91474096492441], [127.75410684262546, 36.914747001250745], [127.75411431921093, 36.917000618467526], [127.75411431921093, 36.917000618467526], [127.75411431921093, 36.91700061846753], [127.75130764988984, 36.9170065889766], [127.75130764988984, 36.9170065889766], [127.74850097974645, 36.91701249317697], [127.74850829199278, 36.91926611050207], [127.7513150447215, 36.91926020582111], [127.7513150447215, 36.91926020582111], [127.75132244037553, 36.92151382180734], [127.75412927487632, 36.92150785032625], [127.75412927487632, 36.92150785032625], [127.75132244037553, 36.92151382180734], [127.7513150447215, 36.91926020582111], [127.74850829199278, 36.91926611050207], [127.74850097974645, 36.91701249317697], [127.74569430879, 36.91701833106857], [127.74570153845085, 36.91927194886887], [127.74570153845085, 36.91927194886887]]], [[[127.7429019319751, 36.9215313383334], [127.74290908064016, 36.92378495488713], [127.74010216030064, 36.923790661554335], [127.74010922714753, 36.92604427771433], [127.74291623010022, 36.926038570582634], [127.74290908064016, 36.92378495488713], [127.74290908064016, 36.92378495488713], [127.74291623010022, 36.926038570582634], [127.74572323225784, 36.926032797120456], [127.74572323225784, 36.92603279712046], [127.74572323225784, 36.92603279712046], [127.74573046513528, 36.92828641148782], [127.74573046513528, 36.92828641148782], [127.74573769881708, 36.93054002499686], [127.74573769881708, 36.93054002499686], [127.74574493330333, 36.93279363764761], [127.74855218255081, 36.93278779642901], [127.74854486542398, 36.93053418425363], [127.74854486542398, 36.93053418425363], [127.74854486542398, 36.93053418425363], [127.74854486542398, 36.93053418425363], [127.74855218255081, 36.93278779642901], [127.75135943098452, 36.93278188886385], [127.75135943098452, 36.93278188886385], [127.74855218255081, 36.93278779642901], [127.74855950049137, 36.93504140774604], [127.75136683157474, 36.93503549970007], [127.75136683157474, 36.935035499700064], [127.75417416183508, 36.93502952530223], [127.75417416183508, 36.93502952530223], [127.7569814912632, 36.93502348455256], [127.75697392537394, 36.93276987469412], [127.75416667859528, 36.93277591495219], [127.75416667859528, 36.93277591495218], [127.75135943098452, 36.932781888863836], [127.75135943098452, 36.932781888863836], [127.75416667859528, 36.93277591495218], [127.75415919618763, 36.93052230374374], [127.75135203121721, 36.93052827716922], [127.75134463227279, 36.928274664616254], [127.75133723415108, 36.926021051204934], [127.75133723415108, 36.926021051204934], [127.75132983685204, 36.92376743693529], [127.74852291892505, 36.92377334257754], [127.74853023361119, 36.92602695732787], [127.74853023361119, 36.92602695732787], [127.74852291892505, 36.92377334257754], [127.7457160001847, 36.923779181894844], [127.7457160001847, 36.923779181894844], [127.74852291892505, 36.92377334257754], [127.74851560505226, 36.92151972696894], [127.74570876891573, 36.921525565810974], [127.7457160001847, 36.923779181894844], [127.7457160001847, 36.923779181894844], [127.74570876891573, 36.921525565810974], [127.7429019319751, 36.9215313383334]], [[127.74853023361119, 36.92602695732787], [127.74853023361119, 36.92602695732787], [127.74853754911082, 36.92828057121991], [127.74853754911082, 36.92828057121991], [127.74853023361119, 36.92602695732787]]], [[[127.74575216859415, 36.935047249440046], [127.74855950049137, 36.93504140774604], [127.74855218255081, 36.93278779642901], [127.74574493330333, 36.93279363764763], [127.74575216859415, 36.935047249440046]]], [[[127.75130025588042, 36.914752971273835], [127.75130764988984, 36.917006588976584], [127.75411431921093, 36.917000618467526], [127.75410684262546, 36.91474700125074], [127.75130025588042, 36.914752971273835]]], [[[127.75691342853916, 36.91474096492441], [127.7569209877006, 36.91699458164983], [127.75972765534961, 36.91698847852355], [127.7597200136123, 36.9147348622949], [127.75691342853916, 36.91474096492441]]], [[[127.75973529793674, 36.91924209389387], [127.76254204732089, 36.9192359239569], [127.76253432214881, 36.916982309088766], [127.75972765534961, 36.916988478523564], [127.75972765534961, 36.916988478523564], [127.7569209877006, 36.91699458164984], [127.75692854770267, 36.91924819751694], [127.75973529793674, 36.91924209389387], [127.75973529793674, 36.91924209389387]]], [[[127.76254204732092, 36.9192359239569], [127.76534879584597, 36.91922968770606], [127.76534098808902, 36.916976073345516], [127.76253432214881, 36.916982309088766], [127.76254204732092, 36.9192359239569]]], [[[127.76536441396485, 36.923736913851855], [127.76535660447121, 36.92148330120816], [127.76535660447121, 36.92148330120816], [127.76534879584597, 36.91922968770606], [127.76254204732092, 36.9192359239569], [127.76254977335212, 36.921489537966615], [127.76254977335212, 36.921489537966615], [127.7625575002425, 36.92374315111796], [127.76536441396485, 36.923736913851855]]], [[[127.75132983685204, 36.92376743693529], [127.75133723415108, 36.926021051204934], [127.75414423386832, 36.9260150787517], [127.75414423386832, 36.9260150787517], [127.7569512327537, 36.92600903996825], [127.75694367022912, 36.923755426676166], [127.75413675395646, 36.923761464968145], [127.75413675395646, 36.923761464968145], [127.75132983685204, 36.92376743693529]]]]}}, {"type": "Feature", "properties": {"rank": 8, "method": "BFS+Zoning", "n_grids": 23, "avg_micro": 74.77567393294152, "cluster_score": 110.42184147685659, "buildable_ha": 57.50000000000002, "final_score": 93.45845088133999, "avg_bcr": 0.40000000000000013, "center_lat": 36.84269337562329, "center_lon": 127.62092328687648}, "geometry": {"type": "MultiPolygon", "coordinates": [[[[127.61926370763437, 36.833827360144554], [127.61646005853483, 36.83383013939295], [127.6164634750968, 36.83608380492388], [127.6164634750968, 36.83608380492388], [127.61646689203864, 36.83833746959824], [127.6192707056464, 36.83833468989697], [127.6192707056464, 36.838334689896975], [127.61646689203864, 36.838337469598244], [127.61647030936042, 36.840591133416], [127.61927420523601, 36.84058835348827], [127.61927420523601, 36.84058835348828], [127.62207810072246, 36.840585507433076], [127.62207810072246, 36.84058550743307], [127.62488199581064, 36.840582595250424], [127.62487833168552, 36.83832893212818], [127.62487833168552, 36.83832893212818], [127.62768214409859, 36.838325954060736], [127.6276783981223, 36.836072290324466], [127.62487466796776, 36.83607526814931], [127.6220709374059, 36.836078179857516], [127.6220709374059, 36.836078179857516], [127.61926720644587, 36.836081025449054], [127.61926720644587, 36.836081025449054], [127.61926720644587, 36.836081025449054], [127.61926720644587, 36.836081025449054], [127.6220709374059, 36.836078179857516], [127.6220673563449, 36.83382451478483], [127.61926370763437, 36.833827360144554], [127.61926370763437, 36.833827360144554]], [[127.6192707056464, 36.838334689896975], [127.62207451886506, 36.8383318440736], [127.62207451886506, 36.8383318440736], [127.6192707056464, 36.838334689896975], [127.6192707056464, 36.838334689896975]]], [[[127.61647372706216, 36.842844796377165], [127.61647372706216, 36.842844796377165], [127.61647714514395, 36.84509845848167], [127.61647714514395, 36.84509845848167], [127.61648056360579, 36.84735211972956], [127.61928470633977, 36.847349339122374], [127.61928470633977, 36.847349339122374], [127.62208884868447, 36.847346492371564], [127.62208526563212, 36.84509283158207], [127.62208526563212, 36.84509283158207], [127.62208884868447, 36.847346492371564], [127.62208884868447, 36.847346492371564], [127.62209243213522, 36.84960015230437], [127.62489665638587, 36.84959723917267], [127.62489299063076, 36.84734357947715], [127.62489299063078, 36.84734357947715], [127.62488932528323, 36.84508991892493], [127.62208526563212, 36.84509283158207], [127.62208168297812, 36.8428391699359], [127.62208168297812, 36.8428391699359], [127.62207810072246, 36.840585507433076], [127.61927420523601, 36.84058835348828], [127.61927770521474, 36.84284201622296], [127.61927770521474, 36.84284201622296], [127.61928120558264, 36.84509567810099], [127.61928120558264, 36.84509567810099], [127.61928120558264, 36.84509567810099], [127.61927770521474, 36.84284201622296], [127.61927770521474, 36.84284201622296], [127.61927420523601, 36.84058835348828], [127.61647030936041, 36.84059113341601], [127.61647372706216, 36.842844796377165]]], [[[127.61928820748614, 36.84960299928708], [127.62209243213522, 36.84960015230437], [127.62208884868447, 36.84734649237158], [127.61928470633977, 36.84734933912238], [127.61928470633977, 36.847349339122374], [127.61648056360579, 36.84735211972956], [127.61648398244776, 36.84960578012077], [127.61928820748614, 36.84960299928708], [127.61928820748614, 36.84960299928708]]], [[[127.62209243213522, 36.849600152304376], [127.61928820748614, 36.849602999287086], [127.61929170902184, 36.85185665859509], [127.62209601598447, 36.851853811380465], [127.62209243213522, 36.849600152304376]]], [[[127.6220673563449, 36.83382451478483], [127.6220709374059, 36.83607817985751], [127.62487466796776, 36.83607526814931], [127.62487100465732, 36.83382160331382], [127.6220673563449, 36.83382451478483]]], [[[127.62209243213525, 36.84960015230437], [127.62209601598447, 36.85185381138046], [127.62490032254858, 36.851850898011456], [127.62489665638587, 36.84959723917267], [127.62209243213525, 36.84960015230437]]], [[[127.62209601598447, 36.851853811380465], [127.62209960023218, 36.85410746959982], [127.62490398911895, 36.85410455599351], [127.62490032254858, 36.85185089801146], [127.62209601598447, 36.851853811380465]]]]}}, {"type": "Feature", "properties": {"rank": 9, "method": "BFS+Zoning", "n_grids": 15, "avg_micro": 78.72499661336302, "cluster_score": 111.46580227864932, "buildable_ha": 37.500000000000014, "final_score": 94.1892234425949, "avg_bcr": 0.40000000000000013, "center_lat": 36.943993730422775, "center_lon": 127.65172356659947}, "geometry": {"type": "MultiPolygon", "coordinates": [[[[127.64750814128325, 36.94197077652567], [127.65031574388647, 36.941967256323395], [127.65031574388647, 36.941967256323395], [127.65031574388647, 36.941967256323395], [127.65031574388647, 36.9419672563234], [127.64750814128325, 36.94197077652568], [127.64751248571373, 36.944224398124746], [127.64751248571373, 36.944224398124746], [127.64751683062737, 36.94647801886616], [127.65032459861811, 36.94647449809092], [127.65032459861811, 36.94647449809092], [127.65032459861811, 36.94647449809092], [127.65032902672252, 36.948728117688155], [127.65313687692831, 36.94872453024036], [127.65313236611644, 36.94647091093505], [127.65313236611644, 36.94647091093505], [127.65313687692831, 36.94872453024037], [127.65594472663247, 36.94872087640657], [127.65594472663247, 36.94872087640657], [127.65875257582573, 36.94871715618681], [127.65874789959904, 36.9464635374815], [127.65594013311313, 36.94646725739856], [127.65594013311313, 36.94646725739856], [127.65313236611644, 36.94647091093505], [127.65313236611644, 36.94647091093504], [127.65594013311313, 36.946467257398545], [127.65593554010462, 36.944213637532805], [127.65593094760683, 36.941960016809354], [127.65312334599741, 36.941963669751274], [127.65312785580615, 36.944217290772], [127.65312785580615, 36.944217290772], [127.65032017100613, 36.944220877636006], [127.65032017100613, 36.944220877636], [127.65032017100613, 36.944220877636], [127.65032017100613, 36.94422087763599], [127.65312785580615, 36.944217290771995], [127.65312334599741, 36.941963669751274], [127.65593094760683, 36.94196001680935], [127.65592635561977, 36.939706395228214], [127.65311883669018, 36.939710047872886], [127.6531143278844, 36.937456425136844], [127.65030689112409, 36.937460011125275], [127.65031131725917, 36.939713634153144], [127.65031131725917, 36.939713634153144], [127.65031131725917, 36.939713634153144], [127.64750379733587, 36.939717154068965], [127.64750814128325, 36.94197077652567]], [[127.65312334599741, 36.941963669751274], [127.65311883669018, 36.939710047872886], [127.65311883669018, 36.939710047872886], [127.65312334599741, 36.941963669751274], [127.65312334599741, 36.941963669751274]]], [[[127.64750814128325, 36.94197077652568], [127.6447005381969, 36.941974230358085], [127.64470479993818, 36.94422785223822], [127.64751248571373, 36.944224398124746], [127.64750814128325, 36.94197077652568]]], [[[127.65032459861811, 36.94647449809092], [127.64751683062737, 36.94647801886616], [127.64752117602423, 36.9487316387499], [127.65032902672252, 36.948728117688155], [127.65032459861811, 36.94647449809092]]]]}}, {"type": "Feature", "properties": {"rank": 10, "method": "BFS+Zoning", "n_grids": 10, "avg_micro": 72.51352763528746, "cluster_score": 98.59550440487592, "buildable_ha": 25.0, "final_score": 85.18001493095352, "avg_bcr": 0.4, "center_lat": 36.998997651758714, "center_lon": 127.63890813884058}, "geometry": {"type": "MultiPolygon", "coordinates": [[[[127.63637417759608, 36.9960709014843], [127.63637015364294, 36.99381729852279], [127.63356064453086, 36.99382049284688], [127.63356458558279, 36.9960740960682], [127.63637417759608, 36.9960709014843]]], [[[127.63637820199678, 36.998324503587774], [127.63637417759608, 36.9960709014843], [127.63356458558279, 36.9960740960682], [127.63356852707307, 36.99832769843149], [127.63356852707307, 36.99832769843149], [127.63357246900172, 37.00058129993676], [127.63638222684509, 37.000578104833195], [127.63638222684509, 37.000578104833195], [127.6391919842408, 37.00057484321908], [127.6391919842408, 37.000574843219084], [127.63638222684509, 37.000578104833195], [127.63638625214111, 37.00283170522055], [127.6391960924656, 37.00282844334117], [127.6391960924656, 37.002828443341166], [127.64200593233316, 37.00282511494585], [127.6420017411796, 37.000571515094435], [127.6391919842408, 37.00057484321908], [127.6391919842408, 37.00057484321907], [127.6420017411796, 37.000571515094435], [127.64199755049212, 36.99831791438493], [127.63918787647287, 36.998321242238895], [127.6391837691618, 36.99606764040068], [127.63637417759608, 36.99607090148431], [127.63637820199678, 36.998324503587774], [127.63637820199678, 36.998324503587774], [127.63637820199678, 36.998324503587774], [127.63637820199678, 36.998324503587774]]], [[[127.64480722404532, 36.99831452002589], [127.64199755049214, 36.998317914384934], [127.6420017411796, 37.000571515094435], [127.64481149765227, 37.00056812045934], [127.64481149765227, 37.00056812045934], [127.6476212536496, 37.000564659313795], [127.64761689712321, 36.99831105916182], [127.64480722404532, 36.99831452002589], [127.64480722404532, 36.99831452002589]]]]}}]}