{"type": "FeatureCollection", "features": [{"type": "Feature", "properties": {"rank": 1, "method": "BFS+Zoning", "n_grids": 308, "avg_micro": 85.20705152832359, "cluster_score": 158.48521736983722, "buildable_ha": 739.3749999999999, "final_score": 110.93965215888605, "avg_bcr": 0.38409090909090904, "center_lat": 37.290047435800574, "center_lon": 127.79852661649619}, "geometry": {"type": "MultiPolygon", "coordinates": [[[[127.76678878487449, 37.25163085305644], [127.76960781496356, 37.251624467861106], [127.76959978578518, 37.24937098089195], [127.76959978578518, 37.24937098089195], [127.76960781496356, 37.251624467861106], [127.77242684415904, 37.25161801555247], [127.77242684415904, 37.25161801555246], [127.7752458724516, 37.2516114961306], [127.7752458724516, 37.2516114961306], [127.77806489983192, 37.251604909595585], [127.77805661880127, 37.24935142421297], [127.77805661880127, 37.24935142421297], [127.77804833869212, 37.24709793796905], [127.77522947920374, 37.247104523435524], [127.77523767537161, 37.24935801021369], [127.77523767537161, 37.24935801021369], [127.77523767537161, 37.24935801021369], [127.77523767537161, 37.24935801021369], [127.77522947920374, 37.247104523435524], [127.77241061880335, 37.24711104179972], [127.77241061880335, 37.24711104179971], [127.77522947920374, 37.24710452343551], [127.77522128394794, 37.244851035796074], [127.77240250747964, 37.24485755363149], [127.77241061880335, 37.24711104179971], [127.76959175750027, 37.24711749306159], [127.76959978578518, 37.24937098089195], [127.76678083964708, 37.24937736556934], [127.76678878487449, 37.25163085305644]]], [[[127.76960781496356, 37.25162446786111], [127.76961584503552, 37.253877953969024], [127.7724349581912, 37.253871501136956], [127.7724349581912, 37.253871501136956], [127.77525407044386, 37.25386498118622], [127.77525407044386, 37.25386498118622], [127.77807318178418, 37.25385839411689], [127.77807318178418, 37.25385839411689], [127.77807318178418, 37.25385839411689], [127.77808146465813, 37.256111877776846], [127.78090065904598, 37.25610522304919], [127.78089229220278, 37.25385173992903], [127.78089229220278, 37.25385173992903], [127.78088392629064, 37.2515982559475], [127.77806489983192, 37.25160490959559], [127.77806489983192, 37.25160490959559], [127.7752458724516, 37.2516114961306], [127.7752458724516, 37.2516114961306], [127.77242684415904, 37.25161801555247], [127.77242684415904, 37.251618015552474], [127.76960781496356, 37.25162446786111]]], [[[127.77527046916559, 37.25837194871348], [127.77527866989527, 37.26062543118511], [127.77809803317163, 37.26061884251264], [127.77810631881135, 37.26287232358844], [127.78092576516298, 37.26286566724121], [127.78091739552598, 37.260612186705295], [127.78091739552598, 37.260612186705295], [127.78090902682034, 37.25835870530795], [127.78090902682034, 37.25835870530795], [127.78090902682034, 37.25835870530795], [127.78090902682034, 37.25835870530795], [127.78091739552598, 37.260612186705295], [127.78091739552598, 37.260612186705295], [127.78092576516298, 37.26286566724121], [127.78374521058309, 37.262858943753756], [127.78373675694894, 37.26060546376318], [127.78373675694894, 37.26060546376318], [127.7837283042555, 37.258351982911115], [127.7837283042555, 37.258351982911115], [127.78371985250266, 37.25609850119763], [127.78090065904598, 37.25610522304919], [127.78090065904598, 37.2561052230492], [127.77808146465816, 37.25611187777685], [127.77808974845392, 37.258365360575425], [127.77808974845392, 37.258365360575425], [127.77808974845392, 37.25836536057543], [127.77527046916559, 37.25837194871348]]], [[[127.77810631881135, 37.26287232358844], [127.77811460537323, 37.26512580380283], [127.78093413573146, 37.26511914691569], [127.78092576516298, 37.26286566724121], [127.77810631881135, 37.26287232358844]]], [[[127.7640169399354, 37.26515808105086], [127.76402480733809, 37.267411563021874], [127.76684442623053, 37.26740524135146], [127.76685237853467, 37.26965872194842], [127.76967208056791, 37.26965233260835], [127.76967208056791, 37.26965233260835], [127.76967208056791, 37.26965233260835], [127.76968011779219, 37.271905811825725], [127.76968011779219, 37.271905811825725], [127.769688155911, 37.27415929018173], [127.77250802512917, 37.274152832637405], [127.77250802512917, 37.274152832637405], [127.77532789344336, 37.27414630792543], [127.77532789344336, 37.27414630792543], [127.77250802512917, 37.274152832637405], [127.77251614819626, 37.27640630960824], [127.77533610056405, 37.276399784367065], [127.77532789344336, 37.274146307925434], [127.77814776084425, 37.27413971604583], [127.77813947059275, 37.2718862392773], [127.77531968723599, 37.2718928306223], [127.77531968723599, 37.27189283062229], [127.77813947059275, 37.2718862392773], [127.77813118126382, 37.26963276164727], [127.77531148194184, 37.2696393524577], [127.77531148194184, 37.2696393524577], [127.77531148194184, 37.2696393524577], [127.77531148194184, 37.2696393524577], [127.77813118126382, 37.269632761647266], [127.77812289285734, 37.26737928315577], [127.77812289285734, 37.26737928315577], [127.77811460537323, 37.26512580380283], [127.77529507409277, 37.26513239354422], [127.77529507409277, 37.26513239354422], [127.7724755418994, 37.265138916139776], [127.7724755418994, 37.265138916139776], [127.76965600880249, 37.265145371589455], [127.76965600880249, 37.265145371589455], [127.76683647481137, 37.265151759893165], [127.76683647481137, 37.265151759893165], [127.76683647481137, 37.265151759893165], [127.76682852427703, 37.26289827757357], [127.76400907340822, 37.26290459821856], [127.76400907340822, 37.26290459821856], [127.761189621664, 37.26291085172293], [127.76119740418395, 37.26516433506248], [127.7640169399354, 37.26515808105086], [127.7640169399354, 37.26515808105086], [127.7640169399354, 37.26515808105086]], [[127.76966404423804, 37.26739885252958], [127.76966404423804, 37.26739885252958], [127.76966404423804, 37.26739885252958], [127.76966404423804, 37.26739885252958], [127.76966404423804, 37.26739885252958]], [[127.77248366135125, 37.267392396556296], [127.7753032775608, 37.26738587343167], [127.7753032775608, 37.26738587343167], [127.77248366135125, 37.267392396556296], [127.77248366135125, 37.267392396556296]], [[127.77249990296603, 37.271899354805115], [127.77531968723599, 37.27189283062229], [127.77531968723599, 37.27189283062229], [127.77249990296603, 37.271899354805115], [127.77249990296603, 37.271899354805115], [127.77249990296603, 37.271899354805115], [127.77249990296603, 37.271899354805115]]], [[[127.77812289285734, 37.267379283155776], [127.77812289285734, 37.267379283155776], [127.77813118126382, 37.26963276164727], [127.78095087966334, 37.269626103680196], [127.78377057713102, 37.269619378556534], [127.78377057713102, 37.269619378556534], [127.78095087966334, 37.269626103680196], [127.78095925302694, 37.2718795807702], [127.78095925302694, 37.2718795807702], [127.78096762732245, 37.27413305699868], [127.78378749286863, 37.274126330784064], [127.78377903452919, 37.27187285510108], [127.78377903452919, 37.27187285510108], [127.78378749286863, 37.274126330784064], [127.78660735747341, 37.27411953740204], [127.78660735747341, 37.27411953740204], [127.78660735747341, 37.27411953740204], [127.7866159008074, 37.27637301167247], [127.7866159008074, 37.27637301167247], [127.78660735747341, 37.27411953740204], [127.78378749286863, 37.27412633078407], [127.78378749286863, 37.27412633078407], [127.78096762732245, 37.27413305699869], [127.78096762732245, 37.27413305699868], [127.78096762732245, 37.27413305699868], [127.78095925302694, 37.2718795807702], [127.78095925302694, 37.2718795807702], [127.78095087966332, 37.269626103680196], [127.77813118126382, 37.26963276164727], [127.77813947059275, 37.2718862392773], [127.77813947059275, 37.2718862392773], [127.77814776084425, 37.27413971604583], [127.77814776084425, 37.27413971604583], [127.77814776084425, 37.27413971604583], [127.77532789344336, 37.274146307925434], [127.77533610056405, 37.27639978436708], [127.77533610056405, 37.27639978436708], [127.77534430859818, 37.27865325994722], [127.7781643441154, 37.27864666699833], [127.77815605201843, 37.27639319195284], [127.77815605201843, 37.27639319195284], [127.77815605201843, 37.27639319195284], [127.77815605201843, 37.27639319195284], [127.7781643441154, 37.27864666699832], [127.7781643441154, 37.27864666699832], [127.77817263713524, 37.28090014118225], [127.78099275580163, 37.280893480514784], [127.78100113382594, 37.28314695329698], [127.78100113382594, 37.28314695329698], [127.7810095127827, 37.28540042521755], [127.7810095127827, 37.28540042521755], [127.78101789267203, 37.287653896276495], [127.78383826267815, 37.287647166788226], [127.78384672760957, 37.28990063643981], [127.78666718078294, 37.289893839200296], [127.78666718078294, 37.289893839200296], [127.78948763300481, 37.2898869747553], [127.78947899985488, 37.28763350621151], [127.78665863174221, 37.28764037009988], [127.78665863174221, 37.28764037009988], [127.78383826267815, 37.287647166788226], [127.78383826267815, 37.287647166788226], [127.78665863174221, 37.28764037009988], [127.78665863174221, 37.28764037009988], [127.78947899985488, 37.28763350621151], [127.78947036766571, 37.28538003680599], [127.78947036766571, 37.28538003680599], [127.78947036766571, 37.285380036805996], [127.79229065071792, 37.285373106279685], [127.79228193539905, 37.283119636574426], [127.78946173643723, 37.28312656653872], [127.78946173643723, 37.28312656653871], [127.79228193539905, 37.28311963657441], [127.79227322105007, 37.2808661660074], [127.79227322105007, 37.2808661660074], [127.7922645076709, 37.27861269457866], [127.7922645076709, 37.27861269457866], [127.79225579526138, 37.27635922228822], [127.79225579526138, 37.27635922228822], [127.79224708382142, 37.274105749136076], [127.78942722112747, 37.274112676852695], [127.78942722112747, 37.27411267685269], [127.78942722112747, 37.27411267685269], [127.79224708382142, 37.27410574913607], [127.79225579526138, 37.27635922228822], [127.79507574103872, 37.27635222683709], [127.79506694554595, 37.27409875425226], [127.79506694554595, 37.27409875425226], [127.79507574103872, 37.27635222683707], [127.79789568583713, 37.27634516421338], [127.79788680629166, 37.27409169220131], [127.79788680629169, 37.27409169220131], [127.79788680629169, 37.27409169220132], [127.80070666604925, 37.27408456298335], [127.80069770344868, 37.27183109068771], [127.79787792773436, 37.27183821932752], [127.79787792773436, 37.271838219327506], [127.80069770344868, 37.271831090687705], [127.80068874184549, 37.26957761753033], [127.79786905016505, 37.26958474559199], [127.79786905016505, 37.269584745591985], [127.7950493574967, 37.26959180649749], [127.7950493574967, 37.2695918064975], [127.79222966384975, 37.269598800246776], [127.79222966384975, 37.269598800246776], [127.7894099692336, 37.26960572683975], [127.78941859470055, 37.271859202277035], [127.79223837335093, 37.27185227512226], [127.79223837335093, 37.27185227512226], [127.79223837335093, 37.27185227512226], [127.79224708382142, 37.27410574913607], [127.79224708382142, 37.27410574913607], [127.79223837335093, 37.27185227512226], [127.78941859470055, 37.271859202277035], [127.78941859470055, 37.271859202277035], [127.78659881509019, 37.27186606227], [127.78659881509019, 37.27186606227], [127.78377903452919, 37.27187285510107], [127.78377903452919, 37.27187285510107], [127.78659881509019, 37.27186606227], [127.78659027365757, 37.26961258627636], [127.78377057713102, 37.269619378556534], [127.78377057713102, 37.269619378556534], [127.78659027365757, 37.26961258627636], [127.78658173317547, 37.267359109421164], [127.78658173317547, 37.267359109421164], [127.78657319364378, 37.2651056317044], [127.78657319364378, 37.2651056317044], [127.78656465506238, 37.26285215312612], [127.78656465506238, 37.26285215312612], [127.78655611743118, 37.26059867368632], [127.78373675694894, 37.26060546376318], [127.78374521058309, 37.262858943753756], [127.78374521058309, 37.262858943753756], [127.78374521058309, 37.26285894375376], [127.78092576516298, 37.26286566724122], [127.78093413573146, 37.265119146915694], [127.77811460537323, 37.26512580380283], [127.77812289285734, 37.267379283155776]], [[127.78381287353568, 37.28088675266349], [127.78381287353568, 37.28088675266349], [127.78099275580163, 37.280893480514784], [127.78099275580163, 37.280893480514784], [127.78381287353568, 37.28088675266349]], [[127.78379595214943, 37.27637980560549], [127.78379595214943, 37.27637980560549], [127.78379595214946, 37.27637980560549], [127.78380441237175, 37.278633279565284], [127.78380441237175, 37.278633279565284], [127.78380441237175, 37.278633279565284], [127.78380441237175, 37.278633279565284], [127.78379595214943, 37.27637980560549], [127.78379595214943, 37.27637980560549]], [[127.78663299032799, 37.28087995762845], [127.78381287353568, 37.28088675266349], [127.78381287353568, 37.28088675266349], [127.78663299032799, 37.28087995762845], [127.78663299032799, 37.28087995762845]], [[127.78664153651486, 37.28313342931394], [127.78664153651486, 37.28313342931394], [127.78665008365289, 37.285386900137766], [127.78665008365289, 37.285386900137766], [127.78665008365289, 37.28538690013776], [127.78664153651486, 37.283133429313956], [127.78664153651486, 37.283133429313956], [127.78663299032799, 37.28087995762845], [127.78663299032799, 37.28087995762845], [127.78664153651486, 37.28313342931394]], [[127.78093413573146, 37.265119146915694], [127.78094250723156, 37.26737262572868], [127.78094250723156, 37.26737262572868], [127.78094250723156, 37.26737262572868], [127.78093413573146, 37.265119146915694], [127.78093413573146, 37.265119146915694]], [[127.7837536651581, 37.26511242288286], [127.7837536651581, 37.26511242288286], [127.7837536651581, 37.26511242288286], [127.7837536651581, 37.26511242288286], [127.7837536651581, 37.26511242288286]], [[127.79787792773433, 37.271838219327506], [127.79787792773433, 37.271838219327506], [127.79505815103198, 37.271845280805714], [127.79505815103198, 37.271845280805714], [127.79787792773433, 37.271838219327506]], [[127.79505815103198, 37.27184528080572], [127.79506694554595, 37.27409875425224], [127.79506694554595, 37.27409875425224], [127.79505815103198, 37.27184528080572], [127.79505815103198, 37.27184528080572]]], [[[127.77533610056405, 37.276399784367065], [127.77251614819626, 37.27640630960824], [127.77252427216744, 37.27865978571761], [127.77534430859818, 37.27865325994722], [127.77533610056405, 37.276399784367065]]], [[[127.77821411608164, 37.29216749917806], [127.78103465524885, 37.2921608358094], [127.78103465524885, 37.2921608358094], [127.78385519348316, 37.29215410522966], [127.78384672760957, 37.28990063643981], [127.78384672760957, 37.28990063643981], [127.78383826267815, 37.28764716678823], [127.78101789267203, 37.287653896276495], [127.78102627349404, 37.289907366473784], [127.78102627349404, 37.289907366473784], [127.78102627349404, 37.289907366473784], [127.77820581844571, 37.28991402930214], [127.77821411608164, 37.29216749917806]]], [[[127.78659027365757, 37.26961258627636], [127.78659881509019, 37.27186606227], [127.78941859470055, 37.271859202277035], [127.7894099692336, 37.26960572683975], [127.78659027365757, 37.26961258627636]]], [[[127.79230808426577, 37.2898800431049], [127.79230808426577, 37.2898800431049], [127.79512853455653, 37.28987304424918], [127.79512853455653, 37.28987304424918], [127.79794898386767, 37.289865978188196], [127.79794898386767, 37.289865978188196], [127.80076943218985, 37.289858844922], [127.80076046260429, 37.287605378659194], [127.80076046260432, 37.287605378659194], [127.80076943218985, 37.289858844922], [127.80076943218985, 37.289858844922], [127.80077840277373, 37.29211231032293], [127.80359893421557, 37.29210510926774], [127.80358987951374, 37.28985164445073], [127.80358987951374, 37.28985164445073], [127.80358987951374, 37.28985164445073], [127.80359893421557, 37.29210510926775], [127.80641946464961, 37.29209784100207], [127.80642860448647, 37.29435130436775], [127.80924921803046, 37.294343968296836], [127.80924921803046, 37.294343968296836], [127.80924921803046, 37.294343968296836], [127.80925844302106, 37.29659743020562], [127.80925844302106, 37.29659743020563], [127.80926766903845, 37.29885089125237], [127.81208844983786, 37.29884348676498], [127.81207913967476, 37.2965900263186], [127.81207913967476, 37.29659002631859], [127.81207913967476, 37.29659002631859], [127.81489983529231, 37.29658255521041], [127.81489983529231, 37.29658255521041], [127.81772052986436, 37.29657501688114], [127.81771105246507, 37.29432155678965], [127.81771105246507, 37.29432155678965], [127.81770157612051, 37.29206809583601], [127.8148810498113, 37.292075632942876], [127.8148810498113, 37.292075632942876], [127.81770157612051, 37.29206809583601], [127.81769210083058, 37.28981463402022], [127.81487165863874, 37.28982217051595], [127.81487165863874, 37.28982217051595], [127.81205121540178, 37.28982963980693], [127.81205121540178, 37.28982963980693], [127.81487165863874, 37.28982217051595], [127.81486226851128, 37.28756870722694], [127.81204190938246, 37.28757617591226], [127.81204190938246, 37.28757617591226], [127.81486226851128, 37.28756870722694], [127.81485287942886, 37.28531524307587], [127.81485287942886, 37.28531524307587], [127.8148434913913, 37.283061778062766], [127.81202330045066, 37.28306924553687], [127.81202330045066, 37.28306924553687], [127.81202330045066, 37.28306924553687], [127.81201399753793, 37.2808157790562], [127.80919388964209, 37.28082317874173], [127.80919388964209, 37.28082317874173], [127.80919388964209, 37.28082317874173], [127.80918467183545, 37.278569710799], [127.80636464698463, 37.27857704270682], [127.80635551426542, 37.276323573307614], [127.80353557245984, 37.276330837448576], [127.80353557245984, 37.276330837448576], [127.8007156296473, 37.27633803441719], [127.8007156296473, 37.27633803441719], [127.8007156296473, 37.27633803441719], [127.80070666604925, 37.27408456298335], [127.79788680629169, 37.27409169220132], [127.79789568583713, 37.27634516421338], [127.79507574103874, 37.276352226837076], [127.79508453751042, 37.278605698560185], [127.79508453751042, 37.278605698560185], [127.79509333496114, 37.28085916942154], [127.79509333496114, 37.28085916942154], [127.79509333496114, 37.28085916942154], [127.79508453751042, 37.278605698560185], [127.7950845375104, 37.278605698560185], [127.79507574103872, 37.27635222683709], [127.79225579526138, 37.27635922228822], [127.7922645076709, 37.27861269457866], [127.7922645076709, 37.27861269457866], [127.79227322105007, 37.2808661660074], [127.79227322105007, 37.2808661660074], [127.79228193539905, 37.28311963657441], [127.79228193539905, 37.28311963657441], [127.79229065071792, 37.28537310627968], [127.79229065071792, 37.28537310627968], [127.79229065071792, 37.285373106279685], [127.78947036766574, 37.285380036805996], [127.78947899985488, 37.28763350621153], [127.78947899985488, 37.28763350621153], [127.78948763300481, 37.2898869747553], [127.79230808426577, 37.2898800431049]], [[127.80076046260432, 37.287605378659194], [127.80358082581955, 37.28759817877177], [127.80358082581955, 37.28759817877177], [127.80076046260432, 37.287605378659194], [127.80076046260432, 37.287605378659194]], [[127.80358082581955, 37.28759817877177], [127.80640118802722, 37.28759091168475], [127.8063920512415, 37.28533744573316], [127.8063920512415, 37.28533744573316], [127.80638291547257, 37.28308397891962], [127.80638291547257, 37.28308397891962], [127.80637378072032, 37.280830511244176], [127.80637378072032, 37.280830511244176], [127.80638291547257, 37.28308397891962], [127.80920310847465, 37.28307664582252], [127.80920310847465, 37.28307664582252], [127.80920310847465, 37.28307664582252], [127.80920310847465, 37.28307664582252], [127.80638291547257, 37.28308397891962], [127.8063920512415, 37.28533744573316], [127.8063920512415, 37.28533744573316], [127.80640118802725, 37.28759091168475], [127.8064103258299, 37.2898443767744], [127.8064103258299, 37.2898443767744], [127.80640118802722, 37.28759091168475], [127.80358082581955, 37.28759817877177], [127.80358082581955, 37.28759817877177]], [[127.80075149401696, 37.28535191153448], [127.8007425264277, 37.28309844354792], [127.80074252642773, 37.28309844354792], [127.80075149401696, 37.28535191153448], [127.80075149401696, 37.28535191153448], [127.80075149401696, 37.28535191153448], [127.80075149401696, 37.28535191153448]], [[127.79792233040365, 37.28310557507894], [127.79792233040365, 37.28310557507894], [127.79792233040365, 37.28310557507894], [127.79791344789302, 37.28085210565222], [127.79791344789302, 37.28085210565222], [127.79791344789302, 37.28085210565222], [127.79791344789302, 37.28085210565222], [127.79792233040365, 37.28310557507894], [127.79792233040365, 37.28310557507894]], [[127.79511973318857, 37.28761957683496], [127.79794009839085, 37.28761251134694], [127.79793121390288, 37.285359043643865], [127.79793121390288, 37.285359043643865], [127.79794009839085, 37.28761251134694], [127.79794009839085, 37.28761251134694], [127.79794009839085, 37.28761251134694], [127.79511973318857, 37.28761957683496], [127.79511973318857, 37.28761957683497], [127.79229936700679, 37.28762657512319], [127.79229936700679, 37.287626575123184], [127.79511973318857, 37.28761957683496], [127.79511973318857, 37.28761957683496]], [[127.81206052245683, 37.29208310283956], [127.8092399940665, 37.29209050552598], [127.8092399940665, 37.29209050552598], [127.8092399940665, 37.29209050552598], [127.80923077112904, 37.289837041893115], [127.80923077112904, 37.289837041893115], [127.8092399940665, 37.29209050552598], [127.81206052245683, 37.29208310283956], [127.81206052245683, 37.29208310283956], [127.8148810498113, 37.292075632942876], [127.8148810498113, 37.292075632942876], [127.81206052245683, 37.29208310283957], [127.81206052245683, 37.29208310283956]], [[127.8035627214538, 37.283091244828114], [127.8035627214538, 37.283091244828114], [127.80074252642773, 37.283098443547914], [127.80074252642773, 37.283098443547914], [127.8035627214538, 37.283091244828114]], [[127.81203260439881, 37.28532271115558], [127.80921232833325, 37.285330112041365], [127.80921232833325, 37.28533011204136], [127.81203260439881, 37.28532271115557], [127.81203260439881, 37.28532271115558], [127.81203260439881, 37.28532271115558], [127.81203260439881, 37.28532271115558]], [[127.809221549218, 37.28758357739823], [127.81204190938246, 37.28757617591226], [127.81204190938246, 37.287576175912264], [127.809221549218, 37.28758357739824], [127.80923077112904, 37.289837041893115], [127.80923077112904, 37.289837041893115], [127.809221549218, 37.28758357739823]]], [[[127.78668428171906, 37.29440077481586], [127.78667573077519, 37.29214730743896], [127.7866757307752, 37.29214730743896], [127.78666718078294, 37.289893839200296], [127.78384672760957, 37.28990063643981], [127.78385519348316, 37.29215410522966], [127.78385519348316, 37.29215410522966], [127.783863660299, 37.29440757315782], [127.78668428171906, 37.29440077481586]]], [[[127.78668428171906, 37.29440077481586], [127.7866928336147, 37.296654241331], [127.78951353822028, 37.29664737521596], [127.7895049021874, 37.29439390925756], [127.7895049021874, 37.29439390925756], [127.78949626711561, 37.29214044243732], [127.78949626711561, 37.29214044243732], [127.78948763300481, 37.2898869747553], [127.78666718078294, 37.289893839200296], [127.7866757307752, 37.29214730743896], [127.7866757307752, 37.29214730743896], [127.78668428171906, 37.29440077481586], [127.78668428171906, 37.29440077481586]]], [[[127.79233424186468, 37.29664044187918], [127.78951353822028, 37.29664737521596], [127.7895221752144, 37.298900840312555], [127.7895221752144, 37.298900840312555], [127.78951353822028, 37.29664737521596], [127.7866928336147, 37.296654241331], [127.78670138646216, 37.29890770698435], [127.7895221752144, 37.29890084031256], [127.7895308131698, 37.3011543045473], [127.79235168511661, 37.301147370086085], [127.79235168511661, 37.301147370086085], [127.79517255609261, 37.30114036839228], [127.79518136333989, 37.30339383063519], [127.79518136333989, 37.30339383063519], [127.79519017156747, 37.30564729201613], [127.7923691322518, 37.305654294845404], [127.7923778572759, 37.30790775593219], [127.79519898077544, 37.30790075253513], [127.79519898077544, 37.30790075253514], [127.79519898077544, 37.30790075253514], [127.79520779096391, 37.31015421219215], [127.79802899767608, 37.310147140972965], [127.79802899767608, 37.310147140972965], [127.80085020339824, 37.310140002499516], [127.80085020339824, 37.310140002499516], [127.80367140812105, 37.31013279677191], [127.8036623453535, 37.307879338851066], [127.8036623453535, 37.30787933885106], [127.80365328359457, 37.30562588006812], [127.80365328359457, 37.30562588006812], [127.80364422284416, 37.30337242042312], [127.80364422284416, 37.30337242042312], [127.80363516310214, 37.301118959916074], [127.80363516310214, 37.301118959916074], [127.80362610436838, 37.29886549854699], [127.80362610436838, 37.29886549854699], [127.80362610436838, 37.29886549854699], [127.80362610436838, 37.29886549854699], [127.80363516310214, 37.301118959916074], [127.80363516310214, 37.301118959916074], [127.80364422284416, 37.30337242042312], [127.80646517400795, 37.303365149210194], [127.80646517400795, 37.303365149210194], [127.80364422284416, 37.30337242042312], [127.80365328359457, 37.30562588006812], [127.80365328359457, 37.30562588006812], [127.8036623453535, 37.30787933885106], [127.8036623453535, 37.30787933885106], [127.80367140812105, 37.31013279677191], [127.8064926118351, 37.310125523790205], [127.8064926118351, 37.310125523790205], [127.8064926118351, 37.310125523790205], [127.8064926118351, 37.31012552379021], [127.80367140812105, 37.31013279677192], [127.80368047189734, 37.31238625383066], [127.80650175981354, 37.312378980259304], [127.80650175981354, 37.3123789802593], [127.80932304671151, 37.31237163942845], [127.80931381453104, 37.31011818355448], [127.81213501619949, 37.3101107760648], [127.81212570085393, 37.307857319929184], [127.81212570085393, 37.307857319929184], [127.81213501619949, 37.3101107760648], [127.81213501619949, 37.3101107760648], [127.81213501619949, 37.31011077606481], [127.80931381453104, 37.310118183554486], [127.80932304671151, 37.31237163942846], [127.80932304671151, 37.31237163942846], [127.80933227991962, 37.31462509444024], [127.80933227991962, 37.31462509444024], [127.80932304671151, 37.31237163942846], [127.80650175981354, 37.312378980259304], [127.80650175981354, 37.312378980259304], [127.80368047189734, 37.31238625383066], [127.8036895366825, 37.31463971002729], [127.8036895366825, 37.31463971002729], [127.80368047189734, 37.31238625383066], [127.80085918297225, 37.31239346014248], [127.80085918297225, 37.31239346014248], [127.80085918297227, 37.31239346014248], [127.80368047189734, 37.31238625383066], [127.80367140812105, 37.31013279677192], [127.80085020339824, 37.31014000249953], [127.80085020339824, 37.31014000249953], [127.79802899767608, 37.310147140972965], [127.79802899767608, 37.310147140972965], [127.79520779096391, 37.31015421219215], [127.79521660213302, 37.31240767098717], [127.79521660213302, 37.31240767098717], [127.79522541428288, 37.314661128920164], [127.79804678940944, 37.31465405655433], [127.79804678940944, 37.31465405655433], [127.7980556867614, 37.3169075130519], [127.7980556867614, 37.3169075130519], [127.79806458510373, 37.3191609686874], [127.80088612769173, 37.31915382789874], [127.80088612769173, 37.31915382789874], [127.80370766927986, 37.319146619834086], [127.80369860247663, 37.31689316536176], [127.80369860247663, 37.31689316536176], [127.80369860247663, 37.31689316536176], [127.80369860247663, 37.31689316536176], [127.80370766927986, 37.319146619834086], [127.80370766927983, 37.319146619834086], [127.8037167370923, 37.321400073444245], [127.80653836191088, 37.321392797513894], [127.80652920985878, 37.319139344493536], [127.80652920985878, 37.319139344493536], [127.80652005882527, 37.31688589061098], [127.80652005882527, 37.31688589061098], [127.80652005882527, 37.31688589061098], [127.80652005882527, 37.31688589061098], [127.80652920985878, 37.319139344493536], [127.8093507494191, 37.31913200187715], [127.8093507494191, 37.31913200187715], [127.8093507494191, 37.31913200187715], [127.8093507494191, 37.31913200187715], [127.80652920985878, 37.31913934449354], [127.80653836191088, 37.321392797513894], [127.80653836191088, 37.321392797513894], [127.80654751498167, 37.323646249672], [127.80654751498167, 37.323646249672], [127.80655666907131, 37.325899700967874], [127.80655666907131, 37.325899700967874], [127.8065658241799, 37.32815315140147], [127.8065658241799, 37.32815315140147], [127.80657498030756, 37.330406600972786], [127.80939694115935, 37.33039925537979], [127.80938770075466, 37.32814580640386], [127.80938770075466, 37.32814580640386], [127.80939694115935, 37.330399255379774], [127.81221890098254, 37.33039184248375], [127.81221890098254, 37.33039184248375], [127.81504085976782, 37.33038436228476], [127.81504085976782, 37.33038436228477], [127.81786281750574, 37.33037681478291], [127.81785332427063, 37.32812336762589], [127.81503145080939, 37.32813091451599], [127.81503145080939, 37.32813091451599], [127.81503145080939, 37.32813091451599], [127.81503145080939, 37.32813091451599], [127.81785332427063, 37.32812336762588], [127.8178438320921, 37.32586991960643], [127.81502204289815, 37.32587746588483], [127.815012636034, 37.32362401639131], [127.81219093005103, 37.32363149477148], [127.81219093005103, 37.323631494771476], [127.815012636034, 37.3236240163913], [127.81500323021685, 37.3213705660354], [127.81500323021685, 37.3213705660354], [127.81499382544649, 37.31911711481718], [127.81499382544649, 37.319117114817175], [127.81498442172287, 37.31686366273664], [127.81498442172287, 37.31686366273664], [127.81499382544649, 37.31911711481718], [127.81499382544649, 37.31911711481718], [127.81500323021685, 37.3213705660354], [127.81500323021685, 37.3213705660354], [127.815012636034, 37.32362401639131], [127.81783434097004, 37.323616470724595], [127.8178438320921, 37.32586991960644], [127.82066562022959, 37.32586230603618], [127.82065604484973, 37.32360885777147], [127.82065604484973, 37.32360885777147], [127.82064647053558, 37.321355408644344], [127.82064647053558, 37.321355408644344], [127.82064647053558, 37.32135540864434], [127.82346808910124, 37.321347729027394], [127.82346808910124, 37.321347729027394], [127.8234777476637, 37.323601177531984], [127.82629944940257, 37.323593430006206], [127.82628970659195, 37.321339982129636], [127.82628970659195, 37.321339982129636], [127.82627996486568, 37.31908653339059], [127.82345843161376, 37.31909427966037], [127.82345843161376, 37.31909427966037], [127.82063689728703, 37.31910195865478], [127.82062732510393, 37.316848507802845], [127.81780587394138, 37.31685611890478], [127.81780587394138, 37.31685611890478], [127.81498442172287, 37.31686366273664], [127.81498442172287, 37.31686366273663], [127.81780587394138, 37.31685611890477], [127.81779638704394, 37.31460266657347], [127.81497501904585, 37.31461020979379], [127.81497501904585, 37.3146102097938], [127.81215365000129, 37.31461768574941], [127.81215365000129, 37.3146176857494], [127.81215365000129, 37.3146176857494], [127.81215365000129, 37.3146176857494], [127.81497501904585, 37.314610209793784], [127.81496561741528, 37.312356755988645], [127.81778690120233, 37.31234921337984], [127.81777741641643, 37.310095759323914], [127.81495621683108, 37.310103301321256], [127.81495621683108, 37.310103301321256], [127.81494681729309, 37.30784984579162], [127.81494681729309, 37.30784984579162], [127.81493741880121, 37.30559638939976], [127.81211638654511, 37.30560386293138], [127.81210707327291, 37.303350405071406], [127.81210707327291, 37.303350405071406], [127.81209776103718, 37.301096946349276], [127.80927689608271, 37.30110435143704], [127.80927689608271, 37.30110435143704], [127.80645603010124, 37.30111168929267], [127.80645603010124, 37.30111168929267], [127.80927689608271, 37.30110435143703], [127.80926766903845, 37.29885089125238], [127.80644688721218, 37.29885822851307], [127.80644688721218, 37.29885822851307], [127.80644688721218, 37.29885822851307], [127.80643774534062, 37.296604766871425], [127.80361704664277, 37.296612036315885], [127.80361704664277, 37.296612036315885], [127.80643774534062, 37.296604766871425], [127.80643774534062, 37.296604766871425], [127.80643774534062, 37.296604766871425], [127.80644688721218, 37.29885822851306], [127.80926766903845, 37.29885089125237], [127.80925844302106, 37.29659743020563], [127.80925844302106, 37.29659743020563], [127.80924921803046, 37.294343968296836], [127.80642860448647, 37.29435130436775], [127.80642860448647, 37.29435130436775], [127.80641946464961, 37.29209784100207], [127.80359893421557, 37.29210510926775], [127.80359893421557, 37.29210510926775], [127.80077840277373, 37.29211231032293], [127.80077840277373, 37.29211231032293], [127.79795787033345, 37.29211944416755], [127.79796675778832, 37.29437290928503], [127.79796675778829, 37.29437290928503], [127.79795787033345, 37.29211944416755], [127.80077840277373, 37.29211231032293], [127.80076943218985, 37.289858844922], [127.79794898386767, 37.289865978188196], [127.79795787033345, 37.29211944416755], [127.79795787033345, 37.29211944416755], [127.79794898386767, 37.289865978188196], [127.79512853455653, 37.289873044249184], [127.79513733690409, 37.292126510801545], [127.79513733690409, 37.292126510801545], [127.79514614023138, 37.294379976492046], [127.79514614023138, 37.294379976492046], [127.79232552169462, 37.29438697648291], [127.79233424186468, 37.29664044187917], [127.79233424186468, 37.29664044187917], [127.79232552169462, 37.29438697648291], [127.7895049021874, 37.294393909257536], [127.78951353822028, 37.29664737521596], [127.79233424186468, 37.29664044187917], [127.79233424186468, 37.29664044187918]], [[127.79802010329446, 37.30789368188922], [127.8008412248236, 37.3078865439945], [127.80083224724822, 37.305633084627424], [127.80083224724822, 37.30563308462741], [127.80082327067196, 37.30337962439832], [127.80082327067196, 37.30337962439832], [127.80081429509474, 37.3011261633072], [127.79799342608844, 37.30113329946596], [127.79800231750076, 37.3033867611357], [127.79800231750076, 37.3033867611357], [127.79799342608844, 37.30113329946596], [127.79517255609261, 37.30114036839228], [127.7951637498255, 37.29888690528744], [127.79234296300531, 37.29889390641356], [127.79234296300531, 37.29889390641356], [127.79234296300531, 37.29889390641356], [127.79234296300531, 37.29889390641356], [127.7951637498255, 37.29888690528743], [127.7951637498255, 37.29888690528743], [127.7951637498255, 37.29888690528743], [127.79517255609261, 37.301140368392275], [127.79799342608844, 37.30113329946595], [127.79798453566569, 37.29887983693425], [127.79798453566566, 37.29887983693425], [127.79797564623233, 37.29662637354059], [127.79515494453847, 37.29663344132069], [127.79515494453847, 37.29663344132069], [127.79515494453847, 37.29663344132069], [127.79797564623233, 37.29662637354059], [127.79796675778829, 37.29437290928503], [127.79796675778829, 37.29437290928503], [127.79797564623233, 37.29662637354059], [127.79797564623233, 37.29662637354059], [127.79798453566569, 37.29887983693425], [127.80080532051642, 37.29887270135407], [127.80079634693689, 37.29661923853899], [127.80079634693689, 37.29661923853899], [127.80079634693689, 37.29661923853899], [127.80361704664277, 37.296612036315885], [127.80361704664277, 37.2966120363159], [127.80079634693689, 37.29661923853899], [127.80080532051642, 37.29887270135408], [127.80080532051642, 37.29887270135408], [127.80081429509474, 37.301126163307195], [127.80081429509474, 37.301126163307195], [127.80080532051642, 37.29887270135408], [127.79798453566569, 37.29887983693425], [127.79799342608844, 37.30113329946595], [127.80081429509474, 37.301126163307195], [127.80082327067196, 37.30337962439832], [127.80082327067198, 37.30337962439832], [127.80083224724822, 37.305633084627424], [127.80083224724822, 37.305633084627424], [127.8008412248236, 37.3078865439945], [127.8008412248236, 37.3078865439945], [127.79802010329446, 37.30789368188922], [127.79802010329446, 37.30789368188922]], [[127.80078737435605, 37.29436577486192], [127.80360798992521, 37.29435857322281], [127.80360798992521, 37.29435857322281], [127.80078737435605, 37.29436577486192], [127.80078737435605, 37.29436577486192]], [[127.79800231750076, 37.303386761135705], [127.79800231750076, 37.303386761135705], [127.79801120990273, 37.30564022194345], [127.79801120990273, 37.30564022194345], [127.79801120990273, 37.30564022194345], [127.79800231750076, 37.303386761135705]], [[127.80087714511889, 37.31690037284209], [127.80087714511889, 37.31690037284209], [127.80086816354576, 37.31464691692336], [127.80086816354576, 37.31464691692336], [127.80087714511889, 37.31690037284209]], [[127.80928612415399, 37.30335781075961], [127.80929535325238, 37.30561126922002], [127.80929535325238, 37.30561126922002], [127.80928612415399, 37.30335781075961], [127.80928612415399, 37.30335781075961]], [[127.81212570085393, 37.307857319929184], [127.80930458337804, 37.30786472681833], [127.80930458337804, 37.30786472681833], [127.81212570085393, 37.307857319929184], [127.81211638654511, 37.30560386293139], [127.81211638654511, 37.30560386293139], [127.81212570085393, 37.307857319929184]], [[127.81219093005103, 37.32363149477148], [127.81219093005103, 37.32363149477148], [127.80936922303046, 37.32363890586509], [127.80936922303046, 37.32363890586509], [127.81219093005103, 37.32363149477148]], [[127.80934151415545, 37.316878548589806], [127.80934151415545, 37.316878548589806], [127.80934151415545, 37.316878548589806], [127.80933227991962, 37.314625094440245], [127.80933227991962, 37.314625094440245], [127.80934151415545, 37.316878548589806], [127.81216296845777, 37.31687113929833], [127.81216296845777, 37.316871139298335], [127.81216296845777, 37.316871139298335], [127.81216296845777, 37.31687113929833], [127.80934151415545, 37.316878548589806]], [[127.80935998571074, 37.32138545430225], [127.80935998571074, 37.321385454302245], [127.81218160848252, 37.32137804380939], [127.81218160848252, 37.32137804380939], [127.80935998571074, 37.32138545430225]], [[127.81217228795147, 37.319124591985], [127.81217228795147, 37.31912459198501], [127.81218160848252, 37.32137804380939], [127.81218160848252, 37.32137804380939], [127.81217228795147, 37.319124591985], [127.81217228795147, 37.319124591985]], [[127.80938770075466, 37.32814580640386], [127.80938770075466, 37.32814580640386], [127.80937846137839, 37.32589235656562], [127.80937846137839, 37.32589235656562], [127.80938770075466, 37.32814580640386]], [[127.8178153618948, 37.31910957037375], [127.81782485090432, 37.32136302098036], [127.81782485090432, 37.32136302098036], [127.8178153618948, 37.31910957037374], [127.8178153618948, 37.31910957037374], [127.8178153618948, 37.31910957037374], [127.82063689728703, 37.31910195865478], [127.82063689728703, 37.31910195865479], [127.8178153618948, 37.31910957037375]], [[127.81783434097004, 37.323616470724595], [127.81783434097004, 37.323616470724595], [127.81782485090432, 37.32136302098036], [127.81782485090432, 37.32136302098036], [127.81783434097004, 37.323616470724595]]], [[[127.78668428171906, 37.29440077481587], [127.783863660299, 37.29440757315783], [127.78387212805723, 37.29666104022422], [127.7866928336147, 37.296654241331], [127.78668428171906, 37.29440077481587]]], [[[127.7895308131698, 37.3011543045473], [127.78953945208669, 37.303407767920206], [127.79236040819876, 37.30340083289671], [127.79235168511661, 37.301147370086085], [127.7895308131698, 37.3011543045473]]], [[[127.80350843252869, 37.26957042231258], [127.8006887418455, 37.26957761753032], [127.80069770344868, 37.271831090687705], [127.80351747816562, 37.271823894886374], [127.80350843252869, 37.26957042231258]]], [[[127.8037167370923, 37.321400073444245], [127.80372580591407, 37.323653526192196], [127.80654751498167, 37.323646249672], [127.80653836191088, 37.321392797513894], [127.8037167370923, 37.321400073444245]]], [[[127.80374394658611, 37.32816042910142], [127.8065658241799, 37.328153151401466], [127.80655666907131, 37.325899700967874], [127.80655666907131, 37.32589970096787], [127.80654751498167, 37.323646249672], [127.80372580591407, 37.323653526192196], [127.80373487574529, 37.32590697807792], [127.80373487574529, 37.325906978077924], [127.80374394658611, 37.32816042910142]]], [[[127.81208844983783, 37.29884348676499], [127.80926766903845, 37.29885089125238], [127.80927689608271, 37.30110435143703], [127.81209776103718, 37.30109694634927], [127.81208844983783, 37.29884348676499]]], [[[127.81221890098254, 37.330391842483756], [127.80939694115935, 37.33039925537979], [127.80940618259262, 37.332652703493366], [127.81222822670212, 37.33264528999646], [127.81221890098254, 37.330391842483756]]], [[[127.82325587247178, 37.271771643760594], [127.82043610499841, 37.27177930969051], [127.8204456558983, 37.274032777786374], [127.8204456558983, 37.274032777786374], [127.82045520786119, 37.27628624502023], [127.82045520786119, 37.27628624502023], [127.82046476088716, 37.27853971139203], [127.82046476088716, 37.27853971139203], [127.82045520786119, 37.27628624502023], [127.82045520786119, 37.27628624502023], [127.8204456558983, 37.274032777786374], [127.81762580331969, 37.274040377171595], [127.81763527123081, 37.27629384502179], [127.81763527123081, 37.27629384502179], [127.81764474019569, 37.27854731200998], [127.81764474019569, 37.27854731200998], [127.81765421021443, 37.28080077813614], [127.81765421021443, 37.28080077813614], [127.81765421021443, 37.28080077813614], [127.8148341043985, 37.280808312187645], [127.8148434913913, 37.28306177806277], [127.8148434913913, 37.28306177806277], [127.81485287942886, 37.28531524307588], [127.81767315341403, 37.28530770780234], [127.81766368128716, 37.28305424340027], [127.81766368128716, 37.28305424340027], [127.81766368128716, 37.283054243400265], [127.82048387012891, 37.283046641549454], [127.82048387012891, 37.28304664154947], [127.8233040579072, 37.28303897251042], [127.82329441867495, 37.28078550848465], [127.82611452130081, 37.2807777728848], [127.82610479907106, 37.27852430862422], [127.8232847805154, 37.27853204359676], [127.8232847805154, 37.27853204359676], [127.82610479907106, 37.27852430862422], [127.82610479907106, 37.27852430862422], [127.82892481654478, 37.278516506474496], [127.82891501133624, 37.27626304198452], [127.82609507792326, 37.276270843501514], [127.82609507792326, 37.276270843501514], [127.82891501133624, 37.27626304198452], [127.82890520721887, 37.27400957663238], [127.82608535785724, 37.27401737751669], [127.82607563887292, 37.271763910669776], [127.82325587247178, 37.271771643760594], [127.82325587247178, 37.271771643760594]], [[127.82327514342845, 37.27627857784678], [127.82327514342845, 37.276278577846774], [127.82609507792326, 37.276270843501514], [127.82609507792326, 37.276270843501514], [127.82327514342845, 37.27627857784678]], [[127.82608535785724, 37.27401737751669], [127.82608535785724, 37.27401737751669], [127.82326550741394, 37.274025111234714], [127.82326550741394, 37.274025111234714], [127.82326550741394, 37.274025111234714], [127.82608535785724, 37.27401737751669]], [[127.82047431497637, 37.28079317690179], [127.82047431497637, 37.28079317690179], [127.82047431497637, 37.28079317690179], [127.82047431497637, 37.28079317690179], [127.82047431497637, 37.28079317690179]], [[127.8232847805154, 37.27853204359676], [127.82046476088716, 37.278539711392035], [127.82046476088716, 37.27853971139203], [127.8232847805154, 37.278532043596755], [127.8232847805154, 37.27853204359676]]], [[[127.8373647487201, 37.2739857709826], [127.83454490265966, 37.273993773365255], [127.83455487487937, 37.27624723743568], [127.83737480499082, 37.27623923440399], [127.8373647487201, 37.2739857709826]]], [[[127.83172505548944, 37.27400170858189], [127.82890520721887, 37.274009576632395], [127.82891501133624, 37.27626304198454], [127.83173494365808, 37.276255173295894], [127.83173494365808, 37.276255173295894], [127.83455487487937, 37.27624723743569], [127.83454490265966, 37.273993773365255], [127.83172505548944, 37.27400170858189], [127.83172505548944, 37.27400170858189]]], [[[127.81773948782765, 37.301081934477615], [127.81773000831852, 37.29882847611048], [127.81773000831852, 37.29882847611048], [127.81772052986436, 37.29657501688114], [127.81489983529231, 37.29658255521043], [127.81489983529231, 37.29658255521041], [127.81207913967476, 37.2965900263186], [127.81208844983786, 37.29884348676499], [127.814909229601, 37.29883601505101], [127.814909229601, 37.29883601505101], [127.814909229601, 37.29883601505101], [127.8149186249553, 37.30108947402943], [127.81773948782765, 37.301081934477615]]], [[[127.814909229601, 37.29883601505101], [127.81208844983786, 37.298843486765], [127.81209776103718, 37.301096946349276], [127.8149186249553, 37.301089474029446], [127.814909229601, 37.29883601505101]]], [[[127.82627996486568, 37.31908653339058], [127.82628970659195, 37.321339982129636], [127.82911132299832, 37.321332167951134], [127.82910149703336, 37.319078719845514], [127.82627996486568, 37.31908653339058]]]]}}, {"type": "Feature", "properties": {"rank": 2, "method": "BFS+Zoning", "n_grids": 230, "avg_micro": 84.46189443229223, "cluster_score": 153.4134309506716, "buildable_ha": 553.125, "final_score": 107.38940166547012, "avg_bcr": 0.3847826086956522, "center_lat": 37.37792866611056, "center_lon": 127.93648963953285}, "geometry": {"type": "MultiPolygon", "coordinates": [[[[127.89700764018681, 37.354925809040886], [127.89699577273737, 37.35267239072827], [127.89699577273737, 37.35267239072827], [127.89698390660882, 37.35041897155188], [127.8941612231271, 37.35042841038264], [127.894173004889, 37.35268183032398], [127.89417300488901, 37.35268183032398], [127.89418478796242, 37.35493524940159], [127.89700764018681, 37.35492580904089], [127.89700764018681, 37.35492580904091], [127.89418478796242, 37.3549352494016], [127.89419657234747, 37.35718866761548], [127.89701950895733, 37.35717922648974], [127.89703137904904, 37.35943264307477], [127.89703137904904, 37.35943264307477], [127.89420835804437, 37.359442084965586], [127.89422014505323, 37.36169550145193], [127.89704325046212, 37.36168605879599], [127.89704325046212, 37.36168605879599], [127.89705512319674, 37.36393947365334], [127.89987831169758, 37.36392996285003], [127.8998663545495, 37.3616765487633], [127.8998663545495, 37.3616765487633], [127.89985439873234, 37.35942313381269], [127.89985439873234, 37.35942313381269], [127.8998663545495, 37.361676548763306], [127.8998663545495, 37.361676548763306], [127.89987831169758, 37.36392996285003], [127.90270149886733, 37.36392038466462], [127.90270149886733, 37.36392038466462], [127.90270149886733, 37.36392038466462], [127.90270149886733, 37.36392038466462], [127.89987831169758, 37.36392996285003], [127.89987831169758, 37.36392996285003], [127.89705512319674, 37.36393947365334], [127.89706699725303, 37.36619288764685], [127.89707887263116, 37.36844630077646], [127.8999022299871, 37.36843678843175], [127.89989027017673, 37.36618337607286], [127.90271354176919, 37.366173797111315], [127.90272558601167, 37.36842720869404], [127.90554894069547, 37.36841756156339], [127.90554894069547, 37.36841756156338], [127.90837229402906, 37.36840784703992], [127.90836008092283, 37.366154437025955], [127.90836008092283, 37.36615443702595], [127.90834786917604, 37.363901026147914], [127.90834786917604, 37.363901026147914], [127.90833565878852, 37.36164761440583], [127.90833565878852, 37.36164761440583], [127.90832344976009, 37.35939420179972], [127.90832344976009, 37.35939420179972], [127.90831124209062, 37.3571407883296], [127.90548831082198, 37.35715049891802], [127.90550043409726, 37.35940391317506], [127.90550043409726, 37.35940391317506], [127.90548831082198, 37.35715049891802], [127.90548831082198, 37.35715049891802], [127.9054761888961, 37.35489708379703], [127.9054761888961, 37.35489708379703], [127.90546406831945, 37.35264366781214], [127.90546406831945, 37.35264366781214], [127.9054761888961, 37.35489708379703], [127.9054761888961, 37.35489708379703], [127.90548831082198, 37.35715049891802], [127.90831124209062, 37.3571407883296], [127.90829903577992, 37.35488737399548], [127.90829903577992, 37.35488737399548], [127.90828683082785, 37.35263395879741], [127.90828683082785, 37.35263395879741], [127.90827462723423, 37.35038054273537], [127.90545194909188, 37.35039025096332], [127.90545194909188, 37.35039025096332], [127.90262926960061, 37.35039989184212], [127.90264130446198, 37.35265330947225], [127.90265334066305, 37.354906726238525], [127.89983049109016, 37.35491630131983], [127.89983049109016, 37.35491630131983], [127.89700764018681, 37.354925809040886]], [[127.89701950895733, 37.35717922648973], [127.89984244424593, 37.357169717998175], [127.89984244424593, 37.35716971799818], [127.89984244424593, 37.35716971799818], [127.89984244424593, 37.35716971799819], [127.89701950895733, 37.35717922648974], [127.89701950895733, 37.35717922648973]], [[127.90271354176919, 37.366173797111315], [127.90553681202103, 37.36616415076231], [127.90553681202103, 37.36616415076231], [127.90271354176919, 37.366173797111315], [127.90271354176919, 37.366173797111315]], [[127.90550043409726, 37.359403913175065], [127.90267741708487, 37.35941355717942], [127.90268945730595, 37.36166697135399], [127.90268945730595, 37.36166697135399], [127.90267741708487, 37.359413557179415], [127.90550043409726, 37.35940391317506], [127.90550043409726, 37.359403913175065]], [[127.90266537820396, 37.357160142140906], [127.90267741708487, 37.359413557179415], [127.89985439873234, 37.35942313381268], [127.89985439873234, 37.35942313381268], [127.90267741708487, 37.359413557179415], [127.90266537820396, 37.357160142140906], [127.90266537820396, 37.357160142140906], [127.90265334066305, 37.354906726238525], [127.90265334066305, 37.354906726238525], [127.90266537820396, 37.357160142140906], [127.90266537820396, 37.357160142140906]]], [[[127.894173004889, 37.35268183032399], [127.89135023572913, 37.3526912025647], [127.89136193442633, 37.354944622401845], [127.89418478796239, 37.354935249401606], [127.894173004889, 37.35268183032399]]], [[[127.91394472546226, 37.3548677523126], [127.9111218813051, 37.35487759683399], [127.91113417200044, 37.357131010375774], [127.91395710054209, 37.357121165056604], [127.91396947699951, 37.3593745769365], [127.91679248855732, 37.35936466344883], [127.9167800277062, 37.35711125237221], [127.9167800277062, 37.35711125237221], [127.91676756824202, 37.35485784043146], [127.91394472546226, 37.3548677523126], [127.91395710054209, 37.3571211650566], [127.91395710054209, 37.3571211650566], [127.91394472546226, 37.3548677523126]]], [[[127.90834786917604, 37.363901026147914], [127.90834786917604, 37.363901026147914], [127.90836008092283, 37.366154437025955], [127.90836008092283, 37.366154437025955], [127.90837229402906, 37.368407847039926], [127.91119564600307, 37.36839806512374], [127.91118334846524, 37.366144655902325], [127.91118334846524, 37.366144655902325], [127.91117105229621, 37.36389124581681], [127.91117105229621, 37.36389124581681], [127.91115875749584, 37.361637834867196], [127.91114646406398, 37.359384423053505], [127.90832344976009, 37.35939420179972], [127.90833565878852, 37.36164761440583], [127.90834786917604, 37.363901026147914]]], [[[127.91115875749584, 37.361637834867196], [127.91115875749584, 37.361637834867196], [127.91117105229621, 37.3638912458168], [127.91117105229621, 37.3638912458168], [127.91118334846524, 37.366144655902325], [127.91400661463881, 37.36613480739155], [127.91400661463881, 37.36613480739155], [127.91682987943415, 37.36612489149371], [127.91682987943415, 37.36612489149371], [127.91965314284188, 37.366114908208914], [127.91964059340711, 37.36386150053369], [127.91681741442113, 37.36387148300959], [127.91681741442113, 37.36387148300959], [127.9139942340477, 37.36388139810399], [127.9139942340477, 37.36388139810399], [127.91681741442113, 37.36387148300959], [127.91681741442113, 37.36387148300959], [127.91964059340711, 37.36386150053369], [127.91962804536922, 37.36160809199424], [127.9168049507956, 37.3616180736613], [127.91679248855732, 37.35936466344883], [127.91396947699951, 37.3593745769365], [127.91396947699951, 37.3593745769365], [127.91114646406398, 37.359384423053505], [127.91115875749584, 37.361637834867196]]], [[[127.91400661463881, 37.36613480739155], [127.91118334846524, 37.366144655902325], [127.91119564600307, 37.36839806512374], [127.91401899660812, 37.36838821581494], [127.91400661463881, 37.36613480739155]]], [[[127.92245113854617, 37.361598042951265], [127.92246377099625, 37.363851450676414], [127.92246377099625, 37.363851450676414], [127.9224764048526, 37.366104857537266], [127.92529966545692, 37.366094739478875], [127.92529966545692, 37.366094739478875], [127.9281229246454, 37.36608455403384], [127.9281229246454, 37.36608455403384], [127.92529966545692, 37.36609473947888], [127.92529966545692, 37.366094739478875], [127.9224764048526, 37.366104857537266], [127.9224764048526, 37.366104857537266], [127.91965314284188, 37.366114908208914], [127.91682987943415, 37.36612489149371], [127.91682987943415, 37.36612489149372], [127.91400661463881, 37.36613480739156], [127.91401899660812, 37.368388215814946], [127.91684234583478, 37.36837829911362], [127.91684234583478, 37.368378299113616], [127.91966569367364, 37.368368315019886], [127.92248904011535, 37.368358263533835], [127.92248904011535, 37.368358263533835], [127.92531238515046, 37.36834814465558], [127.92531238515046, 37.368348144655585], [127.92532510626, 37.37060154896791], [127.92532510626, 37.37060154896791], [127.92533782878567, 37.37285495241584], [127.92533782878567, 37.37285495241584], [127.92532510626, 37.37060154896792], [127.92532510626, 37.37060154896791], [127.92531238515046, 37.368348144655585], [127.92248904011535, 37.368358263533835], [127.92250167678466, 37.37061166866608], [127.92250167678466, 37.370611668666086], [127.92251431486073, 37.37286507293398], [127.92533782878567, 37.37285495241585], [127.92535055272768, 37.3751083549994], [127.92817414969517, 37.37509816625277], [127.92816134129431, 37.3728447644947], [127.92816134129431, 37.3728447644947], [127.92816134129431, 37.3728447644947], [127.92817414969517, 37.37509816625277], [127.92817414969517, 37.37509816625277], [127.92818695952185, 37.37735156714638], [127.93101063953156, 37.3773413101604], [127.9309977452368, 37.37508791009777], [127.93382133934313, 37.3750775865345], [127.93380836202509, 37.37282418644374], [127.93663187022842, 37.372813796314155], [127.93661880990595, 37.37056039620065], [127.93379538615157, 37.37057078548844], [127.93380836202509, 37.37282418644374], [127.93098485237726, 37.37283450917063], [127.9309977452368, 37.37508791009777], [127.93099774523677, 37.37508791009777], [127.93098485237726, 37.37283450917063], [127.93380836202509, 37.37282418644374], [127.93379538615157, 37.370570785488454], [127.93379538615157, 37.370570785488454], [127.93378241172239, 37.36831738366862], [127.9309590709634, 37.36832770472286], [127.9309590709634, 37.36832770472286], [127.92813572876962, 37.36833795838522], [127.92813572876962, 37.36833795838521], [127.9309590709634, 37.36832770472285], [127.93094618240869, 37.36607430120226], [127.9281229246454, 37.36608455403384], [127.9281101219464, 37.363831148818065], [127.9281101219464, 37.363831148818065], [127.92809732067242, 37.36157774273792], [127.92809732067242, 37.36157774273792], [127.92808452082332, 37.359324335793396], [127.9252615148704, 37.35933451876275], [127.92527423031704, 37.36158792653246], [127.92527423031704, 37.36158792653246], [127.92528694717915, 37.36384133343782], [127.92528694717915, 37.36384133343782], [127.92528694717915, 37.36384133343782], [127.92527423031704, 37.36158792653246], [127.92245113854617, 37.361598042951265]]], [[[127.92536327808611, 37.37736175671852], [127.92537600486123, 37.37961515757319], [127.92537600486123, 37.37961515757319], [127.92538873305311, 37.3818685575634], [127.92538873305311, 37.3818685575634], [127.92538873305311, 37.3818685575634], [127.92256488123569, 37.38187868136185], [127.92256488123569, 37.38187868136185], [127.91974102801072, 37.38188873773532], [127.91975358862616, 37.38414213849599], [127.92257752634792, 37.38413208130778], [127.92257752634792, 37.38413208130778], [127.92257752634792, 37.38413208130778], [127.9225901728679, 37.38638548038928], [127.92541419368798, 37.386375354950374], [127.92540146266197, 37.384121956689135], [127.92540146266197, 37.384121956689135], [127.92541419368798, 37.386375354950374], [127.92541419368798, 37.386375354950374], [127.92541419368798, 37.386375354950374], [127.9225901728679, 37.38638548038928], [127.92260282079576, 37.388638878606294], [127.92542692613131, 37.388628752347095], [127.92542692613131, 37.388628752347095], [127.92825103004935, 37.38861855864664], [127.92823821309076, 37.386365162075684], [127.92823821309076, 37.386365162075684], [127.92825103004935, 37.38861855864664], [127.92825103004934, 37.38861855864664], [127.9282638484348, 37.39087195435302], [127.9282638484348, 37.39087195435302], [127.92827666824729, 37.39312534919479], [127.93110093979692, 37.39311508639059], [127.93110093979692, 37.39311508639059], [127.93392520990992, 37.393104756134406], [127.93391222102973, 37.39085136296076], [127.93391222102973, 37.39085136296075], [127.93389923359541, 37.38859796892239], [127.93389923359541, 37.38859796892239], [127.9338862476068, 37.38634457401933], [127.93106223106685, 37.386354901765294], [127.93106223106685, 37.386354901765294], [127.93104933102926, 37.38410150516095], [127.93387326306367, 37.38409117825162], [127.93386027996594, 37.38183778161927], [127.93103643242763, 37.38184810769201], [127.93102353526179, 37.379594709358486], [127.93102353526179, 37.379594709358486], [127.93101063953156, 37.3773413101604], [127.92818695952185, 37.377351567146384], [127.92818695952185, 37.377351567146384], [127.92536327808611, 37.37736175671852]], [[127.9310880354505, 37.390861692380135], [127.9310880354505, 37.390861692380135], [127.93107513254051, 37.38860829750505], [127.93107513254051, 37.38860829750505], [127.9310880354505, 37.390861692380135]], [[127.92821258345356, 37.38185836634009], [127.92821258345356, 37.38185836634009], [127.92822539755889, 37.38411176464015], [127.92822539755889, 37.38411176464015], [127.92821258345356, 37.38185836634009]], [[127.92822539755889, 37.38411176464015], [127.92823821309076, 37.386365162075684], [127.92823821309076, 37.386365162075684], [127.92822539755889, 37.38411176464015], [127.92822539755889, 37.38411176464015]], [[127.93103643242763, 37.38184810769201], [127.93103643242763, 37.38184810769201], [127.93104933102926, 37.38410150516095], [127.93104933102926, 37.38410150516095], [127.93103643242763, 37.38184810769201]]], [[[127.93110093979695, 37.393115086390594], [127.92827666824732, 37.3931253491948], [127.92828948948701, 37.39537874317195], [127.93111384557999, 37.39536847953639], [127.93110093979695, 37.393115086390594]]], [[[127.93112675279981, 37.39762187181747], [127.92830231215413, 37.397632136284464], [127.92831513624874, 37.399885528532316], [127.93113966145661, 37.39987526323386], [127.93112675279981, 37.39762187181747]]], [[[127.93113966145661, 37.39987526323386], [127.92831513624874, 37.399885528532316], [127.92832796177109, 37.4021389199155], [127.93115257155054, 37.40212865378553], [127.93113966145661, 37.39987526323386]]], [[[127.93115257155054, 37.40212865378553], [127.92832796177109, 37.40213891991551], [127.92834078872134, 37.40439231043399], [127.93116548308176, 37.40438204347245], [127.93115257155054, 37.40212865378553]]], [[[127.93940280667104, 37.36378973652927], [127.94222597421911, 37.363779215005174], [127.94222597421911, 37.36377921500518], [127.94222597421911, 37.36377921500518], [127.94222597421911, 37.36377921500518], [127.93940280667104, 37.36378973652927], [127.93940280667104, 37.36378973652927], [127.93657963766032, 37.36380019067271], [127.93659269362207, 37.36605359337991], [127.93659269362207, 37.36605359337991], [127.93659269362207, 37.36605359337991], [127.93376943873739, 37.366063980984244], [127.93378241172239, 37.368317383668604], [127.93660575103725, 37.36830699522257], [127.93660575103725, 37.36830699522257], [127.9394290888985, 37.368296539384836], [127.93941594705338, 37.366043138389365], [127.94223919902187, 37.3660326160127], [127.94223919902187, 37.3660326160127], [127.94506244951818, 37.36602202625003], [127.94504914029521, 37.363768626100544], [127.94504914029521, 37.363768626100544], [127.94503583255364, 37.36151522508641], [127.94503583255364, 37.3615152250864], [127.94503583255364, 37.3615152250864], [127.94503583255364, 37.3615152250864], [127.94504914029521, 37.363768626100544], [127.94504914029521, 37.363768626100544], [127.94506244951818, 37.36602202625003], [127.9478856985329, 37.366011369101464], [127.94787230488987, 37.36375796981549], [127.94787230488987, 37.36375796981549], [127.9478856985329, 37.36601136910147], [127.95070894605664, 37.36600064456712], [127.95070894605664, 37.36600064456712], [127.95353219207999, 37.36598985264711], [127.95353219207999, 37.36598985264711], [127.95635543659357, 37.36597899334153], [127.9563417896914, 37.363725596678776], [127.95351862959734, 37.36373645510448], [127.95351862959734, 37.36373645510448], [127.95069546799371, 37.3637472461501], [127.95069546799371, 37.3637472461501], [127.95351862959734, 37.36373645510448], [127.95350506862431, 37.36148305669703], [127.95350506862431, 37.36148305669703], [127.95349150916068, 37.35922965742478], [127.9506685163683, 37.359240446721714], [127.95065504280548, 37.3569870457104], [127.95065504280548, 37.3569870457104], [127.95064157074232, 37.35473364383435], [127.94781874522407, 37.35474436402445], [127.94781874522407, 37.35474436402445], [127.94781874522407, 37.35474436402445], [127.94781874522407, 37.35474436402445], [127.95064157074232, 37.35473364383435], [127.95062810017866, 37.35248024109361], [127.95062810017866, 37.35248024109361], [127.95061463111435, 37.35022683748819], [127.95061463111435, 37.35022683748819], [127.95062810017866, 37.35248024109361], [127.95062810017866, 37.35248024109361], [127.95064157074232, 37.354733643834344], [127.95346439476107, 37.35472285628587], [127.95345083982468, 37.352469454419285], [127.95345083982468, 37.352469454419285], [127.953437286397, 37.35021605168797], [127.953437286397, 37.35021605168797], [127.9534237344779, 37.347962648091915], [127.9506011635492, 37.34797343301809], [127.9506011635492, 37.347973433018076], [127.94777859112153, 37.34798415060223], [127.94779197433255, 37.35023755594093], [127.94779197433255, 37.35023755594093], [127.94780535903332, 37.35249096041501], [127.94498261639808, 37.352501612383385], [127.94499591821571, 37.35475501685606], [127.94499591821571, 37.35475501685606], [127.94499591821571, 37.35475501685606], [127.94217308972662, 37.35476560232907], [127.94218630864232, 37.35701900679497], [127.94500922151407, 37.35700842046413], [127.94502252629331, 37.35926182320759], [127.94219952902952, 37.3592724103963], [127.94219952902952, 37.35927241039631], [127.93937653029407, 37.35928293021541], [127.93938966775133, 37.361536333804615], [127.93938966775133, 37.361536333804615], [127.93940280667104, 37.36378973652927]], [[127.94500922151407, 37.35700842046413], [127.94500922151407, 37.35700842046413], [127.9478321329049, 37.35699776676923], [127.9478321329049, 37.35699776676923], [127.9478321329049, 37.35699776676923], [127.94500922151407, 37.35700842046413]]], [[[127.93661880990595, 37.37056039620065], [127.93944223220662, 37.37054993951572], [127.9394290888985, 37.36829653938484], [127.9394290888985, 37.36829653938484], [127.93944223220662, 37.37054993951572], [127.94226565304412, 37.37053941543376], [127.94226565304412, 37.37053941543376], [127.94226565304412, 37.37053941543376], [127.94227888226393, 37.372792813847276], [127.94510238607734, 37.37278222151021], [127.94508907240908, 37.37052882395488], [127.94508907240908, 37.37052882395488], [127.94507576022274, 37.36827542553482], [127.94789909366692, 37.36826476752271], [127.9478856985329, 37.36601136910148], [127.94506244951818, 37.366022026250036], [127.94506244951818, 37.36602202625003], [127.94223919902187, 37.3660326160127], [127.94223919902187, 37.3660326160127], [127.93941594705338, 37.366043138389365], [127.9394290888985, 37.36829653938484], [127.93660575103725, 37.36830699522257], [127.93661880990595, 37.37056039620065]], [[127.9422524252968, 37.36828601615556], [127.94507576022274, 37.36827542553482], [127.94507576022274, 37.36827542553482], [127.9422524252968, 37.368286016155565], [127.9422524252968, 37.36828601615556]]], [[[127.93660575103725, 37.36830699522257], [127.93378241172239, 37.368317383668604], [127.93379538615157, 37.37057078548844], [127.93661880990595, 37.37056039620065], [127.93660575103725, 37.36830699522257]]], [[[127.93665799523525, 37.37732059394734], [127.93665799523525, 37.37732059394734], [127.93383431810582, 37.37733098576068], [127.93384729831338, 37.379584384122275], [127.93384729831338, 37.379584384122275], [127.93386027996594, 37.38183778161926], [127.93386027996594, 37.38183778161926], [127.93387326306367, 37.38409117825162], [127.93669719365275, 37.38408078391227], [127.93669719365275, 37.38408078391227], [127.93952112278707, 37.38407032214302], [127.93950797069758, 37.38181692720023], [127.93950797069758, 37.38181692720023], [127.93952112278707, 37.38407032214302], [127.93952112278707, 37.38407032214302], [127.93953427634074, 37.386323716221064], [127.94235828851589, 37.386313186168984], [127.94235828851589, 37.38631318616898], [127.94518229921731, 37.38630258868174], [127.94516897665378, 37.3840491963152], [127.94516897665378, 37.3840491963152], [127.94515565557322, 37.38179580308383], [127.94515565557322, 37.38179580308383], [127.94514233597549, 37.379542408987625], [127.94514233597549, 37.379542408987625], [127.94512901786037, 37.3772890140266], [127.94512901786037, 37.3772890140266], [127.94512901786037, 37.3772890140266], [127.94795268911638, 37.377278352559806], [127.94795268911638, 37.377278352559806], [127.9507763588805, 37.37726762367995], [127.95076287331392, 37.37501422958709], [127.95076287331392, 37.37501422958709], [127.95074938924841, 37.372760834629354], [127.94792588840863, 37.37277156177087], [127.94793928801666, 37.37502495759775], [127.94793928801666, 37.37502495759775], [127.94793928801666, 37.37502495759775], [127.94793928801666, 37.37502495759775], [127.94792588840863, 37.37277156177087], [127.94792588840863, 37.37277156177087], [127.94791249029211, 37.37051816507918], [127.94791249029211, 37.37051816507918], [127.94789909366692, 37.36826476752271], [127.94507576022274, 37.36827542553482], [127.94508907240908, 37.370528823954885], [127.94508907240908, 37.370528823954885], [127.94510238607734, 37.372782221510214], [127.94510238607734, 37.372782221510214], [127.9451157012277, 37.37503561820079], [127.9451157012277, 37.37503561820079], [127.9451157012277, 37.37503561820079], [127.9422921129565, 37.375046211396096], [127.94230534512192, 37.37729960808019], [127.94230534512192, 37.37729960808019], [127.94231857876038, 37.379553003899545], [127.94231857876038, 37.379553003899545], [127.9423053451219, 37.37729960808019], [127.9394816709104, 37.37731013472047], [127.9394816709104, 37.37731013472047], [127.93948167091042, 37.37731013472047], [127.93948167091042, 37.37731013472047], [127.94230534512192, 37.377299608080186], [127.9422921129565, 37.37504621139608], [127.93946852321238, 37.37505673718355], [127.93946852321238, 37.375056737183556], [127.9366449320048, 37.37506719556306], [127.93665799523525, 37.37732059394734]], [[127.93668412605905, 37.38182738812196], [127.93668412605905, 37.38182738812196], [127.93668412605905, 37.38182738812196], [127.93668412605905, 37.38182738812196], [127.93668412605905, 37.38182738812196]], [[127.94231857876038, 37.379553003899545], [127.93949482007207, 37.379563531392705], [127.93949482007207, 37.379563531392705], [127.94231857876038, 37.379553003899545], [127.9423318138721, 37.38180639885413], [127.9423318138721, 37.38180639885413], [127.9423318138721, 37.381806398854145], [127.9423318138721, 37.381806398854145], [127.94231857876038, 37.379553003899545]], [[127.9423450504572, 37.38405979294396], [127.9423450504572, 37.38405979294396], [127.9423450504572, 37.38405979294396], [127.9423450504572, 37.38405979294396], [127.9423450504572, 37.38405979294396]]], [[[127.93383431810582, 37.37733098576068], [127.93101063953156, 37.3773413101604], [127.93102353526179, 37.37959470935848], [127.93384729831337, 37.379584384122275], [127.93383431810582, 37.37733098576068]]], [[[127.93393820023616, 37.395358148443364], [127.93393820023616, 37.39535814844337], [127.93111384557999, 37.39536847953639], [127.93112675279981, 37.39762187181747], [127.93112675279981, 37.39762187181747], [127.93113966145661, 37.39987526323386], [127.93396418522734, 37.39986493046703], [127.93396418522734, 37.39986493046703], [127.93113966145661, 37.39987526323386], [127.93115257155054, 37.40212865378553], [127.9339771798927, 37.40211832018171], [127.93396418522734, 37.39986493046703], [127.93396418522734, 37.39986493046703], [127.9339771798927, 37.40211832018171], [127.93680178678811, 37.40210791910418], [127.93680178678811, 37.40210791910419], [127.93962639222741, 37.40209745055303], [127.93962639222741, 37.40209745055302], [127.93962639222741, 37.40209745055302], [127.93963955750058, 37.40435083771246], [127.94246424605466, 37.40434030083437], [127.94246424605466, 37.40434030083437], [127.9452889331336, 37.404329696477404], [127.9452889331336, 37.404329696477404], [127.94811361872799, 37.404319024641694], [127.9481001997144, 37.402065640058936], [127.9481001997144, 37.402065640058936], [127.94808678219462, 37.39981225461115], [127.94808678219462, 37.39981225461115], [127.94808678219462, 37.399812254611156], [127.95091129714491, 37.39980151703638], [127.95089779655777, 37.39754813159328], [127.94807336616844, 37.397558868298326], [127.94807336616844, 37.39755886829832], [127.94524893428569, 37.39756953754111], [127.94524893428569, 37.39756953754113], [127.94242450091892, 37.397580139321555], [127.94242450091892, 37.39758013932155], [127.94242450091892, 37.39758013932155], [127.94242450091892, 37.39758013932155], [127.94524893428569, 37.39756953754111], [127.94524893428569, 37.39756953754111], [127.94807336616844, 37.397558868298304], [127.94807336616844, 37.39755886829832], [127.95089779655777, 37.397548131593275], [127.95088429747348, 37.39529474528511], [127.94805995163571, 37.39530548112049], [127.94805995163571, 37.395305481120474], [127.94523560430467, 37.395316149499074], [127.94523560430467, 37.395316149499074], [127.94241125548979, 37.39532675042077], [127.94241125548979, 37.39532675042078], [127.93958690520047, 37.39533728388546], [127.93960006607753, 37.397590673639506], [127.93960006607753, 37.397590673639506], [127.93961322841979, 37.3998440625287], [127.94243774782265, 37.399833527357416], [127.94243774782265, 37.399833527357416], [127.94243774782265, 37.399833527357416], [127.94245099620117, 37.40208691452836], [127.94245099620117, 37.40208691452836], [127.94243774782265, 37.399833527357416], [127.93961322841979, 37.3998440625287], [127.93960006607753, 37.397590673639506], [127.93677562977092, 37.39760114049489], [127.93678870755154, 37.39985453023195], [127.93678870755154, 37.39985453023195], [127.93677562977092, 37.39760114049489], [127.93395119200856, 37.39761153988758], [127.93395119200856, 37.39761153988757], [127.93677562977092, 37.397601140494885], [127.93677562977092, 37.39760114049489], [127.93960006607753, 37.397590673639506], [127.93958690520047, 37.39533728388546], [127.9367625534461, 37.39534774989302], [127.9367625534461, 37.39534774989302], [127.9367494785769, 37.39309435842637], [127.9367494785769, 37.39309435842637], [127.93673640516313, 37.39084096609496], [127.93391222102976, 37.39085136296075], [127.93392520990992, 37.393104756134406], [127.93392520990992, 37.393104756134406], [127.93393820023616, 37.395358148443364]], [[127.94527559869998, 37.40207631103029], [127.94527559869998, 37.40207631103029], [127.94245099620117, 37.40208691452836], [127.94245099620117, 37.40208691452836], [127.94527559869998, 37.40207631103029]], [[127.93961322841979, 37.3998440625287], [127.93961322841979, 37.39984406252871], [127.93678870755154, 37.399854530231956], [127.93678870755154, 37.39985453023195], [127.93961322841979, 37.3998440625287]]], [[[127.93399017600473, 37.40437170903161], [127.9339771798927, 37.40211832018171], [127.93115257155054, 37.40212865378553], [127.93116548308176, 37.40438204347245], [127.93399017600473, 37.40437170903161]]], [[[127.94246424605466, 37.40434030083437], [127.93963955750058, 37.40435083771246], [127.93965272423945, 37.406604224006976], [127.94247749738327, 37.406593686275414], [127.94246424605466, 37.40434030083437]]], [[[127.94797949579156, 37.3817851398894], [127.94515565557325, 37.38179580308383], [127.94516897665378, 37.38404919631521], [127.94516897665378, 37.38404919631521], [127.94518229921731, 37.386302588681744], [127.94800630843557, 37.386291923759465], [127.94800630843557, 37.386291923759465], [127.95083031616126, 37.38628119140226], [127.95081682458857, 37.384027800769076], [127.95081682458857, 37.384027800769076], [127.95080333451766, 37.38177440927096], [127.94797949579156, 37.3817851398894], [127.94797949579156, 37.3817851398894]]], [[[127.95635543659357, 37.36597899334153], [127.95353219207999, 37.36598985264711], [127.9535457560724, 37.368243249324884], [127.9563690850149, 37.36823238913937], [127.95635543659357, 37.36597899334153]]], [[[127.97064058636461, 37.392964324723906], [127.96781633578402, 37.39297553184579], [127.96783034061471, 37.39522891368655], [127.97065467573617, 37.39521770565679], [127.97064058636461, 37.392964324723906]]], [[[127.97346483537682, 37.39295305015161], [127.97064058636461, 37.39296432472391], [127.97065467573617, 37.3952177056568], [127.97347900928906, 37.39520643017117], [127.97346483537682, 37.39295305015161]]], [[[127.97914201624144, 37.39743705414368], [127.97912767165158, 37.39518367683273], [127.97630334126401, 37.39519508722977], [127.97628908281125, 37.39294170812901], [127.97346483537682, 37.39295305015161], [127.97347900928906, 37.39520643017117], [127.97347900928906, 37.395206430171186], [127.97349318477929, 37.39745980932527], [127.97631760130413, 37.39744846546504], [127.97631760130413, 37.39744846546504], [127.97914201624144, 37.39743705414368]]], [[[127.9706828591851, 37.39972446492635], [127.97350736184764, 37.3997131876139], [127.97352154049432, 37.40196656503701], [127.97634612614725, 37.401955219338916], [127.97633186293181, 37.39970184283475], [127.97633186293184, 37.39970184283475], [127.97633186293184, 37.39970184283475], [127.97915636242827, 37.39969043058904], [127.97915636242827, 37.39969043058904], [127.98198086032757, 37.39967895087686], [127.98196642958179, 37.39742557536133], [127.97914201624145, 37.39743705414368], [127.97914201624144, 37.39743705414368], [127.97631760130413, 37.39744846546504], [127.97631760130413, 37.39744846546504], [127.97349318477929, 37.39745980932527], [127.97350736184764, 37.3997131876139], [127.97350736184764, 37.3997131876139], [127.97349318477929, 37.39745980932527], [127.97349318477929, 37.39745980932527], [127.97347900928906, 37.39520643017117], [127.97065467573617, 37.3952177056568], [127.97066876667627, 37.397471085724284], [127.97066876667627, 37.397471085724284], [127.9706828591851, 37.39972446492635]]], [[[127.96501992577348, 37.39749343613816], [127.96501992577348, 37.39749343613816], [127.96503384916271, 37.3997468171507], [127.96503384916271, 37.3997468171507], [127.96504777410206, 37.40200019729789], [127.96504777410206, 37.40200019729789], [127.96506170059169, 37.40425357657973], [127.96788637553063, 37.40424243239584], [127.96788637553063, 37.40424243239584], [127.96506170059169, 37.404253576579734], [127.96506170059169, 37.404253576579734], [127.9622370241023, 37.404264653285644], [127.96225086755405, 37.406518032599315], [127.96507562863177, 37.40650695499619], [127.96507562863177, 37.40650695499619], [127.96790038815884, 37.40649580990964], [127.96790038815884, 37.40649580990964], [127.97072514612587, 37.40648459733977], [127.97071104890972, 37.404231220734104], [127.96788637553063, 37.40424243239584], [127.96788637553063, 37.40424243239584], [127.97071104890972, 37.404231220734104], [127.97069695326286, 37.40197784326295], [127.97352154049432, 37.40196656503701], [127.97350736184764, 37.3997131876139], [127.9706828591851, 37.39972446492635], [127.9706828591851, 37.39972446492635], [127.97066876667627, 37.397471085724284], [127.97066876667627, 37.397471085724284], [127.97065467573617, 37.3952177056568], [127.96783034061471, 37.39522891368656], [127.96783034061471, 37.395228913686566], [127.96500600393412, 37.39524005426032], [127.96501992577348, 37.39749343613816]]], [[[127.95938483293997, 37.399768899506896], [127.96220934182168, 37.39975789206237], [127.96220934182168, 37.39975789206237], [127.96503384916271, 37.3997468171507], [127.96501992577348, 37.39749343613816], [127.96219550299249, 37.39750451015279], [127.96219550299249, 37.39750451015279], [127.95937107867103, 37.39751551670574], [127.95938483293997, 37.399768899506896]]], [[[127.95374939725252, 37.40204409569678], [127.95657399375736, 37.40203322230622], [127.95658766650976, 37.40428660426311], [127.95941234607183, 37.404275662513484], [127.95941234607183, 37.404275662513484], [127.95941234607183, 37.404275662513484], [127.9594261049351, 37.40652904271889], [127.96225086755405, 37.406518032599315], [127.96223702410227, 37.404264653285644], [127.96223702410227, 37.404264653285644], [127.96222318219155, 37.402011273106666], [127.96504777410206, 37.402000197297895], [127.96503384916271, 37.3997468171507], [127.96220934182168, 37.399757892062375], [127.96222318219155, 37.402011273106666], [127.95939858874017, 37.40202228144281], [127.95939858874017, 37.402022281442804], [127.95657399375737, 37.40203322230622], [127.95657399375737, 37.40203322230622], [127.95939858874017, 37.402022281442804], [127.95938483293997, 37.399768899506896], [127.95656032252701, 37.39977983948415], [127.95654665281847, 37.397526455796864], [127.95372222544427, 37.397537327426086], [127.95372222544427, 37.397537327426086], [127.95089779655777, 37.397548131593275], [127.95091129714491, 37.39980151703637], [127.95373581059219, 37.39979071199401], [127.95374939725252, 37.40204409569678]]], [[[127.98199529267994, 37.40193232552672], [127.98198086032757, 37.39967895087687], [127.97915636242827, 37.39969043058905], [127.97917071021227, 37.40194380616878], [127.98199529267994, 37.40193232552672]]], [[[127.97634612614725, 37.40195521933892], [127.97352154049432, 37.401966565037014], [127.97352154049432, 37.401966565037014], [127.97069695326286, 37.401977843262955], [127.97071104890972, 37.404231220734104], [127.97071104890972, 37.404231220734104], [127.97072514612587, 37.40648459733977], [127.97354990252343, 37.40647331728668], [127.97353572071952, 37.404219941594626], [127.97636039095062, 37.40420859497752], [127.97636039095062, 37.40420859497752], [127.9791850595936, 37.4041971808829], [127.97917071021227, 37.40194380616878], [127.97917071021227, 37.40194380616878], [127.97915636242827, 37.39969043058905], [127.97633186293184, 37.399701842834766], [127.97634612614726, 37.40195521933892], [127.97634612614725, 37.40195521933892], [127.97634612614725, 37.40195521933892]]]]}}, {"type": "Feature", "properties": {"rank": 3, "method": "BFS+Zoning", "n_grids": 115, "avg_micro": 81.13306064796058, "cluster_score": 138.98405883854804, "buildable_ha": 283.75, "final_score": 97.28884118698362, "avg_bcr": 0.3947826086956522, "center_lat": 37.35201695146186, "center_lon": 127.98598378691474}, "geometry": {"type": "MultiPolygon", "coordinates": [[[[127.97597579807915, 37.343367148974224], [127.97879818641808, 37.343355759821286], [127.97878388009937, 37.341102361741804], [127.97596157608461, 37.34111374997174], [127.97597579807915, 37.343367148974224]]], [[[127.97601847356204, 37.35012734079111], [127.97601847356204, 37.35012734079111], [127.9788411149298, 37.35011594886883], [127.9788268038331, 37.34786255338482], [127.97600424681767, 37.347873944383934], [127.97600424681767, 37.347873944383934], [127.97318168821876, 37.34788526804207], [127.97319583061062, 37.35013866536695], [127.97601847356204, 37.35012734079111]]], [[[127.97037318608491, 37.35014992259624], [127.97038724568895, 37.35240331996835], [127.97320997457673, 37.352392061826755], [127.97319583061059, 37.35013866536695], [127.97319583061062, 37.35013866536695], [127.97318168821876, 37.34788526804207], [127.97035912804577, 37.347896524359115], [127.97037318608491, 37.35014992259624], [127.97037318608491, 37.35014992259624]]], [[[127.9675645152361, 37.35241451075783], [127.96757849203354, 37.35466790817177], [127.9647556756532, 37.35467903251044], [127.96474178322762, 37.35242563419506], [127.96191904967282, 37.35243669027993], [127.96193285772637, 37.354690089491314], [127.95911003826248, 37.35470107911424], [127.95912376347151, 37.35695447835129], [127.96194666731701, 37.356943487837775], [127.96193285772637, 37.354690089491314], [127.96193285772637, 37.354690089491314], [127.96194666731701, 37.356943487837775], [127.96476956962523, 37.35693242996087], [127.96476956962523, 37.35693242996087], [127.9675924703868, 37.3569213047207], [127.9675924703868, 37.35692130472071], [127.97041536959237, 37.356910112117376], [127.97040130685805, 37.3546567164754], [127.97040130685805, 37.3546567164754], [127.97038724568895, 37.35240331996835], [127.97038724568895, 37.35240331996835], [127.97037318608491, 37.350149922596245], [127.96755053999435, 37.35016111247887], [127.9675645152361, 37.35241451075783], [127.9675645152361, 37.35241451075783]]], [[[127.97322412011732, 37.354645457421434], [127.97320997457673, 37.35239206182676], [127.97038724568895, 37.35240331996835], [127.97040130685805, 37.3546567164754], [127.97040130685805, 37.3546567164754], [127.97041536959237, 37.356910112117376], [127.9732382672325, 37.356898852151005], [127.9732382672325, 37.356898852151005], [127.97606116329781, 37.356887524821694], [127.97606116329781, 37.356887524821694], [127.97888405777891, 37.35687613012959], [127.97886974190253, 37.35462273724123], [127.98169255040969, 37.35461127611523], [127.98170695066642, 37.3568646680748], [127.98452984195092, 37.35685313865743], [127.98451535731407, 37.35459974763211], [127.98169255040969, 37.35461127611523], [127.98169255040969, 37.35461127611523], [127.98451535731407, 37.35459974763211], [127.98450087428942, 37.35234635574143], [127.98450087428942, 37.35234635574143], [127.98451535731407, 37.35459974763211], [127.98451535731407, 37.35459974763211], [127.98452984195092, 37.35685313865743], [127.98735273162303, 37.3568415418776], [127.98733816260625, 37.35458815179199], [127.98733816260625, 37.35458815179199], [127.98732359521104, 37.352334760840975], [127.98732359521107, 37.352334760840975], [127.98733816260625, 37.35458815179199], [127.99016096627683, 37.354576488594994], [127.99014631451128, 37.35232309858908], [127.99014631451125, 37.35232309858908], [127.9901316643765, 37.350069707717736], [127.98730902943726, 37.350081369024586], [127.98730902943726, 37.350081369024586], [127.9844863928768, 37.35009296298545], [127.9844863928768, 37.35009296298545], [127.9844863928768, 37.35009296298545], [127.9844863928768, 37.35009296298544], [127.98730902943726, 37.35008136902457], [127.98730902943726, 37.35008136902457], [127.9901316643765, 37.35006970771773], [127.9901316643765, 37.35006970771773], [127.99295429768516, 37.350057979065056], [127.99295429768516, 37.350057979065056], [127.99577692935382, 37.35004618306666], [127.99576211214708, 37.34779279323625], [127.99576211214708, 37.34779279323625], [127.99576211214708, 37.34779279323625], [127.99858465781537, 37.347780930853645], [127.99858465781537, 37.347780930853645], [128.00140720182506, 37.347769001131], [128.00139221758448, 37.345515612363165], [128.00139221758448, 37.34551561236316], [128.00137723501163, 37.34326222272972], [128.00137723501163, 37.34326222272972], [128.00139221758448, 37.34551561236316], [128.00139221758448, 37.34551561236316], [128.00140720182506, 37.34776900113099], [128.0014072018251, 37.34776900113099], [128.00142218773365, 37.3500223890332], [128.004244814426, 37.35001039099839], [128.00422974416682, 37.347757004068455], [128.00705228483122, 37.34774493966616], [128.00703713190836, 37.34549155284824], [128.0098595865452, 37.34547942208941], [128.00984435097743, 37.34322603538886], [128.00702198067205, 37.34323816516458], [128.00702198067205, 37.34323816516458], [128.00702198067202, 37.34323816516458], [128.00700683112206, 37.34098477661524], [128.0041845434526, 37.34099683808466], [128.0041845434526, 37.34099683808466], [128.00136225410637, 37.341008832230706], [128.00137723501163, 37.34326222272972], [128.00137723501163, 37.34326222272972], [128.00136225410637, 37.3410088322307], [127.99853996309277, 37.341020759053194], [127.9985548596754, 37.34327415051889], [127.9985548596754, 37.34327415051889], [127.9985697579162, 37.34552754111904], [127.99856975791617, 37.34552754111904], [127.99856975791617, 37.34552754111904], [127.99574729658953, 37.345539402540346], [127.99574729658953, 37.345539402540346], [127.99574729658953, 37.345539402540346], [127.99573248268095, 37.34328601097894], [127.99571767042117, 37.341032618552056], [127.992895376101, 37.34104441072714], [127.99289537610098, 37.34104441072714], [127.99288064980347, 37.338791016479135], [127.9900584381579, 37.3388027403801], [127.9900584381579, 37.338802740380096], [127.99288064980347, 37.33879101647913], [127.992865925145, 37.33653762136573], [127.99004379780386, 37.336549344316516], [127.9900584381579, 37.338802740380096], [127.98723622488268, 37.33881439696251], [127.98725078255232, 37.34106779310553], [127.99007308014157, 37.34105613557835], [127.99007308014157, 37.341056135578356], [127.99007308014157, 37.341056135578356], [127.99008772375508, 37.34330952991125], [127.9929101040377, 37.34329780410977], [127.99292483361386, 37.34555119662698], [127.99292483361386, 37.34555119662698], [127.99293956482961, 37.34780458827874], [127.99293956482961, 37.34780458827874], [127.99292483361386, 37.34555119662698], [127.99010236899862, 37.3455629233788], [127.99010236899862, 37.345562923378786], [127.98727990275313, 37.3455745827957], [127.98727990275313, 37.3455745827957], [127.98445743488682, 37.34558617487755], [127.984471913076, 37.34783956936413], [127.984471913076, 37.34783956936413], [127.984471913076, 37.34783956936414], [127.98164935925567, 37.34785109504486], [127.98164935925567, 37.34785109504486], [127.9788268038331, 37.34786255338483], [127.9788411149298, 37.35011594886883], [127.9788411149298, 37.35011594886883], [127.97601847356204, 37.35012734079111], [127.97601847356204, 37.35012734079112], [127.97319583061062, 37.350138665366956], [127.97320997457673, 37.352392061826755], [127.97320997457673, 37.352392061826755], [127.97322412011732, 37.354645457421434], [127.97322412011732, 37.354645457421434], [127.97322412011732, 37.354645457421434]], [[127.97603270189006, 37.35238073633315], [127.97603270189006, 37.35238073633315], [127.97603270189006, 37.35238073633315], [127.97604693180193, 37.35463413101001], [127.97604693180193, 37.35463413101001], [127.97603270189006, 37.35238073633315]], [[127.98729446528468, 37.347827976342806], [127.99011701587234, 37.34781631598096], [127.99011701587234, 37.347816315980964], [127.99011701587234, 37.347816315980964], [127.98729446528468, 37.347827976342806], [127.98729446528468, 37.347827976342806], [127.98729446528468, 37.347827976342806], [127.98729446528468, 37.347827976342806]]], [[[127.96196047844485, 37.359196885319314], [127.96194666731701, 37.356943487837775], [127.95912376347151, 37.35695447835129], [127.95913749020839, 37.35920787672347], [127.96196047844485, 37.359196885319314]]], [[[127.9732382672325, 37.356898852151005], [127.97325241592254, 37.35915224601543], [127.97607539637794, 37.359140917768194], [127.97889837524893, 37.359129522152706], [127.97889837524893, 37.359129522152706], [127.97607539637794, 37.359140917768194], [127.97607539637794, 37.359140917768194], [127.97325241592254, 37.35915224601543], [127.97326656618758, 37.361405639014684], [127.97326656618758, 37.361405639014684], [127.9732807180278, 37.363659031148735], [127.97610386729153, 37.3636477010655], [127.97611810512537, 37.36590109141629], [127.97894133722242, 37.36588969303031], [127.9789270149705, 37.36363630360309], [127.9789270149705, 37.36363630360309], [127.97891269431273, 37.36138291331055], [127.97891269431273, 37.36138291331055], [127.97889837524893, 37.359129522152706], [127.98172135252614, 37.35911805916906], [127.98172135252614, 37.35911805916906], [127.98454432820014, 37.35910652881741], [127.98736730226159, 37.35909493109782], [127.98735273162303, 37.3568415418776], [127.98452984195092, 37.35685313865743], [127.98170695066642, 37.3568646680748], [127.98170695066642, 37.3568646680748], [127.97888405777891, 37.35687613012959], [127.97888405777891, 37.35687613012959], [127.97606116329781, 37.356887524821694], [127.9732382672325, 37.356898852151005]]], [[[127.96760645029612, 37.359174700404594], [127.96762043176166, 37.361428095223445], [127.97044349975751, 37.361416900806034], [127.97042943389214, 37.35916350689426], [127.97042943389214, 37.35916350689426], [127.97042943389214, 37.35916350689426], [127.97042943389214, 37.35916350689426], [127.97044349975751, 37.361416900806034], [127.97326656618758, 37.361405639014684], [127.97325241592254, 37.35915224601543], [127.97325241592252, 37.35915224601543], [127.9732382672325, 37.35689885215101], [127.97041536959237, 37.35691011211739], [127.97041536959237, 37.35691011211739], [127.9675924703868, 37.356921304720714], [127.96760645029615, 37.359174700404594], [127.96760645029612, 37.359174700404594]]], [[[127.9761323445442, 37.36815448090181], [127.97895566106871, 37.36814308159224], [127.97894133722242, 37.36588969303032], [127.97611810512537, 37.3659010914163], [127.9761323445442, 37.36815448090181]]], [[[127.97879818641808, 37.34335575982129], [127.97597579807915, 37.34336714897423], [127.97599002165676, 37.34562054711163], [127.97599002165676, 37.34562054711163], [127.97600424681767, 37.347873944383934], [127.9788268038331, 37.347862553384815], [127.9788268038331, 37.34786255338482], [127.98164935925567, 37.34785109504486], [127.98164935925567, 37.34785109504486], [127.98447191307598, 37.34783956936413], [127.9844574348868, 37.34558617487755], [127.98163496540906, 37.345597699624236], [127.98163496540906, 37.345597699624236], [127.97881249432925, 37.34560915703563], [127.97881249432925, 37.345609157035625], [127.97881249432925, 37.345609157035625], [127.98163496540906, 37.34559769962423], [127.98163496540906, 37.34559769962423], [127.9844574348868, 37.345586174877546], [127.98444295830907, 37.34333277952569], [127.98444295830907, 37.34333277952569], [127.98442848334261, 37.34107938330858], [127.98160618252184, 37.34109090618738], [127.98160618252184, 37.341090906187375], [127.97878388009937, 37.341102361741804], [127.97879818641808, 37.343355759821286], [127.9816205731645, 37.3433443033384], [127.9816205731645, 37.3433443033384], [127.97879818641808, 37.343355759821286], [127.97879818641808, 37.34335575982129]]], [[[127.98176456772512, 37.36587822725983], [127.98176456772512, 37.36587822725983], [127.98458779662407, 37.3658666941049], [127.98457330553654, 37.363613306541154], [127.98457330553654, 37.363613306541154], [127.98455881606198, 37.36135991811198], [127.98173575598904, 37.361371449398014], [127.9817501610553, 37.36362483876158], [127.9817501610553, 37.36362483876158], [127.9817501610553, 37.36362483876158], [127.9789270149705, 37.36363630360308], [127.97894133722242, 37.36588969303031], [127.98176456772512, 37.36587822725983]]], [[[127.97895566106871, 37.36814308159224], [127.97896998650954, 37.3703964692888], [127.98179338587622, 37.37038500166012], [127.98177897599871, 37.368131614892675], [127.98177897599871, 37.368131614892675], [127.98176456772512, 37.365878227259834], [127.97894133722242, 37.36588969303032], [127.97895566106871, 37.36814308159224], [127.97895566106871, 37.36814308159224]]], [[[127.98725078255232, 37.34106779310554], [127.98723622488268, 37.33881439696251], [127.98441400998719, 37.338825986226254], [127.98442848334261, 37.34107938330858], [127.98725078255232, 37.34106779310554]]], [[[127.99296903218071, 37.352311368985895], [127.99296903218071, 37.352311368985895], [127.99579174820994, 37.35229957203154], [127.99579174820994, 37.35229957203154], [127.99579174820994, 37.35229957203154], [127.99579174820994, 37.35229957203155], [127.99296903218071, 37.35231136898591], [127.99296903218071, 37.35231136898591], [127.99014631451128, 37.35232309858909], [127.99016096627683, 37.354576488594994], [127.99298376831644, 37.35456475804125], [127.99298376831644, 37.35456475804125], [127.99580656871565, 37.35455296013087], [127.9958213908711, 37.356806347364625], [127.99864427399973, 37.35679448113619], [127.9986293674651, 37.35454109486397], [127.99580656871565, 37.35455296013086], [127.99580656871565, 37.354552960130846], [127.9986293674651, 37.35454109486396], [127.99861446258964, 37.35228770772613], [127.99861446258964, 37.35228770772613], [127.99859955937312, 37.35003431972268], [127.99577692935382, 37.35004618306668], [127.99577692935382, 37.35004618306666], [127.99295429768516, 37.350057979065056], [127.99295429768516, 37.350057979065056], [127.9901316643765, 37.35006970771773], [127.99014631451128, 37.35232309858908], [127.99296903218071, 37.352311368985895]]], [[[127.99017561967335, 37.35682987773546], [127.99017561967335, 37.35682987773546], [127.99017561967335, 37.35682987773546], [127.99017561967335, 37.35682987773546], [127.98735273162303, 37.35684154187761], [127.98736730226159, 37.35909493109782], [127.98736730226159, 37.35909493109782], [127.98738187452214, 37.36134831945258], [127.99020493136014, 37.361336653419926], [127.99020493136014, 37.361336653419926], [127.99021958965078, 37.3635900399639], [127.99304272926496, 37.36357830560733], [127.99304272926496, 37.36357830560733], [127.995865867238, 37.36356650387229], [127.995865867238, 37.3635665038723], [127.9986890035605, 37.36355463475891], [127.99867409204724, 37.36130125108368], [127.9958510401321, 37.36131311923537], [127.9958510401321, 37.361313119235355], [127.9930279865666, 37.36132492001414], [127.99302798656657, 37.36132492001414], [127.99301324550916, 37.35907153355539], [127.99583621467653, 37.3590597337328], [127.9958213908711, 37.356806347364625], [127.9929985060925, 37.35681814623109], [127.99298376831644, 37.35456475804125], [127.99016096627683, 37.354576488594994], [127.99016096627683, 37.354576488594994], [127.98733816260625, 37.354588151791994], [127.98735273162303, 37.35684154187761], [127.99017561967335, 37.35682987773546]], [[127.9929985060925, 37.35681814623109], [127.99301324550916, 37.35907153355539], [127.99301324550916, 37.35907153355539], [127.9929985060925, 37.35681814623109], [127.9929985060925, 37.35681814623109]]], [[[128.00136225410637, 37.3410088322307], [128.0013472748685, 37.3387554408661], [127.99852506816814, 37.33876736672201], [127.99853996309277, 37.341020759053194], [128.00136225410637, 37.3410088322307]]], [[[127.9985548596754, 37.34327415051888], [127.99853996309277, 37.34102075905319], [127.99571767042117, 37.341032618552056], [127.99573248268095, 37.343286010978936], [127.9985548596754, 37.34327415051888]]], [[[127.99856975791617, 37.34552754111904], [127.9985548596754, 37.34327415051889], [127.99573248268095, 37.34328601097894], [127.99574729658953, 37.345539402540346], [127.99856975791617, 37.34552754111904]]], [[[128.0042598863627, 37.35226377706262], [128.00425988636272, 37.35226377706262], [128.00708259573733, 37.352251710704785], [128.00709775372098, 37.354505094925436], [128.00992054577748, 37.35449296023372], [128.00990530342483, 37.35223957699639], [128.00990530342483, 37.35223957699639], [128.0098900627687, 37.34998619289321], [128.00706743944082, 37.34999832561835], [128.00708259573736, 37.352251710704785], [128.00708259573733, 37.352251710704785], [128.00706743944082, 37.34999832561835], [128.004244814426, 37.3500103909984], [128.004244814426, 37.3500103909984], [128.00142218773365, 37.350022389033214], [128.00142218773365, 37.35002238903321], [128.00142218773365, 37.35002238903321], [128.0014072018251, 37.347769001131], [127.99858465781537, 37.347780930853645], [127.99859955937312, 37.350034319722674], [127.99859955937315, 37.350034319722674], [127.99861446258964, 37.35228770772613], [128.00143717531034, 37.35227577606979], [128.00143717531034, 37.35227577606979], [128.0042598863627, 37.35226377706262]]], [[[127.99859955937312, 37.350034319722674], [127.99858465781537, 37.347780930853645], [127.99576211214708, 37.34779279323625], [127.99577692935382, 37.35004618306666], [127.99859955937312, 37.350034319722674]]]]}}, {"type": "Feature", "properties": {"rank": 4, "method": "BFS+Zoning", "n_grids": 115, "avg_micro": 78.57551781213283, "cluster_score": 134.60288942206154, "buildable_ha": 280.00000000000006, "final_score": 94.22202259544306, "avg_bcr": 0.3895652173913044, "center_lat": 37.33949032364599, "center_lon": 127.83501926315697}, "geometry": {"type": "MultiPolygon", "coordinates": [[[[127.8150502697736, 37.33263780919113], [127.8150596808268, 37.33489125523506], [127.81505968082678, 37.33489125523506], [127.81506909292757, 37.33714470041653], [127.81506909292757, 37.33714470041653], [127.81507850607606, 37.339398144735554], [127.81790080101453, 37.3393905947863], [127.81790080101453, 37.33939059478631], [127.82072309489581, 37.339382977512436], [127.82073267773919, 37.341636419739636], [127.82355505487722, 37.34162873451836], [127.82355505487722, 37.34162873451836], [127.82356472312003, 37.34388217526009], [127.82356472312003, 37.34388217526009], [127.8235743924391, 37.346135615139204], [127.82639693717562, 37.34612786133128], [127.82639693717562, 37.34612786133128], [127.82921948082641, 37.346120040182605], [127.83204202338209, 37.34611215169325], [127.83203210103743, 37.34385871371565], [127.8292096428235, 37.343866601565715], [127.8292096428235, 37.343866601565715], [127.8291998059156, 37.34161316208612], [127.8291998059156, 37.34161316208613], [127.8291998059156, 37.34161316208612], [127.83202217979715, 37.34160527487533], [127.83201225966116, 37.339351835172266], [127.82918997010255, 37.33935972174385], [127.82918997010255, 37.33935972174385], [127.83201225966116, 37.339351835172266], [127.83200234062927, 37.3370983946065], [127.82918013538426, 37.33710628053889], [127.82917030176058, 37.3348528384713], [127.82917030176058, 37.3348528384713], [127.82918013538426, 37.33710628053888], [127.83200234062927, 37.33709839460649], [127.83199242270142, 37.33484495317804], [127.82917030176058, 37.334852838471285], [127.82916046923141, 37.33259939554108], [127.82633843149102, 37.33260721288729], [127.82634817972529, 37.334860656451156], [127.82634817972529, 37.334860656451156], [127.82634817972529, 37.33486065645115], [127.82633843149102, 37.33260721288729], [127.82351639266568, 37.33261496292547], [127.82351639266568, 37.33261496292547], [127.82069435276475, 37.33262264565556], [127.82069435276475, 37.332622645655555], [127.81787231179759, 37.33263026107747], [127.81788180714624, 37.33488370650956], [127.81788180714624, 37.33488370650956], [127.81787231179759, 37.332630261077476], [127.8150502697736, 37.33263780919113]], [[127.82635792904462, 37.337114099152444], [127.82918013538426, 37.33710628053889], [127.82918013538426, 37.3371062805389], [127.82635792904462, 37.33711409915245], [127.82635792904462, 37.337114099152444]], [[127.81789130355186, 37.33713715107918], [127.82071351311902, 37.337129534422665], [127.82071351311902, 37.33712953442267], [127.81789130355186, 37.33713715107919], [127.81789130355186, 37.33713715107918], [127.81789130355186, 37.33713715107918], [127.81789130355186, 37.33713715107918]], [[127.82636767944919, 37.33936754099111], [127.82636767944919, 37.33936754099111], [127.82636767944919, 37.33936754099111], [127.82637743093915, 37.34162098196716], [127.82637743093915, 37.34162098196716], [127.82636767944919, 37.33936754099111], [127.8235453877105, 37.339375292914006], [127.8235453877105, 37.339375292914006], [127.82072309489581, 37.339382977512436], [127.82072309489581, 37.33938297751243], [127.8235453877105, 37.33937529291399], [127.8235453877105, 37.33937529291399], [127.82636767944919, 37.33936754099111]], [[127.82353572161976, 37.33712185044704], [127.82635792904462, 37.33711409915244], [127.82635792904462, 37.337114099152444], [127.82353572161973, 37.33712185044705], [127.82353572161973, 37.33712185044705], [127.82071351311902, 37.337129534422665], [127.82071351311902, 37.33712953442266], [127.82353572161973, 37.33712185044704], [127.82352605660485, 37.33486840711754], [127.82352605660485, 37.33486840711754], [127.82353572161976, 37.33712185044704]], [[127.82638718351457, 37.34387442208055], [127.82637743093915, 37.34162098196717], [127.82637743093915, 37.34162098196717], [127.82638718351457, 37.34387442208055], [127.82638718351457, 37.34387442208055]]], [[[127.81223755345978, 37.33489873664674], [127.81224688125562, 37.33715218243465], [127.81506909292757, 37.33714470041653], [127.81505968082678, 37.33489125523506], [127.81505968082678, 37.33489125523506], [127.81505026977356, 37.33263780919113], [127.81222822670212, 37.33264528999646], [127.81223755345978, 37.33489873664674], [127.81223755345978, 37.33489873664674]]], [[[127.82077101978108, 37.35065018002251], [127.82359373430639, 37.35064249230946], [127.82360340685486, 37.35289592960058], [127.82642620467371, 37.35288817390728], [127.82642620467371, 37.35288817390728], [127.82924900140644, 37.352880350856864], [127.82924900140644, 37.352880350856864], [127.82642620467371, 37.35288817390728], [127.8264359626785, 37.35514160970716], [127.82925884379065, 37.355133786022755], [127.82925884379065, 37.355133786022755], [127.83208172380718, 37.355125894975835], [127.83207179704365, 37.35287246044941], [127.83207179704365, 37.35287246044941], [127.83208172380718, 37.355125894975835], [127.83490460271864, 37.355117936566494], [127.83490460271864, 37.355117936566494], [127.83208172380718, 37.355125894975835], [127.8320916516757, 37.35737932863944], [127.8320916516757, 37.35737932863944], [127.8321015806494, 37.35963276144021], [127.8349246283474, 37.359624801740935], [127.83491461497574, 37.35737136958517], [127.83491461497574, 37.35737136958517], [127.83491461497574, 37.35737136958517], [127.83491461497574, 37.35737136958517], [127.8349246283474, 37.359624801740935], [127.8349246283474, 37.359624801740935], [127.8321015806494, 37.35963276144021], [127.8321115107284, 37.36188619337809], [127.8321115107284, 37.36188619337809], [127.8321214419128, 37.36413962445309], [127.8349446584349, 37.364131663463745], [127.83493464283374, 37.361878233033806], [127.83493464283374, 37.361878233033806], [127.8349446584349, 37.364131663463745], [127.8349446584349, 37.364131663463745], [127.83495467515104, 37.36638509303072], [127.83777797498418, 37.366377064006656], [127.83777797498418, 37.366377064006656], [127.84060127369285, 37.36636896759302], [127.84059108812485, 37.364115539332595], [127.83776787384207, 37.36412363509022], [127.83776787384207, 37.36412363509022], [127.83776787384207, 37.36412363509022], [127.83776787384207, 37.36412363509022], [127.84059108812485, 37.364115539332595], [127.84058090369058, 37.36186211020915], [127.84058090369058, 37.36186211020915], [127.84057072038993, 37.35960868022271], [127.84057072038993, 37.35960868022271], [127.84056053822276, 37.35735524937328], [127.83773757716123, 37.35736334316308], [127.83774767493071, 37.35961677466842], [127.83774767493071, 37.35961677466842], [127.83774767493071, 37.35961677466841], [127.83774767493071, 37.35961677466841], [127.83773757716123, 37.35736334316308], [127.83773757716123, 37.35736334316308], [127.8377274805157, 37.355109910794816], [127.8377274805157, 37.355109910794816], [127.83771738499398, 37.35285647756364], [127.83489459157597, 37.352864502684966], [127.83489459157597, 37.352864502684966], [127.83489459157597, 37.352864502684966], [127.8348845815476, 37.35061106794058], [127.83206187138506, 37.35061902506014], [127.83206187138506, 37.35061902506014], [127.82923916011775, 37.350626914828204], [127.82923916011775, 37.35062691482819], [127.82923916011775, 37.35062691482819], [127.82923916011775, 37.35062691482819], [127.83206187138506, 37.35061902506013], [127.83206187138506, 37.35061902506013], [127.8348845815476, 37.35061106794058], [127.8348745726334, 37.34835763233335], [127.83205194683126, 37.348365588808086], [127.83204202338209, 37.34611215169325], [127.82921948082641, 37.346120040182605], [127.82922931992445, 37.34837347793677], [127.82922931992445, 37.34837347793677], [127.82922931992445, 37.34837347793677], [127.82640669192241, 37.34838129971933], [127.82640669192241, 37.34838129971933], [127.82358406283448, 37.34838905415567], [127.8235743924391, 37.346135615139204], [127.82075184662621, 37.34614330160629], [127.82076143267011, 37.34839674124571], [127.82076143267011, 37.34839674124571], [127.82077101978108, 37.35065018002251]], [[127.82358406283448, 37.34838905415567], [127.82359373430639, 37.35064249230946], [127.82359373430639, 37.35064249230946], [127.82358406283448, 37.34838905415567], [127.82358406283448, 37.34838905415567]]], [[[127.83472457253168, 37.31455599469733], [127.83473456474904, 37.31680944324484], [127.83755600937891, 37.316801428524144], [127.83754593294205, 37.31454798062632], [127.83472457253168, 37.314555994697315], [127.83471458142644, 37.31230254528723], [127.8318933041143, 37.31231049144986], [127.83190321100928, 37.31456394150417], [127.83472457253168, 37.31455599469733]]], [[[127.83473456474904, 37.31680944324485], [127.83472457253168, 37.31455599469733], [127.83190321100928, 37.31456394150417], [127.83191311900694, 37.31681739069596], [127.83473456474904, 37.31680944324485]]], [[[127.83477454474183, 37.32582322880923], [127.83476454807486, 37.32356978371204], [127.83194284961753, 37.323577733096165], [127.83195276202734, 37.32583117883776], [127.83477454474183, 37.32582322880923]]], [[[127.83761649155808, 37.33032209779592], [127.83760640838972, 37.328068655073956], [127.83478454252153, 37.32807667304379], [127.83479454141411, 37.330330116415716], [127.83479454141411, 37.330330116415716], [127.83480454141967, 37.332583558924945], [127.83480454141967, 37.332583558924945], [127.83481454253837, 37.33483700057148], [127.83763666126205, 37.33482898065171], [127.83763666126205, 37.33482898065171], [127.84045877886312, 37.33482089341877], [127.84044860915546, 37.332567453077715], [127.84044860915546, 37.332567453077715], [127.84044860915546, 37.332567453077715], [127.84044860915546, 37.332567453077715], [127.84045877886312, 37.33482089341877], [127.84328089533217, 37.33481273887277], [127.84328089533217, 37.33481273887277], [127.84610301065982, 37.334804517013815], [127.84610301065982, 37.334804517013815], [127.84610301065982, 37.334804517013815], [127.84611335010672, 37.33705795516469], [127.84611335010672, 37.33705795516469], [127.84612369070452, 37.339311392452686], [127.84612369070452, 37.339311392452686], [127.84612369070452, 37.3393113924527], [127.84330140676042, 37.33931961564456], [127.84331166418698, 37.34157305273616], [127.84331166418698, 37.34157305273616], [127.84048929477878, 37.341581209265186], [127.84048929477878, 37.341581209265186], [127.83766692423815, 37.34158929846478], [127.83767701414271, 37.34384273601022], [127.84049946901533, 37.343834646154995], [127.84049946901533, 37.34383464615499], [127.84332192275536, 37.34382648896489], [127.84332192275536, 37.34382648896489], [127.84614437535348, 37.343818264439975], [127.8461340324534, 37.34156482887781], [127.8461340324534, 37.34156482887781], [127.8461340324534, 37.3415648288778], [127.84895639956864, 37.341556537690174], [127.84895639956864, 37.341556537690174], [127.85177876552328, 37.34154817917336], [127.85176825513018, 37.33929474409763], [127.85176825513018, 37.33929474409763], [127.85175774590692, 37.33704130815892], [127.84893554858698, 37.33704966532094], [127.84893554858698, 37.33704966532094], [127.84893554858698, 37.33704966532094], [127.84893554858698, 37.33704966532093], [127.85175774590692, 37.33704130815892], [127.85174723785336, 37.334787871357264], [127.85174723785336, 37.33478787135726], [127.85173673096934, 37.33253443369267], [127.84891470224652, 37.33254278950005], [127.84892512483665, 37.334796227841935], [127.84892512483665, 37.334796227841935], [127.84892512483665, 37.334796227841935], [127.84891470224652, 37.33254278950005], [127.84891470224652, 37.33254278950005], [127.84890428081641, 37.33028935029528], [127.84608233521821, 37.33029763812349], [127.8460926723637, 37.332551078000066], [127.84327064133022, 37.33255929919265], [127.84327064133022, 37.33255929919265], [127.84327064133022, 37.33255929919265], [127.84326038846952, 37.33030585864972], [127.84608233521821, 37.33029763812349], [127.84608233521821, 37.33029763812349], [127.84890428081641, 37.330289350295274], [127.84890428081641, 37.330289350295274], [127.85172622525471, 37.33028099516515], [127.85171572070936, 37.32802755577472], [127.8488938605462, 37.32803591022761], [127.8488938605462, 37.32803591022761], [127.84607199922328, 37.32804419738407], [127.84607199922328, 37.32804419738407], [127.84325013674997, 37.328052417244], [127.84326038846952, 37.33030585864972], [127.84043844057969, 37.330314011873895], [127.84043844057969, 37.330314011873895], [127.83761649155808, 37.33032209779592], [127.83762657584883, 37.33257553965518], [127.83762657584883, 37.33257553965518], [127.83762657584883, 37.33257553965518], [127.83762657584883, 37.33257553965518], [127.83761649155808, 37.33032209779592], [127.83761649155808, 37.33032209779592]], [[127.84894597349758, 37.33930310193702], [127.84894597349758, 37.33930310193702], [127.84894597349758, 37.33930310193702], [127.84894597349758, 37.33930310193702], [127.84894597349758, 37.33930310193702]]], [[[127.83201225966116, 37.339351835172266], [127.83202217979715, 37.34160527487533], [127.8348445525745, 37.34159732033484], [127.83483454811564, 37.33934388127647], [127.83483454811564, 37.33934388127647], [127.83482454477031, 37.33709044135534], [127.83200234062927, 37.3370983946065], [127.83201225966116, 37.339351835172266], [127.83201225966116, 37.339351835172266]]], [[[127.83486456483321, 37.346104195863305], [127.83485455814696, 37.34385075853046], [127.83203210103743, 37.34385871371565], [127.83204202338209, 37.346112151693234], [127.83486456483321, 37.346104195863305]]], [[[127.83205194683126, 37.348365588808086], [127.8348745726334, 37.34835763233335], [127.8348745726334, 37.34835763233335], [127.8376971973215, 37.34834960851264], [127.8376971973215, 37.34834960851264], [127.84051982088619, 37.34834151734604], [127.84050964438441, 37.346088082181964], [127.83768710517046, 37.346096172692846], [127.83768710517046, 37.346096172692846], [127.83486456483324, 37.34610419586331], [127.83486456483324, 37.34610419586331], [127.83204202338209, 37.34611215169325], [127.83205194683126, 37.348365588808086]]], [[[127.84320914128043, 37.319038642993654], [127.84319889526455, 37.316785197274285], [127.8403774528872, 37.31679334653393], [127.84038761467444, 37.31904679291395], [127.84320914128043, 37.319038642993654]]], [[[127.83756608693739, 37.31905487555938], [127.83755600937891, 37.316801428524144], [127.83473456474904, 37.31680944324484], [127.83474455807858, 37.31906289092982], [127.83756608693739, 37.31905487555938]]], [[[127.83756608693739, 37.31905487555938], [127.83757616561756, 37.32130832173199], [127.83757616561756, 37.32130832173199], [127.8375862454196, 37.32356176704197], [127.8375862454196, 37.32356176704197], [127.8375862454196, 37.32356176704197], [127.83757616561756, 37.32130832173199], [127.8347545525205, 37.32131633775224], [127.83476454807486, 37.32356978371204], [127.83476454807486, 37.32356978371204], [127.83477454474183, 37.32582322880923], [127.83477454474183, 37.32582322880923], [127.83478454252153, 37.32807667304379], [127.83760640838972, 37.32806865507395], [127.83759632634361, 37.3258152114893], [127.83759632634361, 37.3258152114893], [127.83759632634361, 37.32581521148929], [127.84041810682324, 37.325807126878026], [127.84042827313566, 37.32806056980732], [127.84325013674997, 37.328052417244], [127.8432398861714, 37.32579897497552], [127.8432398861714, 37.32579897497552], [127.84325013674997, 37.328052417244], [127.84607199922328, 37.32804419738407], [127.8460616643787, 37.32579075578186], [127.8460616643787, 37.32579075578186], [127.84605133068438, 37.32353731331687], [127.84605133068438, 37.32353731331687], [127.84605133068438, 37.32353731331687], [127.84887302348491, 37.32352902750382], [127.84887302348491, 37.32352902750382], [127.85169471512599, 37.32352067440523], [127.85168421408764, 37.32126723242621], [127.8488626066936, 37.32127558484768], [127.8488626066936, 37.32127558484768], [127.84604099814017, 37.3212838699891], [127.84604099814017, 37.3212838699891], [127.84321938843678, 37.32129208785034], [127.84322963673372, 37.323545531844296], [127.84322963673372, 37.323545531844296], [127.84322963673372, 37.323545531844296], [127.84040794164234, 37.323553683086026], [127.84039777759277, 37.32130023843135], [127.84039777759277, 37.32130023843135], [127.84321938843678, 37.32129208785034], [127.84320914128043, 37.31903864299366], [127.84038761467444, 37.319046792913966], [127.84038761467444, 37.319046792913966], [127.83756608693739, 37.31905487555938]]], [[[127.83757616561756, 37.32130832173199], [127.83756608693739, 37.31905487555938], [127.83474455807858, 37.319062890929835], [127.8347545525205, 37.32131633775224], [127.83757616561756, 37.32130832173199]]], [[[127.83766692423815, 37.34158929846478], [127.83765683545661, 37.33933586005652], [127.83483454811564, 37.33934388127647], [127.8348445525745, 37.34159732033484], [127.83766692423815, 37.34158929846478]]], [[[127.83768710517046, 37.34609617269284], [127.83767701414271, 37.34384273601021], [127.83485455814696, 37.34385075853046], [127.83486456483324, 37.346104195863305], [127.83768710517046, 37.34609617269284]]], [[[127.84334244331805, 37.348333358833656], [127.84333218246569, 37.34607992433072], [127.84333218246569, 37.34607992433072], [127.84333218246569, 37.34607992433072], [127.84615471940488, 37.34607169913924], [127.84614437535348, 37.34381826443998], [127.84332192275536, 37.34382648896489], [127.84332192275536, 37.34382648896489], [127.84049946901533, 37.343834646154995], [127.84050964438441, 37.346088082181964], [127.84050964438441, 37.346088082181964], [127.84051982088619, 37.34834151734604], [127.84334244331805, 37.348333358833656]]], [[[127.85460113030797, 37.34153975332747], [127.85459053559299, 37.33928631893461], [127.85176825513018, 37.33929474409763], [127.85177876552328, 37.341548179173365], [127.85460113030797, 37.34153975332747]]], [[[127.84897725519261, 37.34606340660756], [127.84896682680028, 37.34380997258034], [127.84614437535348, 37.34381826443998], [127.84615471940488, 37.34607169913924], [127.84897725519261, 37.34606340660756]]], [[[127.84616506460772, 37.34832513297554], [127.84615471940488, 37.34607169913924], [127.84333218246569, 37.34607992433073], [127.84334244331805, 37.34833335883366], [127.84616506460772, 37.34832513297554]]]]}}, {"type": "Feature", "properties": {"rank": 5, "method": "BFS+Zoning", "n_grids": 57, "avg_micro": 79.53762029529767, "cluster_score": 127.98131645582814, "buildable_ha": 138.74999999999997, "final_score": 89.5869215190797, "avg_bcr": 0.38947368421052625, "center_lat": 37.30924425878985, "center_lon": 127.9197575571123}, "geometry": {"type": "MultiPolygon", "coordinates": [[[[127.91085183183307, 37.305302280351], [127.91085183183307, 37.305302280351], [127.90803084039604, 37.30531204009308], [127.90804301685361, 37.307565473430266], [127.90804301685361, 37.307565473430266], [127.90805519466649, 37.30981890590389], [127.91087635446947, 37.309809144579155], [127.91086409246894, 37.30755571289689], [127.91086409246894, 37.30755571289689], [127.91087635446947, 37.309809144579155], [127.91369751290765, 37.30979931600368], [127.91368516671962, 37.3075458851182], [127.91368516671962, 37.3075458851182], [127.91367282190564, 37.30529245336906], [127.91367282190564, 37.30529245336906], [127.91366047846553, 37.30303902075627], [127.91083957256171, 37.3030488469415], [127.91085183183307, 37.305302280351], [127.91085183183307, 37.305302280351]]], [[[127.91087635446947, 37.30980914457916], [127.91087635446947, 37.30980914457916], [127.90805519466649, 37.30981890590389], [127.90806737383481, 37.31207233751391], [127.9052461284792, 37.31208203237372], [127.9052582247966, 37.314335463906104], [127.90243689388802, 37.314345092290054], [127.90243689388802, 37.314345092290054], [127.89961556164243, 37.31435465341203], [127.8996274908739, 37.31660808563653], [127.8996274908739, 37.31660808563653], [127.89963942143316, 37.318861516997536], [127.9024609221206, 37.31885195432524], [127.9024609221206, 37.318851954325254], [127.90528242147073, 37.31884232438011], [127.90528242147073, 37.31884232438009], [127.9081039194741, 37.318832627162166], [127.9081039194741, 37.318832627162166], [127.91092541612142, 37.318822862671574], [127.91091314866063, 37.316569434444], [127.90809173623848, 37.31657919814306], [127.90809173623848, 37.31657919814306], [127.91091314866063, 37.316569434444], [127.91092541612142, 37.318822862671574], [127.91374691140327, 37.31881303090841], [127.91373455971751, 37.31655960347783], [127.91373455971751, 37.31655960347783], [127.91374691140327, 37.31881303090841], [127.91656840531027, 37.31880313187278], [127.91655596939971, 37.31654970524464], [127.91655596939971, 37.31654970524464], [127.91655596939971, 37.31654970524464], [127.91937737769786, 37.316539739744535], [127.91937737769786, 37.316539739744535], [127.92219878460259, 37.316529706977626], [127.92219878460259, 37.31652970697762], [127.9250201901045, 37.316519606944], [127.92500750293262, 37.31426618189197], [127.92218618164566, 37.314276281106835], [127.92218618164566, 37.31427628110684], [127.91936485895606, 37.314286313060464], [127.91936485895606, 37.314286313060464], [127.9165435348732, 37.314296277752725], [127.9165435348732, 37.31429627775271], [127.9165435348732, 37.31429627775271], [127.91936485895606, 37.314286313060464], [127.91935234160752, 37.312032885512544], [127.91653110173056, 37.312042849397], [127.91653110173056, 37.312042849397], [127.91370986046988, 37.312052746025444], [127.91372220940644, 37.3143061751835], [127.91372220940644, 37.3143061751835], [127.91373455971751, 37.31655960347783], [127.91373455971751, 37.31655960347783], [127.91372220940644, 37.314306175183496], [127.91090088256517, 37.31431600535274], [127.91091314866065, 37.316569434444], [127.91091314866063, 37.316569434444], [127.91090088256517, 37.31431600535274], [127.91090088256517, 37.31431600535274], [127.91088861783484, 37.31206257539779], [127.91370986046985, 37.312052746025444], [127.91369751290765, 37.30979931600368], [127.91087635446947, 37.30980914457916]], [[127.90527032246037, 37.316588894574906], [127.90527032246037, 37.316588894574906], [127.90244890733574, 37.31659852373944], [127.90244890733574, 37.31659852373943], [127.90527032246037, 37.316588894574906]]], [[[127.91648138299561, 37.30302912733674], [127.91930228614262, 37.30301916668303], [127.91928977575792, 37.30076573481627], [127.91646895676996, 37.30077569466243], [127.91648138299561, 37.30302912733674]]], [[[127.91367282190564, 37.305292453369056], [127.91367282190564, 37.30529245336906], [127.91368516671963, 37.3075458851182], [127.91650623959629, 37.30753599009431], [127.91650623959629, 37.30753599009431], [127.91650623959629, 37.30753599009431], [127.91368516671963, 37.3075458851182], [127.91369751290765, 37.30979931600368], [127.91370986046988, 37.31205274602544], [127.91653110173056, 37.31204284939699], [127.91653110173056, 37.31204284939699], [127.91935234160749, 37.31203288551254], [127.91933982565203, 37.30977945710082], [127.91651866997164, 37.309789420177516], [127.91651866997164, 37.309789420177516], [127.91933982565203, 37.30977945710082], [127.91933982565203, 37.30977945710081], [127.92216097993953, 37.30976942677366], [127.92214838118998, 37.307515998311324], [127.92214838118998, 37.307515998311324], [127.92213578384262, 37.30526256898514], [127.91931479791977, 37.30527259768604], [127.91930228614262, 37.303019166683036], [127.91648138299561, 37.30302912733675], [127.91648138299561, 37.30302912733674], [127.91366047846553, 37.30303902075627], [127.91367282190564, 37.305292453369056]], [[127.91931479791977, 37.305272597686056], [127.91931479791977, 37.305272597686056], [127.91932731108952, 37.307526027825304], [127.91932731108952, 37.307526027825304], [127.91931479791977, 37.305272597686056]]], [[[127.91375926446385, 37.321066457475226], [127.91658084260506, 37.32105655763711], [127.91656840531027, 37.318803131872784], [127.91374691140327, 37.318813030908416], [127.91375926446385, 37.321066457475226]]], [[[127.93622767545557, 37.302957990848235], [127.93904856865878, 37.302947559558014], [127.93904856865878, 37.302947559558], [127.94186946040398, 37.30293706103442], [127.94186946040398, 37.30293706103442], [127.94469035068182, 37.30292649527758], [127.94467708287297, 37.30067307092418], [127.94467708287297, 37.30067307092418], [127.9446638165407, 37.29841964570663], [127.94184309456863, 37.29843020975027], [127.94184309456863, 37.29843020975027], [127.93902237112952, 37.29844070657157], [127.93620164623273, 37.29845113617041], [127.93620164623273, 37.29845113617042], [127.93338091988767, 37.29846149854667], [127.93339384962614, 37.30071492715781], [127.93621466011993, 37.30070456394132], [127.93622767545557, 37.302957990848235]], [[127.93903546916523, 37.30069413349681], [127.9418562767527, 37.30068363582439], [127.9418562767527, 37.30068363582439], [127.93903546916523, 37.30069413349681], [127.93903546916523, 37.30069413349681], [127.93621466011993, 37.30070456394132], [127.93621466011993, 37.30070456394132], [127.93903546916523, 37.30069413349681]]], [[[127.93341971342056, 37.305221781788184], [127.9334067808037, 37.30296835490499], [127.93058588471258, 37.30297865172817], [127.93058588471258, 37.30297865172816], [127.92776498719152, 37.30298888131766], [127.927777751473, 37.30524230986514], [127.92495676836347, 37.30525247304482], [127.92495676836347, 37.305252473044824], [127.92213578384262, 37.30526256898515], [127.92214838119001, 37.307515998311324], [127.92214838118998, 37.307515998311324], [127.92216097993953, 37.30976942677366], [127.92498213282471, 37.30975932919616], [127.92496944988835, 37.30750590155242], [127.92496944988835, 37.30750590155242], [127.92498213282471, 37.30975932919616], [127.92780328429822, 37.30974916436841], [127.92779051717518, 37.30749573754873], [127.92496944988835, 37.30750590155242], [127.92496944988835, 37.30750590155242], [127.92779051717518, 37.30749573754873], [127.927777751473, 37.30524230986515], [127.927777751473, 37.30524230986515], [127.92779051717518, 37.30749573754873], [127.92779051717518, 37.30749573754873], [127.92780328429822, 37.30974916436841], [127.9306244343507, 37.30973893229053], [127.93061158304114, 37.30748550630035], [127.93061158304114, 37.30748550630035], [127.93061158304114, 37.30748550630036], [127.93343264747685, 37.30747520780739], [127.93343264747685, 37.30747520780739], [127.93625371047297, 37.30746484206995], [127.93624069223986, 37.30521141689112], [127.93624069223986, 37.30521141689112], [127.93622767545557, 37.302957990848235], [127.93622767545557, 37.302957990848235], [127.93621466011993, 37.30070456394132], [127.93339384962614, 37.30071492715782], [127.9334067808037, 37.30296835490499], [127.93340678080372, 37.30296835490499], [127.93341971342056, 37.305221781788184], [127.93341971342056, 37.305221781788184], [127.93341971342056, 37.305221781788184]]]]}}, {"type": "Feature", "properties": {"rank": 6, "method": "BFS+Zoning", "n_grids": 45, "avg_micro": 77.57125689437191, "cluster_score": 122.12013569289428, "buildable_ha": 111.24999999999997, "final_score": 85.48409498502599, "avg_bcr": 0.39555555555555544, "center_lat": 37.41390097837957, "center_lon": 127.89402273435266}, "geometry": {"type": "MultiPolygon", "coordinates": [[[[127.88593553643425, 37.39777800767053], [127.88594709207702, 37.400031411734666], [127.88877163771211, 37.40002215847405], [127.88877163771211, 37.400022158474044], [127.8915961820513, 37.40001283774355], [127.89158445727955, 37.39775943518388], [127.88875999750478, 37.39776875515942], [127.88875999750478, 37.39776875515942], [127.88593553643425, 37.39777800767053]]], [[[127.88878327921536, 37.40227556092465], [127.88878327921536, 37.40227556092466], [127.88595864900628, 37.40228481493481], [127.88597020722223, 37.404538217270975], [127.88314549114295, 37.40454740454979], [127.88315696605274, 37.40680080676609], [127.88315696605274, 37.40680080676609], [127.88316844224006, 37.40905420811841], [127.88599332751463, 37.40904501935121], [127.88598176672494, 37.4067916187431], [127.88598176672494, 37.4067916187431], [127.88598176672494, 37.40679161874311], [127.88599332751463, 37.40904501935121], [127.88881821150213, 37.40903576309216], [127.8888065661102, 37.40678236323373], [127.8888065661102, 37.40678236323373], [127.8888065661102, 37.40678236323373], [127.88881821150213, 37.40903576309216], [127.88881821150213, 37.40903576309216], [127.88599332751463, 37.40904501935121], [127.88600488959143, 37.41129841909525], [127.88882985819056, 37.4112891620865], [127.88882985819056, 37.4112891620865], [127.89165482549298, 37.411279837580516], [127.89166655809899, 37.41353323495549], [127.89449160871607, 37.413523842191694], [127.89449160871607, 37.413523842191694], [127.89449160871607, 37.413523842191694], [127.89450342725851, 37.41577723794177], [127.89450342725851, 37.41577723794177], [127.89451524711679, 37.41803063282759], [127.89734046568766, 37.41802117102885], [127.89734046568766, 37.41802117102885], [127.9001656829331, 37.418011641716774], [127.90015369379613, 37.415758248368924], [127.90015369379613, 37.415758248368924], [127.9001417059938, 37.41350485415675], [127.89731665801749, 37.41351438192541], [127.89731665801749, 37.41351438192541], [127.89730475617012, 37.41126098607729], [127.89730475617012, 37.41126098607729], [127.89731665801749, 37.41351438192541], [127.9001417059938, 37.41350485415675], [127.900129719526, 37.41125145908024], [127.89730475617012, 37.41126098607729], [127.89729285564769, 37.409007589364926], [127.89446797557807, 37.409017048098924], [127.89446797557807, 37.40901704809893], [127.89164309419306, 37.409026439341375], [127.89165482549298, 37.41127983758051], [127.89165482549298, 37.41127983758051], [127.89164309419306, 37.409026439341375], [127.89446797557807, 37.40901704809893], [127.89445616098217, 37.40676364975626], [127.89163136419907, 37.406773040238086], [127.89163136419907, 37.40677304023807], [127.89163136419907, 37.40677304023807], [127.8916196355109, 37.40451964027067], [127.88879492201465, 37.40452896251122], [127.88879492201465, 37.40452896251122], [127.8916196355109, 37.40451964027067], [127.89163136419907, 37.40677304023807], [127.89445616098217, 37.40676364975624], [127.8944443477015, 37.40451025054939], [127.8916196355109, 37.40451964027067], [127.89160790812836, 37.40226623943915], [127.89160790812836, 37.40226623943915], [127.8915961820513, 37.40001283774355], [127.88877163771211, 37.40002215847405], [127.88878327921536, 37.40227556092465], [127.88878327921536, 37.40227556092465]], [[127.88597020722223, 37.404538217270975], [127.88597020722223, 37.404538217270975], [127.88879492201465, 37.40452896251122], [127.88879492201465, 37.40452896251123], [127.88597020722223, 37.404538217270975]]], [[[127.88032077378631, 37.40455652434762], [127.88033216410298, 37.40680992730263], [127.88315696605274, 37.40680080676609], [127.88314549114295, 37.40454740454979], [127.88032077378631, 37.40455652434762]]], [[[127.88887645791257, 37.42030274942249], [127.89170176375517, 37.420293421895316], [127.89170176375517, 37.420293421895316], [127.89452706829101, 37.42028402684917], [127.89452706829101, 37.42028402684917], [127.89735237151073, 37.42027456428411], [127.89735237151073, 37.420274564284114], [127.89452706829101, 37.420284026849174], [127.89452706829101, 37.42028402684917], [127.89170176375514, 37.420293421895316], [127.89171350158708, 37.42254681581347], [127.89171350158708, 37.42254681581347], [127.89172524072589, 37.42480020886738], [127.89455071458805, 37.42479081229943], [127.8945388907814, 37.422537420006435], [127.8945388907814, 37.422537420006435], [127.89455071458805, 37.42479081229942], [127.89455071458805, 37.42479081229942], [127.89455071458805, 37.42479081229943], [127.89172524072589, 37.42480020886738], [127.8917369811717, 37.427053601057025], [127.89456253971117, 37.4270442037281], [127.89456253971117, 37.427044203728094], [127.89738809693404, 37.42703473886388], [127.8973761871338, 37.424781348201655], [127.8973761871338, 37.424781348201655], [127.89736427865941, 37.422527956675054], [127.90018966521171, 37.422518425819405], [127.90017767340493, 37.420265034200284], [127.90017767340493, 37.420265034200284], [127.90017767340493, 37.420265034200284], [127.90017767340493, 37.420265034200284], [127.90018966521173, 37.422518425819405], [127.90301505042889, 37.42250882743959], [127.90301505042889, 37.42250882743959], [127.90018966521173, 37.422518425819405], [127.90020165835367, 37.424771816574136], [127.90302712823822, 37.42476221741701], [127.90302712823822, 37.42476221741701], [127.90585259677808, 37.42475255073034], [127.90584043430148, 37.42249916153572], [127.90584043430148, 37.42249916153572], [127.90582827317891, 37.42024577147663], [127.90300297396413, 37.42025543659775], [127.90300297396413, 37.42025543659774], [127.9030029739641, 37.42025543659774], [127.90299089884375, 37.41800204489149], [127.9001656829331, 37.41801164171678], [127.9001656829331, 37.41801164171678], [127.89734046568766, 37.41802117102885], [127.89734046568763, 37.41802117102885], [127.89451524711679, 37.41803063282759], [127.89451524711679, 37.41803063282759], [127.89169002722993, 37.41804002711291], [127.89169002722993, 37.41804002711291], [127.88886480603652, 37.418049353884726], [127.88887645791257, 37.42030274942249]]], [[[127.89167829201126, 37.415786631466304], [127.89167829201126, 37.415786631466304], [127.89169002722993, 37.41804002711291], [127.89451524711679, 37.41803063282759], [127.89450342725851, 37.415777237941775], [127.89450342725851, 37.415777237941775], [127.89449160871607, 37.4135238421917], [127.89166655809899, 37.41353323495549], [127.89167829201126, 37.415786631466304]]], [[[127.9001417059938, 37.41350485415675], [127.90296675263562, 37.413495258885774], [127.90295468154754, 37.41124186458639], [127.900129719526, 37.41125145908025], [127.9001417059938, 37.41350485415675]]], [[[127.90303920739228, 37.42701560652997], [127.90586476060881, 37.427005939060464], [127.90585259677808, 37.42475255073034], [127.90302712823822, 37.42476221741701], [127.90303920739228, 37.42701560652997]]]]}}, {"type": "Feature", "properties": {"rank": 7, "method": "BFS+Zoning", "n_grids": 33, "avg_micro": 81.4126889272934, "cluster_score": 124.47626279270281, "buildable_ha": 82.5, "final_score": 87.13338395489197, "avg_bcr": 0.4, "center_lat": 37.34352296481084, "center_lon": 127.88638470266879}, "geometry": {"type": "MultiPolygon", "coordinates": [[[[127.8743464652891, 37.339225457739104], [127.8743464652891, 37.339225457739104], [127.87435765025347, 37.34147888719905], [127.87718000534059, 37.34146992272362], [127.87718000534059, 37.34146992272362], [127.88000235917326, 37.34146089091991], [127.88000235917326, 37.34146089091991], [127.88282471174212, 37.341451791787996], [127.88281327381587, 37.33919836452399], [127.87999100556749, 37.33920746291845], [127.87999100556749, 37.33920746291845], [127.87999100556749, 37.33920746291845], [127.8799796532254, 37.33695403405362], [127.87715746802459, 37.3369630643934], [127.87716873605545, 37.339216493990186], [127.87716873605545, 37.339216493990186], [127.87715746802459, 37.3369630643934], [127.87433528156963, 37.336972027415825], [127.87433528156963, 37.336972027415825], [127.87151309386991, 37.336980923120784], [127.87152419327786, 37.33923435416507], [127.8743464652891, 37.339225457739104], [127.8743464652891, 37.339225457739104]]], [[[127.86869090493482, 37.3369897515082], [127.86870192003107, 37.33924318326806], [127.87152419327786, 37.33923435416507], [127.87151309386991, 37.336980923120784], [127.86869090493482, 37.3369897515082]]], [[[127.87718000534059, 37.34146992272362], [127.87719127588016, 37.34372335059368], [127.87719127588016, 37.34372335059368], [127.8772025476743, 37.34597677760035], [127.88002507017637, 37.34596774433254], [127.88001371404283, 37.343714318057934], [127.88001371404283, 37.343714318057934], [127.88283615094154, 37.34370521818855], [127.88284759141435, 37.34595864372564], [127.88567011137879, 37.345949475779705], [127.88565858656692, 37.34369605098561], [127.88283615094154, 37.34370521818855], [127.88282471174212, 37.341451791787996], [127.88000235917326, 37.34146089091991], [127.88000235917326, 37.34146089091991], [127.87718000534059, 37.34146992272362]]], [[[127.88284759141435, 37.34595864372564], [127.88002507017637, 37.34596774433255], [127.88003642757405, 37.3482211697437], [127.88003642757405, 37.3482211697437], [127.88003642757405, 37.3482211697437], [127.88003642757405, 37.3482211697437], [127.88002507017637, 37.34596774433255], [127.8772025476743, 37.345976777600356], [127.87721382072318, 37.34823020374362], [127.87721382072318, 37.34823020374362], [127.87722509502694, 37.350483629023465], [127.88004778623596, 37.35047459429138], [127.88004778623596, 37.35047459429138], [127.88287047618057, 37.350465492209295], [127.88287047618057, 37.350465492209295], [127.88569316485138, 37.35045632277728], [127.88568163747357, 37.34820289971027], [127.88567011137879, 37.345949475779705], [127.88284759141435, 37.34595864372564], [127.88284759141435, 37.34595864372564]]], [[[127.89693645530063, 37.34140528620895], [127.89411410919163, 37.34141472198038], [127.89411410919163, 37.34141472198038], [127.89129176177192, 37.3414240904241], [127.89130345396003, 37.34367751457946], [127.89130345396003, 37.34367751457946], [127.89130345396003, 37.34367751457946], [127.88848102090954, 37.34368681644922], [127.88565858656692, 37.34369605098561], [127.88567011137879, 37.345949475779705], [127.88567011137879, 37.345949475779705], [127.88568163747357, 37.34820289971027], [127.88850424050347, 37.34819366367695], [127.88849263006036, 37.345940240494876], [127.88849263006038, 37.345940240494876], [127.89131514744965, 37.34593093787122], [127.89131514744965, 37.34593093787122], [127.89413766353728, 37.34592156790884], [127.89412588570902, 37.343668145376434], [127.89412588570902, 37.343668145376434], [127.89413766353728, 37.34592156790884], [127.89696017831385, 37.345912130607836], [127.89694831614709, 37.34365870884024], [127.89694831614709, 37.34365870884024], [127.89696017831385, 37.345912130607836], [127.89978269176997, 37.34590262596831], [127.89977074526489, 37.34364920497097], [127.89977074526489, 37.34364920497097], [127.89975880008946, 37.34139578310992], [127.89693645530063, 37.34140528620896], [127.89693645530063, 37.34140528620895], [127.89975880008946, 37.34139578310991], [127.9025811435488, 37.34138621268335], [127.90256911538351, 37.33913279073419], [127.90256911538351, 37.33913279073419], [127.90255708855696, 37.33687936792126], [127.89973491372704, 37.33688893679661], [127.89974685624358, 37.33914236038511], [127.89974685624358, 37.33914236038511], [127.89692459577428, 37.33915186271399], [127.89693645530063, 37.34140528620895]], [[127.89694831614709, 37.34365870884024], [127.89694831614709, 37.34365870884024], [127.89412588570902, 37.343668145376434], [127.89412588570902, 37.343668145376434], [127.89694831614709, 37.34365870884024]]], [[[127.88846941305084, 37.34143339154], [127.88564706303778, 37.341442625328], [127.88282471174212, 37.341451791787996], [127.88283615094154, 37.343705218188546], [127.88565858656692, 37.34369605098561], [127.88848102090954, 37.34368681644922], [127.88846941305084, 37.34143339154]]], [[[127.89697204180104, 37.34816555151173], [127.89979463960488, 37.34815604610188], [127.89978269176997, 37.34590262596831], [127.89696017831385, 37.345912130607836], [127.89697204180104, 37.34816555151173]]], [[[127.89698390660882, 37.35041897155188], [127.89980658876978, 37.350409465371676], [127.89979463960488, 37.34815604610189], [127.89697204180104, 37.348165551511734], [127.89698390660882, 37.35041897155188]]]]}}, {"type": "Feature", "properties": {"rank": 8, "method": "BFS+Zoning", "n_grids": 26, "avg_micro": 80.57132743493324, "cluster_score": 120.40382013037708, "buildable_ha": 56.25, "final_score": 84.28267409126396, "avg_bcr": 0.34615384615384615, "center_lat": 37.38259580194781, "center_lon": 127.9625384332678}, "geometry": {"type": "MultiPolygon", "coordinates": [[[[127.9620433775044, 37.37271725204393], [127.95921988272468, 37.37272824879297], [127.95923362016157, 37.37498164111046], [127.95923362016157, 37.37498164111046], [127.95924735912776, 37.377235032562915], [127.95924735912776, 37.377235032562915], [127.9592610996234, 37.37948842315034], [127.9592610996234, 37.37948842315034], [127.95927484164869, 37.38174181287269], [127.95927484164869, 37.38174181287269], [127.95928858520384, 37.38399520172995], [127.95928858520384, 37.38399520172995], [127.95930233028896, 37.38624858972211], [127.96212633195036, 37.38623758762627], [127.96211250236145, 37.38398420052537], [127.96211250236145, 37.38398420052537], [127.96209867431192, 37.38173081255933], [127.96209867431192, 37.38173081255933], [127.96208484780166, 37.37947742372813], [127.96208484780166, 37.37947742372813], [127.96490859444086, 37.37946635688794], [127.96489468499425, 37.377212968088195], [127.96207102283043, 37.37722403403182], [127.96205719939807, 37.37497064347041], [127.96205719939807, 37.37497064347041], [127.96205719939807, 37.374970643470405], [127.96488077709589, 37.3749595784233], [127.96488077709589, 37.3749595784233], [127.96770435324562, 37.37494844596923], [127.96769036243894, 37.37269505634112], [127.96486687074562, 37.37270618789326], [127.96486687074562, 37.37270618789326], [127.9620433775044, 37.37271725204393], [127.9620433775044, 37.37271725204393]]], [[[127.95084380923593, 37.38853458117046], [127.95085730381275, 37.39078797007369], [127.95368147907334, 37.39077716853174], [127.95366789997342, 37.3885237805035], [127.95084380923593, 37.38853458117046]]], [[[127.95932982504998, 37.390755363111055], [127.95650565282223, 37.39076629954417], [127.95650565282223, 37.39076629954417], [127.95368147907334, 37.39077716853174], [127.95368147907334, 37.39077716853174], [127.95085730381275, 37.39078797007369], [127.95087079989187, 37.39304135811191], [127.95369505968503, 37.393030555694935], [127.95369505968503, 37.393030555694935], [127.95651931796627, 37.39301968582686], [127.95651931796627, 37.39301968582686], [127.9593435747262, 37.393008748507796], [127.9593435747262, 37.3930087485078], [127.96216782995542, 37.39299774373786], [127.96215399574716, 37.39074435923254], [127.96215399574716, 37.39074435923254], [127.96214016307889, 37.38849097386201], [127.95931607690429, 37.38850197684916], [127.95932982504998, 37.390755363111055]]], [[[127.97051385257495, 37.372683857387614], [127.96769036243894, 37.37269505634112], [127.96770435324562, 37.37494844596923], [127.97052792783785, 37.37493724610833], [127.97051385257495, 37.372683857387614]]], [[[127.96770435324562, 37.37494844596924], [127.96771834560977, 37.37720183473216], [127.97054200466764, 37.37719063396383], [127.97052792783785, 37.37493724610834], [127.96770435324562, 37.37494844596924]]], [[[127.96489468499425, 37.3772129680882], [127.96490859444086, 37.379466356887946], [127.96490859444086, 37.379466356887946], [127.96492250543594, 37.38171974482252], [127.96774633501128, 37.38170860966238], [127.96774633501128, 37.38170860966237], [127.97057016302861, 37.381697407078995], [127.97055608306448, 37.379444020954054], [127.97055608306448, 37.379444020954054], [127.9705420046676, 37.377190633963835], [127.96771834560977, 37.37720183473217], [127.96771834560977, 37.37720183473217], [127.96489468499425, 37.3772129680882]]], [[[127.96208484780166, 37.37947742372814], [127.96209867431192, 37.38173081255933], [127.96492250543594, 37.38171974482252], [127.96490859444086, 37.379466356887946], [127.96208484780166, 37.37947742372814]]], [[[127.96212633195036, 37.38623758762627], [127.96214016307889, 37.388490973862005], [127.9649642477137, 37.38847990343501], [127.96495033207218, 37.386226518096066], [127.96495033207218, 37.386226518096066], [127.9649642477137, 37.38847990343501], [127.96778833079935, 37.38846876556832], [127.96777433064497, 37.3862153811316], [127.96495033207218, 37.386226518096066], [127.96493641797964, 37.38397313189189], [127.96211250236145, 37.38398420052537], [127.96212633195036, 37.38623758762627], [127.96212633195036, 37.38623758762627]]], [[[127.96214016307889, 37.38849097386201], [127.96215399574716, 37.39074435923254], [127.96497816490442, 37.39073328790872], [127.9649642477137, 37.38847990343501], [127.96214016307889, 37.38849097386201]]]]}}, {"type": "Feature", "properties": {"rank": 9, "method": "BFS+Zoning", "n_grids": 30, "avg_micro": 75.74575167350872, "cluster_score": 114.76224297964947, "buildable_ha": 75.00000000000003, "final_score": 80.33357008575463, "avg_bcr": 0.40000000000000013, "center_lat": 37.41343486236997, "center_lon": 127.99770113399445}, "geometry": {"type": "MultiPolygon", "coordinates": [[[[127.98767366063959, 37.40641590477731], [127.98484891223063, 37.40642752224466], [127.98486343400027, 37.40868089336191], [127.98768826700548, 37.40866927495359], [127.98767366063959, 37.40641590477731]]], [[[127.98768826700548, 37.408669274953596], [127.98770287499748, 37.410922644264005], [127.98770287499748, 37.41092264426402], [127.98771748461586, 37.413176012708554], [127.99054248521527, 37.41316432491922], [127.99052779098201, 37.41091095742123], [127.99052779098201, 37.41091095742122], [127.99052779098201, 37.41091095742122], [127.99054248521527, 37.41316432491922], [127.99336748417869, 37.41315256963111], [127.99336748417869, 37.41315256963111], [127.99619248149675, 37.41314074684435], [127.9961776180343, 37.41088738125587], [127.99335270533075, 37.41089920308513], [127.99335270533075, 37.41089920308513], [127.9961776180343, 37.410887381255854], [127.9961776180343, 37.410887381255876], [127.9961776180343, 37.410887381255876], [127.99619248149675, 37.41314074684435], [127.99619248149675, 37.41314074684435], [127.99620734661401, 37.415394111566776], [127.99620734661401, 37.415394111566776], [127.99622221338626, 37.41764747542313], [127.99622221338626, 37.41764747542313], [127.9962370818137, 37.419900838413405], [127.99906233137641, 37.41988894523891], [127.99906233137641, 37.41988894523891], [128.00188757927427, 37.4198769845496], [128.00188757927427, 37.41987698454961], [128.00471282549793, 37.41986495634563], [128.0046977031434, 37.41761159626114], [128.0018725415619, 37.41762362349107], [128.0018725415619, 37.41762362349106], [128.0018725415619, 37.41762362349106], [128.00185750552356, 37.4153702615663], [128.00185750552356, 37.4153702615663], [128.00184247115905, 37.41311689877535], [128.00184247115905, 37.41311689877535], [128.00184247115905, 37.41311689877535], [128.00466746348445, 37.413104873493374], [128.00466746348445, 37.413104873493374], [128.0074924541268, 37.413092780713235], [128.0074772522083, 37.41083941900936], [128.00465234617965, 37.41085151081015], [128.00465234617965, 37.410851510810154], [128.00182743846818, 37.410863535118246], [128.00182743846818, 37.41086353511823], [128.00182743846818, 37.41086353511823], [128.00181240745076, 37.40861017059499], [127.99898758267051, 37.408622126441905], [127.99900252908326, 37.410875491933524], [127.99900252908326, 37.410875491933524], [127.99901747716002, 37.413128856559055], [127.99901747716002, 37.413128856559055], [127.99903242690098, 37.41538222031848], [127.99903242690098, 37.41538222031848], [127.99901747716002, 37.41312885655906], [127.99901747716002, 37.413128856559055], [127.99900252908326, 37.410875491933524], [127.99900252908326, 37.410875491933524], [127.99898758267051, 37.40862212644191], [127.99616275622645, 37.40863401480136], [127.99616275622645, 37.40863401480134], [127.99333792812799, 37.40864583567318], [127.99333792812799, 37.40864583567319], [127.9905130983845, 37.40865758905731], [127.9904984074226, 37.40640421982748], [127.98767366063959, 37.40641590477731], [127.98768826700548, 37.40866927495359], [127.9905130983845, 37.40865758905731], [127.9905130983845, 37.40865758905731], [127.98768826700548, 37.408669274953596]]], [[[127.98487795738663, 37.410934263613356], [127.98205303815885, 37.41094581546916], [127.98206747854688, 37.41319918579043], [127.98489248238992, 37.413187632999005], [127.98489248238992, 37.413187632999005], [127.98771748461586, 37.413176012708554], [127.98770287499748, 37.410922644264005], [127.98487795738663, 37.410934263613356], [127.98487795738663, 37.410934263613356]]], [[[127.99339704681094, 37.41765930012505], [127.99341183059562, 37.41991266407298], [127.9962370818137, 37.419900838413405], [127.99622221338626, 37.41764747542313], [127.99339704681094, 37.41765930012505]]], [[[127.99057187858986, 37.41767105731738], [127.99058657773158, 37.4199244222175], [127.99341183059562, 37.41991266407298], [127.99339704681094, 37.41765930012505], [127.99057187858986, 37.41767105731738]]], [[[128.01033273131057, 37.41533398028776], [128.01031744307667, 37.41308062043507], [128.01031744307667, 37.41308062043507], [128.01030215654464, 37.410827259716015], [128.0074772522083, 37.41083941900937], [128.0074924541268, 37.413092780713235], [128.0074924541268, 37.413092780713235], [128.0075076577378, 37.41534614155081], [128.01033273131057, 37.41533398028776]]], [[[128.0046825824723, 37.41535823531038], [128.0046977031434, 37.41761159626113], [128.00752286304143, 37.417599501522105], [128.0075076577378, 37.41534614155081], [128.0046825824723, 37.41535823531038]]], [[[128.01317317774945, 37.4175751095173], [128.01315780318126, 37.41532175152136], [128.01033273131057, 37.41533398028778], [128.01033273131057, 37.41533398028777], [128.0075076577378, 37.41534614155081], [128.00752286304143, 37.417599501522105], [128.01034802124659, 37.417587339274135], [128.01034802124659, 37.417587339274135], [128.01317317774945, 37.4175751095173]]]]}}, {"type": "Feature", "properties": {"rank": 10, "method": "BFS+Zoning", "n_grids": 27, "avg_micro": 78.02398471313735, "cluster_score": 117.02276577758097, "buildable_ha": 67.50000000000001, "final_score": 81.91593604430668, "avg_bcr": 0.4000000000000001, "center_lat": 37.31852609219106, "center_lon": 127.88756772515131}, "geometry": {"type": "MultiPolygon", "coordinates": [[[[127.88265327645166, 37.307650292175445], [127.88265327645166, 37.307650292175445], [127.87983218770502, 37.307659380250314], [127.87984352363283, 37.30991282033759], [127.88266469656868, 37.30990373152588], [127.88266469656868, 37.30990373152588], [127.8854858682334, 37.30989457546243], [127.88547436392736, 37.30764113685427], [127.88265327645166, 37.307650292175445], [127.88264185760565, 37.30539685196182], [127.8798208530388, 37.30540593929991], [127.87983218770502, 37.307659380250314], [127.88265327645166, 37.307650292175445]]], [[[127.88547436392736, 37.30764113685427], [127.8854858682334, 37.30989457546242], [127.88830703861764, 37.30988535214733], [127.88829545012273, 37.30763191428692], [127.88547436392736, 37.30764113685427]]], [[[127.87702234943524, 37.30992184189747], [127.8770336024261, 37.31217528185301], [127.8798548608224, 37.312166259561714], [127.8798548608224, 37.312166259561714], [127.8826761179568, 37.31215717001313], [127.8826875406162, 37.31441060763716], [127.88550888068713, 37.31440145008901], [127.88549737381994, 37.312148013207356], [127.8826761179568, 37.31215717001313], [127.8826761179568, 37.31215717001313], [127.88549737381994, 37.31214801320735], [127.8854858682334, 37.30989457546243], [127.88266469656868, 37.30990373152588], [127.88266469656868, 37.30990373152589], [127.87984352363283, 37.309912820337594], [127.87984352363283, 37.30991282033759], [127.87702234943524, 37.30992184189747]]], [[[127.88549737381994, 37.312148013207356], [127.88550888068713, 37.314401450089], [127.88550888068713, 37.314401450089], [127.8855203888351, 37.31665488610737], [127.88269896454702, 37.31666404439794], [127.8827103897494, 37.31891748029548], [127.885531898264, 37.31890832126246], [127.885531898264, 37.31890832126247], [127.88835340549753, 37.318899094956], [127.88835340549753, 37.318899094956], [127.89117491144056, 37.31888980137618], [127.89116323355904, 37.31663636772237], [127.89116323355904, 37.31663636772237], [127.89115155697722, 37.31438293320517], [127.88833021947725, 37.31439222527831], [127.88831862840244, 37.31213878914449], [127.88549737381994, 37.312148013207356]], [[127.8855203888351, 37.31665488610737], [127.8855203888351, 37.31665488610737], [127.88834181184222, 37.31664566054882], [127.88834181184222, 37.31664566054882], [127.88834181184222, 37.31664566054882], [127.88834181184222, 37.31664566054882], [127.8855203888351, 37.31665488610737]]], [[[127.8827103897494, 37.31891748029548], [127.88272181622351, 37.32117091532976], [127.88554340897402, 37.32116175555425], [127.885531898264, 37.31890832126248], [127.8827103897494, 37.31891748029548]]], [[[127.88837659667963, 37.32340596118026], [127.88555492096525, 37.32341518898268], [127.88556643423786, 37.325668621547756], [127.88838819420675, 37.325659392997295], [127.88837659667963, 37.32340596118026]]], [[[127.88836500044327, 37.32115252849983], [127.88837659667963, 37.32340596118026], [127.88837659667963, 37.32340596118026], [127.88838819420675, 37.32565939299729], [127.88838819420675, 37.32565939299729], [127.88839979302482, 37.32791282395093], [127.89122163596652, 37.3279035273572], [127.89120995288475, 37.325650097157116], [127.89120995288475, 37.325650097157116], [127.89403171026241, 37.32564073402731], [127.89401994422674, 37.323387303722726], [127.89401994422674, 37.323387303722726], [127.89401994422674, 37.32338730372272], [127.89684161604067, 37.323377874067795], [127.89682976706986, 37.32112444366407], [127.89400817950056, 37.32113387255464], [127.89400817950056, 37.32113387255465], [127.89118659062193, 37.321143234166584], [127.89117491144056, 37.31888980137619], [127.88835340549753, 37.31889909495601], [127.88836500044327, 37.32115252849983], [127.89118659062193, 37.321143234166584], [127.89118659062193, 37.321143234166584], [127.88836500044327, 37.32115252849983]]], [[[127.88841139313392, 37.33016625404114], [127.89123332034875, 37.33015695669383], [127.89124500603157, 37.33241038516694], [127.89406701622812, 37.33240101976002], [127.89405524626295, 37.33014759204598], [127.89404347760778, 37.327894163468414], [127.89404347760778, 37.327894163468414], [127.89403171026241, 37.32564073402732], [127.89120995288475, 37.32565009715712], [127.89122163596652, 37.3279035273572], [127.89122163596652, 37.3279035273572], [127.88839979302482, 37.32791282395093], [127.88841139313392, 37.33016625404114]]]]}}]}