{"type": "FeatureCollection", "features": [{"type": "Feature", "properties": {"rank": 1, "method": "BFS+Zoning", "n_grids": 226, "avg_micro": 78.65127618135158, "cluster_score": 142.65316249559527, "buildable_ha": 538.7500000000001, "final_score": 129.85721374691667, "avg_bcr": 0.3814159292035399, "center_lat": 37.72350231672941, "center_lon": 128.92043384699983}, "geometry": {"type": "MultiPolygon", "coordinates": [[[[128.89603468214986, 37.69612773493229], [128.89599243855113, 37.69387506347837], [128.89599243855113, 37.69387506347837], [128.89603468214986, 37.69612773493229], [128.8988696414946, 37.69609413207863], [128.89882731217895, 37.69384146333803], [128.89882731217895, 37.69384146333803], [128.89878498757798, 37.691588793694166], [128.89874266769107, 37.68933612314705], [128.8959079654685, 37.689369717861226], [128.89595019965753, 37.69162239112134], [128.89599243855113, 37.69387506347837], [128.8931575602182, 37.69390859549388], [128.89319971809945, 37.69616126965561], [128.89603468214986, 37.69612773493229]]], [[[128.90453954602887, 37.696026721981795], [128.90453954602887, 37.696026721981795], [128.90453954602887, 37.696026721981795], [128.90170459612412, 37.69606046109503], [128.90170459612412, 37.69606046109503], [128.8988696414946, 37.696094132078635], [128.89891197552544, 37.69834679991594], [128.89891197552544, 37.698346799915946], [128.89895431427206, 37.70059946684993], [128.90178944036293, 37.70056579042819], [128.90178944036293, 37.70056579042819], [128.90178944036293, 37.70056579042819], [128.90178944036293, 37.70056579042819], [128.89895431427206, 37.70059946684994], [128.89899665773498, 37.702852132880565], [128.89899665773498, 37.702852132880565], [128.89903900591483, 37.705104798007845], [128.90187430350522, 37.70507111614733], [128.90183186957086, 37.70281845373953], [128.90183186957086, 37.70281845373953], [128.90187430350522, 37.70507111614733], [128.90187430350522, 37.70507111614733], [128.90191674216658, 37.707323777651595], [128.90475212079352, 37.707290024914336], [128.90470959636866, 37.70503736613521], [128.90470959636866, 37.70503736613521], [128.90475212079352, 37.707290024914336], [128.90758749468336, 37.707256204020325], [128.9075448844955, 37.70500354797183], [128.9103801678763, 37.70496966165752], [128.9103374766817, 37.70271700744112], [128.9103374766817, 37.70271700744112], [128.91038016787633, 37.70496966165752], [128.91038016787633, 37.70496966165752], [128.91042286382654, 37.70722231496988], [128.91325822821355, 37.7071883577634], [128.91321544650148, 37.70493570719265], [128.91321544650148, 37.70493570719265], [128.91317266955457, 37.70268305571772], [128.91317266955457, 37.70268305571772], [128.91312989737227, 37.70043040333861], [128.91029479024215, 37.700464352320694], [128.9103374766817, 37.70271700744112], [128.9103374766817, 37.70271700744112], [128.91029479024215, 37.700464352320694], [128.90745967835753, 37.70049823316323], [128.90745967835753, 37.70049823316322], [128.90745967835753, 37.70049823316322], [128.90741708240625, 37.69824557440317], [128.90741708240625, 37.69824557440317], [128.90737449119936, 37.69599291473929], [128.90737449119936, 37.69599291473929], [128.9073319047363, 37.693740254171644], [128.9073319047363, 37.693740254171644], [128.90737449119936, 37.695992914739286], [128.90737449119936, 37.695992914739286], [128.90741708240625, 37.69824557440315], [128.90741708240625, 37.69824557440315], [128.90745967835753, 37.700498233163216], [128.91029479024215, 37.70046435232069], [128.91029479024215, 37.70046435232069], [128.91312989737227, 37.7004304033386], [128.91308712995402, 37.69817775005531], [128.9102521085571, 37.69821169629627], [128.9102521085571, 37.698211696296255], [128.9102521085571, 37.698211696296255], [128.9102521085571, 37.698211696296255], [128.91308712995402, 37.698177750055294], [128.91304436729925, 37.69592509586789], [128.91304436729925, 37.69592509586788], [128.91300160940742, 37.69367244077637], [128.9101667594483, 37.69370638153554], [128.9101667594483, 37.693706381535534], [128.9073319047363, 37.69374025417164], [128.90728932301656, 37.691487592700234], [128.90445454926703, 37.691521394483274], [128.90445454926703, 37.69152139448327], [128.90161977078432, 37.691555128148025], [128.90161977078432, 37.69155512814802], [128.89878498757798, 37.69158879369416], [128.89882731217895, 37.69384146333803], [128.90166218109215, 37.69380779507324], [128.90166218109215, 37.69380779507324], [128.90166218109212, 37.69380779507324], [128.9017045961241, 37.69606046109503], [128.90453954602887, 37.696026721981795], [128.90453954602887, 37.696026721981795]], [[128.9046670766803, 37.70278470645236], [128.90750227905374, 37.70275089101945], [128.90750227905374, 37.70275089101945], [128.90750227905374, 37.70275089101945], [128.90750227905374, 37.70275089101945], [128.9046670766803, 37.70278470645237], [128.9046670766803, 37.70278470645237], [128.9046670766803, 37.70278470645236]]], [[[128.89891197552544, 37.698346799915946], [128.8988696414946, 37.696094132078635], [128.89603468214986, 37.69612773493229], [128.89319971809945, 37.69616126965562], [128.89324188067684, 37.698413942914385], [128.89607693045426, 37.69838040548307], [128.89891197552544, 37.698346799915946]]], [[[128.89899665773498, 37.702852132880565], [128.89895431427206, 37.70059946684994], [128.89895431427206, 37.70059946684994], [128.89891197552544, 37.698346799915946], [128.89607693045426, 37.69838040548307], [128.89607693045426, 37.69838040548307], [128.89324188067684, 37.698413942914385], [128.89324188067684, 37.698413942914385], [128.89040682620274, 37.69844741220954], [128.89044890773968, 37.70070008726795], [128.89044890773965, 37.70070008726795], [128.8904909939643, 37.7029527614235], [128.8904909939643, 37.7029527614235], [128.8905330848772, 37.70520543467615], [128.8905330848772, 37.70520543467615], [128.89057518047886, 37.70745810702592], [128.8934105779587, 37.707424626919234], [128.89336839659126, 37.7051719572726], [128.89336839659126, 37.7051719572726], [128.89332621992216, 37.702919286722896], [128.89332621992216, 37.702919286722896], [128.89328404795089, 37.70066661527015], [128.89328404795089, 37.70066661527015], [128.89328404795089, 37.70066661527015], [128.89611918346483, 37.7006330751307], [128.89616144118224, 37.702885743875136], [128.89899665773498, 37.702852132880565]]], [[[128.8934105779587, 37.70742462691925], [128.89057518047886, 37.707458107025936], [128.8906172807699, 37.70971077847276], [128.8906172807699, 37.70971077847276], [128.89065938575084, 37.71196344901665], [128.8934949547908, 37.71192996350324], [128.89345276402503, 37.70967729566279], [128.89345276402503, 37.70967729566279], [128.8934105779587, 37.70742462691925]]], [[[128.88782381202037, 37.711996866360565], [128.88498823360902, 37.71203021553461], [128.88503017168998, 37.714282890566224], [128.88786583589683, 37.714249538699576], [128.88786583589683, 37.714249538699576], [128.88786583589683, 37.714249538699576], [128.88790786445475, 37.716502210135765], [128.88507211444283, 37.71653556469518], [128.88511406186817, 37.718788237921444], [128.88794989769468, 37.718754880669096], [128.88794989769468, 37.718754880669096], [128.89078572883864, 37.71872145523039], [128.89078572883864, 37.71872145523039], [128.89078572883867, 37.71872145523039], [128.89078572883867, 37.718721455230394], [128.88794989769468, 37.7187548806691], [128.8879919356172, 37.721007550299554], [128.89082785258478, 37.72097412216225], [128.89082785258478, 37.72097412216224], [128.89366376485964, 37.72094062583341], [128.89366376485964, 37.720940625833414], [128.89649967243227, 37.720907061313426], [128.8964573770406, 37.71865439979524], [128.89641508636018, 37.71640173737371], [128.89357935042298, 37.71643529647468], [128.89357935042298, 37.71643529647468], [128.89357935042298, 37.71643529647468], [128.8935371502566, 37.71418263044053], [128.8935371502566, 37.71418263044053], [128.8934949547908, 37.71192996350324], [128.8906593857508, 37.71196344901665], [128.8906593857508, 37.71196344901666], [128.89061728076987, 37.70971077847277], [128.88778179282482, 37.70974419311872], [128.88782381202037, 37.71199686636056], [128.88782381202037, 37.71199686636056], [128.88782381202037, 37.711996866360565]], [[128.89074360978466, 37.71646878739548], [128.89074360978466, 37.71646878739548], [128.89070149542223, 37.71421611865756], [128.89070149542223, 37.71421611865756], [128.89074360978466, 37.71646878739548], [128.89074360978466, 37.71646878739548]]], [[[128.90217147343267, 37.720839727701275], [128.89933557529315, 37.720873428602594], [128.8993779612281, 37.7231260865021], [128.8993779612281, 37.723126086502106], [128.899420351885, 37.72537874349804], [128.9022564216959, 37.72534503715506], [128.9022564216959, 37.72534503715506], [128.90509248677483, 37.725311262610944], [128.90509248677483, 37.725311262610944], [128.9079285471122, 37.72527741986604], [128.90788589893552, 37.723024771049374], [128.90788589893552, 37.723024771049374], [128.90784325550942, 37.72077212132865], [128.90784325550942, 37.72077212132865], [128.90788589893552, 37.723024771049374], [128.91072186868294, 37.72299086284147], [128.91067913942757, 37.72073821585803], [128.91067913942757, 37.72073821585803], [128.91072186868294, 37.72299086284147], [128.9135578336702, 37.72295688643899], [128.9135578336702, 37.722956886439], [128.91072186868294, 37.72299086284147], [128.9107646026984, 37.7252435089207], [128.9107646026984, 37.7252435089207], [128.91072186868294, 37.72299086284147], [128.90788589893552, 37.723024771049374], [128.9079285471122, 37.72527741986604], [128.9079285471122, 37.72527741986604], [128.9079285471122, 37.72527741986604], [128.90509248677483, 37.725311262610944], [128.90513505385374, 37.72756391325562], [128.90797120004, 37.72753006777862], [128.90797120004, 37.72753006777862], [128.9108073414746, 37.72749615409569], [128.9107646026984, 37.725243508920705], [128.9107646026984, 37.725243508920705], [128.9108073414746, 37.72749615409568], [128.91364347814792, 37.727462172207176], [128.91360065352396, 37.72520952977529], [128.91360065352396, 37.72520952977529], [128.9135578336702, 37.722956886439], [128.9135578336702, 37.722956886439], [128.91360065352396, 37.72520952977529], [128.91643669957924, 37.72517548243016], [128.91643669957924, 37.72517548243016], [128.91360065352396, 37.72520952977529], [128.91364347814792, 37.72746217220718], [128.91364347814792, 37.72746217220718], [128.9108073414746, 37.72749615409569], [128.9108073414746, 37.7274961540957], [128.90797120004, 37.72753006777863], [128.90801385771948, 37.729782714787106], [128.90801385771948, 37.729782714787106], [128.90805652015126, 37.73203536089146], [128.91089283331127, 37.732001441732834], [128.91085008501202, 37.729748798366415], [128.91085008501202, 37.729748798366415], [128.91085008501202, 37.729748798366415], [128.91368630754272, 37.72971481373462], [128.91652252530204, 37.729680760892116], [128.91652252530204, 37.729680760892116], [128.91368630754275, 37.72971481373463], [128.91368630754275, 37.729714813734645], [128.91085008501202, 37.72974879836642], [128.91089283331127, 37.73200144173284], [128.91089283331127, 37.73200144173284], [128.9109355863729, 37.73425408419493], [128.9109355863729, 37.73425408419493], [128.91097834419745, 37.736506725752704], [128.9138148243576, 37.736472732890164], [128.913771980647, 37.73422009407614], [128.913771980647, 37.73422009407614], [128.913771980647, 37.73422009407614], [128.91660837014857, 37.734186035735604], [128.91660837014857, 37.734186035735604], [128.913771980647, 37.73422009407614], [128.9138148243576, 37.736472732890164], [128.91665129974464, 37.73643867180037], [128.91665129974464, 37.73643867180037], [128.9194877703491, 37.73640454248368], [128.91944475486812, 37.73415190917369], [128.91944475486812, 37.73415190917369], [128.92228113479604, 37.73411771439074], [128.92228113479604, 37.734117714390734], [128.92511750992276, 37.73408345138711], [128.92511750992276, 37.73408345138711], [128.92511750992279, 37.73408345138711], [128.92511750992279, 37.73408345138711], [128.92228113479604, 37.73411771439074], [128.9223242361614, 37.73637034494047], [128.92516069717192, 37.73633607917106], [128.92516069717192, 37.73633607917105], [128.92799715337108, 37.73630174517583], [128.92799715337108, 37.73630174517583], [128.9308336047494, 37.73626734295515], [128.9308336047494, 37.73626734295515], [128.9336700512973, 37.73623287250935], [128.9336700512973, 37.73623287250933], [128.93650649300517, 37.73619833383878], [128.93646296222667, 37.733945717172965], [128.93646296222667, 37.733945717172965], [128.93641943629711, 37.73169309960134], [128.93641943629711, 37.73169309960134], [128.93925570140317, 37.731658498292816], [128.93921209446023, 37.72940588260834], [128.93921209446023, 37.72940588260834], [128.9391684923747, 37.72715326601793], [128.93633239898273, 37.727187861740695], [128.93633239898273, 37.72718786174069], [128.93349630074343, 37.72722238926108], [128.93349630074343, 37.72722238926108], [128.93066019766647, 37.72725684857874], [128.93070354219353, 37.72950947353103], [128.93070354219353, 37.72950947353103], [128.93074689154935, 37.73176209757787], [128.93074689154935, 37.73176209757787], [128.93074689154935, 37.73176209757788], [128.92791061192673, 37.73179649424518], [128.92786734843446, 37.729543867421874], [128.9250311498562, 37.72957819310377], [128.9250311498562, 37.72957819310376], [128.92786734843446, 37.72954386742187], [128.92786734843446, 37.72954386742187], [128.93070354219353, 37.72950947353103], [128.93066019766647, 37.72725684857873], [128.92782408976132, 37.72729123969329], [128.92782408976132, 37.7272912396933], [128.9249879770376, 37.72732556260439], [128.9250311498562, 37.72957819310376], [128.9250311498562, 37.72957819310376], [128.9249879770376, 37.72732556260439], [128.92215185950485, 37.727359817311694], [128.92215185950485, 37.727359817311694], [128.9249879770376, 37.72732556260439], [128.9249879770376, 37.72732556260439], [128.92782408976132, 37.72729123969329], [128.92778083590682, 37.72503861105945], [128.92778083590682, 37.72503861105945], [128.9277375868703, 37.72278598152039], [128.924901645827, 37.722820298890426], [128.924901645827, 37.722820298890426], [128.9277375868703, 37.72278598152039], [128.92769434265128, 37.720533351076114], [128.92769434265128, 37.720533351076114], [128.9276511032491, 37.71828071972666], [128.9276511032491, 37.71828071972666], [128.92760786866324, 37.716028087472026], [128.92760786866324, 37.716028087472026], [128.92756463889313, 37.71377545431226], [128.92472904109596, 37.71380976060215], [128.92472904109596, 37.71380976060215], [128.92189343849316, 37.71384399872124], [128.92189343849316, 37.71384399872124], [128.91905783109425, 37.713878168669176], [128.91910080347103, 37.716130810121825], [128.91910080347103, 37.716130810121825], [128.9191437806349, 37.718383450669805], [128.9191437806349, 37.718383450669805], [128.91910080347103, 37.716130810121825], [128.9162651054867, 37.71616491465155], [128.9162651054867, 37.71616491465154], [128.91342940272483, 37.71619895100389], [128.91347220827123, 37.718451597053274], [128.91347220827123, 37.718451597053274], [128.91342940272483, 37.71619895100389], [128.9162651054867, 37.71616491465154], [128.91622221890884, 37.71391227044561], [128.91622221890884, 37.71391227044561], [128.91622221890884, 37.71391227044561], [128.9162651054867, 37.71616491465154], [128.91910080347103, 37.71613081012182], [128.91905783109425, 37.713878168669176], [128.91905783109425, 37.713878168669176], [128.919014863504, 37.71162552631193], [128.91617933710796, 37.71165962533524], [128.91613646008346, 37.709406979320434], [128.91330101469137, 37.70944100742993], [128.91325822821355, 37.707188357763414], [128.91042286382654, 37.7072223149699], [128.91046556453296, 37.70947496737821], [128.91046556453296, 37.70947496737821], [128.91050826999614, 37.711727618882435], [128.91050826999614, 37.711727618882435], [128.91046556453296, 37.70947496737821], [128.9076301096178, 37.709508859164934], [128.90758749468336, 37.70725620402033], [128.90475212079352, 37.70729002491434], [128.90479464995545, 37.70954268278974], [128.9076301096178, 37.709508859164934], [128.9076727292995, 37.71176151340562], [128.91050826999614, 37.711727618882435], [128.9105509802166, 37.71398026948255], [128.910593695195, 37.71623291917854], [128.9077579829067, 37.71626681917512], [128.9077579829067, 37.71626681917512], [128.90492226586952, 37.71630065099327], [128.90496481398546, 37.718553305253494], [128.90496481398546, 37.718553305253494], [128.90500736684126, 37.72080595860985], [128.90500736684126, 37.72080595860985], [128.90504992443755, 37.723058611062335], [128.90221394519855, 37.723092382880026], [128.90217147343267, 37.720839727701275]], [[128.92795388023876, 37.73404912016316], [128.92795388023876, 37.73404912016316], [128.92791061192673, 37.73179649424518], [128.92791061192673, 37.73179649424518], [128.92795388023876, 37.73404912016316]], [[128.91351501858614, 37.720704242198316], [128.91351501858614, 37.720704242198316], [128.91351501858614, 37.720704242198316], [128.91347220827123, 37.718451597053274], [128.91347220827123, 37.718451597053274], [128.91351501858614, 37.720704242198316]], [[128.91342940272483, 37.71619895100389], [128.91338660194643, 37.71394630405019], [128.91334380593545, 37.711693656192196], [128.91334380593545, 37.711693656192196], [128.91338660194643, 37.71394630405019], [128.91338660194643, 37.71394630405019], [128.91342940272483, 37.71619895100389], [128.91342940272483, 37.71619895100389]], [[128.92215185950485, 37.727359817311694], [128.92219494646832, 37.72961245057634], [128.92219494646832, 37.72961245057634], [128.92223803823188, 37.731865082936025], [128.92223803823188, 37.731865082936025], [128.92219494646832, 37.72961245057635], [128.91935873828044, 37.729646639839245], [128.91935873828044, 37.72964663983924], [128.91652252530204, 37.729680760892116], [128.91652252530204, 37.729680760892116], [128.91935873828044, 37.72964663983924], [128.91935873828044, 37.72964663983923], [128.92219494646832, 37.729612450576326], [128.92215185950485, 37.727359817311694], [128.92215185950485, 37.727359817311694]], [[128.92494480902806, 37.72507293119994], [128.92210877734087, 37.72510718314212], [128.92210877734087, 37.72510718314212], [128.92494480902806, 37.72507293119994], [128.92494480902806, 37.72507293119994], [128.92494480902806, 37.72507293119994], [128.92494480902806, 37.72507293119994]], [[128.92206569997575, 37.722854548067666], [128.92206569997575, 37.722854548067666], [128.92206569997575, 37.722854548067666], [128.92206569997575, 37.722854548067666], [128.92206569997575, 37.722854548067666]], [[128.9248584874338, 37.720567665675865], [128.9248584874338, 37.720567665675865], [128.92481533384793, 37.71831503155629], [128.92481533384793, 37.71831503155629], [128.9248584874338, 37.720567665675865], [128.9248584874338, 37.72056766567587], [128.924901645827, 37.722820298890426], [128.924901645827, 37.722820298890426], [128.9248584874338, 37.720567665675865]], [[128.9163937938878, 37.7229228418423], [128.9163937938878, 37.7229228418423], [128.91635089297563, 37.72067020034991], [128.91635089297563, 37.72067020034991], [128.9163937938878, 37.7229228418423]], [[128.9163079968421, 37.718417557952975], [128.9163079968421, 37.718417557952975], [128.9163079968421, 37.718417557952975], [128.9163079968421, 37.718417557952975], [128.9163079968421, 37.718417557952975]], [[128.91334380593545, 37.711693656192196], [128.91334380593545, 37.711693656192196], [128.91330101469137, 37.70944100742993], [128.91330101469137, 37.70944100742993], [128.91334380593545, 37.711693656192196]], [[128.90780061683333, 37.71851947070388], [128.91063641493176, 37.71848556797037], [128.91063641493176, 37.71848556797037], [128.90780061683333, 37.71851947070388], [128.90780061683333, 37.71851947070388]], [[128.91922974932618, 37.72288872905174], [128.91922974932618, 37.722888729051746], [128.91639379388783, 37.722922841842305], [128.91639379388783, 37.7229228418423], [128.91922974932618, 37.72288872905174]], [[128.91922974932618, 37.722888729051746], [128.91922974932618, 37.722888729051746], [128.91927274085472, 37.72514136688566], [128.92210877734087, 37.72510718314212], [128.92210877734087, 37.72510718314212], [128.91927274085472, 37.72514136688566], [128.91922974932618, 37.722888729051746]], [[128.91940174417874, 37.73189927495887], [128.91940174417874, 37.73189927495888], [128.91656544533458, 37.7319333987662], [128.91656544533458, 37.731933398766195], [128.91940174417874, 37.73189927495887]], [[128.93358316634266, 37.73172763269649], [128.93358316634266, 37.73172763269649], [128.93362660640025, 37.73398025305573], [128.93362660640025, 37.73398025305573], [128.93358316634266, 37.73172763269649]], [[128.93353973112391, 37.72947501143159], [128.93358316634266, 37.731727632696476], [128.93358316634266, 37.731727632696476], [128.93353973112391, 37.72947501143159], [128.93353973112391, 37.72947501143159], [128.93353973112391, 37.72947501143159], [128.93353973112391, 37.72947501143159]], [[128.93362660640025, 37.73398025305573], [128.93362660640025, 37.73398025305574], [128.93079024573444, 37.73401472071926], [128.93079024573444, 37.734014720719244], [128.93362660640025, 37.73398025305573]]], [[[128.90509248677483, 37.725311262610944], [128.9022564216959, 37.72534503715506], [128.9022989029253, 37.72759769052634], [128.9051350538537, 37.72756391325562], [128.90509248677483, 37.725311262610944]]], [[[128.9195738156882, 37.74090980638909], [128.91953079062228, 37.73865717488882], [128.91953079062228, 37.738657174888814], [128.9194877703491, 37.73640454248369], [128.91665129974464, 37.73643867180037], [128.91669423412336, 37.73869130696043], [128.91669423412336, 37.73869130696043], [128.91673717328527, 37.74094394121578], [128.91673717328527, 37.74094394121578], [128.91678011723093, 37.74319657456641], [128.9196168455475, 37.743162436984434], [128.9196168455475, 37.743162436984434], [128.92245356907017, 37.743128231159425], [128.92245356907017, 37.743128231159425], [128.92245356907017, 37.743128231159425], [128.92249668964593, 37.74538085808894], [128.92533349428717, 37.7453465812548], [128.92529028778938, 37.74309395709171], [128.92812700169557, 37.74305961478167], [128.92812700169557, 37.74305961478167], [128.9309637107792, 37.74302520422964], [128.9309203372712, 37.74077258471036], [128.92808371409893, 37.74080699248512], [128.92808371409893, 37.74080699248512], [128.9309203372712, 37.74077258471036], [128.9308769685948, 37.73851996428552], [128.9308769685948, 37.73851996428552], [128.9308336047494, 37.73626734295515], [128.92799715337108, 37.736301745175844], [128.92799715337108, 37.736301745175844], [128.92516069717192, 37.73633607917106], [128.92516069717192, 37.73633607917106], [128.9223242361614, 37.73637034494047], [128.9223673423285, 37.73862297458516], [128.92236734232847, 37.73862297458516], [128.9223242361614, 37.736370344940475], [128.9223242361614, 37.73637034494047], [128.92228113479604, 37.73411771439074], [128.91944475486812, 37.734151909173704], [128.91948777034912, 37.73640454248369], [128.91948777034912, 37.73640454248369], [128.9195307906223, 37.738657174888814], [128.9195307906223, 37.738657174888814], [128.9195738156882, 37.74090980638909], [128.9195738156882, 37.74090980638909]], [[128.9280404313243, 37.738554369283165], [128.92808371409893, 37.740806992485105], [128.92808371409893, 37.740806992485105], [128.9280404313243, 37.738554369283165], [128.9280404313243, 37.738554369283165]]], [[[128.92245356907017, 37.743128231159425], [128.9196168455475, 37.743162436984434], [128.91965988020064, 37.74541506667488], [128.92249668964593, 37.74538085808894], [128.92245356907017, 37.743128231159425]]], [[[128.93061685796755, 37.725004222721005], [128.92778083590682, 37.72503861105944], [128.92782408976134, 37.72729123969329], [128.93066019766647, 37.72725684857873], [128.93061685796755, 37.725004222721005]]], [[[128.93650649300517, 37.73619833383878], [128.93650649300517, 37.73619833383879], [128.9336700512973, 37.73623287250935], [128.93371350103433, 37.73848549105727], [128.9365500286333, 37.73845094959876], [128.9365500286333, 37.73845094959875], [128.93938655138209, 37.73841633991034], [128.93938655138209, 37.73841633991034], [128.94222306927122, 37.7383816619924], [128.94217936186274, 37.736129051824854], [128.94217936186274, 37.736129051824854], [128.94222306927122, 37.7383816619924], [128.9450595822911, 37.73834691584527], [128.9450157889933, 37.736094308482194], [128.9450157889933, 37.736094308482194], [128.9450595822911, 37.73834691584527], [128.94789609043212, 37.73831210146933], [128.94789609043212, 37.73831210146933], [128.9450595822911, 37.73834691584528], [128.9450595822911, 37.73834691584527], [128.94222306927122, 37.7383816619924], [128.94226678154894, 37.74063427125373], [128.94226678154894, 37.74063427125373], [128.94222306927122, 37.7383816619924], [128.93938655138209, 37.73841633991034], [128.93938655138209, 37.73841633991034], [128.9365500286333, 37.73845094959876], [128.9365500286333, 37.73845094959876], [128.93371350103436, 37.73848549105727], [128.93375695561195, 37.74073810869948], [128.9365935691115, 37.74070356445286], [128.9365935691115, 37.74070356445286], [128.93943017776036, 37.74066895197081], [128.93943017776036, 37.74066895197081], [128.93943017776036, 37.74066895197081], [128.93947380899888, 37.742921563125215], [128.94231049869651, 37.74288687960883], [128.94231049869651, 37.74288687960883], [128.94231049869651, 37.74288687960883], [128.9423542207145, 37.74513948705769], [128.94519099145973, 37.74510473249616], [128.94519099145973, 37.74510473249616], [128.9480277573244, 37.74506990968928], [128.9480277573244, 37.74506990968928], [128.95086451829897, 37.745035018637445], [128.95086451829897, 37.745035018637445], [128.95086451829897, 37.745035018637445], [128.95086451829897, 37.745035018637445], [128.9480277573244, 37.74506990968928], [128.9480277573244, 37.74506990968928], [128.94519099145973, 37.74510473249616], [128.94523480427628, 37.747357336233605], [128.94807165606795, 37.74732251061609], [128.94807165606798, 37.74732251061609], [128.95090850296896, 37.74728761674809], [128.95090850296896, 37.74728761674808], [128.9537453449697, 37.747252654629975], [128.9537453449697, 37.747252654629975], [128.9565821820606, 37.74721762426213], [128.95653802553952, 37.7449650318003], [128.95653802553952, 37.7449650318003], [128.95649387393723, 37.74271243843136], [128.95649387393723, 37.74271243843136], [128.95644972725316, 37.74045984415534], [128.95644972725316, 37.74045984415534], [128.95640558548675, 37.73820724897224], [128.95356909203954, 37.73824226803245], [128.95356909203954, 37.73824226803245], [128.9507325936848, 37.73827721886494], [128.9507325936848, 37.73827721886494], [128.9507325936848, 37.73827721886494], [128.95068862861007, 37.73602461712732], [128.94785221124556, 37.73605949691625], [128.94785221124556, 37.73605949691624], [128.95068862861007, 37.73602461712732], [128.95068862861007, 37.73602461712732], [128.9535250410772, 37.73598966911582], [128.95348099502178, 37.733737069292324], [128.9506446684327, 37.733772014483016], [128.9506446684327, 37.733772014483016], [128.94780833694682, 37.733806891456624], [128.94776446753528, 37.731554285090525], [128.94492821703184, 37.73158909103705], [128.94492821703184, 37.731589091037044], [128.94776446753528, 37.731554285090525], [128.94772060301037, 37.72930167781795], [128.94767674337157, 37.727049069638944], [128.94767674337157, 37.727049069638944], [128.94767674337157, 37.727049069638944], [128.95051281727896, 37.72701420111026], [128.95046887668522, 37.72476159483945], [128.94763288861824, 37.724796460553506], [128.94763288861824, 37.724796460553506], [128.94479689566634, 37.72483125807211], [128.9448406645787, 37.727083869966684], [128.9448406645787, 37.727083869966684], [128.94488443836698, 37.729336480955], [128.94492821703182, 37.731589091037044], [128.94209196165127, 37.73162382877126], [128.94209196165127, 37.73162382877126], [128.94209196165127, 37.73162382877126], [128.9420482688471, 37.729371215885266], [128.93921209446023, 37.72940588260834], [128.93925570140317, 37.731658498292816], [128.93641943629711, 37.73169309960134], [128.93646296222667, 37.733945717172965], [128.93646296222667, 37.733945717172965], [128.93650649300517, 37.73619833383878]], [[128.9392557014032, 37.731658498292816], [128.9392993132041, 37.73391111307132], [128.94213565932296, 37.73387644075114], [128.94213565932296, 37.73387644075114], [128.9449720005737, 37.73384170021278], [128.9449720005737, 37.73384170021278], [128.9449720005737, 37.73384170021278], [128.9449720005737, 37.73384170021278], [128.94213565932296, 37.73387644075114], [128.94213565932296, 37.73387644075114], [128.9392993132041, 37.73391111307132], [128.93934292986353, 37.736163726943836], [128.93934292986353, 37.736163726943836], [128.9392993132041, 37.73391111307133], [128.9392993132041, 37.73391111307133], [128.93925570140317, 37.731658498292816], [128.9392557014032, 37.731658498292816]], [[128.9451033804677, 37.74059952230198], [128.94793997450708, 37.740564705115894], [128.94793997450708, 37.740564705115894], [128.9451033804677, 37.74059952230198], [128.9451033804677, 37.74059952230198]], [[128.95365720868728, 37.74274746314506], [128.95365720868728, 37.74274746314506], [128.95370127437388, 37.745000059341], [128.95370127437388, 37.745000059341], [128.95370127437388, 37.745000059341], [128.95365720868728, 37.74274746314506]]], [[[128.93375695561193, 37.740738108699475], [128.93375695561193, 37.740738108699475], [128.93371350103433, 37.73848549105727], [128.93371350103433, 37.73848549105727], [128.9336700512973, 37.73623287250935], [128.9308336047494, 37.73626734295515], [128.9308769685948, 37.73851996428552], [128.9308769685948, 37.73851996428552], [128.9309203372712, 37.74077258471036], [128.93092033727123, 37.74077258471036], [128.9309637107792, 37.74302520422962], [128.93380041503067, 37.74299072543596], [128.93375695561193, 37.740738108699475]]], [[[128.93380041503067, 37.742990725435966], [128.9309637107792, 37.743025204229625], [128.93100708911933, 37.74527782284332], [128.93384387929112, 37.74524334126671], [128.93380041503067, 37.742990725435966]]], [[[128.95051281727896, 37.72701420111026], [128.94767674337157, 37.727049069638944], [128.9477206030104, 37.72930167781795], [128.9477206030104, 37.72930167781795], [128.94776446753528, 37.731554285090525], [128.9506007131521, 37.73151941093206], [128.95055676276772, 37.729266806474456], [128.95055676276772, 37.729266806474456], [128.95051281727896, 37.72701420111026]]], [[[128.9535250410772, 37.735989669115824], [128.95068862861007, 37.73602461712732], [128.9507325936848, 37.73827721886494], [128.95356909203954, 37.73824226803244], [128.9535250410772, 37.735989669115824]]], [[[128.95937477178637, 37.74492993601574], [128.95933053426896, 37.74267734547929], [128.95649387393723, 37.74271243843136], [128.95653802553952, 37.7449650318003], [128.9565821820606, 37.747217624262134], [128.95941901423217, 37.747182525644895], [128.95937477178637, 37.74492993601574]]]]}}, {"type": "Feature", "properties": {"rank": 2, "method": "BFS+Zoning", "n_grids": 198, "avg_micro": 76.98256425048693, "cluster_score": 138.10639106550178, "buildable_ha": 476.2499999999999, "final_score": 126.67447374585124, "avg_bcr": 0.3848484848484848, "center_lat": 37.811198366897436, "center_lon": 128.85109508801702}, "geometry": {"type": "MultiPolygon", "coordinates": [[[[128.84071520049673, 37.77337758377677], [128.84071520049673, 37.77337758377678], [128.8407558879781, 37.77563027682996], [128.8407558879781, 37.77563027682996], [128.84079657999303, 37.77788296898238], [128.84363472420475, 37.777850634976915], [128.8435939461177, 37.77559794543342], [128.8435939461177, 37.77559794543342], [128.84355317257376, 37.773345254989025], [128.84355317257376, 37.77334525498902], [128.84355317257376, 37.77334525498903], [128.8435531725738, 37.77334525498903], [128.8435939461177, 37.77559794543342], [128.84643199971418, 37.77556554570739], [128.84643199971418, 37.77556554570739], [128.84927004875794, 37.775533077652184], [128.84922910309055, 37.77328039244186], [128.84639114010824, 37.773312857877265], [128.84639114010824, 37.77331285787727], [128.84639114010824, 37.77331285787727], [128.84635028505448, 37.77106016914613], [128.84635028505448, 37.77106016914613], [128.84630943455238, 37.76880747951396], [128.84347163911318, 37.7688398713976], [128.84347163911318, 37.768839871397596], [128.84347163911315, 37.768839871397596], [128.84347163911315, 37.768839871397596], [128.84630943455235, 37.76880747951395], [128.84630943455235, 37.76880747951395], [128.8491472254405, 37.76877501931768], [128.84910629345674, 37.76652233140383], [128.8462685886013, 37.76655478898078], [128.8462685886013, 37.76655478898078], [128.84343087919535, 37.766587178250596], [128.84343087919535, 37.76658717825061], [128.8405931652484, 37.766619499212965], [128.8406338391324, 37.76887219496827], [128.84063383913244, 37.76887219496827], [128.84067451754834, 37.77112488982288], [128.84067451754834, 37.77112488982288], [128.8406338391324, 37.76887219496827], [128.83779603461977, 37.76890445022562], [128.83779603461977, 37.76890445022562], [128.83495822558478, 37.76893663716934], [128.83499873191235, 37.77118933722435], [128.8378366269918, 37.771157147683205], [128.8378366269918, 37.771157147683205], [128.84067451754834, 37.771124889822886], [128.84071520049673, 37.77337758377677]]], [[[128.84079657999303, 37.77788296898239], [128.83795843124724, 37.7779152346525], [128.837999041714, 37.780167928507716], [128.84083727654203, 37.78013566023404], [128.84083727654203, 37.78013566023404], [128.84367550683544, 37.78010332361948], [128.84363472420475, 37.77785063497692], [128.84079657999303, 37.77788296898239], [128.84079657999303, 37.77788296898239]]], [[[128.84087797762564, 37.78238835058487], [128.83803965670577, 37.782420621462286], [128.83808027622314, 37.78467331351619], [128.84091868324438, 37.784641040034884], [128.84087797762564, 37.78238835058487]]], [[[128.84387948816263, 37.79136675331749], [128.84104082731687, 37.79139910297982], [128.84108155108157, 37.793651788826345], [128.84392029806656, 37.79361943655399], [128.84387948816263, 37.79136675331749]]], [[[128.82992848137377, 37.80504398182528], [128.82992848137377, 37.80504398182528], [128.82996888758095, 37.807296672654566], [128.8328081697095, 37.80726457834893], [128.83276767730337, 37.80501189010854], [128.83276767730337, 37.80501189010854], [128.83272718940898, 37.80275920096758], [128.835566294638, 37.80272704344257], [128.835566294638, 37.80272704344257], [128.83272718940898, 37.80275920096758], [128.83276767730337, 37.805011890108545], [128.83276767730337, 37.805011890108545], [128.8328081697095, 37.80726457834893], [128.83564744732578, 37.807232415635255], [128.83560686872124, 37.804979729989284], [128.83560686872124, 37.804979729989284], [128.83560686872124, 37.804979729989284], [128.83560686872124, 37.804979729989284], [128.83564744732578, 37.807232415635255], [128.8384867204202, 37.807200184513874], [128.8384460556178, 37.80494750146783], [128.83844605561777, 37.80494750146783], [128.83840539534626, 37.80269481752091], [128.83840539534626, 37.80269481752091], [128.83836473960517, 37.800442132673105], [128.8355257250756, 37.80047435599517], [128.83268670602578, 37.80050651092607], [128.83272718940898, 37.80275920096758], [128.82988807966873, 37.80279129009557], [128.82992848137377, 37.80504398182528]]], [[[128.82996888758095, 37.80729667265457], [128.82712960094972, 37.80732869855183], [128.82716992545045, 37.8095813910642], [128.83000929829075, 37.809549362583404], [128.82996888758095, 37.80729667265457]]], [[[128.8356880304522, 37.80948510038046], [128.83572861810097, 37.8117377842249], [128.83856806361996, 37.81170554790319], [128.83856806361996, 37.8117055479032], [128.83856806361996, 37.8117055479032], [128.83856806361996, 37.81170554790321], [128.83572861810097, 37.81173778422492], [128.8356880304522, 37.80948510038048], [128.83284866662785, 37.809517265688726], [128.83288916805904, 37.811769952127875], [128.83288916805904, 37.811769952127875], [128.83288916805904, 37.811769952127875], [128.83284866662785, 37.809517265688726], [128.83000929829075, 37.80954936258341], [128.83000929829075, 37.80954936258341], [128.82716992545045, 37.8095813910642], [128.82716992545045, 37.8095813910642], [128.82433054811656, 37.809613351130785], [128.82437079089166, 37.81186604532102], [128.82721025444476, 37.81183408267627], [128.82721025444476, 37.81183408267627], [128.8272102544448, 37.81183408267627], [128.82725058793324, 37.814086773388006], [128.83009013322052, 37.81405473973966], [128.83009013322052, 37.81405473973966], [128.83292967400354, 37.814022637666405], [128.8357692102727, 37.81399046716855], [128.83572861810097, 37.81173778422492], [128.83572861810097, 37.81173778422492], [128.8357692102727, 37.81399046716856], [128.8357692102727, 37.81399046716856], [128.83580980696792, 37.816243149211374], [128.83585040818713, 37.818495830353356], [128.83585040818713, 37.818495830353356], [128.83589101393088, 37.82074851059446], [128.83873080441424, 37.82071626387024], [128.83873080441424, 37.820716263870246], [128.83873080441424, 37.820716263870246], [128.83877150094818, 37.822968940609435], [128.83877150094818, 37.822968940609435], [128.83881220201735, 37.825221616447585], [128.84165216050476, 37.82518929606965], [128.84169295239346, 37.82744196839985], [128.84453299261878, 37.827409576958374], [128.84457387534624, 37.829662245774784], [128.84741399730837, 37.82962978325892], [128.84741399730837, 37.82962978325892], [128.84457387534624, 37.829662245774784], [128.84461476262976, 37.83191491368976], [128.8446147626298, 37.83191491368976], [128.8446556544699, 37.83416758070326], [128.8474959490455, 37.83413511295083], [128.8474549708938, 37.83188244855569], [128.8474549708938, 37.83188244855569], [128.8474549708938, 37.83188244855569], [128.85029517459165, 37.83184991495457], [128.8502541147048, 37.82959725228151], [128.84741399730837, 37.82962978325892], [128.84741399730837, 37.82962978325892], [128.8502541147048, 37.82959725228151], [128.85021305939324, 37.82734458870672], [128.85021305939324, 37.82734458870672], [128.8502541147048, 37.82959725228151], [128.853094227526, 37.829564652842905], [128.8530530859232, 37.827311991897204], [128.8530530859232, 37.827311991897204], [128.85301194890474, 37.82505933004959], [128.85301194890474, 37.82505933004959], [128.85301194890474, 37.825059330049584], [128.85585188456926, 37.82502666741917], [128.85585188456926, 37.82502666741917], [128.85869181564036, 37.82499393633928], [128.8586505106633, 37.82274127886389], [128.861490350861, 37.822708481980186], [128.86153174210844, 37.82496113681026], [128.86437166396388, 37.82492826883243], [128.86437166396388, 37.82492826883243], [128.86437166396388, 37.82492826883243], [128.86441314610337, 37.827180920109164], [128.86441314610337, 37.827180920109164], [128.8615731379685, 37.82721379073799], [128.86153174210844, 37.824961136810266], [128.85869181564036, 37.82499393633929], [128.85873312522043, 37.827246592912495], [128.85873312522043, 37.827246592912495], [128.85869181564036, 37.82499393633929], [128.85585188456926, 37.82502666741918], [128.85589310786878, 37.82727932663235], [128.85589310786878, 37.82727932663235], [128.85589310786878, 37.82727932663235], [128.8530530859232, 37.8273119918972], [128.853094227526, 37.82956465284292], [128.85593433576227, 37.829531984943465], [128.85597556825024, 37.83178464235251], [128.85597556825024, 37.83178464235251], [128.8560168053333, 37.83403729885946], [128.85885708158418, 37.834004557218776], [128.8588984095818, 37.836257210183014], [128.86173876754592, 37.836224397425], [128.86173876754592, 37.836224397425], [128.8645791208947, 37.836191516190596], [128.86453762026076, 37.83393886852411], [128.86453762026076, 37.83393886852411], [128.8645791208947, 37.836191516190596], [128.86741946961848, 37.83615856648014], [128.86737788266723, 37.833905921470816], [128.86737788266723, 37.833905921470816], [128.86733630035002, 37.831653275558715], [128.86449612425127, 37.831686219955024], [128.8645376202608, 37.83393886852411], [128.86453762026076, 37.83393886852411], [128.86449612425127, 37.831686219955024], [128.8616559435287, 37.831719095886314], [128.8616559435287, 37.831719095886314], [128.86449612425127, 37.831686219955024], [128.86445463286566, 37.82943357048336], [128.86445463286566, 37.82943357048336], [128.8672947226663, 37.82940062874389], [128.8672531496155, 37.82714798102638], [128.8672531496155, 37.82714798102637], [128.86725314961552, 37.82714798102637], [128.8672947226663, 37.82940062874389], [128.8644546328657, 37.82943357048336], [128.86449612425127, 37.831686219955024], [128.86733630035002, 37.831653275558715], [128.8672947226663, 37.82940062874389], [128.8672947226663, 37.82940062874389], [128.86733630035002, 37.8316532755587], [128.87017647181526, 37.83162026269773], [128.87017647181526, 37.83162026269773], [128.87301663863738, 37.83158718137244], [128.87301663863738, 37.83158718137245], [128.8730583935684, 37.833839821953994], [128.8758986420439, 37.83380666949116], [128.8758986420439, 37.83380666949115], [128.8787388858565, 37.833773448559164], [128.8786969583139, 37.83152081333024], [128.8758568008068, 37.83155403158316], [128.87581496423203, 37.82930139277197], [128.87297488835907, 37.829334539887846], [128.87297488835907, 37.82933453988784], [128.87581496423203, 37.82930139277196], [128.87577313231904, 37.827048753057575], [128.87293314273293, 37.82708189750023], [128.87293314273293, 37.82708189750023], [128.87293314273293, 37.82708189750023], [128.87289140175838, 37.824829254209604], [128.87005149379846, 37.82486232753176], [128.87005149379846, 37.82486232753176], [128.87005149379846, 37.82486232753176], [128.8700098437432, 37.822609680670766], [128.8700098437432, 37.822609680670766], [128.8699681983288, 37.82035703290696], [128.8699681983288, 37.82035703290696], [128.86992655755475, 37.8181043842404], [128.86708690373078, 37.81813738112963], [128.8671284582553, 37.82039003245775], [128.86428871355105, 37.82042296357147], [128.86428871355105, 37.82042296357149], [128.86144896422567, 37.82045582624778], [128.86140758220185, 37.81820316961309], [128.8585679145161, 37.818235961206625], [128.85860921028873, 37.82048862048632], [128.85860921028873, 37.82048862048632], [128.8585679145161, 37.818235961206625], [128.86140758220185, 37.818203169613085], [128.86136620478902, 37.815950512076114], [128.86136620478902, 37.815950512076114], [128.86132483198665, 37.813697853636874], [128.8584853367744, 37.81373063994088], [128.85852662334486, 37.815983301024794], [128.85852662334483, 37.815983301024794], [128.85852662334483, 37.815983301024794], [128.85568703729982, 37.81601602154642], [128.85568703729982, 37.816016021546424], [128.85284744666356, 37.81604867364063], [128.85284744666356, 37.81604867364063], [128.85284744666356, 37.81604867364062], [128.85280633255869, 37.81379600728388], [128.8499668235744, 37.8138285883222], [128.85000785144567, 37.8160812573071], [128.85000785144567, 37.8160812573071], [128.85004888388895, 37.818333925390355], [128.85288856535004, 37.81830133909559], [128.85288856535004, 37.8183013390956], [128.85288856535004, 37.8183013390956], [128.85292968861873, 37.82055400364876], [128.8557694517499, 37.82052134628676], [128.8557694517499, 37.82052134628676], [128.85292968861873, 37.82055400364876], [128.8529708164701, 37.82280666730009], [128.8529708164701, 37.82280666730009], [128.8529708164701, 37.8228066673001], [128.8501309624938, 37.82283925885192], [128.8501309624938, 37.82283925885192], [128.8501309624938, 37.82283925885192], [128.8529708164701, 37.82280666730009], [128.85292968861873, 37.82055400364876], [128.85292968861873, 37.82055400364876], [128.85288856535004, 37.8183013390956], [128.85004888388895, 37.81833392539036], [128.85008992090485, 37.82058659257198], [128.85008992090482, 37.82058659257198], [128.85008992090482, 37.82058659257198], [128.84725014861786, 37.820619113056075], [128.84725014861786, 37.82061911305607], [128.84725014861783, 37.82061911305607], [128.84725014861783, 37.82061911305606], [128.85008992090482, 37.82058659257197], [128.85004888388895, 37.81833392539036], [128.85004888388895, 37.81833392539036], [128.85000785144567, 37.81608125730712], [128.84716825165575, 37.81611377254548], [128.84720919785528, 37.81836644325151], [128.84720919785528, 37.81836644325151], [128.84720919785528, 37.81836644325152], [128.8443695072587, 37.818398892678736], [128.84441037176734, 37.820651565100704], [128.84441037176734, 37.820651565100704], [128.84436950725868, 37.81839889267874], [128.84436950725868, 37.81839889267874], [128.8443286473034, 37.816146219355446], [128.84148903839827, 37.81617859773664], [128.84148903839827, 37.81617859773664], [128.8386494249499, 37.81621090768873], [128.83869011241498, 37.81846358623], [128.83869011241498, 37.81846358623], [128.83869011241498, 37.81846358622999], [128.83869011241498, 37.81846358622999], [128.8386494249499, 37.81621090768873], [128.83860874201838, 37.813958228246456], [128.83860874201838, 37.813958228246456], [128.83860874201838, 37.81395822824645], [128.841448269231, 37.813925920900424], [128.84140750460645, 37.81167324316309], [128.84140750460645, 37.81167324316309], [128.841448269231, 37.813925920900424], [128.841448269231, 37.813925920900424], [128.841448269231, 37.81392592090043], [128.83860874201838, 37.813958228246456], [128.8386494249499, 37.81621090768873], [128.84148903839827, 37.816178597736624], [128.84148903839827, 37.816178597736624], [128.8443286473034, 37.81614621935544], [128.8443286473034, 37.81614621935544], [128.84716825165575, 37.81611377254548], [128.85000785144567, 37.8160812573071], [128.84996682357436, 37.8138285883222], [128.8471273100186, 37.81386110093796], [128.8471273100186, 37.81386110093796], [128.84996682357436, 37.8138285883222], [128.84992580027458, 37.811575918435715], [128.84992580027458, 37.811575918435715], [128.84992580027458, 37.811575918435715], [128.85276522303488, 37.81154334002535], [128.85272411809166, 37.80929067186512], [128.85272411809166, 37.80929067186512], [128.85276522303488, 37.81154334002535], [128.85280633255869, 37.81379600728387], [128.85564583696188, 37.81376335782331], [128.85560464121465, 37.81151069319831], [128.85844405480427, 37.81147797795487], [128.8584027774339, 37.80922531506682], [128.8584027774339, 37.80922531506682], [128.8583615046627, 37.80697265127674], [128.8555222634901, 37.80700536124263], [128.8555222634901, 37.80700536124263], [128.85268301772842, 37.80703800280316], [128.85268301772842, 37.807038002803175], [128.8498437673873, 37.80707057595803], [128.84988478154574, 37.80932324764764], [128.84988478154574, 37.80932324764764], [128.84988478154574, 37.80932324764765], [128.8470454404294, 37.80935575501864], [128.84708637294335, 37.81160842842901], [128.84708637294335, 37.81160842842901], [128.84708637294335, 37.81160842842901], [128.84708637294335, 37.81160842842901], [128.8470454404294, 37.80935575501864], [128.8442060947523, 37.80938819397776], [128.8442060947523, 37.80938819397776], [128.84136674452398, 37.80942056452466], [128.84136674452398, 37.80942056452466], [128.8385273897541, 37.809452866659015], [128.8385273897541, 37.809452866659015], [128.8385273897541, 37.809452866659015], [128.8385273897541, 37.80945286665901], [128.84136674452398, 37.80942056452465], [128.841366744524, 37.80942056452465], [128.8442060947523, 37.80938819397775], [128.84416525300506, 37.807135517049346], [128.84132598898316, 37.80716788498513], [128.84132598898316, 37.80716788498513], [128.8384867204202, 37.807200184513874], [128.8384867204202, 37.807200184513874], [128.83564744732578, 37.80723241563526], [128.8356880304522, 37.80948510038046], [128.8356880304522, 37.80948510038046]], [[128.85581066586315, 37.82277400730398], [128.8557694517499, 37.82052134628676], [128.85860921028873, 37.82048862048632], [128.8586505106633, 37.82274127886389], [128.85581066586315, 37.82277400730398]], [[128.86149035086103, 37.822708481980186], [128.861490350861, 37.822708481980186], [128.86144896422567, 37.82045582624778], [128.86144896422567, 37.82045582624778], [128.86149035086103, 37.822708481980186]], [[128.84140750460645, 37.81167324316309], [128.84424694105076, 37.811640870004915], [128.84424694105076, 37.811640870004915], [128.84424694105076, 37.811640870004915], [128.84424694105076, 37.811640870004915], [128.84140750460645, 37.81167324316309], [128.84140750460645, 37.81167324316309]], [[128.84729110394386, 37.82287178195911], [128.84729110394386, 37.82287178195911], [128.84733206383396, 37.82512444996061], [128.84733206383396, 37.82512444996061], [128.84729110394386, 37.82287178195911]], [[128.84445124082987, 37.82290423662132], [128.84445124082987, 37.82290423662132], [128.84161137316144, 37.822936622838206], [128.84161137316144, 37.822936622838206], [128.84161137316144, 37.822936622838206], [128.84445124082987, 37.82290423662132], [128.84441037176734, 37.820651565100704], [128.84441037176734, 37.820651565100704], [128.84445124082987, 37.82290423662132], [128.84729110394386, 37.82287178195911], [128.84729110394386, 37.82287178195911], [128.84445124082987, 37.82290423662132]], [[128.83004971350377, 37.81180205161177], [128.83004971350377, 37.81180205161177], [128.83004971350377, 37.81180205161177], [128.83004971350377, 37.81180205161177], [128.83004971350377, 37.81180205161177]], [[128.84453299261878, 37.827409576958374], [128.84453299261878, 37.827409576958374], [128.84449211444684, 37.825156907240554], [128.84449211444684, 37.825156907240554], [128.84453299261878, 37.827409576958374]], [[128.85881575819178, 37.831751903352256], [128.85877443940404, 37.829499248583495], [128.85877443940404, 37.829499248583495], [128.85873312522043, 37.827246592912495], [128.85873312522043, 37.827246592912495], [128.85877443940404, 37.8294992485835], [128.86161453844173, 37.829466443763344], [128.8616559435287, 37.831719095886314], [128.85881575819178, 37.831751903352256], [128.85881575819178, 37.831751903352256], [128.85881575819178, 37.831751903352256]], [[128.86169735322989, 37.83397174710688], [128.86169735322989, 37.83397174710688], [128.85885708158418, 37.834004557218776], [128.85885708158418, 37.834004557218776], [128.86169735322989, 37.83397174710688]], [[128.86717001741053, 37.82264268288328], [128.8672115811971, 37.82489533240616], [128.8672115811971, 37.82489533240616], [128.86717001741053, 37.82264268288328], [128.86433018644664, 37.8226756166532], [128.86433018644664, 37.82267561665319], [128.86717001741053, 37.82264268288327], [128.8671284582553, 37.82039003245776], [128.8671284582553, 37.82039003245776], [128.86717001741056, 37.82264268288328], [128.86717001741053, 37.82264268288328]]], [[[128.83564744732578, 37.80723241563526], [128.8328081697095, 37.807264578348935], [128.83284866662785, 37.809517265688726], [128.8356880304522, 37.80948510038048], [128.83564744732578, 37.80723241563526]]], [[[128.8329701844619, 37.81627532230427], [128.83301069943468, 37.81852800604143], [128.8358504081871, 37.818495830353356], [128.8358098069679, 37.816243149211374], [128.8358098069679, 37.816243149211374], [128.8357692102727, 37.81399046716856], [128.83292967400354, 37.81402263766641], [128.83292967400354, 37.81402263766641], [128.83009013322052, 37.81405473973967], [128.83013055744152, 37.81630742696705], [128.8329701844619, 37.81627532230427], [128.8329701844619, 37.81627532230427]]], [[[128.84651373258467, 37.78007091866439], [128.84651373258467, 37.78007091866439], [128.84367550683544, 37.78010332361947], [128.84371629401033, 37.782356011361074], [128.84371629401033, 37.782356011361074], [128.84371629401033, 37.782356011361074], [128.84087797762564, 37.78238835058487], [128.84091868324438, 37.78464104003489], [128.84375708572998, 37.7846086982017], [128.84375708572998, 37.7846086982017], [128.84659548367028, 37.78457628801694], [128.84659548367028, 37.78457628801694], [128.84943387705573, 37.78454380948097], [128.84939291313597, 37.782291127875695], [128.84939291313597, 37.782291127875695], [128.84935195378011, 37.780038445369115], [128.84651373258467, 37.78007091866439], [128.8464728638728, 37.77781823263643], [128.8464728638728, 37.77781823263643], [128.84643199971418, 37.77556554570739], [128.8435939461177, 37.77559794543342], [128.84363472420478, 37.777850634976915], [128.84363472420475, 37.777850634976915], [128.84367550683544, 37.78010332361947], [128.84651373258467, 37.78007091866439]]], [[[128.84663636604512, 37.78682897134151], [128.84947484553996, 37.786796490184955], [128.84943387705573, 37.78454380948097], [128.84659548367028, 37.78457628801694], [128.84659548367028, 37.78457628801694], [128.84375708573, 37.7846086982017], [128.84379788199487, 37.786861384141325], [128.84663636604512, 37.786828971341514], [128.84663636604512, 37.78682897134151]]], [[[128.84667725297533, 37.789081653764896], [128.8467181444615, 37.79133433528707], [128.84955679620387, 37.791301848888885], [128.8495977783847, 37.79355452688879], [128.8524365116986, 37.79352196949663], [128.8523954433802, 37.79126929412329], [128.8523954433802, 37.79126929412329], [128.85235437963743, 37.78901661784842], [128.85235437963743, 37.78901661784842], [128.8523133204698, 37.786763940672024], [128.84947484553993, 37.78679649018497], [128.84951581858914, 37.78904916998761], [128.84951581858914, 37.78904916998761], [128.84947484553993, 37.78679649018497], [128.84663636604512, 37.786828971341514], [128.84667725297533, 37.789081653764896], [128.84667725297533, 37.789081653764896]], [[128.84951581858914, 37.78904916998761], [128.84951581858914, 37.78904916998761], [128.84955679620387, 37.791301848888885], [128.84955679620387, 37.791301848888885], [128.84951581858914, 37.78904916998761]]], [[[128.84675904050414, 37.79358701590803], [128.8467999411038, 37.79583969562774], [128.8496387651321, 37.79580720398731], [128.8496387651321, 37.79580720398731], [128.85247758459326, 37.795774643968414], [128.85251866206463, 37.79802731753862], [128.8553575631053, 37.797994686509234], [128.85531639947766, 37.79574201557142], [128.85531639947766, 37.79574201557142], [128.85527524043636, 37.79348934373188], [128.8524365116986, 37.79352196949663], [128.8495977783847, 37.7935545268888], [128.8495977783847, 37.7935545268888], [128.8495977783847, 37.7935545268888], [128.84955679620387, 37.79130184888889], [128.8467181444615, 37.79133433528707], [128.8467181444615, 37.79133433528707], [128.84671814446148, 37.79133433528707], [128.84667725297533, 37.789081653764896], [128.84383868280557, 37.78911406917994], [128.84387948816263, 37.79136675331749], [128.84387948816263, 37.79136675331749], [128.84392029806656, 37.79361943655399], [128.84675904050414, 37.793587015908024], [128.84675904050414, 37.79358701590803], [128.84675904050414, 37.79358701590803]]], [[[128.85251866206463, 37.79802731753862], [128.84967975644668, 37.79805988018439], [128.84967975644668, 37.79805988018439], [128.84684084626102, 37.7980923744462], [128.84688175597637, 37.800345052363355], [128.84972075232892, 37.80031255548002], [128.84972075232892, 37.80031255548002], [128.85255974411328, 37.800279990207216], [128.85251866206463, 37.79802731753862]]], [[[128.85260083073976, 37.80253266197418], [128.8526008307398, 37.80253266197418], [128.8526008307398, 37.80253266197418], [128.84976175277944, 37.802565229874176], [128.84972075232895, 37.80031255548002], [128.84688175597637, 37.800345052363355], [128.8469226702503, 37.802597729379194], [128.8469226702503, 37.802597729379194], [128.84696358908346, 37.80485040549371], [128.8498027577987, 37.80481790336685], [128.8498027577987, 37.80481790336685], [128.85264192194464, 37.80478533283951], [128.85264192194464, 37.8047853328395], [128.85548108151167, 37.80475269391198], [128.85543990412177, 37.80250002567953], [128.85543990412174, 37.802500025679535], [128.85539873131978, 37.80024735654528], [128.85539873131978, 37.80024735654528], [128.8553575631053, 37.79799468650924], [128.85251866206463, 37.79802731753862], [128.85255974411328, 37.80027999020721], [128.85255974411328, 37.80027999020721], [128.85260083073976, 37.80253266197418]]], [[[128.8474959490455, 37.83413511295083], [128.85033623905434, 37.83410257672583], [128.8531765244868, 37.834069972028594], [128.85313537371368, 37.83181731288673], [128.85313537371368, 37.83181731288673], [128.853094227526, 37.82956465284292], [128.8502541147048, 37.82959725228151], [128.85029517459165, 37.83184991495457], [128.8474549708938, 37.83188244855569], [128.8474959490455, 37.83413511295083]]], [[[128.85313537371368, 37.831817312886734], [128.85317652448683, 37.83406997202861], [128.8560168053333, 37.83403729885948], [128.85597556825024, 37.83178464235252], [128.85597556825024, 37.83178464235252], [128.85593433576227, 37.829531984943465], [128.853094227526, 37.829564652842926], [128.85313537371368, 37.831817312886734], [128.85313537371368, 37.831817312886734]]], [[[128.85523408598087, 37.791236670990614], [128.85519293611063, 37.78898399734766], [128.85235437963743, 37.78901661784842], [128.85239544338023, 37.79126929412329], [128.85523408598087, 37.791236670990614]]], [[[128.85815520977573, 37.795709318796675], [128.85531639947766, 37.79574201557143], [128.8553575631053, 37.79799468650924], [128.85819645955908, 37.79796198709657], [128.85815520977573, 37.795709318796675]]], [[[128.8583202364902, 37.804719986584644], [128.85827897291577, 37.80246732099056], [128.85543990412177, 37.80250002567953], [128.85548108151167, 37.80475269391198], [128.8583202364902, 37.804719986584644]]], [[[128.85548108151167, 37.80475269391199], [128.85264192194464, 37.80478533283951], [128.85268301772842, 37.80703800280316], [128.85552226349012, 37.80700536124263], [128.85548108151167, 37.80475269391199]]], [[[128.86124210021097, 37.80919253405172], [128.86120074123664, 37.80693987290585], [128.8583615046627, 37.80697265127674], [128.8584027774339, 37.80922531506681], [128.86124210021097, 37.80919253405172]]], [[[128.86132483198665, 37.81369785363687], [128.86132483198665, 37.81369785363686], [128.86416432258895, 37.81366499891165], [128.86416432258895, 37.81366499891165], [128.86700380857178, 37.81363207576557], [128.86700380857178, 37.813632075765575], [128.86416432258898, 37.813664998911655], [128.86416432258898, 37.81366499891167], [128.86132483198665, 37.813697853636874], [128.86136620478902, 37.815950512076114], [128.86136620478902, 37.815950512076114], [128.86140758220185, 37.818203169613085], [128.8642472452766, 37.8181703095873], [128.8642472452766, 37.8181703095873], [128.8670869037308, 37.818137381129624], [128.86704535383646, 37.8158847288989], [128.86988492142052, 37.81585173467106], [128.86984328992554, 37.813599084198984], [128.86984328992554, 37.813599084198984], [128.86988492142052, 37.81585173467105], [128.87272448436534, 37.81581867201751], [128.8726827666406, 37.81356602421219], [128.87268276664057, 37.81356602421219], [128.8726410535641, 37.811313375504014], [128.86980166306924, 37.81134643282421], [128.86984328992554, 37.813599084198984], [128.86984328992554, 37.813599084198984], [128.86980166306924, 37.81134643282421], [128.86696226793623, 37.811379421729725], [128.86696226793623, 37.81137942172971], [128.86412286817466, 37.81141234222023], [128.86412286817466, 37.81141234222023], [128.86128346379414, 37.811445194295395], [128.86128346379414, 37.8114451942954], [128.8584440548043, 37.81147797795487], [128.8584853367744, 37.813730639940864], [128.86132483198665, 37.81369785363687]], [[128.86704535383646, 37.815884728898894], [128.86704535383646, 37.8158847288989], [128.8642057816228, 37.8159176547007], [128.8642057816228, 37.81591765470069], [128.86704535383646, 37.815884728898894]]], [[[128.85284744666356, 37.81604867364063], [128.85568703729982, 37.81601602154641], [128.85568703729982, 37.81601602154641], [128.85852662334483, 37.81598330102479], [128.8584853367744, 37.813730639940864], [128.8584853367744, 37.813730639940864], [128.85844405480427, 37.81147797795487], [128.85560464121465, 37.81151069319831], [128.85564583696188, 37.81376335782331], [128.85564583696188, 37.81376335782331], [128.85564583696188, 37.81376335782331], [128.85280633255869, 37.81379600728388], [128.85284744666356, 37.81604867364063]]], [[[128.86980166306924, 37.81134643282421], [128.8697600408511, 37.80909378054674], [128.8669207319292, 37.80912676679135], [128.86696226793623, 37.811379421729725], [128.86980166306924, 37.81134643282421]]], [[[128.87272448436534, 37.81581867201752], [128.86988492142052, 37.81585173467106], [128.86992655755475, 37.8181043842404], [128.87276620673896, 37.81807131891994], [128.87272448436534, 37.81581867201752]]], [[[128.87025981370766, 37.83612554829398], [128.87310015315265, 37.836092461632454], [128.87305839356839, 37.83383982195398], [128.8730583935684, 37.83383982195398], [128.87301663863738, 37.83158718137244], [128.87017647181526, 37.83162026269773], [128.87017647181526, 37.83162026269773], [128.86733630035002, 37.831653275558715], [128.86737788266723, 37.833905921470816], [128.87021814043962, 37.83387290594732], [128.87021814043962, 37.83387290594732], [128.87021814043962, 37.83387290594732], [128.87025981370766, 37.83612554829398]]]]}}, {"type": "Feature", "properties": {"rank": 3, "method": "BFS+Zoning", "n_grids": 83, "avg_micro": 78.36958315085954, "cluster_score": 130.455772982336, "buildable_ha": 192.49999999999994, "final_score": 121.31904108763518, "avg_bcr": 0.3710843373493975, "center_lat": 37.72101496451202, "center_lon": 128.87228854972085}, "geometry": {"type": "MultiPolygon", "coordinates": [[[[128.8621384781071, 37.70328376025934], [128.85930320110356, 37.703316485318354], [128.85934434866186, 37.705569187940604], [128.86217971142764, 37.70553646023914], [128.86222094934152, 37.707789159317606], [128.86222094934152, 37.707789159317606], [128.86222094934152, 37.70778915931761], [128.85938550080397, 37.70782188966171], [128.85942665753038, 37.71007459048164], [128.86226219184925, 37.71004185749478], [128.86226219184925, 37.710041857494765], [128.86509772157376, 37.71000905634045], [128.86505639328522, 37.70775636081157], [128.86505639328522, 37.70775636081157], [128.8650150696001, 37.705503664381204], [128.8650150696001, 37.705503664381204], [128.8650150696001, 37.705503664381204], [128.8678504231697, 37.70547080036717], [128.86780901832628, 37.70321810568881], [128.86780901832628, 37.70321810568881], [128.8678504231697, 37.70547080036717], [128.87068577212685, 37.70543786819738], [128.87064428152286, 37.703185176177975], [128.87064428152286, 37.703185176177975], [128.87060279554026, 37.7009324832568], [128.8677676180948, 37.700965410108836], [128.8677676180948, 37.700965410108836], [128.86493243603795, 37.7009982688161], [128.86497375051786, 37.70325096704938], [128.86497375051786, 37.70325096704938], [128.86497375051786, 37.70325096704938], [128.8621384781071, 37.70328376025934], [128.8621384781071, 37.70328376025934]]], [[[128.86513905446625, 37.712261750967826], [128.86230343895141, 37.712294554770565], [128.8623446906485, 37.71454725114498], [128.86518039196324, 37.714514444693634], [128.86518039196324, 37.71451444469364], [128.8680160886729, 37.71448157006419], [128.8680575165839, 37.7167342602342], [128.8652217340653, 37.7167671375179], [128.86526308077296, 37.71901982944058], [128.86526308077296, 37.71901982944058], [128.86530443208673, 37.721272520461675], [128.86530443208676, 37.721272520461675], [128.86534578800723, 37.7235252105811], [128.86534578800723, 37.7235252105811], [128.86538714853492, 37.725777899798906], [128.86822327438466, 37.725745011896606], [128.86818182800982, 37.723492325333694], [128.86818182800982, 37.723492325333694], [128.8681403862518, 37.72123963786897], [128.87097633580055, 37.721206687082], [128.8709348128313, 37.71895400137558], [128.8709348128313, 37.71895400137558], [128.8709348128313, 37.71895400137558], [128.87097633580055, 37.72120668708201], [128.87097633580055, 37.72120668708201], [128.87101786339562, 37.72345937188649], [128.871059395617, 37.72571205578902], [128.8738955122225, 37.725679031476496], [128.87385389415508, 37.72342635023986], [128.87381228072357, 37.721173668101095], [128.87381228072357, 37.721173668101095], [128.8737706719274, 37.71892098506026], [128.87377067192742, 37.71892098506026], [128.87381228072357, 37.72117366810111], [128.87381228072357, 37.72117366810111], [128.8738538941551, 37.723426350239855], [128.87668992027866, 37.72339326039412], [128.87668992027866, 37.72339326039413], [128.8738538941551, 37.72342635023986], [128.8738955122225, 37.725679031476496], [128.87673162419156, 37.72564593895937], [128.87673162419156, 37.72564593895937], [128.8738955122225, 37.725679031476496], [128.8738955122225, 37.725679031476496], [128.871059395617, 37.72571205578902], [128.8711009324653, 37.72796473878956], [128.8739371349264, 37.72793171181098], [128.8739371349264, 37.72793171181098], [128.8739371349264, 37.72793171181098], [128.8711009324653, 37.72796473878956], [128.87114247394103, 37.73021742088809], [128.87114247394103, 37.73021742088809], [128.87118402004475, 37.732470102084584], [128.87118402004475, 37.732470102084584], [128.87114247394103, 37.73021742088809], [128.86830618098682, 37.73025038231693], [128.86830618098682, 37.73025038231693], [128.86830618098682, 37.73025038231693], [128.8682647253768, 37.7279976975577], [128.8654285136704, 37.72803058811504], [128.8654285136704, 37.72803058811505], [128.86259229735566, 37.72806341046125], [128.86259229735566, 37.728063410461246], [128.85975607644218, 37.72809616459598], [128.8597972744519, 37.730348857304314], [128.86263358123267, 37.73031610052539], [128.86263358123267, 37.73031610052539], [128.86546988341416, 37.730283275529466], [128.86546988341416, 37.73028327552947], [128.86263358123267, 37.73031610052539], [128.86263358123267, 37.73031610052539], [128.8597972744519, 37.730348857304314], [128.8598384770513, 37.732601549111244], [128.8598384770513, 37.732601549111244], [128.85987968424104, 37.73485424001674], [128.86271616278518, 37.73482147794894], [128.862674869709, 37.73256878968797], [128.862674869709, 37.73256878968797], [128.86551125776685, 37.7325359620422], [128.86551125776685, 37.73253596204219], [128.86834764121528, 37.73250306617429], [128.86834764121528, 37.73250306617429], [128.86834764121528, 37.73250306617429], [128.86834764121528, 37.732503066174296], [128.86551125776685, 37.7325359620422], [128.86555263672892, 37.73478864765317], [128.86838910606272, 37.73475574912975], [128.86843057552966, 37.73700843118327], [128.8712671261383, 37.73697546177136], [128.8712671261383, 37.73697546177136], [128.87410367211731, 37.73694242412698], [128.87406203086218, 37.73468974740132], [128.87406203086218, 37.73468974740132], [128.87402039424566, 37.732437069773425], [128.87118402004475, 37.732470102084584], [128.87118402004475, 37.732470102084584], [128.87402039424566, 37.73243706977342], [128.87397876226726, 37.7301843912433], [128.87397876226726, 37.7301843912433], [128.87397876226726, 37.7301843912433], [128.87681504595594, 37.7301512933829], [128.87677333275047, 37.7278986166223], [128.87677333275047, 37.7278986166223], [128.87677333275047, 37.72789861662229], [128.879609525928, 37.72786545322384], [128.8795677315146, 37.725612778237966], [128.8795677315146, 37.725612778237966], [128.8824038341821, 37.725579549312656], [128.88236195857988, 37.72332687610673], [128.88236195857988, 37.72332687610673], [128.88232008764223, 37.721074201998206], [128.88232008764226, 37.721074201998206], [128.8822782213686, 37.718821526987085], [128.87944237620562, 37.71885474786566], [128.87944237620562, 37.71885474786566], [128.87944237620565, 37.718854747865656], [128.87944237620562, 37.718854747865656], [128.88227822136864, 37.71882152698708], [128.88223635975848, 37.71656885107338], [128.88507211444283, 37.71653556469518], [128.88503017168998, 37.714282890566224], [128.88219450281122, 37.71431617425717], [128.88219450281122, 37.71431617425716], [128.87935882927007, 37.71434938977205], [128.87935882927007, 37.71434938977207], [128.87652315107613, 37.71438253711056], [128.8765648364105, 37.716635219284804], [128.87656483641052, 37.716635219284804], [128.87660652638868, 37.71888790055682], [128.87660652638868, 37.71888790055682], [128.87664822101124, 37.72114058092661], [128.87664822101124, 37.72114058092661], [128.87660652638868, 37.71888790055682], [128.87660652638868, 37.71888790055682], [128.8765648364105, 37.716635219284804], [128.87372906776602, 37.7166683011173], [128.87372906776602, 37.7166683011173], [128.8708932944873, 37.716701314767214], [128.8708932944873, 37.716701314767214], [128.8708932944873, 37.716701314767214], [128.870851780768, 37.71444862725696], [128.870851780768, 37.71444862725696], [128.87081027167284, 37.71219593884483], [128.8707687672013, 37.70994324953084], [128.86793324669426, 37.70997618701904], [128.86793324669426, 37.70997618701904], [128.86509772157376, 37.71000905634046], [128.86513905446625, 37.712261750967826]], [[128.86838910606272, 37.73475574912974], [128.87122557077697, 37.73472278237901], [128.87122557077697, 37.73472278237901], [128.86838910606272, 37.73475574912974], [128.86838910606272, 37.73475574912974]], [[128.88223635975845, 37.71656885107338], [128.87940060041117, 37.716602069270046], [128.87940060041117, 37.71660206927005], [128.87940060041117, 37.71660206927005], [128.87940060041117, 37.71660206927004], [128.88223635975845, 37.71656885107338], [128.88223635975845, 37.71656885107338]], [[128.87664822101124, 37.72114058092661], [128.87948415665397, 37.721107425558856], [128.87952594175678, 37.72336010234963], [128.87668992027866, 37.72339326039412], [128.87664822101124, 37.72114058092661]]], [[[128.8654285136704, 37.72803058811504], [128.8682647253768, 37.7279976975577], [128.86822327438463, 37.725745011896606], [128.86538714853492, 37.725777899798906], [128.8654285136704, 37.72803058811504]]], [[[128.85704320110605, 37.7348869338562], [128.85987968424104, 37.73485424001674], [128.8598384770513, 37.73260154911125], [128.85700207980332, 37.732634240311704], [128.85704320110605, 37.7348869338562]]], [[[128.873479540098, 37.703152178517215], [128.87343796836493, 37.70089948826035], [128.8706027955403, 37.7009324832568], [128.87064428152286, 37.703185176177975], [128.873479540098, 37.703152178517215]]], [[[128.87631479404214, 37.70311911270689], [128.873479540098, 37.703152178517215], [128.87352111646203, 37.70540486787216], [128.8735626974576, 37.70765755632518], [128.8735626974576, 37.70765755632518], [128.87360428308526, 37.709910243876216], [128.87360428308526, 37.709910243876216], [128.8736458733455, 37.71216293052526], [128.87364587334548, 37.71216293052526], [128.87360428308526, 37.709910243876216], [128.8707687672013, 37.70994324953083], [128.87072726735283, 37.70769055931502], [128.87072726735283, 37.70769055931501], [128.87068577212685, 37.70543786819738], [128.8678504231697, 37.70547080036717], [128.8678918326255, 37.707723494143934], [128.8678918326255, 37.707723494143934], [128.8679332466943, 37.70997618701903], [128.8707687672013, 37.70994324953083], [128.87081027167284, 37.71219593884482], [128.87364587334548, 37.71216293052526], [128.87364587334548, 37.71216293052527], [128.87081027167284, 37.71219593884483], [128.870851780768, 37.71444862725696], [128.870851780768, 37.71444862725696], [128.8708932944873, 37.716701314767214], [128.87372906776602, 37.716668301117295], [128.87368746823893, 37.71441561627229], [128.8765231510761, 37.71438253711055], [128.87648147038502, 37.71212985403412], [128.87648147038502, 37.71212985403412], [128.8764397943366, 37.7098771700555], [128.87927530094578, 37.70984402806905], [128.87923354376147, 37.70759134586408], [128.87923354376147, 37.70759134586408], [128.87919179122832, 37.705338662756816], [128.8763564561657, 37.70537179939186], [128.87631479404214, 37.70311911270689]]], [[[128.87114247394103, 37.73021742088809], [128.8711009324653, 37.72796473878956], [128.8682647253768, 37.7279976975577], [128.86830618098685, 37.73025038231693], [128.87114247394103, 37.73021742088809]]], [[[128.87414531801164, 37.739195099950386], [128.87698194525433, 37.73916199140152], [128.87694021345717, 37.73690931825048], [128.87694021345717, 37.73690931825048], [128.87689848630873, 37.73465664419701], [128.8740620308622, 37.73468974740132], [128.87410367211731, 37.73694242412698], [128.87410367211731, 37.73694242412698], [128.87414531801164, 37.739195099950386]]], [[[128.88828633223332, 37.736776212430115], [128.8882442615173, 37.73452354912048], [128.88540782472094, 37.73455692522781], [128.8854498095459, 37.736809591231676], [128.88828633223332, 37.736776212430115]]], [[[128.88832840763635, 37.73902887483671], [128.89116501153688, 37.73899542510489], [128.89112285023378, 37.736742765398176], [128.88828633223332, 37.736776212430115], [128.88832840763635, 37.73902887483671]]], [[[128.87977675014824, 37.73687614414221], [128.87977675014824, 37.73687614414221], [128.87694021345717, 37.73690931825049], [128.87698194525433, 37.73916199140154], [128.87981856784774, 37.73912881461539], [128.87981856784774, 37.73912881461539], [128.88265518578223, 37.73909556959232], [128.88265518578223, 37.73909556959232], [128.88549179904828, 37.739062256332645], [128.88549179904828, 37.73906225633264], [128.88832840763635, 37.73902887483671], [128.88828633223332, 37.736776212430115], [128.8854498095459, 37.736809591231676], [128.8854498095459, 37.73680959123168], [128.882613282181, 37.73684290180249], [128.882613282181, 37.73684290180249], [128.87977675014824, 37.73687614414221]]], [[[128.89120717753713, 37.741248083908346], [128.89116501153688, 37.73899542510489], [128.88832840763635, 37.73902887483671], [128.88837048772695, 37.74128153634022], [128.89120717753713, 37.741248083908346]]]]}}, {"type": "Feature", "properties": {"rank": 4, "method": "BFS+Zoning", "n_grids": 37, "avg_micro": 84.84387753441742, "cluster_score": 131.137914732925, "buildable_ha": 105.00000000000003, "final_score": 121.79654031304749, "avg_bcr": 0.4540540540540542, "center_lat": 37.75669962941, "center_lon": 128.89513978698523}, "geometry": {"type": "MultiPolygon", "coordinates": [[[[128.88561779562568, 37.74582024621788], [128.88565980384337, 37.748072907707005], [128.88849675612963, 37.74803951543197], [128.88845466197304, 37.745786856637864], [128.88561779562568, 37.74582024621788]]], [[[128.88853885497602, 37.75029217332291], [128.88858095851273, 37.752544830310626], [128.88858095851276, 37.752544830310626], [128.88862306674034, 37.754797486395134], [128.89146027220926, 37.75476401775964], [128.89146027220926, 37.75476401775964], [128.89146027220926, 37.75476401775964], [128.88862306674034, 37.754797486395134], [128.88862306674034, 37.754797486395134], [128.88862306674034, 37.754797486395134], [128.88858095851273, 37.752544830310626], [128.88858095851273, 37.752544830310626], [128.88853885497602, 37.75029217332291], [128.88570181674126, 37.750325568293114], [128.88574383431995, 37.75257822797618], [128.88574383431995, 37.75257822797618], [128.88578585657996, 37.75483088675618], [128.88578585657996, 37.75483088675618], [128.8858278835218, 37.757083544633105], [128.88866517965937, 37.75705014157639], [128.88866517965937, 37.7570501415764], [128.89150247110493, 37.75701667023973], [128.89150247110493, 37.75701667023973], [128.8886651796594, 37.7570501415764], [128.88870729727043, 37.759302795854396], [128.89154467470217, 37.759269321816404], [128.89154467470217, 37.759269321816404], [128.89438204743178, 37.75923577949329], [128.89438204743178, 37.75923577949329], [128.89438204743178, 37.75923577949329], [128.89438204743178, 37.759235779493295], [128.89154467470217, 37.759269321816404], [128.89158688300154, 37.76152197248962], [128.8944243417264, 37.76148842745952], [128.8944243417264, 37.76148842745951], [128.89726179573896, 37.76145481413912], [128.8972194154497, 37.75920216888542], [128.8972194154497, 37.75920216888542], [128.89717703988177, 37.75694952272794], [128.89717703988177, 37.756949522727936], [128.89713466903453, 37.75469687566671], [128.8942974729772, 37.75473048085006], [128.8942974729772, 37.75473048085004], [128.8942974729772, 37.75473048085004], [128.8942974729772, 37.75473048085004], [128.89713466903453, 37.754696875666696], [128.89713466903453, 37.7546968756667], [128.8999718603717, 37.754663202209954], [128.89992940827923, 37.75241055696252], [128.89992940827923, 37.75241055696252], [128.89988696091592, 37.750157910811225], [128.89704994149994, 37.750191578833075], [128.89704994149994, 37.750191578833075], [128.89421291736494, 37.75022517859253], [128.89421291736494, 37.75022517859254], [128.89137588852043, 37.75025871008926], [128.89141807801462, 37.75251136437614], [128.89141807801462, 37.75251136437614], [128.89137588852043, 37.75025871008926], [128.89137588852043, 37.75025871008926], [128.89133370372613, 37.74800605489901], [128.89133370372613, 37.74800605489901], [128.8912915236312, 37.745753398805434], [128.88845466197304, 37.745786856637864], [128.88849675612965, 37.74803951543197], [128.88849675612965, 37.74803951543197], [128.88853885497602, 37.75029217332291], [128.88853885497602, 37.75029217332291]], [[128.8943397578489, 37.75698313062347], [128.8943397578489, 37.75698313062347], [128.89433975784894, 37.75698313062347], [128.89433975784894, 37.75698313062347], [128.8943397578489, 37.75698313062347]]], [[[128.8829486417377, 37.75486421884243], [128.88299058270184, 37.757116879409516], [128.8858278835218, 37.757083544633105], [128.88578585657996, 37.75483088675618], [128.8829486417377, 37.75486421884243]]], [[[128.88586991514612, 37.75933620160694], [128.88870729727043, 37.75930279585441], [128.88866517965937, 37.7570501415764], [128.8858278835218, 37.75708354463312], [128.88586991514612, 37.75933620160694]]], [[[128.89717703988177, 37.756949522727936], [128.89717703988177, 37.756949522727936], [128.8972194154497, 37.75920216888542], [128.8972194154497, 37.75920216888543], [128.89726179573896, 37.76145481413912], [128.89726179573896, 37.76145481413912], [128.89730418075004, 37.76370745848902], [128.90014171604446, 37.76367377416054], [128.90014171604446, 37.76367377416054], [128.90014171604446, 37.76367377416054], [128.90018419179117, 37.765926414888284], [128.9030218083663, 37.76589265954086], [128.90585942019933, 37.765858835893184], [128.90581677242778, 37.763606200618646], [128.9029792466069, 37.763640021536965], [128.9029792466069, 37.763640021536965], [128.90293668958904, 37.76138738262894], [128.90293668958904, 37.76138738262894], [128.90289413731216, 37.75913474281677], [128.90005677874638, 37.75916848999313], [128.90005677874638, 37.75916848999312], [128.9000143171939, 37.756915846553504], [128.9000143171939, 37.756915846553504], [128.90005677874638, 37.75916848999312], [128.90289413731216, 37.75913474281677], [128.90289413731216, 37.75913474281677], [128.90573149113754, 37.759100927356684], [128.90568885761772, 37.75684828936929], [128.90285158977574, 37.756882102100505], [128.90285158977574, 37.756882102100505], [128.90280904697914, 37.75462946048016], [128.8999718603717, 37.75466320220996], [128.8999718603717, 37.75466320220996], [128.89713466903453, 37.75469687566671], [128.89717703988177, 37.756949522727936]]], [[[128.9030643748678, 37.76814529664059], [128.90590207272254, 37.7681114702634], [128.90585942019933, 37.765858835893184], [128.9030218083663, 37.76589265954086], [128.9030643748678, 37.76814529664059]]], [[[128.903106946112, 37.77039793283613], [128.905944729998, 37.77036410372925], [128.90590207272254, 37.768111470263406], [128.9030643748678, 37.7681452966406], [128.903106946112, 37.77039793283613]]]]}}, {"type": "Feature", "properties": {"rank": 5, "method": "BFS+Zoning", "n_grids": 45, "avg_micro": 79.8020473899363, "cluster_score": 125.63206071419052, "buildable_ha": 109.99999999999996, "final_score": 117.94244249993335, "avg_bcr": 0.39111111111111097, "center_lat": 37.76704716530769, "center_lon": 128.93808075430294}, "geometry": {"type": "MultiPolygon", "coordinates": [[[[128.92847347612985, 37.761080560557126], [128.92851680715034, 37.76333317470409], [128.93135428986642, 37.76329873914908], [128.93135428986642, 37.763298739149086], [128.9341917677452, 37.763264235302884], [128.93414826473042, 37.76101162671898], [128.9313108728485, 37.7610461277809], [128.9313108728485, 37.761046127780894], [128.92847347612985, 37.761080560557126]]], [[[128.93139771172164, 37.76555134961149], [128.93144113841473, 37.76780395916808], [128.93144113841473, 37.76780395916808], [128.93144113841473, 37.76780395916807], [128.93144113841473, 37.76780395916807], [128.93139771172164, 37.76555134961149], [128.92856014299852, 37.76558578794544], [128.92856014299852, 37.76558578794543], [128.92572256944712, 37.76562015798233], [128.92572256944712, 37.76562015798234], [128.92288499107698, 37.765654459721816], [128.92288499107698, 37.765654459721816], [128.92004740789773, 37.76568869316354], [128.9200474078977, 37.76568869316354], [128.91720981991887, 37.76572285830713], [128.91725281652324, 37.767975481704156], [128.92009049052098, 37.76794131380349], [128.92009049052098, 37.76794131380349], [128.92292815971854, 37.7679070775992], [128.92297133316987, 37.77015969457123], [128.92580908358505, 37.7701253872954], [128.92576582410643, 37.767872773091625], [128.92576582410643, 37.767872773091625], [128.92576582410643, 37.76787277309162], [128.928603483675, 37.76783840028113], [128.928603483675, 37.76783840028113], [128.928603483675, 37.76783840028113], [128.9286468291804, 37.77009101171115], [128.9286468291804, 37.77009101171115], [128.9286901795152, 37.77234362223547], [128.93152800631685, 37.7723091755637], [128.93148456994626, 37.770056567818834], [128.93432230587317, 37.7700220556188], [128.93427878831602, 37.76776944975282], [128.93427878831602, 37.76776944975282], [128.93423527560688, 37.765516842980844], [128.93139771172164, 37.76555134961149], [128.93139771172164, 37.76555134961149], [128.93423527560688, 37.765516842980844], [128.9341917677452, 37.763264235302884], [128.93135428986642, 37.763298739149086], [128.93135428986642, 37.763298739149086], [128.92851680715034, 37.763333174704094], [128.92856014299852, 37.76558578794544], [128.93139771172164, 37.76555134961149]]], [[[128.91437222715, 37.76575695515225], [128.91153462960077, 37.76579098369854], [128.9115774541657, 37.76804361259317], [128.91441513773495, 37.76800958130083], [128.91441513773495, 37.768009581300824], [128.91725281652324, 37.76797548170415], [128.91720981991887, 37.76572285830712], [128.91437222715, 37.76575695515225], [128.91437222715, 37.76575695515225]]], [[[128.9398230339458, 37.76094241973954], [128.9426604112601, 37.760907713822746], [128.94549778369935, 37.76087293962171], [128.94549778369935, 37.76087293962172], [128.94549778369935, 37.76087293962172], [128.94549778369935, 37.76087293962172], [128.9426604112601, 37.76090771382275], [128.9426604112601, 37.76090771382275], [128.9398230339458, 37.76094241973954], [128.93986670895262, 37.763195022738365], [128.93986670895262, 37.763195022738365], [128.93991038882547, 37.7654476248309], [128.93995407356496, 37.76770022601713], [128.94279170889342, 37.76766551169741], [128.94279170889342, 37.76766551169741], [128.94562933934515, 37.76763072907693], [128.94562933934515, 37.76763072907694], [128.94279170889342, 37.767665511697416], [128.94279170889342, 37.76766551169742], [128.93995407356496, 37.76770022601714], [128.93999776317156, 37.769952826297015], [128.93999776317156, 37.769952826297015], [128.94004145764595, 37.77220542567053], [128.94287926503176, 37.77217070574803], [128.94287926503176, 37.77217070574803], [128.9429230504175, 37.774423301413535], [128.9429230504175, 37.774423301413535], [128.94296684068175, 37.776675896172456], [128.94580481528413, 37.7766411023237], [128.94576093896788, 37.7743885103721], [128.94859882263017, 37.77435365101375], [128.94859882263017, 37.77435365101375], [128.9514367013948, 37.774318723338816], [128.95139265788345, 37.7720661361113], [128.94855486516008, 37.772101060968055], [128.94851091258707, 37.7698484700155], [128.94567320099895, 37.7698833237487], [128.94567320099895, 37.7698833237487], [128.94851091258707, 37.76984847001549], [128.94846696491052, 37.76759587815606], [128.94562933934515, 37.76763072907693], [128.94562933934515, 37.76763072907693], [128.94846696491052, 37.76759587815606], [128.94846696491052, 37.76759587815606], [128.95130458558003, 37.767560958935135], [128.95126055678685, 37.76530836898652], [128.9484230221299, 37.76534328538977], [128.9483790842446, 37.76309069171668], [128.9483790842446, 37.76309069171668], [128.94833515125404, 37.760838097136805], [128.94833515125404, 37.760838097136805], [128.94829122315767, 37.75858550165014], [128.94545394158743, 37.75862034132341], [128.94545394158743, 37.7586203413234], [128.94261665513312, 37.75865511271829], [128.9397793638044, 37.758689815834444], [128.9398230339458, 37.76094241973954]], [[128.9455416306959, 37.76312553701342], [128.9455416306959, 37.76312553701342], [128.9455416306959, 37.76312553701342], [128.94558548257766, 37.765378133498494], [128.94558548257766, 37.765378133498494], [128.9455416306959, 37.76312553701342]], [[128.94283548452393, 37.769918109176], [128.94567320099895, 37.7698833237487], [128.94567320099895, 37.7698833237487], [128.94283548452393, 37.769918109176], [128.94283548452393, 37.769918109176]]], [[[128.9372036453918, 37.772240077280884], [128.9372036453918, 37.772240077280884], [128.94004145764595, 37.77220542567053], [128.93999776317156, 37.769952826297015], [128.93999776317156, 37.769952826297015], [128.93995407356493, 37.76770022601713], [128.93711643336925, 37.76773487203571], [128.93716003695144, 37.7699874751114], [128.93716003695144, 37.7699874751114], [128.93711643336925, 37.76773487203571], [128.93427878831602, 37.76776944975282], [128.93432230587317, 37.7700220556188], [128.93432230587317, 37.7700220556188], [128.9343658282789, 37.77227466057873], [128.9372036453918, 37.772240077280884]]], [[[128.95414220134407, 37.767525971414535], [128.95697981219303, 37.76749091559462], [128.95693561137642, 37.76523833129787], [128.9540980865389, 37.765273384289095], [128.95414220134407, 37.767525971414535]]], [[[128.95130458558006, 37.76756095893514], [128.95414220134407, 37.76752597141454], [128.95409808653886, 37.7652733842891], [128.95126055678685, 37.765308368986524], [128.95130458558006, 37.76756095893514]]]]}}, {"type": "Feature", "properties": {"rank": 6, "method": "BFS+Zoning", "n_grids": 35, "avg_micro": 78.73474341654013, "cluster_score": 121.05686003868824, "buildable_ha": 68.74999999999999, "final_score": 114.73980202708177, "avg_bcr": 0.3142857142857142, "center_lat": 37.77956238689046, "center_lon": 128.8930200371748}, "geometry": {"type": "MultiPolygon", "coordinates": [[[[128.89179799504976, 37.77278521230311], [128.8918402315736, 37.775037857555134], [128.8918402315736, 37.775037857555134], [128.89179799504976, 37.77278521230311], [128.88896010149975, 37.77281870255247], [128.88900225197034, 37.77507135050696], [128.88900225197034, 37.77507135050696], [128.88904440713736, 37.777323997558], [128.89188247280345, 37.77729050190355], [128.89188247280345, 37.77729050190356], [128.89472053376295, 37.777256937919915], [128.89467820647084, 37.77500429627964], [128.89467820647084, 37.77500429627964], [128.89472053376295, 37.777256937919915], [128.89472053376295, 37.777256937919915], [128.89472053376295, 37.777256937919915], [128.89188247280345, 37.77729050190356], [128.8919247187399, 37.779543145348335], [128.8919247187399, 37.779543145348335], [128.89196696938347, 37.78179578788947], [128.89196696938347, 37.78179578788947], [128.8919247187399, 37.77954314534835], [128.88908656700139, 37.77957664370558], [128.88908656700139, 37.77957664370558], [128.88624841056537, 37.77961007372776], [128.88624841056537, 37.77961007372775], [128.88908656700139, 37.779576643705575], [128.88908656700139, 37.779576643705575], [128.8919247187399, 37.779543145348335], [128.89188247280345, 37.77729050190356], [128.88904440713736, 37.777323997558], [128.88900225197034, 37.77507135050696], [128.8861642676706, 37.775104775134764], [128.8861642676706, 37.77510477513476], [128.88332627868405, 37.77513813143817], [128.88332627868405, 37.77513813143816], [128.88332627868405, 37.77513813143816], [128.8832843003216, 37.772885478095304], [128.88044639271266, 37.77291876338807], [128.88048828502022, 37.775171419416864], [128.87765028668866, 37.77520463907049], [128.87769209759884, 37.77745729687692], [128.88053018199545, 37.7774240745427], [128.88048828502022, 37.775171419416864], [128.88048828502022, 37.775171419416864], [128.88053018199545, 37.777424074542694], [128.88336826172377, 37.77739078387792], [128.88336826172377, 37.77739078387793], [128.88620633677428, 37.77735742488291], [128.88620633677428, 37.777357424882915], [128.88904440713736, 37.777323997558], [128.88904440713736, 37.777323997558], [128.88620633677428, 37.777357424882915], [128.88624841056537, 37.77961007372775], [128.88624841056537, 37.77961007372775], [128.88620633677428, 37.777357424882915], [128.88336826172377, 37.77739078387793], [128.88341024944134, 37.77964343541453], [128.88341024944137, 37.77964343541453], [128.8834522418373, 37.78189608604796], [128.88629048904443, 37.781862721669256], [128.88629048904443, 37.781862721669256], [128.88912873156298, 37.78182928894964], [128.889128731563, 37.78182928894964], [128.8891709008227, 37.78408193329018], [128.89200922473475, 37.784048429526905], [128.89200922473475, 37.78404842952692], [128.89200922473475, 37.78404842952692], [128.89205148479428, 37.786301070260656], [128.89488989009868, 37.786267495442864], [128.89488989009868, 37.786267495442864], [128.89772829068465, 37.786233852274194], [128.89772829068468, 37.786233852274194], [128.90056668654267, 37.78620014075497], [128.900524168183, 37.783947508164104], [128.8976858584245, 37.78398121696351], [128.8976858584245, 37.78398121696351], [128.89484754393854, 37.7840148574179], [128.89484754393854, 37.784014857417894], [128.8976858584245, 37.78398121696351], [128.8976858584245, 37.78398121696351], [128.900524168183, 37.7839475081641], [128.90048165456037, 37.78169487466904], [128.90048165456037, 37.78169487466904], [128.90043914567417, 37.77944224026982], [128.9004391456742, 37.77944224026982], [128.9004391456742, 37.77944224026982], [128.9032772785266, 37.77940846857588], [128.90323468830613, 37.777155835997334], [128.90039664152388, 37.77718960496646], [128.90035414210894, 37.77493696875897], [128.8975161766525, 37.774970666680794], [128.8975161766525, 37.774970666680794], [128.8975161766525, 37.774970666680794], [128.89747376802384, 37.77271802685022], [128.89463588389435, 37.772751653735575], [128.89463588389435, 37.772751653735575], [128.89179799504976, 37.77278521230311]], [[128.89467820647084, 37.77500429627963], [128.89467820647084, 37.77500429627963], [128.8918402315736, 37.77503785755514], [128.8918402315736, 37.775037857555134], [128.89467820647084, 37.77500429627963]], [[128.89196696938347, 37.78179578788947], [128.89480520249623, 37.78176221848907], [128.89480520249623, 37.78176221848907], [128.89196696938347, 37.78179578788947], [128.89196696938347, 37.78179578788947]], [[128.89760100808587, 37.77947594363011], [128.89755859000633, 37.777223305607436], [128.89755859000633, 37.777223305607436], [128.89755859000633, 37.777223305607436], [128.90039664152388, 37.77718960496646], [128.90039664152388, 37.77718960496646], [128.89755859000633, 37.77722330560744], [128.8976010080859, 37.77947594363011], [128.89760100808587, 37.77947594363011], [128.89760100808587, 37.77947594363011], [128.89476286577127, 37.77950957865641], [128.89476286577127, 37.77950957865641], [128.89760100808587, 37.77947594363011]]], [[[128.90060920963992, 37.78845277244163], [128.90344768686884, 37.78841898984674], [128.90344768686884, 37.78841898984674], [128.90628615935006, 37.7883851388965], [128.90624346403635, 37.78613251266632], [128.9034050776631, 37.78616636088556], [128.9034050776631, 37.78616636088556], [128.90340507766308, 37.78616636088556], [128.9033624732045, 37.78391373102001], [128.900524168183, 37.783947508164104], [128.90056668654267, 37.78620014075497], [128.90056668654267, 37.78620014075497], [128.90060920963992, 37.78845277244163]]]]}}, {"type": "Feature", "properties": {"rank": 7, "method": "BFS+Zoning", "n_grids": 17, "avg_micro": 77.42183598948012, "cluster_score": 110.98851921774944, "buildable_ha": 31.250000000000007, "final_score": 107.6919634524246, "avg_bcr": 0.2941176470588236, "center_lat": 37.77701099540235, "center_lon": 128.9208484345782}, "geometry": {"type": "MultiPolygon", "coordinates": [[[[128.92017667016847, 37.77244655236782], [128.91733882410426, 37.77248072578312], [128.91738183508204, 37.77473334646505], [128.92021976719386, 37.77469917029218], [128.92021976719386, 37.77469917029217], [128.92021976719386, 37.77469917029217], [128.92021976719386, 37.77469917029218], [128.91738183508204, 37.77473334646505], [128.91738183508204, 37.77473334646505], [128.91454389817793, 37.77476745431739], [128.9145868278902, 37.77702007684645], [128.9145868278902, 37.77702007684645], [128.91462976238572, 37.77927269847055], [128.91746787141489, 37.77923858511362], [128.91746787141489, 37.779238585113625], [128.9203059756507, 37.77920440342514], [128.9202628690211, 37.7769517873113], [128.9202628690211, 37.7769517873113], [128.9202628690211, 37.77695178731129], [128.9231008823877, 37.77691754005503], [128.92305769450385, 37.774664925799165], [128.92305769450385, 37.774664925799165], [128.9230145114314, 37.77241231063788], [128.92017667016847, 37.77244655236782], [128.92017667016847, 37.77244655236782]]], [[[128.9117488001451, 37.77705411912462], [128.9145868278902, 37.77702007684645], [128.91454389817793, 37.77476745431739], [128.91170595649118, 37.774801493848855], [128.91170595649118, 37.774801493848855], [128.9088680100313, 37.7748354650591], [128.90891076762634, 37.77708809307606], [128.9117488001451, 37.77705411912462], [128.9117488001451, 37.77705411912462]]], [[[128.9231008823877, 37.77691754005504], [128.9231008823877, 37.77691754005504], [128.9202628690211, 37.7769517873113], [128.9203059756507, 37.77920440342514], [128.92314407508354, 37.77917015340549], [128.9259821697038, 37.779135835054994], [128.9259821697038, 37.779135835054994], [128.92314407508354, 37.77917015340549], [128.92318727259197, 37.781422765850465], [128.92602545328745, 37.7813884447309], [128.92602545328745, 37.7813884447309], [128.92886362916022, 37.781354055275365], [128.92882025950195, 37.77910144837404], [128.92882025950192, 37.77910144837404], [128.9287768946754, 37.77684884056694], [128.92593889094235, 37.776883224473465], [128.92593889094235, 37.776883224473465], [128.9287768946754, 37.77684884056694], [128.92873353468, 37.774596231854076], [128.92589561700242, 37.77463061298634], [128.92589561700242, 37.77463061298634], [128.92305769450385, 37.774664925799165], [128.9231008823877, 37.77691754005504]]], [[[128.9203059756507, 37.77920440342515], [128.9203490870833, 37.781457018633695], [128.92318727259195, 37.78142276585047], [128.92314407508354, 37.77917015340549], [128.9203059756507, 37.77920440342515]]]]}}, {"type": "Feature", "properties": {"rank": 8, "method": "BFS+Zoning", "n_grids": 16, "avg_micro": 78.455705332761, "cluster_score": 111.79796802267914, "buildable_ha": 40.0, "final_score": 108.2585776158754, "avg_bcr": 0.4, "center_lat": 37.79463144111698, "center_lon": 128.91385786887747}, "geometry": {"type": "MultiPolygon", "coordinates": [[[[128.90632885942108, 37.79063776422212], [128.90637156424995, 37.792890388643166], [128.9092102042174, 37.792856463864425], [128.90916741326194, 37.79060384218022], [128.90916741326194, 37.79060384218022], [128.90912462707396, 37.78835121959127], [128.90628615935006, 37.78838513889651], [128.90632885942108, 37.79063776422212], [128.90632885942108, 37.79063776422212]]], [[[128.90916741326194, 37.79060384218022], [128.9092102042174, 37.792856463864425], [128.9120488394168, 37.792822470720026], [128.9120488394168, 37.792822470720026], [128.9092102042174, 37.79285646386443], [128.90925299994086, 37.79510908464388], [128.90925299994086, 37.79510908464388], [128.90929580043291, 37.79736170451852], [128.9121346079131, 37.79732770588893], [128.9121774993291, 37.79958032211592], [128.9121774993291, 37.79958032211592], [128.9122203955244, 37.80183293743792], [128.91505937054384, 37.80179886493513], [128.9150163881847, 37.799546252361644], [128.9150163881847, 37.799546252361644], [128.91497341061452, 37.79729363888301], [128.91497341061452, 37.79729363888301], [128.9150163881847, 37.79954625236164], [128.91785527225142, 37.799512114225855], [128.91781220852758, 37.79725950350108], [128.91781220852758, 37.79725950350108], [128.91781220852758, 37.79725950350108], [128.9206510016427, 37.79722529974353], [128.92060785657333, 37.79497269087265], [128.9177691496017, 37.79500689187099], [128.9177691496017, 37.79500689187099], [128.91493043783265, 37.79504102449921], [128.91497341061452, 37.797293638883005], [128.91497341061452, 37.797293638883005], [128.91493043783265, 37.79504102449921], [128.91493043783265, 37.79504102449921], [128.9177691496017, 37.79500689187099], [128.9177691496017, 37.79500689187099], [128.92060785657333, 37.79497269087265], [128.92056471631093, 37.79272008109631], [128.92056471631093, 37.79272008109631], [128.9205215808549, 37.79046747041455], [128.91768304614143, 37.790501665894965], [128.91772609547317, 37.792754279335604], [128.91772609547314, 37.792754279335604], [128.91772609547314, 37.792754279335604], [128.91488746983856, 37.792788409210296], [128.9148445066317, 37.79053579301629], [128.91200596233534, 37.79056985177815], [128.91200596233534, 37.79056985177815], [128.90916741326194, 37.79060384218022]], [[128.9121346079131, 37.79732770588893], [128.9121346079131, 37.79732770588893], [128.91209172127586, 37.79507508875696], [128.91209172127586, 37.79507508875696], [128.9121346079131, 37.79732770588893]]]]}}, {"type": "Feature", "properties": {"rank": 9, "method": "BFS+Zoning", "n_grids": 15, "avg_micro": 79.39655628216596, "cluster_score": 112.41665576205737, "buildable_ha": 37.500000000000014, "final_score": 108.69165903344016, "avg_bcr": 0.40000000000000013, "center_lat": 37.879131694227105, "center_lon": 128.8201735432027}, "geometry": {"type": "MultiPolygon", "coordinates": [[[[128.81417186702612, 37.87732124928113], [128.81413183998157, 37.87506857092967], [128.81128993598657, 37.87510026294936], [128.8113298765303, 37.87735294385584], [128.81417186702612, 37.87732124928113]]], [[[128.8142519345, 37.881826603283386], [128.81709409356384, 37.88179483500557], [128.81705397107635, 37.87954216101542], [128.81421189853208, 37.87957392673236], [128.81417186702612, 37.87732124928113], [128.8113298765303, 37.87735294385584], [128.81136982152583, 37.87960562386226], [128.8113698215258, 37.87960562386226], [128.81140977097365, 37.88185830296861], [128.8142519345, 37.881826603283386], [128.81421189853205, 37.87957392673237], [128.81421189853205, 37.87957392673237], [128.8142519345, 37.881826603283386]]], [[[128.81701385306047, 37.87728948612489], [128.81705397107638, 37.87954216101542], [128.81705397107635, 37.87954216101542], [128.81709409356384, 37.88179483500557], [128.81993624815556, 37.88176299813552], [128.81993624815556, 37.88176299813553], [128.81993624815556, 37.88176299813553], [128.81997646164385, 37.88401566865874], [128.82281869828194, 37.88398376062469], [128.82277839826548, 37.88173109267354], [128.825620543884, 37.88169911861998], [128.82558016184106, 37.87944645234557], [128.82558016184106, 37.87944645234557], [128.825620543884, 37.88169911861998], [128.8284626850015, 37.88166707597515], [128.8284222164411, 37.87941441228371], [128.8284222164411, 37.87941441228371], [128.8283817523909, 37.87716174769126], [128.8255397842986, 37.877193785170306], [128.82558016184106, 37.87944645234555], [128.82558016184106, 37.87944645234555], [128.8255397842986, 37.87719378517031], [128.82269781170638, 37.87722575406915], [128.82269781170638, 37.87722575406915], [128.8255397842986, 37.87719378517031], [128.82549941125612, 37.87494111709423], [128.82265752516258, 37.874973083415945], [128.82265752516258, 37.874973083415945], [128.8198156345792, 37.875004981162625], [128.81985583462378, 37.877257654387435], [128.81701385306047, 37.87728948612489]], [[128.8227381027405, 37.879478423821695], [128.8227381027405, 37.879478423821695], [128.82277839826548, 37.88173109267354], [128.82277839826548, 37.88173109267354], [128.8227381027405, 37.879478423821695]]]]}}, {"type": "Feature", "properties": {"rank": 10, "method": "BFS+Zoning", "n_grids": 13, "avg_micro": 79.84480231092559, "cluster_score": 111.452053926475, "buildable_ha": 28.75, "final_score": 108.0164377485325, "avg_bcr": 0.35384615384615387, "center_lat": 37.741509095323245, "center_lon": 128.90572605716815}, "geometry": {"type": "MultiPolygon", "coordinates": [[[[128.9053053695962, 37.73657450679468], [128.9053053695962, 37.73657450679468], [128.9024688751742, 37.73660829497339], [128.9025113800721, 37.738860943825536], [128.9025113800721, 37.738860943825536], [128.90255388970533, 37.74111359177377], [128.90255388970533, 37.74111359177377], [128.9025113800721, 37.738860943825536], [128.89967479501743, 37.73889466649748], [128.89967479501743, 37.73889466649748], [128.89683820523697, 37.738928320934924], [128.89688054305486, 37.741180974321786], [128.8997172187433, 37.74114731716778], [128.8997172187433, 37.74114731716778], [128.8997172187433, 37.74114731716778], [128.89975964719548, 37.74339996693433], [128.90259640407453, 37.74336623881809], [128.90255388970533, 37.741113591773775], [128.90255388970533, 37.741113591773775], [128.90259640407453, 37.74336623881809], [128.90543315621707, 37.743332442456676], [128.90539055593146, 37.741079798140085], [128.90539055593146, 37.741079798140085], [128.90534796039137, 37.73882715291941], [128.90534796039137, 37.73882715291941], [128.90534796039137, 37.73882715291941], [128.9081845359657, 37.7387932937795], [128.9081418592738, 37.73654065038768], [128.9053053695962, 37.73657450679468]]], [[[128.9053905559315, 37.741079798140085], [128.90543315621707, 37.74333244245669], [128.90826990361356, 37.74329857785046], [128.90831259457065, 37.745551218529556], [128.90831259457065, 37.74555121852956], [128.90835529028394, 37.74780385830435], [128.91119220478407, 37.74776991997569], [128.91114942313635, 37.74551728293997], [128.91114942313635, 37.745517282939964], [128.91398624693628, 37.745483279100746], [128.91394338413002, 37.74323064390496], [128.9111066462544, 37.74326464499976], [128.91106387413762, 37.74101200615515], [128.9082272174121, 37.741045936267106], [128.9081845359657, 37.7387932937795], [128.90534796039137, 37.73882715291941], [128.90539055593146, 37.741079798140085], [128.9053905559315, 37.741079798140085]], [[128.91110664625438, 37.74326464499977], [128.90826990361356, 37.74329857785046], [128.90826990361356, 37.74329857785046], [128.91110664625438, 37.74326464499976], [128.91110664625438, 37.74326464499977]]]]}}]}