{"type": "FeatureCollection", "features": [{"type": "Feature", "properties": {"rank": 1, "method": "BFS+Zoning", "n_grids": 2695, "avg_micro": 77.80846610013381, "cluster_score": 170.00594841352802, "buildable_ha": 6353.125, "final_score": 126.80833212078767, "avg_bcr": 0.3771799628942486, "center_lat": 35.602329157827135, "center_lon": 126.87169951654684}, "geometry": {"type": "MultiPolygon", "coordinates": [[[[126.79360315951853, 35.48561472353543], [126.7936228828642, 35.48336071575404], [126.79086711296928, 35.483344553011904], [126.79084731269312, 35.4855985594561], [126.79084731269315, 35.4855985594561], [126.79082751021856, 35.48785256504702], [126.79358343398297, 35.487868730463624], [126.79360315951853, 35.48561472353543], [126.79360315951853, 35.48561472353543]]], [[[126.78799204892486, 35.49685234515705], [126.78799204892486, 35.49685234515704], [126.78523582172687, 35.49683604848251], [126.78523582172687, 35.49683604848251], [126.7824795967456, 35.49681968885415], [126.78245955233152, 35.49907368613424], [126.78521585429377, 35.49909004711586], [126.78521585429377, 35.499090047115864], [126.787972158473, 35.49910634513843], [126.787972158473, 35.499106345138436], [126.78521585429377, 35.499090047115864], [126.78521585429377, 35.499090047115864], [126.78245955233152, 35.49907368613426], [126.78243950569188, 35.501327682560714], [126.78243950569191, 35.501327682560714], [126.7824194568265, 35.50358167813349], [126.77966300310266, 35.50356525147589], [126.77964287500485, 35.50581924483631], [126.78239940573506, 35.50583567285261], [126.78239940573506, 35.50583567285261], [126.78515593869153, 35.50585203789443], [126.78515593869153, 35.50585203789443], [126.78239940573506, 35.50583567285262], [126.78239940573506, 35.50583567285262], [126.77964287500485, 35.50581924483632], [126.77962274467221, 35.508073237342956], [126.77962274467221, 35.50807323734296], [126.7796026121045, 35.510327228995806], [126.77684592957122, 35.51031073527718], [126.7768257177364, 35.512564724712085], [126.7768257177364, 35.512564724712085], [126.77680550365747, 35.51481871329305], [126.77956234026284, 35.51483520973999], [126.77956234026284, 35.51483520974], [126.78231917910406, 35.51485164319179], [126.78229911687878, 35.51710563364215], [126.78505603499663, 35.51712200545247], [126.78505603499663, 35.51712200545247], [126.78781295533346, 35.51713831426211], [126.78783286345976, 35.514884321109264], [126.78783286345976, 35.514884321109264], [126.78781295533346, 35.51713831426211], [126.78781295533346, 35.51713831426211], [126.78779304499676, 35.5193923065613], [126.79055004460243, 35.519408553713596], [126.79053020912204, 35.52166254650265], [126.79328728799703, 35.5216787319871], [126.79330704641019, 35.51942473785966], [126.79055004460243, 35.519408553713596], [126.79056987788071, 35.517154560070914], [126.79056987788071, 35.517154560070914], [126.79058970895713, 35.51490056557463], [126.79058970895713, 35.51490056557463], [126.79058970895713, 35.51490056557463], [126.79056987788071, 35.517154560070914], [126.79056987788071, 35.517154560070914], [126.79055004460243, 35.519408553713596], [126.79330704641019, 35.51942473785966], [126.79330704641019, 35.51942473785966], [126.79606405041152, 35.51944085899935], [126.7960837295722, 35.517186862685286], [126.79332680262982, 35.517170742878676], [126.79332680262982, 35.517170742878676], [126.79332680262982, 35.51717074287867], [126.7960837295722, 35.51718686268528], [126.7960837295722, 35.51718686268528], [126.79884065869936, 35.51720291949054], [126.79886025862469, 35.51494892099523], [126.79886025862469, 35.51494892099523], [126.79886025862471, 35.51494892099523], [126.79884065869936, 35.51720291949055], [126.80159759000271, 35.51721891329433], [126.80159759000271, 35.51721891329433], [126.80435452347369, 35.51723484409644], [126.8043739692971, 35.51498084296114], [126.8043739692971, 35.51498084296114], [126.80439341296166, 35.51272684097262], [126.80439341296166, 35.51272684097262], [126.80441285446761, 35.510472838130916], [126.80165615212421, 35.510456911280734], [126.80163663358428, 35.512710912805204], [126.80163663358428, 35.512710912805204], [126.80165615212421, 35.510456911280734], [126.79889945194776, 35.51044092144454], [126.79889945194776, 35.51044092144454], [126.79614275394675, 35.510424868622465], [126.7961230813396, 35.51267886749683], [126.7961230813396, 35.51267886749683], [126.79610340654816, 35.51493286551775], [126.79610340654816, 35.51493286551775], [126.79610340654816, 35.51493286551775], [126.79610340654816, 35.51493286551775], [126.7961230813396, 35.51267886749683], [126.7961230813396, 35.51267886749683], [126.79614275394675, 35.510424868622465], [126.79338605812978, 35.51040875281468], [126.79336630848935, 35.51266275035617], [126.79336630848935, 35.51266275035617], [126.79338605812978, 35.510408752814676], [126.79338605812978, 35.510408752814676], [126.79340580557763, 35.508154754419735], [126.79064918897772, 35.508138576964406], [126.79064918897772, 35.508138576964406], [126.79340580557763, 35.508154754419735], [126.79340580557763, 35.508154754419735], [126.79338605812978, 35.510408752814676], [126.79614275394675, 35.51042486862246], [126.79616242436992, 35.508170868894716], [126.79616242436992, 35.508170868894716], [126.7961820926093, 35.505916868313626], [126.7961820926093, 35.505916868313626], [126.79620175866513, 35.50366286687919], [126.79344529389662, 35.50364675506958], [126.79344529389662, 35.50364675506958], [126.79620175866513, 35.50366286687919], [126.79622142253767, 35.50140886459144], [126.79622142253767, 35.50140886459144], [126.79620175866513, 35.50366286687919], [126.79895822561693, 35.50367891571873], [126.79897781249018, 35.50142491210361], [126.79622142253767, 35.50140886459144], [126.79624108422719, 35.499154861450414], [126.79348477344827, 35.49913875230588], [126.79348477344827, 35.49913875230588], [126.79624108422719, 35.499154861450414], [126.79626074373388, 35.49690085745611], [126.79628040105803, 35.494646852608575], [126.79628040105803, 35.494646852608575], [126.79630005619984, 35.49239284690783], [126.79354397634117, 35.49237674176036], [126.79354397634117, 35.49237674176036], [126.79078789867314, 35.492360573668996], [126.79078789867314, 35.49236057366899], [126.79354397634117, 35.492376741760346], [126.79354397634117, 35.492376741760346], [126.79630005619984, 35.49239284690783], [126.79631970915958, 35.49013884035387], [126.79356370625725, 35.49012273653861], [126.79356370625725, 35.49012273653861], [126.79356370625725, 35.49012273653861], [126.79358343398297, 35.48786873046363], [126.79082751021856, 35.48785256504703], [126.7908077055453, 35.49010656978467], [126.7908077055453, 35.49010656978467], [126.7908077055453, 35.49010656978467], [126.78805170703227, 35.49009034009221], [126.78803182320426, 35.49234434263391], [126.79078789867314, 35.492360573668996], [126.79076808960181, 35.49461457669996], [126.78801193716855, 35.494598344322185], [126.78799204892486, 35.49685234515703], [126.79074827833107, 35.49686857887759], [126.79074827833107, 35.4968685788776], [126.78799204892486, 35.49685234515705]], [[126.7933465566561, 35.514916747044175], [126.79336630848935, 35.51266275035617], [126.79336630848935, 35.51266275035617], [126.7933465566561, 35.514916747044175], [126.7933465566561, 35.514916747044175]], [[126.79062936450538, 35.51039257402135], [126.79062936450538, 35.51039257402135], [126.79060953783194, 35.51264657022477], [126.79060953783194, 35.51264657022477], [126.79060953783194, 35.51264657022477], [126.7878527693759, 35.51263032710276], [126.7878527693759, 35.51263032710276], [126.78787267308212, 35.51037633224264], [126.78511598386851, 35.510360027478704], [126.78511598386851, 35.510360027478704], [126.78235929687312, 35.510343659729706], [126.7823392391021, 35.51259765188764], [126.7823392391021, 35.51259765188764], [126.77958247730147, 35.51258121979483], [126.77958247730147, 35.51258121979483], [126.7823392391021, 35.51259765188764], [126.78235929687312, 35.510343659729706], [126.78235929687312, 35.510343659729706], [126.78237935241737, 35.50808966671802], [126.78237935241737, 35.50808966671802], [126.78235929687312, 35.510343659729706], [126.78511598386851, 35.5103600274787], [126.78511598386851, 35.5103600274787], [126.78787267308209, 35.510376332242636], [126.78789257457863, 35.508122336528906], [126.78789257457863, 35.508122336528906], [126.78791247386575, 35.5058683399616], [126.78791247386577, 35.5058683399616], [126.78793237094368, 35.50361434254074], [126.78517591277635, 35.50359804182184], [126.78517591277635, 35.50359804182183], [126.78517591277635, 35.50359804182183], [126.78519588464368, 35.501344044895646], [126.78795226581269, 35.501360344266345], [126.787972158473, 35.499106345138436], [126.787972158473, 35.499106345138436], [126.78795226581269, 35.50136034426634], [126.79070864919039, 35.50137658067265], [126.79068883131997, 35.503630580290036], [126.79068883131997, 35.503630580290036], [126.79066901124916, 35.50588457905396], [126.79342555083318, 35.505900755171346], [126.79342555083318, 35.505900755171346], [126.79066901124916, 35.50588457905396], [126.79066901124916, 35.50588457905397], [126.78791247386577, 35.5058683399616], [126.78789257457866, 35.50812233652891], [126.79064918897772, 35.50813857696442], [126.79062936450538, 35.51039257402135]], [[126.79074827833107, 35.4968685788776], [126.79074827833108, 35.4968685788776], [126.79072846486069, 35.499122580201835], [126.79348477344827, 35.49913875230589], [126.79348477344827, 35.49913875230589], [126.79072846486069, 35.499122580201835], [126.79070864919039, 35.50137658067265], [126.79070864919039, 35.50137658067265], [126.79072846486069, 35.49912258020183], [126.79072846486066, 35.49912258020183], [126.79074827833107, 35.4968685788776]], [[126.79352424423448, 35.494630746128834], [126.79352424423448, 35.494630746128834], [126.79352424423448, 35.494630746128834], [126.79350450993692, 35.496884749644], [126.79350450993692, 35.49688474964401], [126.79350450993692, 35.49688474964401], [126.79352424423448, 35.494630746128834], [126.79076808960181, 35.49461457669997], [126.79076808960181, 35.494614576699966], [126.79352424423448, 35.494630746128834]], [[126.77958247730147, 35.512581219794825], [126.7796026121045, 35.510327228995806], [126.7796026121045, 35.510327228995806], [126.77958247730147, 35.512581219794825], [126.77958247730147, 35.512581219794825]], [[126.78507602017255, 35.51486801364827], [126.78509600312977, 35.51261402099035], [126.78509600312977, 35.51261402099035], [126.78509600312977, 35.51261402099035], [126.78507602017255, 35.51486801364827], [126.78507602017255, 35.51486801364827]], [[126.80161711287721, 35.5149649134764], [126.80161711287721, 35.5149649134764], [126.80163663358428, 35.512710912805204], [126.80163663358428, 35.512710912805204], [126.80161711287721, 35.5149649134764], [126.80161711287721, 35.5149649134764]]], [[[126.77968312896589, 35.50131125726172], [126.77692675447422, 35.50129476899882], [126.77690655161341, 35.50354876184918], [126.77690655161342, 35.50354876184918], [126.77688634650947, 35.5058027538457], [126.77964287500485, 35.50581924483631], [126.77966300310266, 35.50356525147589], [126.77966300310266, 35.50356525147589], [126.77968312896589, 35.50131125726172]]], [[[126.78229911687875, 35.51710563364215], [126.78231917910406, 35.51485164319179], [126.77956234026284, 35.514835209740006], [126.7795422009884, 35.5170891988313], [126.78229911687875, 35.51710563364215]]], [[[126.79055004460243, 35.519408553713596], [126.78779304499676, 35.5193923065613], [126.78777313244939, 35.52164629800677], [126.79053020912204, 35.52166254650265], [126.79055004460243, 35.519408553713596]]], [[[126.79328728799703, 35.52167873198711], [126.79053020912204, 35.52166254650266], [126.79051037143931, 35.523916538438066], [126.79326752739009, 35.523932725260956], [126.79328728799703, 35.52167873198711]]], [[[126.78195771803584, 35.55542334064391], [126.77919949100081, 35.55540688271759], [126.77917931143897, 35.55766085643509], [126.77917931143897, 35.55766085643509], [126.77915912963654, 35.55991482929828], [126.78191751108663, 35.55993128994549], [126.78191751108663, 35.55993128994549], [126.78467589476898, 35.55994768749313], [126.78467589476898, 35.55994768749313], [126.78743428067494, 35.55996402194106], [126.78743428067494, 35.559964021941056], [126.79019266879604, 35.55998029328911], [126.79021254174972, 35.5577263150153], [126.79021254174972, 35.5577263150153], [126.79019266879604, 35.559980293289115], [126.79019266879604, 35.559980293289115], [126.79017279363585, 35.56223427070889], [126.79293126118482, 35.56225048029659], [126.79293126118482, 35.562250480296605], [126.79017279363585, 35.56223427070889], [126.79017279363585, 35.56223427070889], [126.79019266879604, 35.55998029328912], [126.78743428067494, 35.55996402194107], [126.78743428067494, 35.55996402194107], [126.78467589476898, 35.559947687493136], [126.78467589476898, 35.55994768749313], [126.78191751108663, 35.55993128994549], [126.78189740426379, 35.56218526331487], [126.78465586516676, 35.562201662217866], [126.78465586516676, 35.56220166221787], [126.78741432829362, 35.56221799801593], [126.78741432829362, 35.56221799801593], [126.78465586516676, 35.56220166221787], [126.78463583334063, 35.564455636088375], [126.78739437369696, 35.56447197323663], [126.78737441688469, 35.56672594760317], [126.78737441688469, 35.56672594760317], [126.7873544578566, 35.5689799211155], [126.79011315491361, 35.568996197843646], [126.79011315491361, 35.568996197843646], [126.7873544578566, 35.5689799211155], [126.7873544578566, 35.5689799211155], [126.78459576301563, 35.56896358126662], [126.78459576301563, 35.56896358126662], [126.78183707039935, 35.56894717829716], [126.78181695464505, 35.57120114824923], [126.78181695464505, 35.57120114824923], [126.78179683665728, 35.57345511734688], [126.78179683665728, 35.57345511734688], [126.7817767164358, 35.57570908559013], [126.78453564084258, 35.57572549262674], [126.78729456747479, 35.57574183652711], [126.78729456747479, 35.57574183652712], [126.78453564084258, 35.57572549262675], [126.78451559566776, 35.577979461371406], [126.78451559566776, 35.577979461371406], [126.78453564084258, 35.57572549262675], [126.7817767164358, 35.57570908559014], [126.7817767164358, 35.575709085590134], [126.78177671643577, 35.575709085590134], [126.78179683665728, 35.57345511734688], [126.78179683665728, 35.57345511734688], [126.78181695464505, 35.57120114824923], [126.78181695464505, 35.57120114824923], [126.78183707039933, 35.56894717829716], [126.77907838001629, 35.56893071220728], [126.77907838001629, 35.56893071220728], [126.77631969187505, 35.56891418299716], [126.77631969187505, 35.56891418299716], [126.77356100598419, 35.56889759066694], [126.77354065846663, 35.57115155652079], [126.77354065846663, 35.57115155652079], [126.77352030868983, 35.57340552152001], [126.77076147054153, 35.573388863316794], [126.77074104123419, 35.57564282608472], [126.77074104123419, 35.57564282608472], [126.77072060965857, 35.57789678799791], [126.77347960235764, 35.57791344895452], [126.77347960235764, 35.57791344895452], [126.77623859731665, 35.57793004677033], [126.77621831804922, 35.58018401057715], [126.77897739254836, 35.580200546618386], [126.77897739254836, 35.580200546618386], [126.77621831804922, 35.58018401057715], [126.77621831804922, 35.580184010577156], [126.7734592458017, 35.580167411389745], [126.77343888698555, 35.582421372970245], [126.77343888698555, 35.582421372970245], [126.7734592458017, 35.580167411389745], [126.7707001758144, 35.58015074905633], [126.77067973970144, 35.582404709259954], [126.7679205946864, 35.58238798239861], [126.76790007899922, 35.58464194036525], [126.77065930131943, 35.584658668608775], [126.77065930131943, 35.584658668608775], [126.77065930131943, 35.584658668608775], [126.7706388606681, 35.58691262710277], [126.77339816257158, 35.58692929356705], [126.77339816257158, 35.58692929356705], [126.77615746673604, 35.586945896869686], [126.77615746673604, 35.586945896869686], [126.77891677315289, 35.5869624370105], [126.77891677315289, 35.586962437010484], [126.78167608181354, 35.58697891398931], [126.78169621320745, 35.58472495001849], [126.78169621320745, 35.58472495001849], [126.78171634236638, 35.582470985193154], [126.7817163423664, 35.582470985193154], [126.78173646929058, 35.580217019513285], [126.78173646929058, 35.580217019513285], [126.78175659398029, 35.577963052978944], [126.78175659398029, 35.577963052978944], [126.78175659398029, 35.57796305297895], [126.78175659398029, 35.57796305297895], [126.78173646929058, 35.580217019513285], [126.78173646929058, 35.580217019513285], [126.7817163423664, 35.58247098519315], [126.7817163423664, 35.582470985193154], [126.78169621320748, 35.5847249500185], [126.78445544678837, 35.58474136247901], [126.78445544678837, 35.584741362479015], [126.78445544678837, 35.584741362479015], [126.78443539270945, 35.586995327805994], [126.78443539270945, 35.586995327805994], [126.78441533640388, 35.58924929227849], [126.78165594818442, 35.58923287710558], [126.78163581231982, 35.591486839367256], [126.78439527787143, 35.59150325589648], [126.78439527787143, 35.59150325589648], [126.78715474565017, 35.59151960925294], [126.78717472685022, 35.58926564428388], [126.78441533640388, 35.589249292278495], [126.78441533640388, 35.58924929227849], [126.78717472685025, 35.58926564428386], [126.78717472685025, 35.58926564428388], [126.78717472685025, 35.58926564428388], [126.78715474565017, 35.591519609252934], [126.78991421564747, 35.591535899436494], [126.78993411951491, 35.58928193312154], [126.78993411951491, 35.58928193312154], [126.78995402117259, 35.587027965952224], [126.78719470583201, 35.58701167846035], [126.78719470583201, 35.58701167846035], [126.78995402117259, 35.58702796595222], [126.78995402117259, 35.58702796595222], [126.78995402117259, 35.58702796595222], [126.78993411951491, 35.58928193312154], [126.79269351438928, 35.58929815879136], [126.79271333872268, 35.58704419028145], [126.79271333872268, 35.58704419028145], [126.79273316085518, 35.58479022091729], [126.78997392062081, 35.58477399792857], [126.78997392062081, 35.58477399792857], [126.78721468259569, 35.584757711782416], [126.78721468259569, 35.58475771178242], [126.78721468259569, 35.58475771178242], [126.78721468259569, 35.58475771178241], [126.78997392062081, 35.584773997928565], [126.79273316085518, 35.584790220917284], [126.79549240329017, 35.58480638074842], [126.79549240329017, 35.584806380748425], [126.79549240329017, 35.584806380748425], [126.79547265847366, 35.58706035144788], [126.79823198041694, 35.58707644945134], [126.79825164791724, 35.584822477421824], [126.8010108947278, 35.5848385109373], [126.80103048273675, 35.58258453672891], [126.79827131323407, 35.582568504538216], [126.79829097636765, 35.58031453080054], [126.79553188634728, 35.580298436787075], [126.79553188634728, 35.580298436787075], [126.79829097636765, 35.58031453080054], [126.79829097636765, 35.58031453080054], [126.80105006857103, 35.580330561666536], [126.80106965223091, 35.578076585750175], [126.79831063731824, 35.57806055620882], [126.79831063731824, 35.57806055620882], [126.79555162458831, 35.5780444635252], [126.79555162458831, 35.57804446352522], [126.79279261404972, 35.578028307699505], [126.79277279851846, 35.580282279626296], [126.79277279851846, 35.580282279626296], [126.792752980787, 35.58253625069889], [126.792752980787, 35.58253625069889], [126.792752980787, 35.58253625069889], [126.79277279851846, 35.58028227962629], [126.79277279851846, 35.58028227962629], [126.79279261404972, 35.578028307699505], [126.79279261404972, 35.578028307699505], [126.79279261404972, 35.578028307699505], [126.79555162458831, 35.5780444635252], [126.79557136063802, 35.57579048940924], [126.79557136063802, 35.57579048940924], [126.79555162458831, 35.5780444635252], [126.79831063731824, 35.57806055620882], [126.79831063731824, 35.57806055620882], [126.80106965223091, 35.578076585750175], [126.80108923371661, 35.57582260897988], [126.80108923371661, 35.57582260897988], [126.80106965223091, 35.57807658575017], [126.80382866931775, 35.578092552149116], [126.80384817352109, 35.575838574059475], [126.80384817352109, 35.575838574059475], [126.80384817352109, 35.575838574059475], [126.80382866931778, 35.578092552149116], [126.80658768857023, 35.57810845540548], [126.80658768857023, 35.57810845540548], [126.80934670997968, 35.57812429551911], [126.80934670997968, 35.57812429551912], [126.80658768857023, 35.57810845540548], [126.80658768857023, 35.57810845540548], [126.80382866931778, 35.578092552149116], [126.80380916294887, 35.58034652938489], [126.80656825949252, 35.58036243395546], [126.80654882825752, 35.5826164116516], [126.80930800425844, 35.58263225438327], [126.80932735819341, 35.580378275378074], [126.80932735819341, 35.580378275378074], [126.812086459043, 35.580394053652576], [126.812086459043, 35.580394053652576], [126.812086459043, 35.580394053652576], [126.8120671824083, 35.582648033961604], [126.8120671824083, 35.582648033961604], [126.81204790363327, 35.58490201341694], [126.81480716123252, 35.58491773114047], [126.81478795763455, 35.58717171104084], [126.81478795763455, 35.58717171104084], [126.8147687519044, 35.58942569008753], [126.81476875190437, 35.58942569008753], [126.81200933966123, 35.5894099697664], [126.81200933966123, 35.58940996976641], [126.81200933966123, 35.58940996976641], [126.81202862271765, 35.58715599201856], [126.80926928994157, 35.58714020983233], [126.80926928994157, 35.58714020983231], [126.80650995931485, 35.58712436448232], [126.80650995931485, 35.58712436448232], [126.80375063084612, 35.58710845596872], [126.80375063084612, 35.587108455968725], [126.80099130454397, 35.58709248429168], [126.80097171218497, 35.589346456792015], [126.80097171218497, 35.589346456792015], [126.80095211765057, 35.59160042843828], [126.80371159861188, 35.591616402754816], [126.80371159861188, 35.591616402754816], [126.80647108174024, 35.59163231389748], [126.80647108174024, 35.59163231389748], [126.80647108174024, 35.59163231389748], [126.80645163971538, 35.59388628732413], [126.80921120234514, 35.593902136602146], [126.80923056702709, 35.59164816186607], [126.81199005446378, 35.591663946660475], [126.81199005446378, 35.59166394666046], [126.81474954404175, 35.591679668280506], [126.81474954404175, 35.591679668280506], [126.81750903575244, 35.59169532672603], [126.81752816628, 35.58944134723938], [126.81752816628, 35.58944134723938], [126.81752816628, 35.58944134723938], [126.81752816628, 35.58944134723938], [126.81750903575244, 35.59169532672603], [126.81750903575244, 35.59169532672603], [126.81748990310076, 35.59394930535905], [126.82024947427945, 35.59396490191845], [126.82024947427945, 35.593964901918454], [126.82024947427945, 35.593964901918454], [126.82024947427945, 35.59396490191846], [126.81748990310076, 35.59394930535907], [126.81748990310076, 35.593949305359054], [126.8147303340464, 35.59393364561978], [126.81471112191812, 35.596187622105276], [126.81471112191812, 35.596187622105276], [126.81469190765664, 35.59844159773702], [126.81745163142406, 35.59845726006403], [126.81747076832471, 35.596203283138394], [126.81747076832471, 35.596203283138394], [126.81747076832471, 35.5962032831384], [126.81747076832471, 35.5962032831384], [126.81745163142406, 35.59845726006404], [126.82021135731631, 35.598472859200726], [126.82021135731631, 35.59847285920071], [126.82297108532478, 35.598488395146894], [126.82299006750307, 35.59623441564912], [126.82299006750307, 35.59623441564912], [126.8230090475739, 35.59398043529778], [126.8230090475739, 35.59398043529778], [126.8230280255376, 35.591726454092914], [126.82026852958725, 35.59171092199689], [126.82026852958725, 35.59171092199689], [126.8230280255376, 35.591726454092914], [126.82304700139431, 35.58947247203453], [126.82304700139431, 35.58947247203453], [126.8230280255376, 35.591726454092914], [126.8230280255376, 35.591726454092914], [126.82300904757393, 35.59398043529778], [126.8230090475739, 35.59398043529778], [126.82299006750307, 35.596234415649114], [126.82574972025766, 35.59624988712642], [126.82576862297559, 35.593995905496925], [126.82576862297559, 35.593995905496925], [126.8257875235949, 35.59174192301394], [126.8257875235949, 35.59174192301394], [126.82580642211585, 35.58948793967753], [126.82580642211585, 35.58948793967753], [126.8257875235949, 35.59174192301394], [126.82854702375056, 35.591757328759826], [126.82854702375056, 35.59175732875983], [126.83130652599598, 35.59177267133044], [126.83130652599598, 35.59177267133044], [126.83406603032259, 35.59178795072559], [126.83408469683481, 35.589533963586405], [126.83408469683481, 35.589533963586405], [126.83684412589733, 35.589549178548815], [126.83686271300907, 35.587295189299326], [126.83686271300907, 35.587295189299326], [126.83688129805724, 35.585041199196716], [126.83688129805724, 35.585041199196716], [126.83686271300907, 35.587295189299326], [126.83686271300907, 35.587295189299326], [126.83684412589736, 35.589549178548815], [126.83960355702365, 35.58956433034067], [126.83960355702365, 35.58956433034068], [126.83684412589736, 35.58954917854882], [126.83682553672182, 35.59180316694514], [126.83682553672182, 35.59180316694514], [126.83680694548228, 35.594057154488326], [126.83956653129106, 35.594072308784135], [126.83958504518509, 35.591818319988946], [126.83958504518509, 35.591818319988946], [126.83958504518509, 35.591818319988946], [126.84234455570375, 35.59183340985685], [126.84234455570375, 35.59183340985685], [126.83958504518509, 35.591818319988946], [126.83956653129106, 35.594072308784135], [126.83954801534138, 35.59632629672619], [126.83954801534138, 35.59632629672619], [126.83956653129106, 35.594072308784135], [126.83680694548228, 35.59405715448833], [126.83678835217849, 35.59631114117832], [126.83678835217849, 35.59631114117832], [126.83678835217849, 35.59631114117832], [126.8340286910801, 35.596295922444256], [126.8340286910801, 35.596295922444256], [126.83126903205478, 35.59628064052416], [126.8312502819618, 35.59853462384098], [126.82849054765613, 35.59851927746719], [126.82847171811068, 35.60077325866279], [126.83123152978693, 35.60078860630445], [126.83123152978693, 35.60078860630445], [126.82847171811068, 35.60077325866279], [126.82845288647452, 35.60302723900491], [126.83121277552998, 35.60304258791451], [126.83123152978693, 35.60078860630446], [126.83399134354532, 35.60080389074981], [126.83401001834936, 35.59854990702369], [126.8312502819618, 35.598534623841], [126.8312502819618, 35.598534623841], [126.83401001834936, 35.59854990702369], [126.83401001834936, 35.59854990702369], [126.83676975681023, 35.59856512701511], [126.83676975681023, 35.5985651270151], [126.8395294973358, 35.59858028381511], [126.8395294973358, 35.59858028381512], [126.83676975681023, 35.59856512701511], [126.83675115937724, 35.600819111998646], [126.83675115937724, 35.600819111998646], [126.83673255987932, 35.60307309612893], [126.83673255987932, 35.60307309612893], [126.83671395831624, 35.60532707940593], [126.83947393098143, 35.60534223996278], [126.83947393098143, 35.60534223996279], [126.84223390570345, 35.60535733731243], [126.84223390570345, 35.60535733731242], [126.8449938824737, 35.60537237145466], [126.84501225187068, 35.60311838443628], [126.84501225187068, 35.60311838443628], [126.84503061922828, 35.60086439656482], [126.84503061922828, 35.60086439656482], [126.84503061922828, 35.60086439656482], [126.84503061922828, 35.60086439656482], [126.84501225187068, 35.603118384436286], [126.84501225187068, 35.603118384436286], [126.8449938824737, 35.60537237145466], [126.84775386128354, 35.60538734238939], [126.84775386128354, 35.6053873423894], [126.85051384212443, 35.60540225011645], [126.85053205674292, 35.60314826062991], [126.8477721532914, 35.60313335413432], [126.8477721532914, 35.603133354134314], [126.8477721532914, 35.603133354134314], [126.84779044326845, 35.60087936502625], [126.84779044326845, 35.60087936502625], [126.8478087312149, 35.59862537506519], [126.84504898454674, 35.59861040784032], [126.84504898454674, 35.59861040784032], [126.8478087312149, 35.59862537506519], [126.84782701713101, 35.59637138425116], [126.84506734782623, 35.596356418262765], [126.84506734782623, 35.596356418262765], [126.84782701713101, 35.59637138425116], [126.84782701713101, 35.59637138425115], [126.84782701713101, 35.59637138425115], [126.8478087312149, 35.59862537506518], [126.8478087312149, 35.59862537506518], [126.84779044326845, 35.60087936502625], [126.84779044326845, 35.60087936502625], [126.8477721532914, 35.603133354134314], [126.85053205674292, 35.603148260629894], [126.85053205674292, 35.60314826062991], [126.85329196221664, 35.603163103922896], [126.85329196221664, 35.603163103922896], [126.85053205674292, 35.60314826062991], [126.85051384212443, 35.60540225011645], [126.85327382498778, 35.605417094635676], [126.85327382498778, 35.605417094635676], [126.85603380986495, 35.60543187594692], [126.85603380986495, 35.60543187594693], [126.85603380986495, 35.60543187594693], [126.85603380986495, 35.60543187594693], [126.85327382498778, 35.60541709463568], [126.85327382498775, 35.60541709463568], [126.85051384212443, 35.605402250116455], [126.85051384212443, 35.60540225011645], [126.84775386128354, 35.6053873423894], [126.84775386128354, 35.6053873423894], [126.8449938824737, 35.60537237145467], [126.8449938824737, 35.60537237145467], [126.84223390570345, 35.60535733731243], [126.84221545686931, 35.60761132223574], [126.84497551103705, 35.607626357619964], [126.84497551103705, 35.607626357619964], [126.84773556724465, 35.60764132979145], [126.84773556724465, 35.60764132979145], [126.84497551103705, 35.607626357619964], [126.84497551103705, 35.60762635761998], [126.84221545686931, 35.60761132223575], [126.84221545686931, 35.60761132223574], [126.84221545686931, 35.60761132223574], [126.84223390570345, 35.60535733731243], [126.83947393098143, 35.60534223996279], [126.83945540474998, 35.607596223638915], [126.83945540474998, 35.607596223638915], [126.83943687646152, 35.60985020646177], [126.83943687646152, 35.60985020646177], [126.83943687646152, 35.60985020646178], [126.83943687646152, 35.60985020646178], [126.83945540474998, 35.607596223638915], [126.83945540474998, 35.607596223638915], [126.83947393098143, 35.605342239962795], [126.83671395831624, 35.605327079405946], [126.83671395831622, 35.605327079405946], [126.83395398771643, 35.60531185564202], [126.8339353066911, 35.60756583680808], [126.8339353066911, 35.60756583680808], [126.83391662359158, 35.609819817120744], [126.83391662359158, 35.609819817120744], [126.83389793841756, 35.612073796579985], [126.83389793841756, 35.612073796579985], [126.83387925116888, 35.61432777518578], [126.83387925116888, 35.61432777518578], [126.83387925116888, 35.614327775185785], [126.83111897300513, 35.61431248316309], [126.83110020625054, 35.61656645965228], [126.83386056184526, 35.61658175293813], [126.83386056184526, 35.616581752938124], [126.83662091951511, 35.616596982990934], [126.83662091951511, 35.61659698299094], [126.83938127925155, 35.61661214981057], [126.83938127925155, 35.61661214981057], [126.84214164104593, 35.61662725339687], [126.84214164104593, 35.61662725339687], [126.84214164104593, 35.61662725339687], [126.83938127925155, 35.61661214981058], [126.83936274273262, 35.618866129220166], [126.83936274273262, 35.618866129220166], [126.83934420415551, 35.621120107776385], [126.842104720839, 35.621135213857826], [126.84212318196727, 35.618881234054], [126.84212318196727, 35.618881234054], [126.84212318196727, 35.618881234054], [126.84212318196727, 35.618881234054], [126.842104720839, 35.621135213857826], [126.842104720839, 35.621135213857826], [126.84208625766091, 35.623389192808325], [126.84484685385192, 35.6234042368883], [126.84484685385192, 35.6234042368883], [126.84760745208438, 35.623419217718975], [126.84760745208438, 35.623419217718975], [126.84760745208438, 35.623419217718975], [126.84484685385192, 35.6234042368883], [126.84482846609006, 35.625658216227976], [126.84482846609006, 35.625658216227976], [126.84481007628654, 35.62791219471433], [126.84481007628654, 35.62791219471433], [126.84482846609006, 35.625658216227976], [126.84482846609006, 35.625658216227976], [126.84484685385192, 35.6234042368883], [126.84208625766091, 35.62338919280834], [126.84206779243276, 35.62564317090548], [126.84206779243276, 35.62564317090548], [126.84204932515435, 35.62789714814924], [126.84204932515435, 35.62789714814924], [126.84203085582541, 35.630151124539594], [126.84203085582541, 35.630151124539594], [126.84203085582541, 35.6301511245396], [126.8392700292605, 35.63013601346704], [126.8392700292605, 35.63013601346705], [126.83650920475493, 35.63012083912981], [126.83650920475493, 35.630120839129795], [126.83650920475493, 35.630120839129795], [126.83652782905013, 35.627866865240414], [126.8337670840953, 35.627851628896984], [126.83374838231728, 35.63010560152802], [126.83374838231728, 35.63010560152802], [126.83372967846276, 35.63235957330545], [126.83372967846276, 35.63235957330545], [126.83374838231728, 35.63010560152802], [126.83098756195618, 35.630090300661884], [126.83098756195618, 35.630090300661884], [126.83100634121676, 35.62783632929441], [126.82824560042313, 35.62782096643285], [126.82822674368023, 35.63007493653154], [126.82822674368023, 35.63007493653154], [126.82820788484361, 35.63232890577649], [126.82820788484361, 35.63232890577649], [126.82818902391297, 35.63458287416762], [126.82818902391297, 35.63458287416762], [126.82817016088815, 35.63683684170495], [126.8309312116627, 35.63685220964206], [126.8309312116627, 35.63685220964206], [126.83369226452308, 35.636867514299276], [126.83369226452311, 35.636867514299276], [126.83645331946073, 35.63688275567645], [126.83645331946073, 35.63688275567645], [126.83369226452311, 35.636867514299276], [126.83369226452311, 35.636867514299276], [126.8309312116627, 35.63685220964206], [126.83091242406017, 35.639106177594606], [126.83091242406017, 35.639106177594606], [126.83089363437155, 35.64136014469336], [126.83089363437155, 35.64136014469336], [126.83087484259661, 35.64361411093828], [126.83363612803376, 35.64362941938721], [126.83363612803376, 35.643629419387224], [126.83639741554886, 35.64364466454044], [126.83641605225516, 35.641390695772785], [126.83641605225516, 35.641390695772785], [126.83639741554886, 35.64364466454044], [126.83915870513327, 35.64365984639779], [126.83915870513327, 35.643659846397796], [126.83639741554886, 35.643644664540446], [126.8363787767732, 35.64589863245441], [126.8363787767732, 35.64589863245441], [126.83639741554886, 35.643644664540446], [126.83363612803376, 35.64362941938723], [126.8336174117151, 35.64588338604238], [126.8363787767732, 35.64589863245441], [126.8363787767732, 35.64589863245441], [126.8336174117151, 35.64588338604238], [126.83359869331825, 35.64813735184371], [126.83359869331825, 35.64813735184371], [126.8336174117151, 35.64588338604237], [126.83085604873513, 35.64586807632938], [126.83085604873513, 35.645868076329386], [126.82809468784197, 35.645852703315626], [126.82807581434255, 35.648106666583516], [126.82807581434255, 35.648106666583516], [126.82805693874751, 35.650360628997426], [126.82805693874751, 35.650360628997426], [126.82805693874751, 35.65036062899743], [126.82529542483923, 35.65034519013383], [126.82527646958017, 35.65259915041907], [126.8280380610566, 35.65261459055739], [126.8280380610566, 35.65261459055739], [126.83079965462912, 35.65262996737939], [126.83081845475164, 35.65037600454996], [126.83081845475164, 35.65037600454996], [126.83079965462912, 35.65262996737939], [126.83356125028912, 35.65264528088494], [126.83356125028912, 35.65264528088494], [126.83356125028912, 35.65264528088494], [126.83354252565638, 35.654899244124756], [126.83354252565638, 35.654899244124756], [126.83356125028912, 35.65264528088494], [126.83079965462912, 35.65262996737939], [126.83078085241914, 35.65488392935491], [126.83078085241914, 35.65488392935491], [126.83076204812147, 35.65713789047644], [126.83076204812147, 35.65713789047644], [126.83074324173583, 35.659391850744015], [126.83350507015338, 35.65940716804272], [126.83350507015338, 35.65940716804272], [126.83074324173583, 35.659391850744015], [126.83072443326202, 35.661645810157566], [126.83072443326202, 35.661645810157566], [126.8307056226998, 35.66389976871711], [126.83346760633214, 35.663915088544954], [126.83348633928266, 35.66166112872082], [126.83348633928266, 35.66166112872082], [126.83346760633214, 35.663915088544954], [126.83622959204448, 35.663930345030046], [126.83622959204448, 35.663930345030046], [126.83346760633214, 35.663915088544954], [126.83344887130157, 35.66616904751511], [126.8362109346345, 35.66618430525964], [126.8362109346345, 35.66618430525964], [126.83897300003902, 35.66619949965604], [126.83899157982825, 35.66394553817222], [126.84175356967481, 35.663960667971324], [126.84177206978886, 35.66170670438474], [126.83901015755468, 35.66169157583455], [126.83899157982825, 35.663945538172214], [126.83899157982825, 35.663945538172214], [126.83901015755468, 35.66169157583455], [126.83624824738308, 35.66167638394652], [126.83626690065051, 35.65942242200913], [126.83626690065051, 35.65942242200913], [126.83628555184697, 35.65716845921787], [126.83628555184697, 35.65716845921787], [126.83626690065051, 35.65942242200913], [126.83902873321856, 35.659437612643075], [126.83902873321856, 35.659437612643075], [126.84179056784896, 35.65945273994442], [126.84179056784896, 35.65945273994442], [126.84177206978886, 35.66170670438474], [126.84453398407699, 35.66172176959694], [126.84455240453308, 35.659467803912996], [126.84455240453308, 35.659467803912996], [126.84457082294408, 35.65721383737539], [126.84180906385534, 35.65719877465037], [126.84180906385534, 35.65719877465037], [126.83904730682012, 35.657183648597815], [126.83904730682012, 35.657183648597815], [126.84180906385534, 35.65719877465037], [126.84180906385537, 35.65719877465037], [126.84457082294408, 35.65721383737539], [126.84458923931018, 35.65495986998415], [126.84182755780824, 35.6549448085026], [126.84182755780824, 35.6549448085026], [126.84184604970787, 35.65269084150118], [126.84184604970787, 35.65269084150118], [126.84182755780824, 35.6549448085026], [126.8445892393102, 35.65495986998415], [126.84460765363167, 35.652705901739296], [126.84460765363167, 35.652705901739296], [126.84462606590873, 35.65045193264087], [126.84186453955448, 35.65043687364609], [126.84184604970787, 35.65269084150117], [126.84184604970787, 35.65269084150117], [126.84186453955448, 35.650436873646086], [126.84188302734827, 35.648182904937364], [126.84188302734827, 35.648182904937364], [126.84186453955448, 35.650436873646086], [126.84462606590873, 35.65045193264086], [126.84464447614157, 35.648197962688855], [126.84464447614157, 35.648197962688855], [126.84466288433046, 35.64594399188333], [126.84466288433049, 35.64594399188333], [126.84466288433049, 35.64594399188333], [126.84742425761517, 35.64595898509007], [126.84740592697884, 35.64821295713359], [126.84740592697884, 35.64821295713359], [126.84738759430715, 35.65046692832364], [126.85014912474115, 35.650481860694256], [126.85014912474115, 35.650481860694256], [126.85291065720212, 35.65049672975257], [126.85291065720212, 35.65049672975257], [126.85291065720212, 35.65049672975257], [126.85289247763508, 35.65275070254969], [126.85565408968486, 35.65276550951799], [126.85567219168145, 35.65051153549843], [126.85567219168145, 35.65051153549843], [126.8556902916683, 35.648257560625595], [126.8556902916683, 35.648257560625595], [126.8556902916683, 35.648257560625595], [126.8584517505953, 35.64827230184171], [126.85846977101913, 35.64601832489851], [126.85570838964559, 35.646003584899475], [126.85570838964559, 35.64600358489948], [126.85294701028135, 35.64598878159829], [126.85294701028135, 35.64598878159829], [126.85294701028135, 35.64598878159829], [126.85294701028135, 35.64598878159829], [126.85570838964559, 35.646003584899475], [126.85570838964559, 35.64600358489947], [126.85846977101913, 35.646018324898506], [126.8584877894423, 35.64376434710214], [126.8584877894423, 35.64376434710214], [126.858505805865, 35.64151036845263], [126.858505805865, 35.64151036845263], [126.85852382028746, 35.63925638894997], [126.85576267152263, 35.639241652601754], [126.85576267152263, 35.639241652601754], [126.85300152476647, 35.63922685296707], [126.85300152476647, 35.63922685296707], [126.85024038002751, 35.63921199004608], [126.85024038002751, 35.639211990046064], [126.84747923731439, 35.639197063838886], [126.84746091278274, 35.64145103844268], [126.85022213302281, 35.64146596588242], [126.85022213302281, 35.64146596588242], [126.85022213302281, 35.64146596588242], [126.85020388399205, 35.64371994086543], [126.85020388399205, 35.64371994086543], [126.85018563293501, 35.645973914995096], [126.85018563293501, 35.645973914995096], [126.85016737985146, 35.64822788827138], [126.85016737985146, 35.64822788827138], [126.85016737985146, 35.64822788827138], [126.85016737985146, 35.64822788827138], [126.85018563293501, 35.6459739149951], [126.85018563293501, 35.6459739149951], [126.85020388399205, 35.64371994086543], [126.84744258621642, 35.64370501219309], [126.84742425761517, 35.64595898509007], [126.84742425761517, 35.64595898509007], [126.84744258621642, 35.64370501219309], [126.84468129047566, 35.64369002022426], [126.84468129047563, 35.64369002022426], [126.84191999677842, 35.643674964959125], [126.84191999677842, 35.64367496495911], [126.84191999677842, 35.64367496495911], [126.84468129047566, 35.643690020224255], [126.84469969457732, 35.641436047711714], [126.84469969457732, 35.641436047711714], [126.84468129047566, 35.64369002022426], [126.84744258621642, 35.64370501219309], [126.84744258621642, 35.64370501219309], [126.85020388399205, 35.64371994086543], [126.85022213302281, 35.64146596588242], [126.84746091278274, 35.64145103844268], [126.84746091278274, 35.641451038442696], [126.84469969457732, 35.641436047711714], [126.84471809663572, 35.6391820743457], [126.84195695800008, 35.639167021566614], [126.84195695800008, 35.63916702156661], [126.84195695800008, 35.63916702156661], [126.84197543553333, 35.63691304859008], [126.84197543553333, 35.63691304859008], [126.84199391101515, 35.63465907476005], [126.84199391101515, 35.63465907476005], [126.84201238444577, 35.63240510007655], [126.83925148038898, 35.63238998775603], [126.83925148038898, 35.63238998775603], [126.84201238444577, 35.63240510007655], [126.84201238444577, 35.63240510007655], [126.8447732905535, 35.632420149127014], [126.84479168444108, 35.63016617234734], [126.84479168444108, 35.63016617234734], [126.84481007628654, 35.627912194714334], [126.84481007628654, 35.627912194714334], [126.84479168444108, 35.63016617234734], [126.84479168444108, 35.63016617234734], [126.8447732905535, 35.632420149127014], [126.84753419870361, 35.632435134907304], [126.84755251509888, 35.630181156890124], [126.84755251509888, 35.630181156890124], [126.84753419870361, 35.632435134907304], [126.85029510888748, 35.63245005741722], [126.85029510888748, 35.63245005741723], [126.85029510888751, 35.63245005741723], [126.85027686795962, 35.63470403581345], [126.85027686795962, 35.63470403581345], [126.85025862500638, 35.63695801335639], [126.85025862500638, 35.63695801335639], [126.85024038002751, 35.639211990046064], [126.85300152476647, 35.63922685296706], [126.85300152476647, 35.63922685296706], [126.85576267152263, 35.63924165260175], [126.85576267152263, 35.63924165260175], [126.85852382028746, 35.63925638894995], [126.85854183270988, 35.6370024085942], [126.85854183270988, 35.6370024085942], [126.85855984313253, 35.63474842738535], [126.8557988493972, 35.63473369347068], [126.8557988493972, 35.63473369347068], [126.8557988493972, 35.63473369347068], [126.8557988493972, 35.63473369347068], [126.85855984313253, 35.63474842738535], [126.85855984313253, 35.63474842738535], [126.85855984313253, 35.63474842738535], [126.85854183270988, 35.6370024085942], [126.85854183270988, 35.6370024085942], [126.85852382028746, 35.63925638894995], [126.86128497105226, 35.63927106201157], [126.86128497105226, 35.63927106201157], [126.85852382028746, 35.63925638894997], [126.858505805865, 35.64151036845263], [126.858505805865, 35.64151036845263], [126.8584877894423, 35.64376434710214], [126.8584877894423, 35.64376434710214], [126.85846977101913, 35.646018324898506], [126.85846977101913, 35.646018324898506], [126.8584517505953, 35.64827230184171], [126.86121321152321, 35.648286979750296], [126.86121321152321, 35.6482869797503], [126.8639746744434, 35.64830159435124], [126.8639746744434, 35.64830159435124], [126.8639746744434, 35.64830159435124], [126.86121321152321, 35.6482869797503], [126.86121321152321, 35.64828697975031], [126.8584517505953, 35.648272301841715], [126.85843372817052, 35.650526277931704], [126.85843372817052, 35.650526277931704], [126.85841570374463, 35.65278025316847], [126.86117731980576, 35.65279493350097], [126.86115937095802, 35.65504890909654], [126.86392106659163, 35.655063527317736], [126.86393893785961, 35.65280955051535], [126.86117731980576, 35.65279493350097], [126.86119526666074, 35.650540957052215], [126.86119526666074, 35.650540957052215], [126.86119526666074, 35.650540957052215], [126.86119526666074, 35.650540957052215], [126.86117731980576, 35.652794933500964], [126.86393893785961, 35.65280955051534], [126.86393893785961, 35.65280955051534], [126.86670055789762, 35.65282410421145], [126.86670055789762, 35.65282410421145], [126.86393893785961, 35.65280955051534], [126.86392106659163, 35.655063527317736], [126.86668276420959, 35.65507808221545], [126.86668276420959, 35.65507808221545], [126.86944446380328, 35.65509257378951], [126.86946217991114, 35.65283859458914], [126.86946217991114, 35.65283859458914], [126.86947989405206, 35.6505846145358], [126.86947989405206, 35.6505846145358], [126.86946217991114, 35.65283859458915], [126.87222380389156, 35.652853021648276], [126.87222380389156, 35.652853021648276], [126.86946217991114, 35.65283859458915], [126.8694444638033, 35.65509257378951], [126.86944446380328, 35.65509257378951], [126.86942674572832, 35.657346552136865], [126.86942674572832, 35.657346552136865], [126.86942674572832, 35.65734655213687], [126.86942674572832, 35.65734655213687], [126.86944446380328, 35.65509257378951], [126.86668276420959, 35.65507808221544], [126.8666649685458, 35.657332059366375], [126.86390319333928, 35.65731750326701], [126.86392106659163, 35.65506352731775], [126.86115937095802, 35.65504890909655], [126.8611414201173, 35.65730288383891], [126.8611414201173, 35.65730288383891], [126.86112346728343, 35.65955685772804], [126.86112346728343, 35.65955685772804], [126.8611414201173, 35.657302883838916], [126.85837964888854, 35.65728820108223], [126.85837964888854, 35.65728820108223], [126.8556178796616, 35.657273454997146], [126.85559977163442, 35.65952742645666], [126.85559977163442, 35.65952742645666], [126.85558166159662, 35.66178139706282], [126.85558166159662, 35.66178139706282], [126.85559977163442, 35.65952742645666], [126.85283792682159, 35.659512615820645], [126.85283792682159, 35.659512615820645], [126.85559977163442, 35.65952742645666], [126.8556178796616, 35.65727345499714], [126.85285611244504, 35.65725864558375], [126.85285611244504, 35.65725864558375], [126.85009434724753, 35.65724377284223], [126.85009434724753, 35.65724377284223], [126.8501126084394, 35.65498980297971], [126.84735092285679, 35.654974868143235], [126.84735092285679, 35.654974868143235], [126.8501126084394, 35.65498980297971], [126.85013086760387, 35.6527358322637], [126.84736925959987, 35.6527208986602], [126.84736925959987, 35.65272089866019], [126.84460765363167, 35.65270590173928], [126.8445892393102, 35.65495986998415], [126.84735092285679, 35.654974868143235], [126.84735092285679, 35.654974868143235], [126.84458923931018, 35.65495986998415], [126.84457082294408, 35.65721383737539], [126.84457082294408, 35.65721383737539], [126.84455240453308, 35.659467803912996], [126.84731424326229, 35.65948280454865], [126.84731424326229, 35.65948280454865], [126.84731424326229, 35.65948280454865], [126.84455240453308, 35.659467803912996], [126.84453398407699, 35.66172176959694], [126.84729590041044, 35.661736771471], [126.84727755552186, 35.663990737539734], [126.84727755552186, 35.663990737539734], [126.84725920859633, 35.66624470275484], [126.85002128220125, 35.66625964375713], [126.85278335783475, 35.66627452141052], [126.85280154951667, 35.66402055373406], [126.8500395515051, 35.66400567730873], [126.8500578187806, 35.66175171000676], [126.8500578187806, 35.66175171000676], [126.8500395515051, 35.66400567730873], [126.85280154951667, 35.66402055373406], [126.85281973917887, 35.66176658520409], [126.85281973917887, 35.66176658520409], [126.85280154951667, 35.66402055373406], [126.85280154951667, 35.66402055373406], [126.85278335783475, 35.66627452141052], [126.85278335783475, 35.66627452141052], [126.85278335783475, 35.66627452141052], [126.85002128220125, 35.66625964375713], [126.85000301086887, 35.66851360935193], [126.85276516413292, 35.66852848823348], [126.85276516413292, 35.66852848823348], [126.85552731941709, 35.66854330376075], [126.85552731941709, 35.66854330376076], [126.85828947671283, 35.668558055933595], [126.85830751515293, 35.66630408667005], [126.85830751515293, 35.66630408667005], [126.85832555159033, 35.66405011655311], [126.85832555159033, 35.66405011655311], [126.85830751515293, 35.666304086670046], [126.86106959682037, 35.66631877427586], [126.8610875556352, 35.66406480294655], [126.8610875556352, 35.66406480294655], [126.8610875556352, 35.66406480294654], [126.8638495616739, 35.66407942599571], [126.8638495616739, 35.66407942599571], [126.86661156969785, 35.66409398570047], [126.86662937129017, 35.6618400111089], [126.86386744088065, 35.661825452605996], [126.86386744088065, 35.661825452605996], [126.86386744088065, 35.661825452605996], [126.86662937129017, 35.6618400111089], [126.86664717090608, 35.659586035664205], [126.86940902568601, 35.6596005296312], [126.86940902568601, 35.6596005296312], [126.86940902568601, 35.6596005296312], [126.86939130367611, 35.66185450627248], [126.87215323802985, 35.66186893809658], [126.87213559166703, 35.66412291507618], [126.87213559166703, 35.66412291507618], [126.8721179433448, 35.66637689120276], [126.87488003489649, 35.66639126205966], [126.874862462247, 35.6686452385195], [126.87762463338221, 35.66865954720726], [126.87764212839917, 35.66640556956635], [126.87488003489649, 35.66639126205966], [126.87488003489649, 35.66639126205966], [126.87764212839917, 35.66640556956635], [126.87765962147377, 35.6641515910725], [126.87765962147377, 35.6641515910725], [126.87767711260621, 35.66189761172578], [126.87767711260618, 35.66189761172578], [126.87769460179668, 35.65964363152617], [126.87769460179668, 35.65964363152617], [126.87771208904546, 35.65738965047371], [126.87771208904546, 35.65738965047371], [126.8777295743527, 35.65513566856841], [126.87496786888346, 35.655121366966135], [126.87495030598674, 35.65737534769068], [126.87495030598674, 35.65737534769068], [126.87496786888346, 35.655121366966135], [126.87220616536413, 35.655107002039784], [126.87220616536413, 35.655107002039784], [126.87496786888346, 35.655121366966135], [126.87496786888346, 35.655121366966135], [126.87772957435273, 35.65513566856841], [126.8777470577187, 35.6528816858103], [126.87498542983028, 35.6528673853887], [126.87498542983028, 35.6528673853887], [126.87222380389156, 35.652853021648276], [126.87222380389156, 35.65285302164827], [126.87498542983028, 35.6528673853887], [126.8750029888274, 35.650613402958435], [126.8750029888274, 35.650613402958435], [126.87498542983028, 35.6528673853887], [126.8777470577187, 35.65288168581029], [126.8777645391436, 35.650627702199394], [126.8777645391436, 35.650627702199394], [126.8777470577187, 35.65288168581029], [126.88050868754819, 35.65289592291289], [126.88050868754819, 35.65289592291289], [126.88327031931011, 35.652910096696345], [126.88327031931011, 35.65291009669635], [126.8860319529959, 35.652924207160545], [126.8860492017028, 35.65067022003914], [126.8860492017028, 35.65067022003914], [126.8860319529959, 35.65292420716053], [126.88879358859694, 35.6529382543053], [126.88881075973075, 35.650684266024186], [126.88881075973075, 35.650684266024186], [126.88882792895815, 35.64843027689058], [126.8860664484947, 35.64841623206517], [126.8860664484947, 35.64841623206517], [126.88882792895815, 35.64843027689058], [126.88884509627937, 35.646176286904485], [126.88608369337179, 35.64616224323867], [126.88608369337179, 35.64616224323867], [126.88332229237881, 35.64614813626911], [126.88330496994605, 35.64840212393081], [126.88330496994605, 35.64840212393081], [126.88332229237881, 35.64614813626911], [126.88056089330901, 35.646133965995965], [126.88054349332083, 35.648387952487624], [126.88054349332083, 35.648387952487624], [126.88056089330901, 35.646133965995965], [126.87779949617102, 35.64611973241936], [126.87503810097347, 35.64610543553945], [126.87503810097347, 35.64610543553944], [126.87227670772495, 35.64609107535637], [126.87227670772495, 35.64609107535637], [126.87227670772495, 35.64609107535637], [126.87229433842052, 35.64383709155333], [126.86953302467559, 35.64382266925811], [126.86953302467559, 35.64382266925811], [126.86953302467559, 35.64382266925811], [126.86955073095108, 35.64156868579307], [126.86955073095108, 35.64156868579307], [126.86956843526076, 35.639314701475165], [126.86956843526076, 35.639314701475165], [126.86955073095108, 35.64156868579307], [126.86955073095108, 35.64156868579307], [126.86953302467559, 35.64382266925811], [126.87229433842052, 35.64383709155332], [126.87505565412286, 35.643851450550756], [126.87505565412286, 35.64385145055076], [126.87505565412286, 35.64385145055076], [126.87505565412286, 35.643851450550756], [126.87229433842052, 35.64383709155332], [126.87227670772495, 35.64609107535636], [126.87503810097347, 35.64610543553943], [126.87503810097347, 35.64610543553944], [126.87779949617102, 35.64611973241936], [126.87781697177402, 35.64386574625025], [126.87781697177402, 35.64386574625025], [126.87779949617102, 35.64611973241936], [126.88056089330901, 35.64613396599596], [126.88056089330901, 35.64613396599596], [126.88332229237881, 35.646148136269105], [126.88332229237881, 35.6461481362691], [126.88608369337179, 35.64616224323865], [126.88610093633427, 35.643908253559616], [126.88610093633427, 35.643908253559616], [126.8861181773824, 35.641654263028094], [126.8861181773824, 35.641654263028094], [126.88610093633427, 35.64390825355962], [126.88886226169461, 35.643922296065924], [126.88887942520407, 35.641668304374925], [126.88887942520407, 35.641668304374925], [126.88886226169461, 35.643922296065924], [126.89162358896071, 35.64393627527357], [126.89162358896071, 35.64393627527356], [126.89438491812398, 35.64395019118242], [126.89438491812398, 35.64395019118242], [126.89714624917578, 35.64396404379235], [126.89716318006802, 35.64171004865434], [126.89716318006802, 35.64171004865434], [126.89714624917578, 35.64396404379235], [126.89990758210755, 35.64397783310321], [126.89992443546028, 35.64172383682664], [126.89992443546028, 35.64172383682664], [126.89994128694187, 35.639469839697924], [126.89994128694187, 35.639469839697924], [126.89995813655257, 35.63721584171707], [126.89719703621347, 35.63720205582169], [126.89719703621347, 35.63720205582169], [126.8944359377537, 35.63718820664292], [126.8944359377537, 35.63718820664292], [126.8944359377537, 35.637188206642904], [126.89719703621347, 35.63720205582169], [126.89721396146714, 35.63494805812708], [126.89721396146714, 35.63494805812708], [126.89723088484169, 35.632694059580324], [126.89723088484169, 35.632694059580324], [126.89721396146714, 35.63494805812708], [126.89721396146714, 35.63494805812708], [126.89719703621347, 35.63720205582169], [126.89995813655257, 35.63721584171707], [126.89995813655257, 35.63721584171707], [126.89995813655257, 35.63721584171707], [126.89994128694187, 35.639469839697924], [126.89994128694187, 35.639469839697924], [126.89992443546028, 35.64172383682664], [126.90268569272367, 35.64173756170497], [126.90268569272367, 35.64173756170497], [126.90544695184957, 35.64175122328918], [126.90546364826876, 35.639497223899156], [126.90546364826876, 35.639497223899156], [126.90544695184957, 35.64175122328918], [126.90544695184957, 35.64175122328918], [126.90543025357645, 35.64400522182717], [126.9081915920964, 35.64401882124], [126.9081915920964, 35.64401882124001], [126.9081749695179, 35.64627282004888], [126.91093638743227, 35.6462863572798], [126.91369780718377, 35.64629983120574], [126.91369780718377, 35.64629983120574], [126.91093638743227, 35.6462863572798], [126.91093638743227, 35.6462863572798], [126.9081749695179, 35.64627282004888], [126.90815834509368, 35.64852681800572], [126.90815834509368, 35.64852681800572], [126.90814171882352, 35.65078081511053], [126.90814171882352, 35.65078081511053], [126.90812509070727, 35.653034811363284], [126.91088674132011, 35.6530483519477], [126.91090329186162, 35.65079435457706], [126.91090329186162, 35.65079435457706], [126.91088674132011, 35.6530483519477], [126.9136483937707, 35.65306182921147], [126.91366486673724, 35.65080783072816], [126.91366486673724, 35.65080783072816], [126.91366486673724, 35.65080783072816], [126.9136483937707, 35.653061829211474], [126.9164100480504, 35.65307524315445], [126.9164100480504, 35.65307524315444], [126.91917170415059, 35.65308859377649], [126.91917170415059, 35.653088593776495], [126.9164100480504, 35.65307524315445], [126.91639365083856, 35.655329241893305], [126.91915538452274, 35.65534259361763], [126.91915538452274, 35.65534259361763], [126.91639365083856, 35.655329241893305], [126.91637725180601, 35.65758323978023], [126.91637725180601, 35.65758323978023], [126.91636085095257, 35.65983723681521], [126.91636085095257, 35.65983723681521], [126.916344448278, 35.662091232998215], [126.916344448278, 35.662091232998215], [126.91632804378214, 35.66434522832923], [126.91909008788845, 35.66435858446325], [126.91910641476588, 35.66210458802972], [126.91910641476588, 35.66210458802972], [126.91909008788845, 35.664358584463244], [126.91909008788845, 35.664358584463244], [126.91909008788845, 35.66435858446325], [126.91632804378214, 35.66434522832923], [126.91631163746477, 35.66659922280822], [126.91907375919817, 35.666612580044834], [126.91907375919817, 35.66661258004483], [126.92183588274463, 35.66662587392901], [126.92185213380768, 35.664371877250076], [126.92185213380768, 35.664371877250076], [126.92185213380768, 35.664371877250076], [126.92461418153117, 35.66438510668957], [126.92461418153117, 35.66438510668957], [126.92185213380768, 35.664371877250076], [126.92183588274466, 35.66662587392901], [126.92183588274463, 35.66662587392901], [126.92183588274463, 35.666625873929014], [126.91907375919817, 35.66661258004484], [126.91907375919817, 35.66661258004484], [126.91631163746477, 35.66659922280823], [126.91629522932567, 35.66885321643519], [126.91629522932567, 35.66885321643519], [126.91631163746477, 35.66659922280824], [126.9135495175531, 35.66658580221933], [126.91353303177851, 35.66883979473842], [126.91353303177851, 35.66883979473842], [126.91351654417339, 35.671093786405365], [126.91351654417339, 35.671093786405365], [126.91350005473751, 35.67334777722018], [126.91626240758151, 35.673361201132884], [126.91626240758151, 35.67336120113287], [126.91902476224782, 35.67337456167758], [126.91902476224782, 35.67337456167759], [126.92178711872785, 35.673387858854184], [126.92180337520495, 35.671133864731075], [126.92180337520495, 35.671133864731075], [126.92178711872785, 35.673387858854184], [126.92454947701296, 35.673401092662516], [126.92454947701296, 35.673401092662516], [126.92731183709456, 35.673414263102465], [126.92732793826475, 35.671160266799994], [126.92456565583672, 35.671147097447104], [126.92456565583672, 35.671147097447104], [126.92180337520495, 35.671133864731075], [126.92181962987713, 35.668879869756026], [126.92181962987713, 35.668879869756026], [126.92181962987713, 35.66887986975601], [126.92458183286419, 35.6688931013798], [126.92459800809561, 35.66663910446063], [126.92459800809561, 35.66663910446063], [126.9245818328642, 35.668893101379815], [126.92734403764733, 35.668906269645674], [126.92736013524244, 35.66665227163953], [126.9301222641765, 35.66666537546561], [126.9301382823565, 35.664411375526015], [126.9273762310503, 35.66439827278159], [126.9273762310503, 35.66439827278159], [126.92461418153117, 35.66438510668957], [126.92461418153117, 35.66438510668957], [126.9273762310503, 35.66439827278159], [126.9273762310503, 35.66439827278159], [126.9301382823565, 35.66441137552601], [126.9301382823565, 35.664411375526015], [126.9301382823565, 35.664411375526015], [126.9301222641765, 35.66666537546561], [126.9301222641765, 35.66666537546561], [126.93010624421791, 35.66891937455347], [126.93286845256729, 35.668932416103075], [126.93288439488921, 35.66667841593873], [126.93564652737192, 35.66669139305875], [126.93566239029555, 35.664437390971514], [126.93842444691116, 35.66445030367234], [126.93844023045376, 35.662196299667585], [126.93567825145799, 35.66218338803267], [126.93567825145799, 35.66218338803269], [126.93567825145799, 35.66218338803269], [126.93569411085944, 35.65992938424227], [126.93293221123574, 35.65991641033568], [126.93293221123574, 35.659916410335676], [126.93293221123574, 35.659916410335676], [126.93294814647881, 35.657662406764736], [126.93294814647881, 35.657662406764736], [126.93296407995267, 35.65540840234222], [126.93020233729419, 35.65539536725068], [126.9301863262267, 35.65764937059699], [126.92742450775246, 35.65763627109721], [126.92742450775246, 35.65763627109721], [126.9301863262267, 35.65764937059699], [126.93020233729419, 35.65539536725068], [126.93020233729419, 35.65539536725066], [126.93296407995267, 35.65540840234221], [126.93298001165752, 35.653154397068114], [126.93298001165752, 35.653154397068114], [126.93299594159355, 35.650900390942496], [126.93299594159355, 35.650900390942496], [126.93301186976096, 35.64864638396536], [126.93301186976096, 35.64864638396535], [126.93302779615993, 35.64639237613671], [126.93026636378978, 35.64637934534935], [126.93025035983163, 35.64863335210204], [126.93025035983163, 35.648633352102046], [126.93023435409644, 35.65088735800317], [126.93023435409644, 35.65088735800317], [126.93021834658404, 35.65314136305271], [126.93021834658404, 35.65314136305271], [126.93021834658404, 35.65314136305271], [126.93021834658404, 35.65314136305271], [126.93023435409644, 35.65088735800317], [126.93023435409644, 35.65088735800317], [126.93025035983163, 35.648633352102046], [126.93025035983163, 35.648633352102046], [126.93026636378978, 35.64637934534935], [126.92750493319647, 35.6463662512561], [126.92750493319647, 35.64636625125609], [126.93026636378978, 35.646379345349345], [126.9302823659711, 35.64412533774514], [126.92752101292812, 35.644112244733], [126.92752101292812, 35.644112244732995], [126.92475966167042, 35.6440990884203], [126.92199831220655, 35.64408586880718], [126.92199831220655, 35.64408586880718], [126.92475966167042, 35.64409908842029], [126.92475966167042, 35.64409908842029], [126.92752101292812, 35.64411224473299], [126.92753709087455, 35.64185823735832], [126.92753709087455, 35.64185823735832], [126.92752101292812, 35.644112244732995], [126.9302823659711, 35.64412533774514], [126.9302823659711, 35.64412533774514], [126.9330437207907, 35.64413836745659], [126.93305964365344, 35.64188435792501], [126.93029836637578, 35.641871329289394], [126.93029836637578, 35.641871329289394], [126.92753709087455, 35.64185823735832], [126.92753709087455, 35.64185823735832], [126.93029836637578, 35.641871329289394], [126.93029836637578, 35.641871329289394], [126.93305964365344, 35.64188435792501], [126.93307556474834, 35.63963034754203], [126.93307556474834, 35.63963034754203], [126.93309148407562, 35.637376336307625], [126.93309148407562, 35.637376336307625], [126.93307556474834, 35.63963034754203], [126.93307556474834, 35.63963034754203], [126.93305964365344, 35.64188435792501], [126.93582092269894, 35.64189732326504], [126.93582092269894, 35.64189732326504], [126.93580507737833, 35.64415133386723], [126.93856643572538, 35.64416423697693], [126.93855066619632, 35.64641824779315], [126.93855066619632, 35.64641824779315], [126.93856643572538, 35.64416423697693], [126.93580507737833, 35.64415133386723], [126.93582092269894, 35.64189732326504], [126.93305964365344, 35.64188435792501], [126.9330437207907, 35.64413836745659], [126.93580507737833, 35.64415133386723], [126.93578923029833, 35.646405343618014], [126.93578923029833, 35.646405343618014], [126.93580507737833, 35.64415133386723], [126.9330437207907, 35.6441383674566], [126.9302823659711, 35.64412533774514], [126.93026636378978, 35.646379345349345], [126.93302779615993, 35.64639237613671], [126.93302779615993, 35.64639237613671], [126.93301186976096, 35.64864638396535], [126.9357733814587, 35.64865935251739], [126.93578923029833, 35.646405343618014], [126.93578923029833, 35.646405343618014], [126.9357733814587, 35.648659352517384], [126.93853489491626, 35.64867225775804], [126.93855066619632, 35.646418247793164], [126.93855066619632, 35.646418247793164], [126.93853489491626, 35.64867225775804], [126.93853489491626, 35.64867225775804], [126.93851912188498, 35.65092626687154], [126.93851912188498, 35.65092626687154], [126.93850334710233, 35.65318027513364], [126.94126501745642, 35.65319311918349], [126.9412807146621, 35.65093910986099], [126.9412807146621, 35.65093910986099], [126.94129641012502, 35.648685099687164], [126.94405792707636, 35.64869787830463], [126.94407354323673, 35.64644386622442], [126.94683498436191, 35.64645658048029], [126.94685052123697, 35.644202566499075], [126.9440891576633, 35.64418985329298], [126.9440891576633, 35.64418985329297], [126.94132779582326, 35.644177076785546], [126.94131210384533, 35.646431088662], [126.94131210384533, 35.646431088662], [126.94132779582326, 35.644177076785546], [126.93856643572538, 35.64416423697693], [126.93856643572538, 35.64416423697693], [126.94132779582326, 35.64417707678554], [126.9440891576633, 35.64418985329297], [126.9441047703563, 35.64193583951031], [126.9441047703563, 35.64193583951031], [126.9441047703563, 35.64193583951032], [126.9440891576633, 35.64418985329297], [126.94685052123697, 35.644202566499075], [126.94685052123697, 35.64420256649907], [126.9496118865356, 35.64421521640371], [126.9496118865356, 35.64421521640371], [126.9523732535506, 35.64422780300677], [126.95238863361425, 35.64197378609067], [126.95240401197034, 35.63971976832353], [126.95240401197034, 35.63971976832353], [126.95240401197034, 35.63971976832354], [126.95516522561472, 35.63973228955689], [126.95518052473714, 35.637478269904854], [126.95518052473714, 35.637478269904854], [126.95519582216097, 35.63522424940191], [126.95519582216097, 35.63522424940191], [126.95518052473714, 35.637478269904854], [126.95518052473714, 35.637478269904854], [126.95516522561472, 35.63973228955689], [126.95516522561472, 35.63973228955689], [126.95514992479352, 35.641986308357986], [126.95791121767176, 35.6419987673287], [126.95792644095789, 35.63974474749886], [126.95792644095789, 35.63974474749886], [126.9606876579912, 35.63975714214932], [126.9606876579912, 35.63975714214933], [126.96067251224036, 35.64201116300267], [126.96343380849069, 35.642023495379796], [126.96343380849069, 35.64202349537981], [126.96619510641416, 35.64203576445996], [126.96621009709393, 35.639781741575234], [126.9634488767061, 35.63976947350815], [126.9634488767061, 35.63976947350815], [126.96621009709393, 35.639781741575234], [126.96621009709393, 35.63978174157523], [126.9689713191461, 35.63979394635043], [126.96898623063429, 35.6375399216072], [126.96898623063429, 35.6375399216072], [126.96900114046691, 35.63528589601336], [126.97176220912863, 35.635298035491495], [126.97177703979571, 35.63304400804457], [126.96901604864418, 35.63303186956888], [126.96900114046691, 35.63528589601334], [126.96900114046691, 35.63528589601334], [126.96901604864418, 35.63303186956888], [126.96625505914785, 35.63301966781687], [126.96625505914785, 35.63301966781687], [126.9634940713153, 35.63300740278866], [126.9634940713153, 35.63300740278866], [126.9634940713153, 35.63300740278865], [126.96625505914785, 35.63301966781687], [126.96625505914785, 35.63301966781687], [126.96901604864418, 35.633031869568875], [126.96903095516626, 35.63077784227381], [126.96627004317135, 35.63076564152942], [126.96627004317135, 35.63076564152942], [126.96350913284002, 35.63075337751405], [126.96352419269252, 35.62849935138878], [126.96352419269252, 35.62849935138878], [126.96353925087301, 35.626245324412864], [126.96077849719012, 35.6262329991626], [126.96077849719012, 35.6262329991626], [126.95801774518766, 35.62622061065208], [126.95800253203973, 35.62847463558687], [126.95800253203973, 35.62847463558687], [126.95798731720257, 35.630728659670886], [126.95798731720257, 35.630728659670886], [126.95797210067597, 35.63298268290413], [126.95797210067597, 35.63298268290413], [126.95795688245981, 35.63523670528655], [126.95795688245981, 35.63523670528655], [126.95794166255384, 35.63749072681812], [126.9607028020605, 35.637503120445125], [126.9607028020605, 35.637503120445125], [126.95794166255384, 35.63749072681812], [126.95795688245981, 35.63523670528655], [126.95795688245978, 35.63523670528655], [126.95797210067597, 35.63298268290413], [126.9552111178864, 35.63297022804806], [126.9552111178864, 35.63297022804805], [126.9552111178864, 35.63297022804805], [126.9552111178864, 35.632970228048045], [126.95797210067597, 35.632982682904114], [126.95798731720254, 35.630728659670886], [126.95522641191363, 35.630716205843335], [126.95522641191363, 35.630716205843335], [126.95246550832276, 35.63070368874531], [126.95246550832276, 35.63070368874531], [126.95522641191363, 35.630716205843335], [126.95524170424285, 35.62846218278777], [126.95524170424287, 35.62846218278777], [126.95522641191363, 35.630716205843335], [126.95798731720257, 35.630728659670886], [126.95800253203973, 35.62847463558686], [126.9580025320397, 35.62847463558686], [126.95801774518766, 35.62622061065208], [126.95801774518766, 35.62622061065208], [126.95801774518766, 35.62622061065208], [126.96077849719012, 35.6262329991626], [126.960793631174, 35.623978972353946], [126.960793631174, 35.623978972353946], [126.96080876347763, 35.62172494469462], [126.95804816641666, 35.62171255823028], [126.95804816641666, 35.62171255823027], [126.95804816641666, 35.62171255823027], [126.95804816641666, 35.62171255823027], [126.96080876347763, 35.62172494469461], [126.96080876347763, 35.62172494469461], [126.96356936221868, 35.62173726790912], [126.96356936221868, 35.62173726790912], [126.96632996263116, 35.621749527873654], [126.9663449383385, 35.61949549733335], [126.96910546295547, 35.61950769304049], [126.96912035955036, 35.61725366064238], [126.96635991238317, 35.61724146594253], [126.9663449383385, 35.61949549733334], [126.9663449383385, 35.61949549733334], [126.96635991238317, 35.61724146594252], [126.9635994668785, 35.61722920800304], [126.9635994668785, 35.61722920800304], [126.9635994668785, 35.61722920800304], [126.9636145167017, 35.61497517677419], [126.96085415030893, 35.61496285661287], [126.96085415030893, 35.61496285661285], [126.95809378559566, 35.61495047321738], [126.95809378559566, 35.61495047321738], [126.96085415030893, 35.61496285661285], [126.96085415030893, 35.61496285661285], [126.9636145167017, 35.614975176774166], [126.963629564854, 35.612721144694795], [126.963629564854, 35.612721144694795], [126.9636145167017, 35.614975176774166], [126.9636145167017, 35.614975176774166], [126.9635994668785, 35.61722920800304], [126.96635991238317, 35.61724146594252], [126.96637488476539, 35.6149874337012], [126.96637488476539, 35.6149874337012], [126.96638985548526, 35.61273340060942], [126.963629564854, 35.612721144694795], [126.96364461133561, 35.61046711176493], [126.96364461133561, 35.61046711176493], [126.96365965614667, 35.60821307798457], [126.96365965614667, 35.60821307798457], [126.96367469928741, 35.60595904335377], [126.96091464257198, 35.6059467272626], [126.96091464257198, 35.6059467272626], [126.95815458753529, 35.60593434795816], [126.95813938958186, 35.60818838054883], [126.95813938958186, 35.60818838054883], [126.95812418994089, 35.61044241228894], [126.95812418994089, 35.61044241228894], [126.95812418994089, 35.61044241228895], [126.95536398177082, 35.61042996771551], [126.95536398177082, 35.6104299677155], [126.95536398177082, 35.6104299677155], [126.95536398177082, 35.6104299677155], [126.95812418994089, 35.61044241228894], [126.95813938958186, 35.60818838054883], [126.95813938958186, 35.60818838054883], [126.95815458753529, 35.60593434795816], [126.95539453418594, 35.60592190544056], [126.95540980784949, 35.60366787302719], [126.95540980784949, 35.60366787302719], [126.95540980784949, 35.603667873027184], [126.95816978380137, 35.60368031451693], [126.95818497838033, 35.601426280225226], [126.95818497838033, 35.601426280225226], [126.95820017127231, 35.59917224508301], [126.9554403500896, 35.59915980564876], [126.9554403500896, 35.59915980564876], [126.95820017127231, 35.59917224508301], [126.95821536247752, 35.59691820909032], [126.95545561866652, 35.59690577068373], [126.95545561866652, 35.59690577068373], [126.95269587655068, 35.596893269085015], [126.95268053060225, 35.59914730301715], [126.95268053060225, 35.59914730301715], [126.95266518294987, 35.60140133609869], [126.95542507981733, 35.601413839763254], [126.95542507981733, 35.601413839763254], [126.95266518294987, 35.60140133609869], [126.95264983359337, 35.603655368329626], [126.95264983359337, 35.603655368329626], [126.9526344825325, 35.605909399709944], [126.9526344825325, 35.605909399709944], [126.95264983359337, 35.603655368329626], [126.94988986104156, 35.60364280042439], [126.9498744325836, 35.60589683076642], [126.9498744325836, 35.60589683076642], [126.94985900241255, 35.608150860257744], [126.94985900241255, 35.608150860257744], [126.9498744325836, 35.60589683076642], [126.94711438434783, 35.60588419861014], [126.94711438434783, 35.60588419861014], [126.9498744325836, 35.60589683076642], [126.94988986104156, 35.60364280042439], [126.94712989020266, 35.60363016931159], [126.947145394336, 35.601376139162326], [126.94990528778656, 35.601388769231676], [126.94992071281885, 35.599134737188294], [126.94716089674799, 35.59912210816234], [126.94716089674799, 35.59912210816234], [126.94440108239829, 35.599109415939395], [126.94440108239829, 35.599109415939395], [126.94164126977827, 35.5990966605196], [126.94164126977827, 35.5990966605196], [126.9388814588966, 35.599083841903074], [126.9388657243466, 35.601337869741585], [126.9388657243466, 35.601337869741585], [126.9388814588966, 35.599083841903074], [126.93612164976183, 35.599070960089946], [126.93610583783287, 35.60132498686418], [126.93610583783287, 35.60132498686418], [126.93609002414824, 35.603579012787456], [126.93884998804948, 35.603591896729185], [126.93884998804948, 35.603591896729185], [126.93884998804948, 35.603591896729185], [126.93884998804948, 35.603591896729185], [126.93609002414824, 35.60357901278746], [126.93609002414824, 35.603579012787456], [126.93609002414823, 35.603579012787456], [126.93610583783287, 35.60132498686418], [126.93610583783287, 35.60132498686418], [126.93612164976183, 35.599070960089946], [126.93336184238252, 35.59905801508034], [126.93336184238252, 35.59905801508034], [126.93612164976183, 35.599070960089946], [126.93613745993527, 35.59681693246477], [126.93337772992614, 35.5968039885246], [126.93337772992614, 35.5968039885246], [126.93613745993527, 35.59681693246477], [126.93613745993527, 35.59681693246477], [126.9388971916997, 35.59682981321368], [126.93891292275607, 35.59457578367345], [126.94167257890527, 35.59458860017205], [126.94167257890527, 35.59458860017205], [126.94443223679235, 35.594601353484364], [126.94444781139529, 35.592347320980785], [126.94168823086176, 35.592334568722116], [126.94168823086176, 35.592334568722116], [126.94168823086176, 35.592334568722116], [126.94170388108053, 35.59008053642145], [126.93894437962952, 35.59006772204054], [126.93894437962952, 35.59006772204054], [126.94170388108053, 35.59008053642145], [126.94171952956177, 35.58782650327005], [126.94171952956177, 35.58782650327005], [126.94173517630566, 35.58557246926796], [126.93897582951847, 35.5855596570045], [126.93897582951847, 35.585559657004495], [126.94173517630566, 35.58557246926795], [126.94175082131241, 35.58331843441519], [126.94175082131241, 35.58331843441519], [126.94173517630566, 35.58557246926796], [126.94449452483002, 35.585585218366], [126.94451009251755, 35.583331182459816], [126.94451009251755, 35.583331182459816], [126.94452565847669, 35.58107714570303], [126.9417664645822, 35.581064398711774], [126.94175082131241, 35.58331843441519], [126.94175082131241, 35.58331843441519], [126.9417664645822, 35.581064398711774], [126.93900727242446, 35.58105158856554], [126.93899155184423, 35.583305623210364], [126.93899155184423, 35.583305623210364], [126.93900727242446, 35.58105158856554], [126.93624808201207, 35.58103871526448], [126.9362322841216, 35.58329274884551], [126.9362322841216, 35.58329274884551], [126.93621648447699, 35.58554678157577], [126.93621648447699, 35.58554678157577], [126.93621648447699, 35.58554678157578], [126.93621648447699, 35.58554678157578], [126.9362322841216, 35.58329274884551], [126.93623228412157, 35.58329274884551], [126.93624808201207, 35.581038715264484], [126.93348889335361, 35.58102577880869], [126.93347301815307, 35.5832798113207], [126.93071375394727, 35.58326681063608], [126.93071375394727, 35.58326681063608], [126.93071375394727, 35.58326681063608], [126.93072970645765, 35.581012779198325], [126.92797052133281, 35.58099971643348], [126.92798654937319, 35.57874568522424], [126.9252274433289, 35.57873256038971], [126.9252113379876, 35.58098659051433], [126.9252113379876, 35.58098659051433], [126.9252274433289, 35.578732560389696], [126.92246833907264, 35.57871937240619], [126.92246833907264, 35.57871937240619], [126.91970923661303, 35.57870612127382], [126.91970923661303, 35.57870612127382], [126.91695013595863, 35.57869280699275], [126.91693379871593, 35.580946833832215], [126.91693379871593, 35.580946833832215], [126.91691745965922, 35.58320085982052], [126.91967671492274, 35.5832141763022], [126.91967671492274, 35.5832141763022], [126.92243597199189, 35.583227429624735], [126.92241978575608, 35.58548145695741], [126.92241978575608, 35.58548145695741], [126.92240359772302, 35.587735483439], [126.91964418600999, 35.587722227926065], [126.91962791884468, 35.58997625246126], [126.92238740789251, 35.58998950906949], [126.92238740789251, 35.58998950906949], [126.92238740789251, 35.58998950906949], [126.92238740789251, 35.58998950906949], [126.91962791884468, 35.58997625246126], [126.91961164987313, 35.59223027614526], [126.91961164987313, 35.59223027614526], [126.91959537909517, 35.59448429897801], [126.92235502283842, 35.59449755777701], [126.9223712162644, 35.59224353384883], [126.9223712162644, 35.59224353384883], [126.92235502283842, 35.59449755777702], [126.92511466837968, 35.59451075339063], [126.92511466837968, 35.59451075339063], [126.92235502283842, 35.59449755777702], [126.92235502283842, 35.59449755777702], [126.91959537909517, 35.59448429897802], [126.91957910651058, 35.59673832095956], [126.92233882761437, 35.59675158085403], [126.92233882761437, 35.59675158085403], [126.92233882761437, 35.59675158085403], [126.92233882761437, 35.596751580854026], [126.91957910651058, 35.59673832095957], [126.91957910651058, 35.59673832095956], [126.9168193872136, 35.596724997874624], [126.91680303545321, 35.59897901790414], [126.91956283211915, 35.59899234208982], [126.91956283211915, 35.59899234208983], [126.91680303545321, 35.59897901790414], [126.9167866818772, 35.6012330370823], [126.9167866818772, 35.6012330370823], [126.91677032648536, 35.60348705540908], [126.91677032648536, 35.60348705540908], [126.91675396927748, 35.60574107288448], [126.91951399810185, 35.605754400372795], [126.91951399810185, 35.605754400372795], [126.92227402873385, 35.60576766464976], [126.92229023115205, 35.60351364497772], [126.92229023115205, 35.60351364497772], [126.92230643177139, 35.60125962445441], [126.92230643177139, 35.60125962445441], [126.92229023115205, 35.60351364497772], [126.92229023115205, 35.60351364497772], [126.92227402873385, 35.60576766464976], [126.92503406116492, 35.605780865715246], [126.92505018618796, 35.60352684495271], [126.92505018618797, 35.60352684495271], [126.92505018618797, 35.60352684495272], [126.92505018618797, 35.60352684495272], [126.92503406116492, 35.605780865715246], [126.9277940953864, 35.60579400356913], [126.9277940953864, 35.60579400356913], [126.93055413138978, 35.605807078211264], [126.93055413138978, 35.605807078211264], [126.93331416916642, 35.60582008964152], [126.93333006200285, 35.603566065638816], [126.93057010162197, 35.603553055283385], [126.93057010162197, 35.603553055283385], [126.93333006200285, 35.603566065638816], [126.93334595307482, 35.60131204078508], [126.93334595307482, 35.60131204078508], [126.93336184238252, 35.59905801508034], [126.93336184238252, 35.59905801508034], [126.93334595307482, 35.601312040785075], [126.93334595307482, 35.601312040785075], [126.93333006200285, 35.603566065638816], [126.93333006200285, 35.603566065638816], [126.93331416916642, 35.605820089641504], [126.93607420870771, 35.60583303785975], [126.93607420870771, 35.605833037859774], [126.93331416916642, 35.60582008964152], [126.93331416916642, 35.60582008964152], [126.93055413138978, 35.605807078211264], [126.93053815938433, 35.608061100288005], [126.93053815938433, 35.608061100288005], [126.93053815938433, 35.608061100288005], [126.93055413138978, 35.605807078211264], [126.9277940953864, 35.605794003569144], [126.9277940953864, 35.605794003569144], [126.92503406116492, 35.605780865715275], [126.9250179343514, 35.608034885626566], [126.9250179343514, 35.608034885626566], [126.92500180574724, 35.6102889046866], [126.92500180574724, 35.6102889046866], [126.9250179343514, 35.608034885626566], [126.9250179343514, 35.608034885626566], [126.92503406116492, 35.60578086571525], [126.92227402873385, 35.60576766464976], [126.92225782451662, 35.60802168347052], [126.9222578245166, 35.60802168347052], [126.92227402873385, 35.60576766464976], [126.91951399810185, 35.6057544003728], [126.91951399810185, 35.6057544003728], [126.91675396927748, 35.60574107288448], [126.91673761025338, 35.60799508950846], [126.91673761025338, 35.60799508950846], [126.91673761025338, 35.60799508950846], [126.91673761025338, 35.60799508950846], [126.91675396927748, 35.60574107288448], [126.91399394226933, 35.60572768218495], [126.91399394226933, 35.60572768218494], [126.91675396927748, 35.60574107288448], [126.91677032648533, 35.60348705540909], [126.91677032648536, 35.60348705540909], [126.9167866818772, 35.6012330370823], [126.9167866818772, 35.6012330370823], [126.91680303545321, 35.59897901790414], [126.91680303545321, 35.59897901790414], [126.9168193872136, 35.59672499787463], [126.91405966973203, 35.596711611599375], [126.9112999540745, 35.59669816213391], [126.9112999540745, 35.596698162133904], [126.91405966973203, 35.596711611599375], [126.91407609703718, 35.594457591824444], [126.9113164587396, 35.59444414347012], [126.9112999540745, 35.596698162133904], [126.90854024024955, 35.59668464947838], [126.9085236563835, 35.598938666174305], [126.91128344757679, 35.59895217994625], [126.91128344757679, 35.59895217994625], [126.9085236563835, 35.598938666174305], [126.9085236563835, 35.598938666174305], [126.90576386703158, 35.598925089207206], [126.90574720394739, 35.601179103929894], [126.90574720394739, 35.601179103929894], [126.90576386703158, 35.598925089207206], [126.90300407952965, 35.59891144904511], [126.90298733906893, 35.60116546264087], [126.90298733906893, 35.60116546264087], [126.90298733906893, 35.60116546264087], [126.90298733906893, 35.60116546264087], [126.90300407952964, 35.59891144904511], [126.90024429388627, 35.598897745688134], [126.90022747604924, 35.60115175815176], [126.90022747604924, 35.60115175815176], [126.90024429388627, 35.598897745688134], [126.90300407952964, 35.59891144904511], [126.9030208181318, 35.596657434597674], [126.90026110985616, 35.59664373237277], [126.90026110985616, 35.59664373237277], [126.9030208181318, 35.596657434597674], [126.9030208181318, 35.596657434597674], [126.90578052826578, 35.59667107363292], [126.90578052826578, 35.59667107363292], [126.90854024024954, 35.59668464947838], [126.90854024024954, 35.59668464947838], [126.9112999540745, 35.5966981621339], [126.9113164587396, 35.59444414347011], [126.9085568222744, 35.59443063193094], [126.9085568222744, 35.59443063193094], [126.9057971876502, 35.59441705720707], [126.9057971876502, 35.59441705720707], [126.90303755487557, 35.594403419298615], [126.90303755487557, 35.594403419298615], [126.9002779239591, 35.594389718205726], [126.9002779239591, 35.594389718205726], [126.89751829490935, 35.594375953928555], [126.89750140344749, 35.59662996695836], [126.89750140344749, 35.59662996695836], [126.89751829490935, 35.594375953928555], [126.89751829490935, 35.594375953928555], [126.9002779239591, 35.594389718205726], [126.90029473619526, 35.592135703187004], [126.89753518449588, 35.592121940046994], [126.89753518449588, 35.592121940046994], [126.89477563467162, 35.59210811372805], [126.89477563467162, 35.59210811372805], [126.89477563467162, 35.59210811372805], [126.89477563467162, 35.59210811372805], [126.89753518449588, 35.592121940046994], [126.89753518449588, 35.592121940046994], [126.90029473619526, 35.592135703187004], [126.90031154656492, 35.58988168731665], [126.8975520722073, 35.58986792531375], [126.8975520722073, 35.58986792531375], [126.90031154656492, 35.58988168731665], [126.90031154656492, 35.58988168731665], [126.90029473619526, 35.592135703187], [126.90029473619526, 35.592135703187], [126.9002779239591, 35.594389718205726], [126.90303755487557, 35.59440341929861], [126.90305428976122, 35.592149403147936], [126.90305428976122, 35.592149403147936], [126.90303755487557, 35.59440341929861], [126.9057971876502, 35.59441705720705], [126.9057971876502, 35.59441705720705], [126.9085568222744, 35.59443063193094], [126.9085734024583, 35.59217661353202], [126.90581384518508, 35.59216303992965], [126.90581384518508, 35.59216303992965], [126.9085734024583, 35.59217661353202], [126.90858998080142, 35.58992259428164], [126.90858998080142, 35.58992259428164], [126.9085734024583, 35.59217661353202], [126.9085734024583, 35.59217661353202], [126.9085568222744, 35.59443063193094], [126.9113164587396, 35.594444143470106], [126.9113164587396, 35.59444414347011], [126.91407609703718, 35.59445759182444], [126.91407609703718, 35.594457591824444], [126.91683573715855, 35.5944709769938], [126.91685208528831, 35.59221695526165], [126.91409252251852, 35.592203571198155], [126.91409252251852, 35.592203571198155], [126.91685208528831, 35.59221695526164], [126.91685208528831, 35.59221695526164], [126.91961164987313, 35.59223027614525], [126.91962791884468, 35.58997625246126], [126.91962791884468, 35.58997625246126], [126.91964418600999, 35.587722227926065], [126.91688477610299, 35.58770890924355], [126.91686843160305, 35.589962932678226], [126.91686843160305, 35.589962932678226], [126.91686843160305, 35.589962932678226], [126.91410894617627, 35.58994954972052], [126.91410894617627, 35.58994954972052], [126.91410894617627, 35.58994954972052], [126.9141253680106, 35.58769552739159], [126.91136596174138, 35.58768208237029], [126.91134946257286, 35.589936103588286], [126.91134946257286, 35.589936103588286], [126.91133296157233, 35.59219012395489], [126.91409252251852, 35.59220357119815], [126.91409252251852, 35.592203571198155], [126.91133296157233, 35.5921901239549], [126.91133296157233, 35.59219012395489], [126.91133296157233, 35.59219012395489], [126.91134946257286, 35.589936103588286], [126.91134946257286, 35.589936103588286], [126.91136596174138, 35.58768208237029], [126.90860655730397, 35.587668574179816], [126.90858998080142, 35.58992259428164], [126.90858998080142, 35.58992259428164], [126.90860655730397, 35.587668574179816], [126.90584715470692, 35.5876550028203], [126.90584715470692, 35.5876550028203], [126.90584715470692, 35.5876550028203], [126.90586380669431, 35.58540098298838], [126.90310448327122, 35.58538734958649], [126.90310448327122, 35.58538734958649], [126.90034516170545, 35.58537365302105], [126.90034516170545, 35.58537365302105], [126.90310448327122, 35.58538734958649], [126.9031212107263, 35.58313333002961], [126.90036196647672, 35.58311963459587], [126.90034516170545, 35.58537365302105], [126.90034516170545, 35.58537365302105], [126.90036196647672, 35.583119634595874], [126.89760272409286, 35.58310587600393], [126.89758584200558, 35.585359893292186], [126.89758584200558, 35.585359893292186], [126.89758584200558, 35.58535989329219], [126.89758584200558, 35.58535989329219], [126.89760272409286, 35.58310587600393], [126.8948434835833, 35.583092054253925], [126.89482652418022, 35.58534607040004], [126.89206720823793, 35.585332184344736], [126.89206720823793, 35.585332184344736], [126.8893078941873, 35.58531823512643], [126.88929077825298, 35.58757224812077], [126.8920501696276, 35.58758619849173], [126.8920501696276, 35.58758619849173], [126.88929077825298, 35.58757224812077], [126.88927366041823, 35.58982626026326], [126.88927366041823, 35.58982626026326], [126.8892565406828, 35.59208027155387], [126.8892565406828, 35.592080271553876], [126.88649699653541, 35.59206625569893], [126.8864797975496, 35.59432026497959], [126.88923941904649, 35.59433428199258], [126.88923941904649, 35.59433428199258], [126.89199904244447, 35.59434823582183], [126.89199904244447, 35.59434823582183], [126.89475866773495, 35.5943621264672], [126.89475866773495, 35.5943621264672], [126.89199904244447, 35.59434823582183], [126.89199904244447, 35.59434823582184], [126.88923941904649, 35.59433428199259], [126.88922229550907, 35.59658829157937], [126.88922229550907, 35.59658829157937], [126.88922229550907, 35.596588291579366], [126.88922229550907, 35.596588291579366], [126.88923941904649, 35.59433428199258], [126.8864797975496, 35.59432026497959], [126.8864625966541, 35.596574273408265], [126.8864625966541, 35.596574273408265], [126.8864625966541, 35.596574273408265], [126.8864797975496, 35.59432026497959], [126.88372017796239, 35.594306184782994], [126.88372017796239, 35.594306184782994], [126.8864797975496, 35.59432026497959], [126.88649699653541, 35.59206625569893], [126.88373745429749, 35.5920521766656], [126.88373745429749, 35.5920521766656], [126.88649699653541, 35.59206625569893], [126.88649699653541, 35.592066255698924], [126.8892565406828, 35.59208027155387], [126.88927366041823, 35.58982626026326], [126.88927366041823, 35.58982626026326], [126.88929077825298, 35.58757224812077], [126.88929077825298, 35.58757224812077], [126.8893078941873, 35.58531823512643], [126.88932500822135, 35.58306422128025], [126.88656577338614, 35.58305021005687], [126.88658296282674, 35.58079619651662], [126.88658296282674, 35.58079619651662], [126.88660015035896, 35.57854218212453], [126.8838410720365, 35.578528110069485], [126.8838410720365, 35.57852811006948], [126.8838410720365, 35.57852811006948], [126.88385833494972, 35.576274095988374], [126.88109933583306, 35.57625996195443], [126.88109933583306, 35.57625996195442], [126.88385833494972, 35.57627409598837], [126.88385833494972, 35.57627409598837], [126.88385833494972, 35.57627409598837], [126.8838410720365, 35.57852811006948], [126.88660015035896, 35.57854218212453], [126.88660015035896, 35.57854218212453], [126.88935923058958, 35.5785561910325], [126.88937633892418, 35.57630217463096], [126.88661733598296, 35.57628816688059], [126.88661733598296, 35.57628816688059], [126.88663451969899, 35.574034150784854], [126.88663451969899, 35.574034150784854], [126.88661733598296, 35.57628816688058], [126.88937633892418, 35.576302174630946], [126.88939344535937, 35.57404815737768], [126.88939344535937, 35.57404815737768], [126.88941054989539, 35.57179413927269], [126.88941054989539, 35.57179413927269], [126.88942765253242, 35.569540120316], [126.88942765253242, 35.569540120316], [126.88942765253242, 35.569540120316], [126.89218642555561, 35.56955406146759], [126.89220344903858, 35.5673000405071], [126.8894447532707, 35.567286100507644], [126.8894447532707, 35.567286100507644], [126.88668605940138, 35.567272097387054], [126.88668605940138, 35.567272097387054], [126.8894447532707, 35.567286100507644], [126.88946185211041, 35.56503207984763], [126.88670323548762, 35.565018077884346], [126.88670323548762, 35.565018077884346], [126.88394462077174, 35.565004012805275], [126.88392736743918, 35.567258031145485], [126.88668605940136, 35.567272097387054], [126.88666888140799, 35.56952611603807], [126.88666888140799, 35.56952611603807], [126.88665170150728, 35.57178013383733], [126.88389285502673, 35.571766065270566], [126.88387559594638, 35.57402008105538], [126.88387559594638, 35.57402008105538], [126.88387559594638, 35.57402008105538], [126.88387559594638, 35.57402008105538], [126.8838928550267, 35.571766065270566], [126.88113401046228, 35.57175193357252], [126.88111667411012, 35.57400594818943], [126.88111667411012, 35.57400594818943], [126.87835775419879, 35.57399175218711], [126.87835775419879, 35.57399175218711], [126.87559883622095, 35.573977493048574], [126.87558134338367, 35.57623150446198], [126.87834033864152, 35.57624576477892], [126.87834033864152, 35.57624576477892], [126.87834033864152, 35.57624576477892], [126.87832292115051, 35.57849977651873], [126.88108199563084, 35.5785139748675], [126.88108199563084, 35.578513974867505], [126.87832292115051, 35.57849977651874], [126.87830550172559, 35.58075378740653], [126.87830550172559, 35.58075378740653], [126.87832292115051, 35.57849977651873], [126.87832292115051, 35.57849977651873], [126.87834033864152, 35.57624576477892], [126.87558134338367, 35.57623150446198], [126.87556384860413, 35.57848551502332], [126.87556384860413, 35.57848551502332], [126.87556384860413, 35.57848551502332], [126.87280477800026, 35.5784711903814], [126.87278720398126, 35.58072519890689], [126.87554635188206, 35.58073952473257], [126.87554635188206, 35.58073952473257], [126.87554635188206, 35.58073952473257], [126.87552885321728, 35.5829935335897], [126.87552885321728, 35.5829935335897], [126.87551135260954, 35.58524754159471], [126.87827065707309, 35.58526180662595], [126.87828808036653, 35.583007797442264], [126.88104730945015, 35.583021998137745], [126.88104730945015, 35.583021998137745], [126.88380654045953, 35.583036135676], [126.88378927179537, 35.585290147201356], [126.88378927179537, 35.585290147201356], [126.88377200121377, 35.58754415787477], [126.8810126155663, 35.58753001799998], [126.87825323184506, 35.58751581495754], [126.87825323184506, 35.58751581495754], [126.87827065707309, 35.58526180662595], [126.87551135260954, 35.58524754159471], [126.87549385005862, 35.587501548747575], [126.87549385005862, 35.587501548747575], [126.87547634556434, 35.58975555504826], [126.87547634556434, 35.58975555504826], [126.87549385005862, 35.58750154874758], [126.87273447021553, 35.58748721937023], [126.87271688838999, 35.589741224486886], [126.87271688838999, 35.589741224486886], [126.87269930461227, 35.59199522875127], [126.87269930461227, 35.59199522875127], [126.87269930461227, 35.59199522875128], [126.8699397720505, 35.591980833828146], [126.8699397720505, 35.591980833828146], [126.87269930461227, 35.59199522875128], [126.87271688838999, 35.589741224486886], [126.86995743316784, 35.589726830753065], [126.86995743316784, 35.589726830753065], [126.86719797990646, 35.58971237384693], [126.86719797990646, 35.58971237384693], [126.86719797990646, 35.58971237384693], [126.86721571639386, 35.587458371113975], [126.86445634243245, 35.58744385223536], [126.86445634243245, 35.58744385223536], [126.86169697044875, 35.58742927018993], [126.86169697044875, 35.58742927018993], [126.85893760045134, 35.587414624977846], [126.85891963197278, 35.589668624096134], [126.85891963197278, 35.589668624096134], [126.85890166149912, 35.59192262236181], [126.85890166149912, 35.59192262236181], [126.85888368903014, 35.594176619774856], [126.86164329104379, 35.594191268617486], [126.86166118616545, 35.591937269994176], [126.86166118616545, 35.591937269994176], [126.86167907930036, 35.58968327051832], [126.86167907930036, 35.58968327051832], [126.86167907930036, 35.58968327051832], [126.86167907930036, 35.58968327051832], [126.86166118616545, 35.5919372699942], [126.86166118616545, 35.5919372699942], [126.86164329104379, 35.59419126861749], [126.86440289504439, 35.5942058542778], [126.86440289504439, 35.5942058542778], [126.86716250102336, 35.594220376755636], [126.86716250102336, 35.594220376755636], [126.86440289504439, 35.5942058542778], [126.86440289504439, 35.5942058542778], [126.86164329104379, 35.5941912686175], [126.86162539393517, 35.596445266388216], [126.86162539393514, 35.596445266388216], [126.86160749483933, 35.59869926330636], [126.8643672535608, 35.59871385137692], [126.8643850752919, 35.596459853253634], [126.8643850752919, 35.596459853253634], [126.8643672535608, 35.59871385137692], [126.8643672535608, 35.59871385137692], [126.8643672535608, 35.59871385137693], [126.86160749483933, 35.59869926330636], [126.8615895937561, 35.60095325937188], [126.86158959375612, 35.60095325937188], [126.86158959375612, 35.60095325937188], [126.85882975964894, 35.60093860689811], [126.85881177919642, 35.60319260090045], [126.85881177919642, 35.60319260090045], [126.85881177919642, 35.60319260090045], [126.85881177919642, 35.60319260090045], [126.85882975964894, 35.600938606898104], [126.8615895937561, 35.60095325937188], [126.86160749483933, 35.59869926330636], [126.85884773810527, 35.598684612043044], [126.85884773810527, 35.598684612043044], [126.86160749483933, 35.59869926330636], [126.86162539393514, 35.59644526638823], [126.8588657145656, 35.5964306163353], [126.8588657145656, 35.5964306163353], [126.8561060371918, 35.596415903094965], [126.8560879833672, 35.59866989758712], [126.85606992753802, 35.600923891226515], [126.85606992753802, 35.600923891226515], [126.856051869704, 35.603177884013114], [126.85329196221664, 35.603163103922896], [126.8533100974319, 35.600909112357236], [126.8533100974319, 35.600909112357236], [126.85332823063372, 35.59865511993874], [126.8560879833672, 35.59866989758712], [126.8561060371918, 35.596415903094965], [126.85334636182239, 35.5964011266674], [126.85334636182239, 35.5964011266674], [126.85058668846594, 35.596386287052745], [126.85058668846594, 35.596386287052745], [126.85058668846592, 35.596386287052745], [126.85060489499689, 35.59413229415459], [126.85060489499689, 35.59413229415459], [126.85062309950652, 35.59187830040359], [126.85062309950655, 35.59187830040359], [126.85062309950655, 35.59187830040359], [126.85338261816109, 35.591893137566366], [126.85338261816109, 35.59189313756636], [126.85614213882815, 35.59190791155248], [126.85614213882815, 35.59190791155249], [126.85338261816109, 35.591893137566366], [126.85336449099812, 35.59414713254327], [126.85612408901206, 35.594161907750085], [126.85612408901206, 35.59416190775008], [126.85888368903014, 35.594176619774856], [126.85890166149912, 35.59192262236181], [126.85890166149912, 35.59192262236181], [126.85891963197278, 35.589668624096134], [126.85891963197278, 35.589668624096134], [126.85893760045134, 35.587414624977846], [126.85617823244883, 35.58739991659927], [126.85616018664032, 35.5896539145022], [126.85616018664032, 35.5896539145022], [126.85616018664032, 35.5896539145022], [126.85616018664032, 35.5896539145022], [126.8561782324488, 35.58739991659927], [126.85341886644976, 35.58738514505431], [126.85343698757592, 35.58513114751922], [126.85067770090983, 35.585116314033755], [126.85067770090983, 35.585116314033755], [126.84791841626416, 35.58510141738745], [126.84791841626416, 35.58510141738745], [126.84791841626416, 35.58510141738745], [126.8479366900029, 35.58284742145614], [126.8479366900029, 35.58284742145614], [126.84795496171284, 35.58059342467207], [126.85071409174292, 35.58060831885675], [126.85073228412939, 35.57835431998915], [126.84797323139426, 35.5783394270352], [126.84795496171284, 35.58059342467207], [126.84795496171284, 35.58059342467207], [126.84797323139426, 35.578339427035196], [126.84797323139426, 35.578339427035196], [126.84799149904737, 35.57608542854559], [126.84523252562668, 35.57607047368245], [126.84521418068745, 35.5783244709362], [126.84521418068745, 35.5783244709362], [126.84523252562668, 35.57607047368245], [126.84523252562668, 35.57607047368245], [126.84525086852922, 35.57381647557592], [126.84249197442254, 35.573801458814124], [126.84249197442254, 35.573801458814124], [126.84525086852922, 35.57381647557591], [126.84526920939534, 35.571562476616606], [126.84526920939534, 35.571562476616606], [126.84528754822526, 35.56930847680455], [126.84804628983902, 35.569323427960484], [126.84806454938114, 35.56706942606011], [126.84806454938114, 35.56706942606011], [126.84808280689603, 35.56481542330709], [126.8453242197773, 35.564800474622295], [126.84530588501914, 35.56705447613977], [126.84530588501914, 35.56705447613977], [126.84528754822526, 35.56930847680455], [126.84528754822526, 35.56930847680455], [126.84530588501914, 35.567054476139774], [126.84254722269294, 35.56703946310062], [126.84252880864744, 35.569293462524605], [126.83977007111423, 35.569278385120775], [126.83977007111423, 35.569278385120775], [126.83977007111423, 35.56927838512077], [126.84252880864744, 35.56929346252459], [126.84254722269294, 35.56703946310062], [126.83978856241107, 35.56702438694282], [126.83978856241107, 35.56702438694282], [126.83702990418213, 35.567009247666505], [126.83702990418213, 35.56700924766649], [126.83427124801466, 35.56699404527183], [126.83425260221578, 35.569248040942064], [126.83701133563414, 35.5692632445932], [126.83701133563414, 35.5692632445932], [126.83425260221578, 35.56924804094207], [126.83425260221578, 35.569248040942064], [126.83425260221578, 35.569248040942064], [126.83427124801466, 35.56699404527183], [126.83151259391727, 35.56697877975895], [126.83151259391727, 35.56697877975895], [126.83151259391727, 35.56697877975895], [126.83151259391727, 35.56697877975895], [126.83427124801466, 35.56699404527183], [126.83428989174348, 35.56474004874861], [126.83428989174348, 35.56474004874861], [126.83430853340246, 35.56248605137245], [126.83430853340249, 35.56248605137245], [126.83428989174348, 35.56474004874861], [126.83428989174348, 35.56474004874861], [126.83427124801466, 35.56699404527183], [126.83702990418213, 35.56700924766649], [126.83704847066863, 35.56475524988689], [126.83704847066863, 35.56475524988689], [126.83706703509387, 35.56250125125443], [126.83706703509388, 35.56250125125443], [126.83982553884628, 35.562516388028456], [126.83980705165503, 35.564770387912034], [126.83704847066863, 35.56475524988689], [126.83702990418213, 35.56700924766649], [126.83978856241107, 35.56702438694282], [126.83978856241107, 35.56702438694282], [126.84254722269294, 35.56703946310062], [126.8425656346941, 35.56478546282388], [126.83980705165503, 35.564770387912034], [126.83980705165503, 35.564770387912034], [126.8425656346941, 35.56478546282388], [126.84258404465116, 35.56253146169441], [126.84258404465116, 35.56253146169441], [126.84260245256431, 35.560277459712196], [126.8398440239851, 35.56026238729207], [126.8398440239851, 35.56026238729207], [126.83708559745808, 35.56024725176908], [126.83708559745808, 35.56024725176908], [126.83432717299188, 35.560232053143366], [126.83430853340249, 35.56248605137245], [126.83430853340249, 35.56248605137245], [126.83432717299188, 35.56023205314337], [126.83432717299188, 35.56023205314337], [126.83432717299188, 35.560232053143366], [126.83708559745808, 35.56024725176907], [126.83708559745808, 35.56024725176907], [126.8398440239851, 35.56026238729207], [126.8398440239851, 35.56026238729207], [126.84260245256431, 35.560277459712196], [126.84260245256431, 35.56027745971219], [126.84536088318721, 35.560292469029314], [126.84537921183944, 35.55803846495386], [126.84262085843385, 35.558023456877294], [126.84262085843385, 35.558023456877294], [126.83986250707167, 35.55800838570291], [126.83986250707167, 35.558008385702905], [126.83710415776149, 35.55799325143088], [126.83710415776149, 35.55799325143088], [126.83434581051189, 35.557978054061365], [126.83434581051189, 35.557978054061365], [126.83710415776149, 35.55799325143088], [126.83710415776149, 35.55799325143088], [126.83986250707167, 35.558008385702905], [126.83988098810624, 35.55575438326102], [126.83988098810624, 35.55575438326102], [126.83989946708907, 35.55350037996639], [126.83714127218684, 35.553485248196104], [126.83715982630923, 35.55123124529956], [126.83991794402033, 35.55124637581909], [126.8399364189003, 35.548992370819114], [126.83717837837175, 35.54897724155026], [126.83717837837175, 35.54897724155026], [126.83442033990288, 35.54896204920479], [126.83440171065801, 35.551216051698184], [126.83440171065801, 35.551216051698184], [126.83440171065801, 35.551216051698184], [126.83440171065801, 35.551216051698184], [126.83442033990288, 35.54896204920479], [126.8316623035022, 35.54894679378283], [126.8316623035022, 35.54894679378283], [126.8316623035022, 35.54894679378283], [126.83168100785237, 35.54669279169771], [126.82892305070177, 35.54667747446567], [126.82892305070177, 35.54667747446567], [126.8261650956363, 35.54666209416267], [126.82614623693979, 35.548916093710055], [126.82890426917832, 35.548931475284526], [126.82890426917832, 35.548931475284526], [126.82890426917832, 35.548931475284526], [126.82888548556953, 35.551185475250456], [126.83164359707526, 35.5512007950151], [126.83164359707526, 35.5512007950151], [126.83164359707526, 35.5512007950151], [126.83164359707526, 35.5512007950151], [126.82888548556953, 35.55118547525046], [126.82888548556953, 35.551185475250456], [126.82888548556953, 35.551185475250456], [126.82890426917832, 35.54893147528453], [126.82614623693978, 35.548916093710055], [126.82612737614934, 35.55117009240443], [126.82612737614934, 35.55117009240443], [126.82610851326476, 35.55342409024578], [126.82610851326476, 35.55342409024578], [126.82610851326476, 35.55342409024578], [126.82610851326476, 35.55342409024578], [126.82612737614934, 35.55117009240443], [126.82612737614934, 35.55117009240443], [126.82614623693978, 35.548916093710055], [126.82338820679517, 35.54890064905955], [126.82338820679517, 35.54890064905955], [126.82063017875305, 35.54888514133316], [126.82061116360005, 35.551139137468795], [126.82061116360005, 35.551139137468795], [126.82059214633577, 35.55339313275126], [126.82059214633577, 35.55339313275126], [126.82057312695996, 35.55564712718055], [126.82333138657127, 35.55566263875307], [126.82335032874879, 35.55340864304167], [126.82335032874879, 35.55340864304167], [126.82336926882334, 35.55115464647716], [126.82336926882334, 35.55115464647716], [126.82335032874879, 35.55340864304168], [126.82335032874879, 35.55340864304168], [126.82333138657127, 35.55566263875307], [126.82333138657127, 35.55566263875307], [126.82331244229057, 35.55791663361134], [126.8260707812122, 35.55793208336934], [126.8260896482858, 35.5556780872341], [126.82884791209491, 35.55569347262344], [126.82886669987512, 35.55343947436344], [126.82886669987512, 35.55343947436344], [126.82884791209491, 35.55569347262343], [126.82884791209491, 35.55569347262343], [126.82884791209491, 35.55569347262344], [126.8260896482858, 35.5556780872341], [126.8260707812122, 35.55793208336934], [126.8260707812122, 35.55793208336934], [126.8260707812122, 35.55793208336934], [126.82331244229057, 35.55791663361134], [126.82331244229057, 35.55791663361134], [126.82055410547238, 35.55790112075664], [126.82053508187282, 35.56015511347948], [126.82053508187282, 35.56015511347948], [126.82051605616101, 35.56240910534908], [126.82327454741866, 35.56242462076839], [126.82329349590646, 35.560170627616465], [126.82329349590646, 35.560170627616465], [126.82329349590646, 35.560170627616465], [126.82605191204375, 35.56018607865149], [126.82605191204375, 35.56018607865149], [126.82605191204375, 35.56018607865149], [126.82605191204375, 35.5601860786515], [126.82329349590646, 35.56017062761647], [126.82327454741866, 35.56242462076839], [126.82327454741866, 35.56242462076839], [126.82325559682698, 35.5646786130671], [126.82601416742136, 35.56469406665643], [126.82603304078022, 35.562440073080545], [126.82603304078022, 35.562440073080545], [126.82601416742136, 35.56469406665643], [126.82599529196695, 35.56694805937917], [126.8287539418985, 35.56696345112801], [126.8287539418985, 35.56696345112801], [126.8287539418985, 35.56696345112801], [126.8287539418985, 35.56696345112802], [126.82599529196695, 35.56694805937917], [126.82597641441674, 35.56920205124874], [126.82597641441674, 35.56920205124874], [126.82595753477052, 35.571456042265076], [126.82595753477052, 35.571456042265076], [126.82597641441674, 35.56920205124874], [126.823217689331, 35.569186595104824], [126.82319873242625, 35.57144058484378], [126.82319873242625, 35.57144058484378], [126.82317977341663, 35.57369457372941], [126.82317977341663, 35.57369457372941], [126.82317977341663, 35.57369457372941], [126.8204208959103, 35.57367905189741], [126.82040185752014, 35.57593303864697], [126.81764290485222, 35.5759174523939], [126.8176237870644, 35.57817143700202], [126.82038281701614, 35.57818702454313], [126.82314184908198, 35.57820254894072], [126.82314184908198, 35.57820254894073], [126.82590088325337, 35.57821801019464], [126.82591976918906, 35.57596402173806], [126.82316081230196, 35.57594856176175], [126.82316081230196, 35.57594856176175], [126.82591976918906, 35.57596402173805], [126.82591976918906, 35.57596402173805], [126.82867872817289, 35.57597941857575], [126.82869753473594, 35.573725427993566], [126.82593865302805, 35.573710032428195], [126.82593865302805, 35.573710032428195], [126.82869753473594, 35.573725427993566], [126.82869753473594, 35.573725427993566], [126.83145641853174, 35.57374076042539], [126.83147514573928, 35.571486767722995], [126.83147514573928, 35.571486767722995], [126.83145641853174, 35.57374076042539], [126.8342153044069, 35.57375602972351], [126.8342339543466, 35.5715020357593], [126.8342339543466, 35.5715020357593], [126.8342339543466, 35.57150203575931], [126.8342153044069, 35.57375602972351], [126.8342153044069, 35.57375602972351], [126.8342153044069, 35.57375602972351], [126.83145641853174, 35.57374076042539], [126.83143768924488, 35.57599475227468], [126.83419665239641, 35.57601002283469], [126.83419665239641, 35.57601002283469], [126.83695561761895, 35.57602523025562], [126.83971458490389, 35.57604037453733], [126.83971458490389, 35.57604037453732], [126.84247355424264, 35.57605545567965], [126.84247355424264, 35.57605545567966], [126.84247355424264, 35.57605545567966], [126.84247355424264, 35.57605545567966], [126.83971458490389, 35.57604037453733], [126.83971458490389, 35.57604037453733], [126.83695561761895, 35.57602523025562], [126.83693704082272, 35.57827922377045], [126.83693704082272, 35.57827922377045], [126.83693704082272, 35.57827922377045], [126.83695561761895, 35.576025230255624], [126.83419665239641, 35.57601002283469], [126.83419665239641, 35.57601002283469], [126.83143768924488, 35.57599475227468], [126.83141895787845, 35.57824874327082], [126.83141895787845, 35.57824874327082], [126.83143768924488, 35.57599475227468], [126.83143768924488, 35.57599475227468], [126.83145641853174, 35.573740760425395], [126.82869753473594, 35.573725427993566], [126.82867872817289, 35.575979418575756], [126.82867872817289, 35.575979418575756], [126.82865991952173, 35.578233408304726], [126.82865991952173, 35.578233408304726], [126.82867872817289, 35.575979418575756], [126.82591976918906, 35.57596402173806], [126.82590088325337, 35.57821801019464], [126.82590088325337, 35.57821801019464], [126.82588199522073, 35.58047199779791], [126.82588199522073, 35.580471997797915], [126.82586310509087, 35.58272598454786], [126.82586310509087, 35.58272598454786], [126.82584421286361, 35.584979970444465], [126.82860348103698, 35.58499537237214], [126.82860348103698, 35.58499537237214], [126.82860348103698, 35.58499537237214], [126.82858466403088, 35.58724935868805], [126.82858466403088, 35.58724935868805], [126.8285658449355, 35.589503344150614], [126.8285658449355, 35.589503344150614], [126.82858466403088, 35.58724935868805], [126.82860348103698, 35.58499537237214], [126.82584421286359, 35.58497997044447], [126.82584421286359, 35.584979970444465], [126.82308494678787, 35.5849645053573], [126.82308494678787, 35.58496450535729], [126.82308494678787, 35.58496450535729], [126.82310391632518, 35.58271052073851], [126.82310391632518, 35.58271052073851], [126.82312288375645, 35.580456535266336], [126.82314184908198, 35.57820254894073], [126.82038281701614, 35.57818702454314], [126.82038281701614, 35.57818702454313], [126.8176237870644, 35.57817143700202], [126.81760466715386, 35.580425420756605], [126.81760466715386, 35.580425420756605], [126.8175855451204, 35.58267940365765], [126.81482636269847, 35.58266375038645], [126.81482636269847, 35.58266375038646], [126.81482636269847, 35.58266375038646], [126.81484556203266, 35.5804097687788], [126.81484556203266, 35.5804097687788], [126.81486475923535, 35.578155786317545], [126.81210573353759, 35.57814007248986], [126.81212500589233, 35.57588609047348], [126.80936605961753, 35.57587031480644], [126.80936605961753, 35.57587031480643], [126.80936605961753, 35.57587031480643], [126.80938540710717, 35.57361633324004], [126.80940475244887, 35.57136235081998], [126.80664596286226, 35.571346514632864], [126.80666538331334, 35.56909253266783], [126.80666538331334, 35.56909253266783], [126.80666538331334, 35.569092532667824], [126.80942409564283, 35.56910836754624], [126.80942409564283, 35.56910836754624], [126.81218281011982, 35.56912413930265], [126.81220207391752, 35.56687015387188], [126.81220207391752, 35.56687015387188], [126.81222133557657, 35.56461616758758], [126.81222133557657, 35.56461616758758], [126.81224059509718, 35.56236218044976], [126.80948211234085, 35.562346412603375], [126.80948211234085, 35.562346412603375], [126.80672363173126, 35.5623305816506], [126.80670421774761, 35.56458456617667], [126.80670421774761, 35.56458456617667], [126.80668480160837, 35.56683854984908], [126.80668480160837, 35.56683854984908], [126.80668480160837, 35.56683854984909], [126.80392616868323, 35.56682265316264], [126.80390667313989, 35.56907663466754], [126.80390667313989, 35.56907663466754], [126.80390667313989, 35.56907663466754], [126.80114796513108, 35.56906067354556], [126.80112839016647, 35.57131465287754], [126.80112839016647, 35.57131465287754], [126.80114796513108, 35.56906067354554], [126.79838925929548, 35.56904464930199], [126.79836960707445, 35.571298627309645], [126.80112839016647, 35.57131465287754], [126.80112839016647, 35.57131465287755], [126.79836960707445, 35.57129862730965], [126.7983499526714, 35.57355260446335], [126.79834995267137, 35.57355260446335], [126.79836960707445, 35.57129862730965], [126.79836960707445, 35.57129862730965], [126.79838925929545, 35.569044649302], [126.79563055564162, 35.56902856193706], [126.79563055564162, 35.56902856193706], [126.79563055564162, 35.56902856193706], [126.79838925929545, 35.569044649302], [126.7984089093347, 35.566790670440426], [126.79565028292846, 35.56677458440496], [126.79565028292846, 35.56677458440496], [126.79565028292846, 35.56677458440496], [126.7984089093347, 35.56679067044042], [126.79842855719241, 35.56453669072493], [126.79567000802518, 35.56452060601889], [126.79567000802518, 35.56452060601891], [126.7929114610478, 35.56450445820205], [126.7929114610478, 35.56450445820205], [126.79567000802516, 35.564520606018895], [126.795689730932, 35.56226662677888], [126.79293126118482, 35.562250480296605], [126.79293126118482, 35.562250480296605], [126.795689730932, 35.56226662677888], [126.795689730932, 35.56226662677888], [126.795689730932, 35.56226662677888], [126.79567000802518, 35.56452060601889], [126.79842855719241, 35.56453669072493], [126.79842855719241, 35.56453669072493], [126.80118710854094, 35.564552712320015], [126.80120667698667, 35.562298730426534], [126.79844820286883, 35.56228271015557], [126.79844820286883, 35.56228271015557], [126.79844820286883, 35.56228271015557], [126.79846784636418, 35.56002872873238], [126.79570945164923, 35.56001264668494], [126.79570945164923, 35.56001264668494], [126.79295105912365, 35.55999650153713], [126.79295105912365, 35.55999650153712], [126.79570945164923, 35.56001264668494], [126.79570945164923, 35.56001264668493], [126.79846784636418, 35.56002872873236], [126.79848748767873, 35.55777474645531], [126.79572917017707, 35.55775866573707], [126.79574888651575, 35.555504683935354], [126.79574888651578, 35.555504683935354], [126.7957686006656, 35.553250701279765], [126.79301043975343, 35.55323456013496], [126.79299064840771, 35.55548854145629], [126.79299064840771, 35.55548854145629], [126.79301043975343, 35.553234560134975], [126.79025228103852, 35.553218355905614], [126.79027214737411, 35.55096437506979], [126.7875140680518, 35.55094810910065], [126.78749412452937, 35.553202088591846], [126.78749412452937, 35.55320208859184], [126.78747417879258, 35.555456067228995], [126.78747417879258, 35.555456067228995], [126.78749412452937, 35.55320208859184], [126.78473597023459, 35.55318575819384], [126.78471594730263, 35.5554397354811], [126.78471594730263, 35.5554397354811], [126.78195771803584, 35.55542334064391], [126.78195771803584, 35.55542334064391]], [[126.77627914909763, 35.57342211659287], [126.77627914909763, 35.57342211659287], [126.7790379917563, 35.573438648535216], [126.7790379917563, 35.573438648535216], [126.7790379917563, 35.573438648535216], [126.7790379917563, 35.57343864853522], [126.77627914909763, 35.57342211659287], [126.77625887433271, 35.575676082108906], [126.77625887433271, 35.575676082108906], [126.77627914909763, 35.57342211659287], [126.77352030868983, 35.573405521520016], [126.77352030868983, 35.57340552152001], [126.77627914909763, 35.57342211659287]], [[126.83359869331825, 35.648137351843715], [126.83083725278689, 35.64812204086663], [126.83083725278689, 35.648122040866625], [126.83359869331825, 35.64813735184371], [126.83359869331825, 35.648137351843715]], [[126.83630420097272, 35.65491449557276], [126.83906587835955, 35.65492968369876], [126.83906587835955, 35.65492968369876], [126.83906587835955, 35.65492968369877], [126.83906587835955, 35.654929683698775], [126.83630420097272, 35.65491449557277], [126.83628555184697, 35.65716845921787], [126.83628555184697, 35.65716845921787], [126.83630420097272, 35.65491449557276], [126.83354252565638, 35.654899244124756], [126.83354252565638, 35.654899244124756], [126.83630420097272, 35.65491449557276]], [[126.85281973917887, 35.661766585204084], [126.85281973917887, 35.661766585204084], [126.85283792682159, 35.659512615820645], [126.85283792682159, 35.659512615820645], [126.85281973917887, 35.661766585204084]], [[126.8860664484947, 35.64841623206517], [126.8860664484947, 35.64841623206517], [126.88330496994605, 35.64840212393081], [126.88330496994605, 35.64840212393081], [126.8860664484947, 35.64841623206517]], [[126.8861181773824, 35.64165426302809], [126.8861181773824, 35.64165426302809], [126.88887942520407, 35.641668304374925], [126.88889658680797, 35.63941431183153], [126.88889658680797, 35.63941431183153], [126.88891374650653, 35.637160318435726], [126.88891374650652, 35.637160318435726], [126.88893090429995, 35.63490632418758], [126.88893090429995, 35.63490632418758], [126.88891374650653, 35.637160318435726], [126.88891374650653, 35.637160318435726], [126.88889658680797, 35.63941431183153], [126.88889658680797, 35.63941431183153], [126.88887942520407, 35.641668304374925], [126.8861181773824, 35.64165426302809]], [[126.91912273983058, 35.65985059074427], [126.91912273983058, 35.65985059074427], [126.91910641476588, 35.66210458802972], [126.91910641476588, 35.66210458802972], [126.91912273983058, 35.65985059074427]], [[126.91629522932567, 35.66885321643519], [126.91627881936466, 35.67110720921008], [126.91627881936466, 35.67110720921008], [126.91629522932567, 35.66885321643519], [126.91629522932567, 35.66885321643519]], [[126.9301863262267, 35.65764937059699], [126.93017031338141, 35.65990337309168], [126.93017031338141, 35.65990337309168], [126.93015429875807, 35.66215737473468], [126.93015429875807, 35.66215737473468], [126.93015429875807, 35.662157374734676], [126.92739232507115, 35.662144273071874], [126.92739232507115, 35.662144273071874], [126.92739232507112, 35.662144273071874], [126.9274084173051, 35.65989027251041], [126.92464652301547, 35.65987710859199], [126.92466269106464, 35.65762310826551], [126.92466269106464, 35.65762310826551], [126.92467885731874, 35.65536910708727], [126.921917120019, 35.655355882015655], [126.921917120019, 35.655355882015655], [126.91915538452274, 35.65534259361763], [126.91915538452274, 35.65534259361763], [126.921917120019, 35.655355882015655], [126.921917120019, 35.655355882015655], [126.92467885731874, 35.65536910708726], [126.92467885731874, 35.65536910708725], [126.92744059641333, 35.655382268832305], [126.92745668328799, 35.653128265715715], [126.92745668328799, 35.653128265715715], [126.92744059641333, 35.65538226883231], [126.92744059641333, 35.65538226883231], [126.92467885731874, 35.65536910708726], [126.92466269106464, 35.65762310826551], [126.92466269106464, 35.65762310826551], [126.92464652301547, 35.659877108591985], [126.9274084173051, 35.6598902725104], [126.9274084173051, 35.65989027251041], [126.92739232507115, 35.662144273071874], [126.93015429875807, 35.662157374734676], [126.93017031338141, 35.65990337309168], [126.93017031338141, 35.65990337309168], [126.9301863262267, 35.65764937059699], [126.9301863262267, 35.65764937059699]], [[126.84252880864744, 35.569293462524605], [126.84251039255739, 35.571547461095776], [126.84251039255739, 35.571547461095776], [126.84251039255739, 35.57154746109578], [126.84251039255739, 35.57154746109578], [126.84252880864744, 35.569293462524605], [126.84252880864744, 35.569293462524605]], [[126.79295105912365, 35.55999650153712], [126.79297085486454, 35.557742521923686], [126.79297085486454, 35.557742521923686], [126.79297085486454, 35.557742521923686], [126.79572917017707, 35.557758665737076], [126.79572917017707, 35.557758665737076], [126.79297085486454, 35.557742521923686], [126.79295105912365, 35.55999650153712], [126.79295105912365, 35.55999650153712]], [[126.86130290595545, 35.63701708044421], [126.86130290595545, 35.63701708044421], [126.86132083886746, 35.63476309802384], [126.86132083886746, 35.63476309802384], [126.86133876978847, 35.632509114750476], [126.85857785155562, 35.63249444532344], [126.85857785155562, 35.63249444532343], [126.85857785155562, 35.63249444532343], [126.85857785155562, 35.632494445323424], [126.86133876978847, 35.63250911475046], [126.86133876978847, 35.63250911475046], [126.86132083886746, 35.63476309802383], [126.86408183659333, 35.634777705386014], [126.86408183659333, 35.634777705386014], [126.86684283630156, 35.63479224947173], [126.86684283630156, 35.63479224947173], [126.86960383798358, 35.63480673028084], [126.86962153639713, 35.63255274340448], [126.86962153639713, 35.63255274340448], [126.86963923284578, 35.630298755675355], [126.86963923284578, 35.630298755675355], [126.86962153639713, 35.632552743404496], [126.86962153639713, 35.632552743404496], [126.86960383798358, 35.63480673028084], [126.86960383798358, 35.63480673028084], [126.86958613760486, 35.637060716304404], [126.87234721876352, 35.637075135027395], [126.87234721876352, 35.6370751350274], [126.87234721876352, 35.6370751350274], [126.8723295939396, 35.639329121388826], [126.8723295939396, 35.639329121388826], [126.87231196715867, 35.641583106897464], [126.87231196715867, 35.641583106897464], [126.87231196715867, 35.641583106897464], [126.8723295939396, 35.63932912138883], [126.87232959393957, 35.63932912138883], [126.87234721876352, 35.6370751350274], [126.86958613760486, 35.63706071630442], [126.86958613760486, 35.637060716304404], [126.86958613760486, 35.637060716304404], [126.86960383798358, 35.63480673028084], [126.86684283630156, 35.63479224947174], [126.86682505841154, 35.63704623429946], [126.86682505841154, 35.63704623429946], [126.86684283630156, 35.63479224947174], [126.86408183659333, 35.634777705386014], [126.86408183659333, 35.634777705386014], [126.86132083886746, 35.63476309802384], [126.86130290595545, 35.63701708044422], [126.86406398119219, 35.63703168901267], [126.86406398119219, 35.63703168901267], [126.86406398119219, 35.63703168901267], [126.86406398119219, 35.63703168901269], [126.86130290595545, 35.63701708044422], [126.86130290595545, 35.63701708044421]], [[126.86135669871877, 35.63025513062413], [126.86411754144872, 35.63026973557392], [126.8640996900121, 35.63252372090641], [126.8640996900121, 35.63252372090641], [126.8640996900121, 35.63252372090641], [126.8640996900121, 35.63252372090641], [126.86411754144872, 35.63026973557392], [126.86135669871877, 35.63025513062413], [126.86135669871877, 35.63025513062413]], [[126.85863186482966, 35.625732494019545], [126.85863186482966, 35.62573249401955], [126.85587118105, 35.625717764971185], [126.85587118105, 35.62571776497118], [126.85587118105, 35.62571776497118], [126.85587118105, 35.62571776497117], [126.85863186482966, 35.62573249401954], [126.85863186482966, 35.625732494019545], [126.86139255060802, 35.62574715981264], [126.86415323837645, 35.625761762350315], [126.86415323837645, 35.625761762350315], [126.86691392812634, 35.625776301632435], [126.8669316961498, 35.62352231254063], [126.8669316961498, 35.62352231254063], [126.86691392812634, 35.625776301632435], [126.86415323837645, 35.625761762350315], [126.86413539090344, 35.62801574938855], [126.86413539090344, 35.62801574938855], [126.86413539090344, 35.62801574938855], [126.86415323837645, 35.625761762350315], [126.86139255060802, 35.62574715981264], [126.86139255060802, 35.62574715981264], [126.85863186482966, 35.625732494019545]], [[126.8586498652567, 35.62347850854561], [126.8586498652567, 35.62347850854561], [126.8586498652567, 35.62347850854561], [126.8586678636853, 35.62122452221873], [126.8586678636853, 35.62122452221873], [126.8586498652567, 35.62347850854561], [126.86141047356742, 35.62349317312752], [126.86141047356742, 35.62349317312752], [126.86417108386797, 35.623507774459235], [126.86418892737827, 35.62125378571536], [126.86418892737827, 35.62125378571536], [126.86418892737827, 35.62125378571536], [126.86694946220062, 35.62126832259607], [126.86694946220062, 35.62126832259608], [126.86418892737827, 35.62125378571537], [126.86417108386797, 35.62350777445924], [126.86417108386797, 35.62350777445924], [126.86417108386797, 35.62350777445924], [126.86141047356742, 35.62349317312752], [126.8586498652567, 35.62347850854561]], [[126.86420676890752, 35.61899979611868], [126.86144631351688, 35.61898519719868], [126.86144631351688, 35.61898519719868], [126.86420676890752, 35.61899979611868], [126.86420676890752, 35.61899979611868], [126.86696722627897, 35.619014331798795], [126.86696722627897, 35.619014331798795], [126.86696722627897, 35.619014331798795], [126.86696722627897, 35.619014331798795], [126.86420676890752, 35.61899979611868], [126.86420676890752, 35.61899979611868]], [[126.86970999899538, 35.62128279623152], [126.86970999899538, 35.62128279623152], [126.86694946220062, 35.62126832259607], [126.86694946220062, 35.62126832259607], [126.86970999899538, 35.62128279623152]], [[126.87247053775398, 35.62129720662157], [126.87247053775398, 35.62129720662157], [126.87247053775398, 35.62129720662157], [126.87245292662283, 35.62355119895178], [126.87521354479681, 35.623565547281274], [126.87523107846783, 35.62131155376605], [126.87523107846783, 35.62131155376605], [126.87524861019223, 35.619057559398314], [126.87248814692994, 35.61904321343875], [126.87248814692994, 35.61904321343875], [126.87248814692994, 35.61904321343875], [126.87248814692994, 35.61904321343875], [126.87524861019223, 35.619057559398314], [126.87524861019223, 35.61905755939831], [126.87524861019224, 35.61905755939831], [126.87523107846783, 35.62131155376605], [126.87799162112833, 35.62132583766485], [126.87799162112833, 35.62132583766485], [126.87523107846783, 35.62131155376605], [126.87521354479681, 35.623565547281274], [126.87521354479681, 35.623565547281274], [126.87519600917891, 35.625819539943954], [126.8779567067687, 35.62583382620236], [126.8779567067687, 35.62583382620236], [126.87519600917891, 35.625819539943954], [126.87517847161394, 35.62807353175405], [126.87517847161394, 35.62807353175405], [126.87519600917891, 35.625819539943954], [126.87243531353619, 35.62580519042939], [126.87241769849386, 35.62805918105436], [126.87241769849386, 35.62805918105436], [126.87243531353619, 35.6258051904294], [126.86967461984912, 35.62579077765886], [126.86965692732971, 35.62804476709346], [126.86965692732969, 35.62804476709346], [126.86689615813002, 35.62803028987148], [126.86687838616061, 35.630284277257715], [126.86687838616061, 35.63028427725773], [126.86686061221785, 35.63253826379114], [126.86686061221785, 35.63253826379114], [126.86686061221785, 35.63253826379114], [126.86686061221785, 35.63253826379114], [126.86687838616061, 35.630284277257715], [126.86687838616061, 35.630284277257715], [126.86689615813002, 35.628030289871475], [126.86965692732969, 35.62804476709346], [126.86967461984912, 35.62579077765885], [126.86691392812634, 35.625776301632435], [126.86691392812634, 35.625776301632435], [126.86967461984912, 35.62579077765885], [126.86967461984912, 35.62579077765885], [126.87243531353616, 35.62580519042939], [126.8724529266228, 35.62355119895178], [126.86969231040428, 35.62353678737152], [126.86969231040428, 35.62353678737151], [126.8724529266228, 35.62355119895178], [126.87247053775398, 35.62129720662157], [126.87247053775398, 35.62129720662157]], [[126.87250575415086, 35.61678921940337], [126.86974537028628, 35.61677481139357], [126.86972768562264, 35.619028804238866], [126.86972768562264, 35.619028804238866], [126.86972768562264, 35.619028804238866], [126.86974537028628, 35.61677481139357], [126.86974537028628, 35.61677481139357], [126.86974537028628, 35.61677481139357], [126.87250575415086, 35.616789219403366], [126.87252335941697, 35.61453522451543], [126.87252335941697, 35.61453522451543], [126.87254096272852, 35.61228122877499], [126.87254096272852, 35.61228122877499], [126.87252335941697, 35.61453522451543], [126.87252335941697, 35.61453522451543], [126.87250575415086, 35.616789219403366], [126.87526613997021, 35.61680356417806], [126.87526613997021, 35.61680356417807], [126.87526613997021, 35.61680356417807], [126.87250575415086, 35.61678921940337], [126.87250575415086, 35.61678921940337]], [[126.87254096272852, 35.61228122877499], [126.87530119368778, 35.612295571180134], [126.87531871762782, 35.610041573402526], [126.87531871762782, 35.610041573402526], [126.87530119368778, 35.612295571180134], [126.87254096272852, 35.61228122877499], [126.87254096272852, 35.61228122877499]], [[126.87255856408571, 35.610027232182034], [126.87257616348873, 35.60777323473663], [126.87257616348873, 35.60777323473663], [126.87259376093786, 35.605519236438745], [126.86983376415797, 35.60550483437842], [126.86983376415797, 35.605504834378415], [126.86707376934041, 35.60549036910925], [126.86707376934041, 35.60549036910924], [126.86983376415797, 35.60550483437841], [126.86985143704455, 35.60325083641781], [126.86985143704455, 35.60325083641781], [126.86986910796902, 35.60099683760474], [126.86986910796902, 35.60099683760474], [126.86988677693162, 35.59874283793921], [126.86712701426111, 35.598728376254584], [126.86710926792473, 35.60098237472533], [126.86710926792473, 35.60098237472533], [126.8670915196179, 35.60323637234354], [126.8670915196179, 35.60323637234354], [126.86710926792473, 35.60098237472532], [126.86710926792473, 35.60098237472532], [126.86712701426111, 35.598728376254584], [126.86712701426111, 35.598728376254584], [126.86712701426111, 35.598728376254584], [126.86988677693162, 35.5987428379392], [126.86988677693162, 35.5987428379392], [126.87264654156381, 35.59875723643063], [126.87264654156381, 35.598757236430636], [126.87540630814902, 35.59877157172873], [126.87540630814902, 35.59877157172873], [126.87816607667871, 35.59878584383334], [126.87818351158288, 35.596531839762534], [126.875423820419, 35.59651756883699], [126.87544133074475, 35.59426356509297], [126.87268171888213, 35.59424923216338], [126.87268171888213, 35.59424923216338], [126.87268171888213, 35.59424923216338], [126.87544133074475, 35.59426356509297], [126.87545883912642, 35.59200956049673], [126.87545883912645, 35.59200956049673], [126.87544133074475, 35.59426356509297], [126.87820094455138, 35.59427783483954], [126.87820094455138, 35.59427783483954], [126.87820094455138, 35.59427783483954], [126.87818351158289, 35.596531839762534], [126.88094320468242, 35.5965460474997], [126.88094320468242, 35.5965460474997], [126.88370289970901, 35.59656019204832], [126.88370289970901, 35.59656019204832], [126.88094320468242, 35.5965460474997], [126.8809258471443, 35.59880005274434], [126.88368561953716, 35.59881419846158], [126.8864453938487, 35.59882828098492], [126.8864453938487, 35.59882828098492], [126.88920517007034, 35.598842300314196], [126.88920517007034, 35.5988423003142], [126.8864453938487, 35.598828280984925], [126.8864453938487, 35.598828280984925], [126.88368561953716, 35.59881419846158], [126.8836683374466, 35.60106820402273], [126.8836683374466, 35.60106820402273], [126.8836683374466, 35.60106820402273], [126.8836683374466, 35.60106820402273], [126.88368561953716, 35.59881419846158], [126.8809258471443, 35.598800052744345], [126.8809084876789, 35.60105405713683], [126.8809084876789, 35.60105405713683], [126.88089112628599, 35.60330806067709], [126.88089112628599, 35.60330806067709], [126.8809084876789, 35.60105405713683], [126.8781486398387, 35.601039847051915], [126.8781486398387, 35.601039847051915], [126.88090848767888, 35.601054057136814], [126.8809258471443, 35.598800052744345], [126.87816607667871, 35.59878584383335], [126.87816607667871, 35.59878584383335], [126.87540630814902, 35.59877157172873], [126.87264654156381, 35.598757236430636], [126.87262894997518, 35.60101123728573], [126.87262894997518, 35.60101123728573], [126.87262894997518, 35.60101123728573], [126.87264654156381, 35.598757236430636], [126.86988677693162, 35.59874283793921], [126.86986910796902, 35.60099683760474], [126.86986910796902, 35.60099683760474], [126.86985143704455, 35.60325083641781], [126.86985143704455, 35.60325083641781], [126.86983376415797, 35.605504834378415], [126.87259376093786, 35.605519236438745], [126.87259376093786, 35.605519236438745], [126.87535375967143, 35.60553357529006], [126.87537127777546, 35.60327957495528], [126.87537127777546, 35.60327957495528], [126.87535375967143, 35.60553357529006], [126.87811376035013, 35.60554785093226], [126.87813120106256, 35.60329384941822], [126.87813120106256, 35.60329384941822], [126.87813120106256, 35.60329384941822], [126.87813120106256, 35.60329384941822], [126.87811376035013, 35.60554785093226], [126.88087376296536, 35.60556206336518], [126.88087376296536, 35.60556206336518], [126.88363376750851, 35.60557621258865], [126.88363376750851, 35.60557621258866], [126.88087376296536, 35.60556206336518], [126.88085639771681, 35.607816065201014], [126.88085639771681, 35.607816065201014], [126.88085639771681, 35.60781606520101], [126.88087376296536, 35.60556206336518], [126.87811376035013, 35.60554785093227], [126.87811376035013, 35.60554785093227], [126.87535375967143, 35.605533575290075], [126.87259376093786, 35.605519236438745], [126.87257616348873, 35.60777323473663], [126.87257616348873, 35.60777323473663], [126.87255856408571, 35.610027232182034], [126.87255856408571, 35.610027232182034]], [[126.86707376934041, 35.60549036910925], [126.86431377649373, 35.605475840631364], [126.86431377649373, 35.60547584063136], [126.86707376934041, 35.60549036910925], [126.86707376934041, 35.60549036910925]], [[126.87266413119937, 35.59650323472317], [126.87266413119937, 35.59650323472317], [126.875423820419, 35.59651756883699], [126.875423820419, 35.596517568836994], [126.87266413119937, 35.59650323472317]], [[126.82582531853866, 35.587233955487704], [126.82306597514433, 35.58721848912265], [126.82306597514433, 35.58721848912264], [126.82030663385649, 35.58720295959306], [126.82030663385649, 35.58720295959305], [126.82306597514433, 35.587218489122634], [126.82306597514433, 35.58721848912264], [126.82582531853866, 35.587233955487704], [126.82582531853866, 35.587233955487704], [126.82580642211585, 35.58948793967753], [126.82580642211585, 35.58948793967753], [126.82582531853866, 35.587233955487704]], [[126.80946277558857, 35.56460039843792], [126.8094627755886, 35.56460039843792], [126.80944343668934, 35.566854383418885], [126.80944343668934, 35.566854383418885], [126.80944343668934, 35.56685438341888], [126.80944343668934, 35.56685438341888], [126.80946277558857, 35.56460039843792]], [[126.79023241249713, 35.55547233588745], [126.79023241249713, 35.55547233588745], [126.79023241249713, 35.55547233588745], [126.79023241249713, 35.55547233588745], [126.79023241249713, 35.55547233588745]], [[126.78729456747479, 35.57574183652712], [126.79005349632381, 35.5757581172911], [126.79007338472833, 35.57350414499614], [126.78731453315187, 35.57348786557751], [126.7873145331519, 35.5734878655775], [126.7873145331519, 35.5734878655775], [126.79007338472833, 35.57350414499614], [126.79009327092486, 35.57125017184698], [126.78733449661242, 35.57123389377362], [126.78733449661239, 35.57123389377362], [126.78457572451629, 35.57121755257432], [126.78455568379201, 35.57347152302769], [126.78455568379201, 35.57347152302769], [126.78455568379201, 35.57347152302769], [126.78457572451626, 35.571217552574325], [126.78457572451629, 35.571217552574325], [126.78457572451629, 35.57121755257432], [126.78733449661239, 35.57123389377362], [126.78733449661239, 35.57123389377362], [126.79009327092486, 35.57125017184698], [126.79011315491361, 35.568996197843646], [126.79287185417817, 35.569012411450885], [126.79289165871232, 35.5667584352535], [126.79013303669487, 35.56674222298617], [126.79013303669487, 35.56674222298617], [126.79289165871232, 35.5667584352535], [126.79289165871232, 35.5667584352535], [126.79289165871232, 35.5667584352535], [126.79287185417817, 35.56901241145089], [126.79287185417817, 35.56901241145089], [126.79285204744505, 35.571266386794214], [126.79561082616445, 35.57128253861515], [126.79561082616445, 35.57128253861515], [126.79561082616445, 35.57128253861515], [126.79559109449667, 35.57353651443922], [126.79559109449667, 35.57353651443922], [126.79559109449667, 35.57353651443922], [126.79283223851277, 35.57352036128342], [126.79281242738108, 35.57577433491853], [126.79281242738108, 35.57577433491853], [126.79283223851277, 35.57352036128342], [126.79007338472833, 35.57350414499614], [126.79005349632381, 35.575758117291095], [126.79281242738108, 35.57577433491853], [126.79281242738108, 35.575774334918535], [126.79005349632381, 35.5757581172911], [126.79005349632381, 35.5757581172911], [126.78729456747479, 35.57574183652712], [126.78729456747479, 35.57574183652712]], [[126.77893698186152, 35.58470847440105], [126.77893698186152, 35.58470847440105], [126.7789571883266, 35.58245451093702], [126.7789571883266, 35.58245451093702], [126.77893698186152, 35.58470847440105]], [[126.79001371288979, 35.58026605931837], [126.7899938178598, 35.58252002905059], [126.7899938178598, 35.58252002905059], [126.79001371288979, 35.58026605931837], [126.79001371288979, 35.58026605931837]], [[126.77897739254836, 35.580200546618386], [126.77897739254836, 35.580200546618386], [126.7789571883266, 35.58245451093701], [126.7789571883266, 35.58245451093701], [126.77897739254836, 35.580200546618386]], [[126.78727459958088, 35.57799580662245], [126.78727459958088, 35.57799580662245], [126.78451559566776, 35.57797946137142], [126.78451559566776, 35.57797946137142], [126.78727459958088, 35.57799580662245]], [[126.77341852590892, 35.58467533369603], [126.77341852590892, 35.58467533369603], [126.77341852590892, 35.58467533369603], [126.77341852590892, 35.58467533369603], [126.77341852590892, 35.58467533369603]], [[126.77617775275915, 35.58469193562684], [126.77617775275915, 35.58469193562684], [126.77617775275915, 35.58469193562683], [126.77893698186152, 35.58470847440105], [126.77893698186152, 35.58470847440105], [126.77617775275915, 35.58469193562684]], [[126.79833029608606, 35.57580658076308], [126.79833029608606, 35.57580658076308], [126.79834995267137, 35.57355260446335], [126.79834995267137, 35.57355260446335], [126.79833029608606, 35.57580658076308]], [[126.80386767555905, 35.573584595115975], [126.80386767555905, 35.573584595115975], [126.80386767555905, 35.573584595115975], [126.80110881302838, 35.573568631355656], [126.80110881302838, 35.573568631355656], [126.80386767555905, 35.573584595115975], [126.80386767555905, 35.573584595115975]], [[126.80388717543191, 35.57133061531867], [126.80388717543191, 35.57133061531867], [126.80664596286223, 35.571346514632864], [126.80664596286223, 35.571346514632864], [126.80388717543191, 35.57133061531867]], [[126.80373111581241, 35.58936242978878], [126.80373111581241, 35.58936242978878], [126.80373111581241, 35.589362429788764], [126.80649052160666, 35.58937833961686], [126.80649052160666, 35.58937833961686], [126.80924992955912, 35.589394186276124], [126.80924992955912, 35.589394186276124], [126.80924992955912, 35.589394186276124], [126.80923056702706, 35.591648161866054], [126.80923056702706, 35.591648161866054], [126.80924992955912, 35.589394186276124], [126.80649052160666, 35.589378339616864], [126.80649052160666, 35.589378339616864], [126.80373111581241, 35.58936242978878], [126.80373111581241, 35.58936242978878]], [[126.81480716123252, 35.58491773114047], [126.81480716123252, 35.584917731140465], [126.81756642096376, 35.58493338570514], [126.81756642096376, 35.58493338570515], [126.8203256828184, 35.58494897711081], [126.8203256828184, 35.58494897711081], [126.81756642096376, 35.58493338570515], [126.8175472946837, 35.587187366899066], [126.82030663385649, 35.58720295959306], [126.82030663385649, 35.58720295959306], [126.8175472946837, 35.587187366899066], [126.8175472946837, 35.587187366899066], [126.8175472946837, 35.587187366899066], [126.81756642096376, 35.58493338570515], [126.81480716123252, 35.58491773114047]], [[126.82028758277951, 35.589456941221755], [126.82028758277951, 35.589456941221755], [126.82304700139431, 35.589472472034515], [126.82304700139431, 35.589472472034515], [126.82028758277951, 35.589456941221755]], [[126.82034472966549, 35.58269499377508], [126.8203256828184, 35.58494897711081], [126.8203256828184, 35.58494897711081], [126.82034472966549, 35.58269499377508], [126.82034472966549, 35.58269499377508]], [[126.82879153623706, 35.562455462285364], [126.82879153623706, 35.562455462285364], [126.82603304078022, 35.56244007308053], [126.82603304078022, 35.56244007308053], [126.82879153623706, 35.562455462285364]], [[126.83160617799011, 35.555708794920946], [126.83436444596278, 35.555724054126486], [126.83436444596278, 35.55572405412649], [126.83160617799011, 35.55570879492095], [126.83158746533142, 35.5579627935945], [126.83434581051189, 35.55797805406137], [126.83434581051189, 35.55797805406137], [126.83158746533142, 35.557962793594506], [126.83156875059504, 35.560216791415094], [126.83156875059504, 35.560216791415094], [126.83155003378069, 35.56247078838272], [126.83155003378069, 35.56247078838272], [126.83155003378069, 35.56247078838272], [126.83155003378069, 35.56247078838272], [126.83156875059501, 35.5602167914151], [126.82881033027613, 35.56020146658443], [126.82881033027613, 35.560201466584424], [126.83156875059501, 35.560216791415094], [126.83158746533142, 35.5579627935945], [126.83158746533142, 35.5579627935945], [126.83160617799011, 35.55570879492095], [126.83160617799011, 35.55570879492095], [126.83162488857131, 35.55345479539449], [126.83162488857131, 35.55345479539449], [126.83162488857131, 35.55345479539448], [126.83162488857131, 35.55345479539448], [126.83160617799011, 35.555708794920946]], [[126.8451407805593, 35.58734045142277], [126.8451407805593, 35.58734045142277], [126.84515913364748, 35.58508645758044], [126.84515913364748, 35.58508645758044], [126.8451407805593, 35.58734045142277], [126.8451407805593, 35.58734045142277], [126.8451224254333, 35.5895944444122], [126.84788186269947, 35.589609406691544], [126.84788186269947, 35.589609406691544], [126.85064130199508, 35.58962430579977], [126.85064130199508, 35.58962430579977], [126.85064130199508, 35.58962430579977], [126.84788186269947, 35.589609406691544], [126.8451224254333, 35.5895944444122], [126.84510406826928, 35.59184843654868], [126.84510406826928, 35.59184843654868], [126.84510406826928, 35.591848436548666], [126.8451224254333, 35.5895944444122], [126.84236299020516, 35.58957941896185], [126.84236299020516, 35.58957941896185], [126.8451224254333, 35.5895944444122], [126.8451407805593, 35.58734045142277]], [[126.84239985306837, 35.58507143461288], [126.84239985306837, 35.58507143461288], [126.84238142265997, 35.58732542721385], [126.84238142265997, 35.58732542721385], [126.84239985306837, 35.58507143461288], [126.84239985306837, 35.58507143461288], [126.84239985306837, 35.58507143461288]], [[126.84241828143061, 35.582817441158944], [126.84241828143061, 35.582817441158944], [126.8396590802091, 35.58280235627751], [126.8396590802091, 35.58280235627751], [126.84241828143061, 35.582817441158944]], [[126.84517748469807, 35.582832462885214], [126.84515913364748, 35.58508645758044], [126.84515913364748, 35.58508645758044], [126.84517748469807, 35.582832462885214], [126.84517748469807, 35.58283246288521], [126.84519583371133, 35.58057846733713], [126.84519583371133, 35.58057846733713], [126.84517748469807, 35.582832462885214], [126.84517748469807, 35.582832462885214]], [[126.82873514159851, 35.569217444269675], [126.82873514159851, 35.569217444269675], [126.8314938708677, 35.5692327741675], [126.8314938708677, 35.5692327741675], [126.82873514159851, 35.569217444269675]], [[126.8314938708677, 35.5692327741675], [126.83147514573928, 35.571486767722995], [126.83147514573928, 35.571486767722995], [126.8314938708677, 35.5692327741675], [126.8314938708677, 35.5692327741675]], [[126.83153131488817, 35.56472478449734], [126.82877274011129, 35.56470945713323], [126.82877274011129, 35.56470945713323], [126.82877274011129, 35.56470945713323], [126.83153131488817, 35.56472478449734], [126.83153131488817, 35.56472478449734], [126.83153131488817, 35.56472478449734]], [[126.83417799831497, 35.578264015092785], [126.83417799831497, 35.578264015092785], [126.8341593421623, 35.58051800649779], [126.83691846196383, 35.580533216432265], [126.83691846196383, 35.580533216432265], [126.83967758382823, 35.58054836321709], [126.83967758382823, 35.58054836321709], [126.83967758382823, 35.58054836321709], [126.83967758382823, 35.58054836321709], [126.83691846196383, 35.58053321643227], [126.8368998810421, 35.58278720824104], [126.8368998810421, 35.58278720824104], [126.83688129805726, 35.585041199196716], [126.83688129805724, 35.585041199196716], [126.8368998810421, 35.58278720824103], [126.8368998810421, 35.58278720824103], [126.83691846196383, 35.580533216432265], [126.8341593421623, 35.58051800649779], [126.83414068393819, 35.58277199704967], [126.83414068393819, 35.58277199704967], [126.8341593421623, 35.5805180064978], [126.8341593421623, 35.5805180064978], [126.83417799831497, 35.578264015092785]], [[126.83138148890595, 35.582756722703586], [126.83138148890598, 35.582756722703586], [126.83136275129945, 35.58501071114018], [126.83136275129945, 35.58501071114018], [126.83136275129945, 35.58501071114018], [126.83136275129945, 35.58501071114018], [126.83138148890595, 35.582756722703586]], [[126.82864110878216, 35.58048739718046], [126.82864110878216, 35.58048739718046], [126.82864110878216, 35.580487397180455], [126.82865991952173, 35.57823340830473], [126.82865991952173, 35.57823340830473], [126.82864110878216, 35.58048739718046]], [[126.8285658449355, 35.589503344150614], [126.8285658449355, 35.589503344150614], [126.83132526984467, 35.58951868545363], [126.83132526984467, 35.58951868545363], [126.8285658449355, 35.589503344150614]], [[126.83134401161243, 35.58726469872354], [126.83134401161243, 35.58726469872353], [126.83410336127467, 35.587279975593994], [126.83410336127467, 35.587279975594], [126.83410336127467, 35.587279975594], [126.83410336127467, 35.587279975594], [126.83134401161243, 35.58726469872354], [126.83134401161243, 35.58726469872354], [126.83134401161243, 35.58726469872354]], [[126.83975157776423, 35.57153238244585], [126.83699276502445, 35.57151724066698], [126.83699276502445, 35.57151724066698], [126.83975157776423, 35.57153238244585], [126.83975157776423, 35.57153238244585], [126.83973308236085, 35.57378637891804], [126.83973308236085, 35.57378637891804], [126.83973308236085, 35.57378637891804], [126.83973308236085, 35.57378637891804], [126.83975157776423, 35.57153238244585]], [[126.84225235248937, 35.603103351535935], [126.84225235248937, 35.603103351535935], [126.83949245515608, 35.603088255433434], [126.83949245515608, 35.603088255433434], [126.84225235248937, 35.603103351535935]], [[126.84230768056014, 35.59634138908772], [126.84230768056014, 35.59634138908772], [126.8422892399175, 35.598595377423564], [126.8422892399175, 35.598595377423564], [126.84227079722731, 35.6008493649063], [126.84227079722731, 35.6008493649063], [126.8422892399175, 35.598595377423564], [126.84230768056014, 35.59634138908772]], [[126.83951097727412, 35.600834270050875], [126.83951097727412, 35.600834270050875], [126.83949245515608, 35.603088255433434], [126.83949245515608, 35.603088255433434], [126.83951097727412, 35.60083427005088], [126.83951097727412, 35.60083427005088], [126.83951097727412, 35.600834270050875]], [[126.84217855305542, 35.612119289522774], [126.84217855305542, 35.61211928952278], [126.83941834611578, 35.61210418843135], [126.83941834611578, 35.612104188431346], [126.84217855305542, 35.612119289522774]], [[126.83665814123361, 35.612089024117026], [126.83667674899361, 35.609835043400025], [126.83667674899361, 35.609835043400025], [126.83665814123361, 35.612089024117026], [126.83665814123361, 35.612089024117026]], [[126.83665814123361, 35.61208902411705], [126.83665814123364, 35.61208902411705], [126.83663953140756, 35.614343003980686], [126.83663953140756, 35.614343003980686], [126.83663953140756, 35.614343003980686], [126.83663953140756, 35.614343003980686], [126.83665814123361, 35.61208902411705]], [[126.8391958214161, 35.639151905501826], [126.8391958214161, 35.639151905501826], [126.83921437646701, 35.63689793377344], [126.83645331946073, 35.63688275567646], [126.83645331946073, 35.63688275567645], [126.83921437646701, 35.63689793377344], [126.8392329294579, 35.6346439611915], [126.8392329294579, 35.6346439611915], [126.83921437646701, 35.63689793377344], [126.83921437646701, 35.63689793377344], [126.8391958214161, 35.639151905501826], [126.8391958214161, 35.639151905501826], [126.83917726430494, 35.6414058763766], [126.83917726430494, 35.6414058763766], [126.83915870513327, 35.64365984639778], [126.83915870513327, 35.64365984639778], [126.83917726430494, 35.6414058763766], [126.83917726430494, 35.6414058763766], [126.8391958214161, 35.639151905501826]], [[126.83372967846276, 35.63235957330545], [126.83096878061049, 35.63234427117568], [126.83096878061049, 35.63234427117568], [126.83372967846276, 35.63235957330545], [126.83372967846276, 35.63235957330545]], [[126.83365484227451, 35.64137545187831], [126.83365484227451, 35.64137545187831], [126.83641605225516, 35.64139069577278], [126.83641605225516, 35.64139069577278], [126.83365484227451, 35.64137545187831]], [[126.84190151308951, 35.64592893537502], [126.84190151308951, 35.645928935375025], [126.84190151308951, 35.645928935375025], [126.84190151308951, 35.64592893537503], [126.83914014390089, 35.64591381556534], [126.83914014390089, 35.64591381556533], [126.84190151308951, 35.64592893537502]], [[126.836360135928, 35.648152599514646], [126.836360135928, 35.64815259951464], [126.83912158060754, 35.64816778387923], [126.83912158060754, 35.648167783879245], [126.836360135928, 35.648152599514646]], [[126.83632284802799, 35.65266053107383], [126.8390844478371, 35.65267571794596], [126.83910301525304, 35.65042175133947], [126.83910301525304, 35.65042175133947], [126.8390844478371, 35.65267571794597], [126.8390844478371, 35.65267571794597], [126.83632284802799, 35.652660531073835], [126.83632284802799, 35.652660531073835], [126.83632284802799, 35.65266053107383]], [[126.85307418250645, 35.63021093618015], [126.85307418250645, 35.63021093618015], [126.85307418250645, 35.63021093618015], [126.8530560210965, 35.63246491665665], [126.8530560210965, 35.63246491665665], [126.85307418250645, 35.63021093618015], [126.8503133477902, 35.630196078167764], [126.8503133477902, 35.63019607816776], [126.8503133477902, 35.63019607816776], [126.8503133477902, 35.630196078167764], [126.85307418250645, 35.63021093618015]], [[126.850331584668, 35.62794209806509], [126.850331584668, 35.62794209806509], [126.85034981952106, 35.62568811710923], [126.85034981952106, 35.62568811710923], [126.850331584668, 35.62794209806509]], [[126.85312865463922, 35.62344898963179], [126.85314680798521, 35.621195005742806], [126.85038628315402, 35.62118015263798], [126.85040451193434, 35.618926169122666], [126.85040451193436, 35.618926169122666], [126.85042273869088, 35.61667218475426], [126.84766237077419, 35.616657270868856], [126.8476806729395, 35.61440328687917], [126.8476806729395, 35.61440328687917], [126.84766237077419, 35.616657270868856], [126.85042273869088, 35.61667218475426], [126.85042273869088, 35.61667218475426], [126.85318310863114, 35.61668703540571], [126.85320125593151, 35.614433048957636], [126.85320125593151, 35.614433048957636], [126.85320125593151, 35.614433048957636], [126.85318310863114, 35.61668703540571], [126.85318310863114, 35.61668703540571], [126.85318310863114, 35.61668703540571], [126.85042273869088, 35.61667218475426], [126.85040451193436, 35.618926169122666], [126.85040451193436, 35.618926169122666], [126.85038628315402, 35.621180152637976], [126.85314680798523, 35.621195005742806], [126.85316495931579, 35.61894102100078], [126.85316495931579, 35.61894102100078], [126.85314680798523, 35.621195005742806], [126.85314680798521, 35.621195005742806], [126.85312865463922, 35.62344898963179], [126.85588925894443, 35.62346378071366], [126.85590733483183, 35.62120979560311], [126.85590733483184, 35.62120979560311], [126.85588925894443, 35.62346378071365], [126.85588925894443, 35.62346378071366], [126.85588925894443, 35.623463780713664], [126.85312865463922, 35.6234489896318], [126.8531104992776, 35.62570297266768], [126.8531104992776, 35.62570297266768], [126.85309234190007, 35.62795695485048], [126.85309234190007, 35.62795695485048], [126.85309234190007, 35.62795695485048], [126.85309234190007, 35.62795695485048], [126.8531104992776, 35.62570297266768], [126.85311049927758, 35.62570297266768], [126.85312865463922, 35.6234489896318], [126.85036805234967, 35.62343413530019], [126.85036805234967, 35.62343413530019], [126.85036805234967, 35.62343413530019], [126.85036805234967, 35.62343413530018], [126.85312865463922, 35.62344898963179]], [[126.84486523957233, 35.621150256695344], [126.84486523957233, 35.621150256695344], [126.84486523957233, 35.62115025669534], [126.84762576034686, 35.62116523628877], [126.84764406657672, 35.6189112540054], [126.84764406657672, 35.6189112540054], [126.84766237077419, 35.616657270868856], [126.84766237077419, 35.616657270868856], [126.84764406657672, 35.618911254005404], [126.84764406657672, 35.618911254005404], [126.84762576034686, 35.621165236288775], [126.85038628315402, 35.62118015263798], [126.85038628315402, 35.62118015263799], [126.84762576034686, 35.62116523628878], [126.84762576034686, 35.62116523628878], [126.84486523957233, 35.62115025669535], [126.84486523957233, 35.621150256695344]], [[126.85044096342384, 35.61441819953275], [126.85045918613345, 35.6121642134582], [126.85045918613345, 35.6121642134582], [126.85044096342384, 35.61441819953275], [126.85044096342384, 35.61441819953275], [126.8476806729395, 35.61440328687917], [126.8476806729395, 35.61440328687917], [126.85044096342384, 35.61441819953275]], [[126.85325568574504, 35.60767108449557], [126.85323754448824, 35.60992507350253], [126.85323754448824, 35.60992507350253], [126.85325568574504, 35.60767108449557], [126.8504956254835, 35.60765623875003], [126.8504956254835, 35.607656238750025], [126.8504956254835, 35.607656238750025], [126.8504956254835, 35.60765623875003], [126.85325568574504, 35.60767108449557]], [[126.85599768417087, 35.60993985725604], [126.85601574802065, 35.60768586702792], [126.85601574802065, 35.60768586702792], [126.85599768417087, 35.60993985725604], [126.85599768417087, 35.60993985725604]], [[126.85597961831537, 35.61219384663129], [126.85599768417087, 35.609939857256045], [126.85599768417087, 35.609939857256045], [126.85597961831537, 35.61219384663129], [126.85597961831537, 35.61219384663129], [126.85597961831537, 35.61219384663129]], [[126.85875782585921, 35.60995457779097], [126.85875782585921, 35.60995457779097], [126.85875782585921, 35.60995457779097], [126.85877581230174, 35.60770058634691], [126.85877581230174, 35.60770058634691], [126.85875782585921, 35.60995457779097], [126.85875782585921, 35.60995457779097]], [[126.8614821455087, 35.61447721785849], [126.8614821455087, 35.61447721785849], [126.8614821455087, 35.61447721785849], [126.86148214550867, 35.61447721785849], [126.86150005852103, 35.61222322690922], [126.86150005852103, 35.61222322690922], [126.86151796954465, 35.6099692351072], [126.86151796954465, 35.6099692351072], [126.86150005852103, 35.61222322690924], [126.86150005852106, 35.61222322690924], [126.8614821455087, 35.61447721785849]], [[126.86431377649373, 35.605475840631364], [126.86429594684603, 35.607729835344294], [126.86429594684603, 35.607729835344294], [126.86429594684603, 35.607729835344294], [126.86153587857974, 35.607715242452414], [126.86153587857974, 35.60771524245241], [126.86429594684603, 35.60772983534428], [126.86431377649373, 35.605475840631364], [126.86431377649373, 35.605475840631364]], [[126.86153587857974, 35.60771524245241], [126.86153587857974, 35.60771524245241], [126.86155378562653, 35.60546124894492], [126.86155378562653, 35.60546124894492], [126.86153587857974, 35.60771524245241]], [[126.86157169068527, 35.60320725458473], [126.86155378562653, 35.60546124894491], [126.86155378562653, 35.60546124894491], [126.86157169068524, 35.60320725458473], [126.86157169068527, 35.60320725458473], [126.86157169068527, 35.60320725458473], [126.86157169068527, 35.60320725458473]], [[126.85056847991345, 35.598640279098035], [126.85332823063372, 35.59865511993873], [126.85332823063372, 35.59865511993874], [126.85056847991345, 35.59864027909804], [126.85056847991345, 35.598640279098035]], [[126.84784530101699, 35.59411739258419], [126.84784530101699, 35.594117392584195], [126.84508570906699, 35.59410242783222], [126.84508570906699, 35.59410242783221], [126.8423261191555, 35.59408739989881], [126.8423261191555, 35.59408739989881], [126.8423261191555, 35.594087399898804], [126.84508570906699, 35.594102427832205], [126.84508570906699, 35.59410242783221], [126.84784530101699, 35.59411739258419], [126.84784530101699, 35.59411739258419], [126.84784530101699, 35.59411739258419]], [[126.84769897307285, 35.612149302036336], [126.844938762044, 35.61213432739115], [126.84492038448711, 35.614388310997015], [126.84492038448711, 35.614388310997015], [126.84490200488968, 35.61664229374967], [126.84490200488968, 35.61664229374967], [126.8449203844871, 35.614388310997015], [126.8449203844871, 35.614388310997015], [126.844938762044, 35.61213432739115], [126.844938762044, 35.61213432739115], [126.84495713756054, 35.60988034293214], [126.84495713756054, 35.60988034293214], [126.844938762044, 35.61213432739115], [126.84769897307285, 35.612149302036336], [126.8477172711745, 35.609895316340435], [126.8477172711745, 35.609895316340435], [126.84769897307285, 35.612149302036336]], [[126.84488362325149, 35.618896275649135], [126.84488362325149, 35.618896275649135], [126.84488362325149, 35.618896275649135], [126.84488362325149, 35.618896275649135], [126.84488362325149, 35.618896275649135]], [[126.84757082946061, 35.62792717801967], [126.84757082946061, 35.62792717801967], [126.84755251509888, 35.63018115689012], [126.84755251509888, 35.63018115689012], [126.84757082946061, 35.62792717801967]], [[126.8587937967474, 35.60544659405006], [126.8587937967474, 35.60544659405006], [126.85877581230174, 35.60770058634691], [126.85877581230174, 35.60770058634691], [126.8587937967474, 35.60544659405006], [126.8587937967474, 35.60544659405006], [126.8587937967474, 35.60544659405006]], [[126.85868586011563, 35.61897053503893], [126.85868586011563, 35.61897053503893], [126.85592540871241, 35.61895580963958], [126.85592540871241, 35.61895580963958], [126.85868586011563, 35.61897053503893], [126.85868586011563, 35.61897053503893], [126.85868586011563, 35.61897053503893]], [[126.85594348058638, 35.61670182282308], [126.85594348058638, 35.61670182282308], [126.85870385454798, 35.61671654700623], [126.85872184698253, 35.61446255812066], [126.85872184698253, 35.61446255812066], [126.85872184698256, 35.61446255812066], [126.85870385454798, 35.61671654700623], [126.86146423050738, 35.616731207955], [126.86146423050738, 35.616731207955], [126.86422460845594, 35.61674580566924], [126.86424244602381, 35.61449181436706], [126.86424244602381, 35.61449181436706], [126.86424244602381, 35.61449181436706], [126.86424244602381, 35.614491814367064], [126.86422460845597, 35.61674580566924], [126.86422460845594, 35.61674580566924], [126.86146423050738, 35.616731207955], [126.86146423050738, 35.616731207955], [126.85870385454798, 35.61671654700623], [126.85870385454798, 35.61671654700623], [126.85594348058638, 35.61670182282308], [126.85594348058638, 35.61670182282308], [126.85594348058638, 35.61670182282308]], [[126.8530560210965, 35.63246491665665], [126.8530560210965, 35.63246491665665], [126.85303785767003, 35.63471889628], [126.85303785767003, 35.63471889628], [126.85303785767003, 35.63471889628], [126.85303785767003, 35.63471889628], [126.8530560210965, 35.63246491665665]], [[126.85316495931579, 35.61894102100078], [126.85592540871241, 35.61895580963958], [126.85592540871241, 35.61895580963958], [126.85316495931579, 35.61894102100078], [126.85316495931579, 35.61894102100078]], [[126.85583501923904, 35.630225730927094], [126.8558169353221, 35.63247971262544], [126.8558169353221, 35.63247971262544], [126.85583501923904, 35.630225730927094], [126.85583501923904, 35.630225730927094], [126.85585310114827, 35.62797174837567], [126.85585310114827, 35.62797174837567], [126.85583501923904, 35.630225730927094], [126.85859585797935, 35.63024046240847], [126.85861386240396, 35.627986478640516], [126.85861386240396, 35.627986478640516], [126.85859585797935, 35.630240462408466], [126.85859585797935, 35.63024046240847], [126.85583501923904, 35.630225730927094]], [[126.86714475862725, 35.59647437693135], [126.86714475862725, 35.596474376931354], [126.8643850752919, 35.596459853253634], [126.8643850752919, 35.59645985325363], [126.86714475862725, 35.59647437693135]], [[126.86718024144972, 35.5919663757275], [126.86718024144972, 35.591966375727495], [126.8699397720505, 35.591980833828146], [126.8699397720505, 35.591980833828146], [126.86718024144972, 35.5919663757275], [126.86718024144972, 35.5919663757275]], [[126.86714475862725, 35.59647437693135], [126.86990444393261, 35.596488837421234], [126.86990444393261, 35.59648883742124], [126.87266413119937, 35.59650323472317], [126.87266413119937, 35.59650323472317], [126.86990444393261, 35.59648883742124], [126.86990444393261, 35.59648883742124], [126.86714475862725, 35.59647437693135], [126.86714475862725, 35.59647437693135]], [[126.86981608930911, 35.607758831486535], [126.86981608930911, 35.607758831486535], [126.86705601709203, 35.60774436502238], [126.86703826287253, 35.60999836008291], [126.8670382628725, 35.60999836008291], [126.86702050668167, 35.61225235429085], [126.86702050668167, 35.61225235429085], [126.86702050668167, 35.61225235429085], [126.8670382628725, 35.60999836008291], [126.8670382628725, 35.60999836008291], [126.86705601709201, 35.60774436502238], [126.86705601709203, 35.60774436502238], [126.86705601709203, 35.60774436502238], [126.86981608930911, 35.60775883148652], [126.86981608930911, 35.607758831486535], [126.86981608930911, 35.607758831486535]], [[126.86979841249776, 35.610012827742146], [126.86979841249776, 35.610012827742125], [126.86979841249776, 35.610012827742125], [126.86978073372363, 35.61226682314518], [126.86978073372363, 35.61226682314518], [126.86979841249776, 35.610012827742146], [126.86979841249776, 35.610012827742146]], [[126.86433160416196, 35.603221845065804], [126.86433160416196, 35.6032218450658], [126.8670915196179, 35.60323637234354], [126.8670915196179, 35.603236372343545], [126.86433160416196, 35.603221845065804]], [[126.86434942985089, 35.60096784864765], [126.86434942985089, 35.60096784864765], [126.86434942985089, 35.60096784864766], [126.86434942985089, 35.60096784864766], [126.86434942985089, 35.60096784864765]], [[126.86976305298654, 35.61452081769567], [126.86976305298654, 35.61452081769567], [126.8670027485193, 35.614506347646156], [126.8670027485193, 35.614506347646156], [126.86976305298654, 35.61452081769567], [126.86976305298654, 35.61452081769567]], [[126.85834358602526, 35.66179614558282], [126.85832555159033, 35.66405011655311], [126.85832555159033, 35.66405011655311], [126.85834358602526, 35.66179614558282], [126.85834358602526, 35.66179614558282], [126.85836161845792, 35.65954217375919], [126.85836161845792, 35.65954217375919], [126.85836161845792, 35.65954217375919], [126.85834358602526, 35.66179614558282], [126.85834358602526, 35.66179614558282]], [[126.8500578187806, 35.66175171000676], [126.84729590041044, 35.66173677147099], [126.84729590041044, 35.66173677147099], [126.8500578187806, 35.66175171000676], [126.8500578187806, 35.66175171000676]], [[126.85556354954795, 35.66403536681558], [126.85554543548818, 35.666289335714886], [126.85554543548818, 35.666289335714886], [126.85556354954795, 35.664035366815575], [126.85556354954795, 35.664035366815575], [126.85558166159662, 35.661781397062825], [126.85558166159662, 35.661781397062825], [126.85556354954795, 35.66403536681558], [126.85556354954795, 35.66403536681558]], [[126.86123115439337, 35.64603300159526], [126.86124909527145, 35.6437790225871], [126.86124909527145, 35.6437790225871], [126.86126703415768, 35.64152504272586], [126.86126703415768, 35.64152504272586], [126.86128497105226, 35.63927106201157], [126.86128497105229, 35.63927106201157], [126.86126703415768, 35.64152504272587], [126.86126703415768, 35.64152504272587], [126.86124909527145, 35.6437790225871], [126.86124909527145, 35.6437790225871], [126.86123115439337, 35.64603300159526], [126.86399253975968, 35.646047614989556], [126.86399253975968, 35.64604761498956], [126.86675392710943, 35.646062165081275], [126.86675392710943, 35.64606216508129], [126.86399253975968, 35.64604761498958], [126.86399253975968, 35.64604761498956], [126.86123115439337, 35.64603300159526], [126.86123115439337, 35.64603300159526], [126.86123115439337, 35.64603300159526]], [[126.91644283701278, 35.64856724312106], [126.91368133787485, 35.64855383139291], [126.91368133787485, 35.64855383139291], [126.91644283701278, 35.64856724312106], [126.91644283701278, 35.64856724312106]], [[126.91642644344175, 35.6508212435637], [126.91642644344175, 35.6508212435637], [126.91644283701281, 35.64856724312106], [126.91644283701281, 35.64856724312106], [126.91642644344175, 35.6508212435637]], [[126.91922065216365, 35.646326589142156], [126.91923696454516, 35.644072585893795], [126.91647561869483, 35.644059239680246], [126.91645922876374, 35.64631324182657], [126.91645922876374, 35.64631324182657], [126.91645922876374, 35.64631324182657], [126.91647561869483, 35.644059239680246], [126.9137142746642, 35.64404583016667], [126.9137142746642, 35.64404583016667], [126.9137142746642, 35.64404583016667], [126.9137142746642, 35.64404583016667], [126.91647561869483, 35.64405923968023], [126.91647561869483, 35.64405923968024], [126.91923696454516, 35.644072585893795], [126.91923696454516, 35.644072585893795], [126.92199831220655, 35.64408586880718], [126.92199831220655, 35.644085868807196], [126.91923696454516, 35.644072585893795], [126.91922065216365, 35.646326589142156], [126.92198207737479, 35.64633987315236], [126.92198207737479, 35.64633987315236], [126.92474350438859, 35.64635309385705], [126.92750493319647, 35.64636625125609], [126.92750493319647, 35.64636625125609], [126.92474350438859, 35.64635309385705], [126.92474350438859, 35.64635309385706], [126.92198207737478, 35.64633987315236], [126.92198207737478, 35.64633987315236], [126.91922065216365, 35.646326589142156], [126.91920433797083, 35.64858059153874], [126.91920433797083, 35.64858059153874], [126.91922065216362, 35.646326589142156], [126.91922065216365, 35.646326589142156]], [[126.91926958387519, 35.63956457684186], [126.91926958387519, 35.63956457684186], [126.9192858908241, 35.63731057103832], [126.91652477757077, 35.6372972281305], [126.91652477757077, 35.6372972281305], [126.9192858908241, 35.63731057103832], [126.9192858908241, 35.63731057103832], [126.92204700588789, 35.63732385066166], [126.92206323351101, 35.635069842909886], [126.92206323351101, 35.635069842909886], [126.92204700588789, 35.637323850661666], [126.92480812275356, 35.6373370670004], [126.92482427286114, 35.635083058157285], [126.92482427286114, 35.635083058157285], [126.92480812275356, 35.637337067000395], [126.92756924141244, 35.63735022005439], [126.92756924141244, 35.63735022005439], [126.93033036185601, 35.637363309823506], [126.93031436500401, 35.639617319982186], [126.93031436500401, 35.639617319982186], [126.93031436500401, 35.639617319982186], [126.93033036185601, 35.63736330982351], [126.92756924141244, 35.637350220054394], [126.92756924141244, 35.637350220054394], [126.92480812275356, 35.6373370670004], [126.92480812275356, 35.6373370670004], [126.92204700588789, 35.637323850661666], [126.92203077646292, 35.639577857561825], [126.92203077646292, 35.639577857561825], [126.92203077646292, 35.639577857561825], [126.92203077646292, 35.639577857561825], [126.92204700588789, 35.637323850661666], [126.9192858908241, 35.63731057103832], [126.91926958387519, 35.63956457684186], [126.91926958387519, 35.63956457684186], [126.91925327511561, 35.64181858179368], [126.91925327511561, 35.64181858179368], [126.91926958387519, 35.63956457684186]], [[126.91654116022434, 35.63504322257706], [126.91654116022434, 35.63504322257706], [126.91655754105903, 35.632789216171915], [126.91655754105903, 35.632789216171915], [126.91655754105903, 35.632789216171915], [126.91931849929072, 35.63280255687623], [126.91931849929072, 35.63280255687622], [126.92207945933247, 35.6328158343065], [126.92209568335248, 35.63056182485156], [126.92209568335248, 35.63056182485156], [126.92207945933247, 35.632815834306506], [126.91931849929072, 35.63280255687623], [126.91931849929072, 35.63280255687623], [126.91655754105903, 35.632789216171915], [126.91654116022434, 35.63504322257706]], [[126.9193511005171, 35.6282945393076], [126.9193511005171, 35.6282945393076], [126.9193673984157, 35.62604052924588], [126.91660667265192, 35.6260271918464], [126.91659029727262, 35.62828120080656], [126.91659029727262, 35.62828120080656], [126.91660667265192, 35.62602719184639], [126.91662304621318, 35.6237731820346], [126.91386239973936, 35.623759782483596], [126.91386239973936, 35.623759782483596], [126.91662304621318, 35.6237731820346], [126.91663941795657, 35.6215191713712], [126.91663941795657, 35.6215191713712], [126.91665578788232, 35.619265159856226], [126.91665578788232, 35.619265159856226], [126.91663941795657, 35.6215191713712], [126.91663941795657, 35.6215191713712], [126.91662304621318, 35.6237731820346], [126.91938369450484, 35.623786518332594], [126.91939998878475, 35.621532506567775], [126.91939998878475, 35.621532506567775], [126.91938369450484, 35.62378651833259], [126.92214434460577, 35.623799791377465], [126.92216056142196, 35.621545778516456], [126.92216056142196, 35.621545778516456], [126.92216056142196, 35.62154577851644], [126.92492113585962, 35.621558987217085], [126.92492113585962, 35.621558987217085], [126.92768171208913, 35.62157213266956], [126.92769777219407, 35.61931811678048], [126.92769777219407, 35.61931811678048], [126.92768171208915, 35.62157213266956], [126.93044229010191, 35.621585214873726], [126.93044229010191, 35.62158521487373], [126.93044229010191, 35.62158521487373], [126.93042630567804, 35.623839230992004], [126.93042630567804, 35.623839230992004], [126.93044229010191, 35.62158521487373], [126.92768171208913, 35.62157213266957], [126.92766565020096, 35.62382614770731], [126.92766565020096, 35.62382614770731], [126.92768171208913, 35.62157213266957], [126.92492113585962, 35.62155898721709], [126.92492113585962, 35.62155898721709], [126.92216056142196, 35.62154577851646], [126.92214434460577, 35.62379979137747], [126.91938369450484, 35.623786518332594], [126.9193673984157, 35.62604052924588], [126.92212812598893, 35.62605380338702], [126.92212812598893, 35.62605380338702], [126.92212812598893, 35.62605380338702], [126.92211190557124, 35.628307814545046], [126.92487271242643, 35.6283210265188], [126.92487271242643, 35.6283210265188], [126.92763352107406, 35.628334175228694], [126.92763352107406, 35.628334175228694], [126.92763352107406, 35.628334175228694], [126.92487271242643, 35.6283210265188], [126.92487271242643, 35.628321026518805], [126.92211190557124, 35.62830781454505], [126.92209568335248, 35.63056182485155], [126.92209568335248, 35.63056182485155], [126.92211190557124, 35.62830781454505], [126.92211190557124, 35.62830781454505], [126.92212812598893, 35.62605380338702], [126.9193673984157, 35.626040529245884], [126.9193511005171, 35.6282945393076], [126.9193511005171, 35.6282945393076], [126.91933480080884, 35.63054854851771], [126.91933480080884, 35.63054854851771], [126.9193511005171, 35.6282945393076]], [[126.91943257191758, 35.61702448048361], [126.92219298965315, 35.61703775024007], [126.92219298965315, 35.61703775024007], [126.91943257191758, 35.61702448048361], [126.91943257191758, 35.61702448048361], [126.91943257191758, 35.61702448048361]], [[126.91946514781581, 35.612516450993546], [126.91670488675568, 35.61250312020204], [126.91668852228166, 35.61475713427162], [126.91668852228169, 35.61475713427162], [126.91667215599063, 35.6170111474897], [126.91667215599063, 35.6170111474897], [126.91665578788232, 35.619265159856226], [126.91665578788232, 35.619265159856226], [126.91667215599063, 35.6170111474897], [126.91391174188091, 35.61699775125845], [126.91115132959706, 35.61698429179001], [126.91115132959706, 35.61698429179001], [126.91391174188091, 35.61699775125845], [126.91391174188091, 35.61699775125845], [126.91667215599063, 35.6170111474897], [126.91668852228166, 35.61475713427162], [126.91392818560946, 35.61474373914685], [126.91392818560946, 35.61474373914685], [126.91116785076291, 35.6147302807901], [126.91116785076291, 35.6147302807901], [126.90840751775058, 35.614716759201514], [126.90839091914762, 35.61697076908453], [126.90839091914762, 35.61697076908453], [126.90837431870163, 35.619224778115814], [126.9083577164124, 35.621478786295356], [126.9083577164124, 35.621478786295356], [126.90834111227971, 35.62373279362314], [126.90834111227971, 35.62373279362314], [126.90558047131108, 35.623719204313964], [126.90558047131108, 35.623719204313964], [126.90558047131108, 35.623719204313964], [126.90558047131108, 35.62371920431395], [126.90834111227971, 35.62373279362314], [126.9083577164124, 35.621478786295356], [126.9083577164124, 35.62147878629535], [126.90837431870163, 35.61922477811582], [126.90837431870163, 35.61922477811582], [126.90839091914762, 35.61697076908453], [126.90839091914762, 35.61697076908453], [126.90840751775058, 35.614716759201514], [126.90564718658106, 35.61470317438124], [126.90564718658106, 35.61470317438124], [126.902886857263, 35.61468952632939], [126.90287010378648, 35.61694353396292], [126.90010969889195, 35.61692982154705], [126.90010969889195, 35.61692982154705], [126.90287010378648, 35.61694353396292], [126.902886857263, 35.614689526329386], [126.90564718658106, 35.61470317438123], [126.9056638607695, 35.6124491647686], [126.9056638607695, 35.6124491647686], [126.90842411451071, 35.6124627484668], [126.91118437009453, 35.61247626893854], [126.9112008875921, 35.61022225623539], [126.9112008875921, 35.61022225623539], [126.91118437009453, 35.61247626893854], [126.9139446275124, 35.61248972618366], [126.91396106758987, 35.610235712368954], [126.91396106758987, 35.610235712368954], [126.9139446275124, 35.61248972618366], [126.91118437009453, 35.61247626893854], [126.91116785076291, 35.614730280790084], [126.91392818560946, 35.61474373914683], [126.91392818560946, 35.614743739146846], [126.91668852228166, 35.61475713427162], [126.91670488675568, 35.61250312020204], [126.91670488675568, 35.61250312020204], [126.91672124941284, 35.610249105280985], [126.91948143305247, 35.61026243497137], [126.91949771648108, 35.608008418097775], [126.91949771648108, 35.608008418097775], [126.91948143305247, 35.61026243497137], [126.92224161850012, 35.610275701439946], [126.92224161850012, 35.610275701439946], [126.92224161850012, 35.610275701439946], [126.9222254106842, 35.61252971855802], [126.9222254106842, 35.61252971855802], [126.92220920106861, 35.614783734824734], [126.92496954316614, 35.614796940252816], [126.92496954316614, 35.614796940252816], [126.92495340918883, 35.617050956758945], [126.92495340918883, 35.617050956758945], [126.92493727342004, 35.6193049724137], [126.92493727342004, 35.6193049724137], [126.92493727342004, 35.6193049724137], [126.92493727342004, 35.6193049724137], [126.92495340918883, 35.61705095675894], [126.92495340918883, 35.61705095675894], [126.92496954316614, 35.614796940252816], [126.92220920106861, 35.614783734824734], [126.92220920106861, 35.614783734824734], [126.91944886077091, 35.61477046616431], [126.91944886077091, 35.61477046616431], [126.91946514781581, 35.612516450993546]], [[126.88615265373632, 35.637146279407624], [126.88615265373632, 35.637146279407624], [126.88615265373632, 35.637146279407624], [126.88339156287988, 35.63713217709668], [126.88339156287988, 35.63713217709668], [126.88615265373632, 35.637146279407624], [126.88615265373632, 35.637146279407624]], [[126.88342618659549, 35.632624192395404], [126.88344349557032, 35.63037019876609], [126.88344349557032, 35.63037019876609], [126.88344349557032, 35.63037019876608], [126.88620435391475, 35.63038429758374], [126.88622158348106, 35.62813030193771], [126.88622158348106, 35.62813030193771], [126.8862388111345, 35.62587630543932], [126.88347810775508, 35.625862208950196], [126.88347810775508, 35.625862208950196], [126.8862388111345, 35.62587630543932], [126.88625603687528, 35.62362230808864], [126.88625603687528, 35.62362230808864], [126.8862388111345, 35.62587630543932], [126.8862388111345, 35.62587630543932], [126.88622158348106, 35.62813030193771], [126.88898236625155, 35.62814433632915], [126.88898236625155, 35.62814433632915], [126.88896521417227, 35.63039833313426], [126.89172607633425, 35.630412305417465], [126.89172607633425, 35.63041230541748], [126.88896521417225, 35.63039833313427], [126.88894806018844, 35.63265232908708], [126.88894806018844, 35.63265232908708], [126.88893090429995, 35.63490632418758], [126.88893090429995, 35.63490632418758], [126.88894806018844, 35.63265232908708], [126.8861871224353, 35.632638292377436], [126.88616988904258, 35.634892286318724], [126.88340887569875, 35.634878185172276], [126.88342618659549, 35.632624192395404], [126.88342618659549, 35.632624192395404]], [[126.88903381106464, 35.62138234080025], [126.88903381106464, 35.62138234080025], [126.88903381106464, 35.62138234080025], [126.88901666469754, 35.623636340162115], [126.88901666469754, 35.623636340162115], [126.8889995164266, 35.62589033867176], [126.89176022362273, 35.62590430864733], [126.89176022362273, 35.62590430864733], [126.89452093271433, 35.62591821536591], [126.89452093271433, 35.62591821536591], [126.89452093271436, 35.62591821536591], [126.89450393749681, 35.62817221532565], [126.89726472595432, 35.628186059930435], [126.89726472595432, 35.628186059930435], [126.90002551629033, 35.62819984127274], [126.90004235654958, 35.62594583903155], [126.90004235654958, 35.62594583903155], [126.90005919493915, 35.623691835938374], [126.90005919493915, 35.623691835938374], [126.90004235654958, 35.62594583903155], [126.90004235654958, 35.62594583903155], [126.90002551629033, 35.628199841272746], [126.90278630849622, 35.62821355935242], [126.90280307127598, 35.62595955597834], [126.90280307127598, 35.62595955597834], [126.90278630849622, 35.62821355935242], [126.90554710256336, 35.62822721416933], [126.90554710256336, 35.62822721416933], [126.90554710256336, 35.62822721416933], [126.90554710256336, 35.62822721416933], [126.90278630849622, 35.62821355935242], [126.90278630849622, 35.62821355935242], [126.90002551629033, 35.628199841272746], [126.90000867416121, 35.630453842661915], [126.90000867416121, 35.630453842661915], [126.90000867416121, 35.630453842661915], [126.89724780633735, 35.630440060181435], [126.89723088484169, 35.632694059580324], [126.89723088484169, 35.632694059580324], [126.89724780633735, 35.630440060181435], [126.89724780633735, 35.630440060181435], [126.89724780633735, 35.630440060181435], [126.90000867416121, 35.630453842661915], [126.90002551629033, 35.628199841272746], [126.89726472595432, 35.62818605993044], [126.89726472595432, 35.62818605993044], [126.89450393749681, 35.62817221532565], [126.89448694039216, 35.630426214433236], [126.89448694039216, 35.630426214433236], [126.89446994140025, 35.63268021268866], [126.8917089998463, 35.63266630252421], [126.89169192146223, 35.63492029877868], [126.89169192146223, 35.63492029877868], [126.8917089998463, 35.632666302524214], [126.8917089998463, 35.632666302524214], [126.8917089998463, 35.6326663025242], [126.89446994140025, 35.632680212688655], [126.89448694039216, 35.63042621443323], [126.89448694039216, 35.63042621443323], [126.89450393749681, 35.62817221532565], [126.89450393749681, 35.62817221532565], [126.89452093271433, 35.62591821536591], [126.89176022362273, 35.62590430864733], [126.89176022362273, 35.62590430864734], [126.8889995164266, 35.62589033867177], [126.8889995164266, 35.62589033867176], [126.8889995164266, 35.62589033867176], [126.88901666469754, 35.623636340162115], [126.88901666469754, 35.623636340162115], [126.88903381106464, 35.62138234080025]], [[126.90280307127598, 35.62595955597834], [126.90556378786346, 35.62597320966758], [126.90556378786346, 35.62597320966758], [126.90832450630337, 35.625986800099135], [126.90832450630337, 35.625986800099135], [126.90832450630337, 35.625986800099135], [126.90556378786346, 35.62597320966758], [126.90556378786346, 35.62597320966758], [126.90280307127598, 35.62595955597834], [126.90280307127598, 35.62595955597834]], [[126.89446994140025, 35.63268021268866], [126.89445294052082, 35.63493421009189], [126.89445294052082, 35.63493421009189], [126.89446994140025, 35.63268021268866], [126.89446994140025, 35.63268021268866]], [[126.89453792604503, 35.62366421455405], [126.89177729442366, 35.623650308983954], [126.89177729442366, 35.623650308983954], [126.89179436332932, 35.62139630846844], [126.89179436332932, 35.62139630846844], [126.89181143033994, 35.61914230710079], [126.88905095552809, 35.61912834058618], [126.88629048261967, 35.61911431083041], [126.88629048261967, 35.619114310830405], [126.88905095552809, 35.61912834058618], [126.88905095552809, 35.61912834058618], [126.89181143033994, 35.61914230710078], [126.89182849545574, 35.616888304880995], [126.88906809808813, 35.61687433951994], [126.88906809808813, 35.61687433951994], [126.88630770262371, 35.61686031092292], [126.88630770262371, 35.6168603109229], [126.88354730907113, 35.61684621909006], [126.88354730907113, 35.61684621909006], [126.88630770262371, 35.6168603109229], [126.88632492071596, 35.6146063101632], [126.88632492071596, 35.6146063101632], [126.88630770262374, 35.6168603109229], [126.88906809808813, 35.616874339519924], [126.88908523874494, 35.614620337601515], [126.88632492071596, 35.61460631016318], [126.88632492071596, 35.614606310163175], [126.88908523874494, 35.614620337601515], [126.88910237749874, 35.612366334830966], [126.88910237749874, 35.612366334830966], [126.88911951434976, 35.61011233120832], [126.88911951434976, 35.61011233120832], [126.88911951434976, 35.61011233120833], [126.88911951434976, 35.61011233120833], [126.88910237749874, 35.612366334830966], [126.89186262000369, 35.61238029788517], [126.89186262000369, 35.61238029788517], [126.89462286440283, 35.61239419771371], [126.89460588050332, 35.614648202785844], [126.89736620421554, 35.614662040531556], [126.89736620421554, 35.614662040531556], [126.89460588050332, 35.61464820278585], [126.89458889471798, 35.61690220700596], [126.89458889471798, 35.61690220700596], [126.89457190704664, 35.61915621037405], [126.89457190704664, 35.61915621037405], [126.89455491748905, 35.62141021289008], [126.89455491748905, 35.62141021289008], [126.89457190704664, 35.61915621037405], [126.89457190704664, 35.61915621037405], [126.89458889471798, 35.61690220700596], [126.89182849545574, 35.616888304880995], [126.89181143033994, 35.61914230710078], [126.89181143033994, 35.61914230710078], [126.89179436332932, 35.621396308468434], [126.89179436332932, 35.621396308468434], [126.89177729442366, 35.62365030898395], [126.89453792604503, 35.62366421455405], [126.89455491748905, 35.62141021289008], [126.89455491748905, 35.62141021289008], [126.89453792604503, 35.62366421455405], [126.89729855955305, 35.62367805687223], [126.89731547353524, 35.62142405406505], [126.89731547353522, 35.62142405406505], [126.89733238563956, 35.61917005040588], [126.89733238563956, 35.61917005040588], [126.89734929586626, 35.61691604589471], [126.89734929586626, 35.61691604589471], [126.89733238563956, 35.61917005040588], [126.89733238563956, 35.61917005040588], [126.89731547353524, 35.62142405406506], [126.89731547353524, 35.62142405406506], [126.89729855955308, 35.62367805687224], [126.89729855955305, 35.62367805687224], [126.89728164369282, 35.62593205882737], [126.89728164369282, 35.62593205882737], [126.89728164369282, 35.62593205882736], [126.89728164369282, 35.62593205882735], [126.89729855955305, 35.62367805687224], [126.89453792604503, 35.62366421455405], [126.89453792604503, 35.62366421455405]], [[126.89462286440283, 35.61239419771371], [126.89738311068758, 35.612408034316466], [126.89738311068758, 35.612408034316466], [126.89462286440283, 35.61239419771371], [126.89462286440283, 35.61239419771371]], [[126.89741691800089, 35.60790001933056], [126.89465682654526, 35.607886185013534], [126.89465682654526, 35.607886185013534], [126.89465682654526, 35.607886185013534], [126.8946738047886, 35.60563217738552], [126.89191379261965, 35.605618281001156], [126.89191379261965, 35.605618281001156], [126.8946738047886, 35.60563217738552], [126.89465682654526, 35.607886185013534], [126.89741691800089, 35.60790001933056], [126.89743381884253, 35.605646010559774], [126.89743381884253, 35.605646010559774], [126.89745071780783, 35.603392000937134], [126.89469078114696, 35.60337816890559], [126.89470775562056, 35.60112415957378], [126.89194789822878, 35.60111026548519], [126.89194789822878, 35.6011102654852], [126.88918804273013, 35.60109630819707], [126.88918804273013, 35.601096308197064], [126.88918804273013, 35.601096308197064], [126.88918804273013, 35.60109630819706], [126.89194789822878, 35.60111026548519], [126.89196494819353, 35.59885625644931], [126.89196494819353, 35.59885625644931], [126.89198199626536, 35.59660224656152], [126.89198199626536, 35.59660224656152], [126.89196494819353, 35.5988562564493], [126.89196494819353, 35.5988562564493], [126.89194789822878, 35.60111026548519], [126.89470775562059, 35.60112415957378], [126.89472472820964, 35.5988701493901], [126.89472472820964, 35.5988701493901], [126.89470775562059, 35.60112415957378], [126.89746761489693, 35.601137990462675], [126.89746761489693, 35.601137990462675], [126.89470775562059, 35.60112415957378], [126.89469078114696, 35.60337816890559], [126.89745071780783, 35.603392000937134], [126.89745071780783, 35.603392000937134], [126.89745071780783, 35.603392000937134], [126.89743381884253, 35.605646010559774], [126.89743381884256, 35.605646010559774], [126.89741691800089, 35.60790001933056], [126.90017701133308, 35.60791379043209], [126.90019383477285, 35.60565978052376], [126.90019383477285, 35.60565978052376], [126.90021065634485, 35.60340576976363], [126.90021065634485, 35.60340576976363], [126.90021065634485, 35.60340576976363], [126.90297059674941, 35.60341947538496], [126.90297059674941, 35.60341947538496], [126.90021065634485, 35.60340576976363], [126.90019383477285, 35.60565978052376], [126.90295385257096, 35.60567348727734], [126.90295385257096, 35.60567348727734], [126.90571387222823, 35.60568713082039], [126.905730539013, 35.60343311780096], [126.905730539013, 35.60343311780096], [126.90571387222823, 35.60568713082039], [126.90847389373613, 35.605700711152764], [126.90849048312697, 35.60344669701151], [126.90849048312697, 35.60344669701151], [126.90847389373613, 35.605700711152764], [126.90845730250327, 35.607954724442415], [126.91121740325589, 35.60796824268064], [126.91121740325589, 35.60796824268064], [126.9139775058421, 35.6079816977027], [126.9139775058421, 35.6079816977027], [126.91121740325589, 35.607968242680656], [126.91121740325589, 35.60796824268064], [126.90845730250327, 35.607954724442415], [126.90847389373613, 35.605700711152764], [126.90571387222823, 35.60568713082039], [126.90571387222823, 35.6056871308204], [126.90295385257096, 35.60567348727735], [126.90295385257096, 35.60567348727735], [126.90019383477285, 35.60565978052377], [126.90017701133308, 35.60791379043209], [126.89741691800089, 35.60790001933056], [126.89740001528264, 35.610154027249465], [126.89740001528264, 35.610154027249465], [126.89738311068758, 35.612408034316466], [126.89738311068758, 35.612408034316466], [126.89740001528264, 35.61015402724946], [126.89740001528264, 35.61015402724946], [126.89741691800089, 35.60790001933056]], [[126.89203312912538, 35.58984021178692], [126.89203312912538, 35.58984021178692], [126.89479259972458, 35.589854100137124], [126.89480956289404, 35.58760008569445], [126.89480956289407, 35.58760008569445], [126.89479259972458, 35.589854100137124], [126.89479259972458, 35.589854100137124], [126.89479259972458, 35.589854100137124], [126.89203312912538, 35.58984021178692]], [[126.89201608673106, 35.592094224230294], [126.89201608673106, 35.592094224230294], [126.89201608673106, 35.59209422423028], [126.89203312912538, 35.58984021178692], [126.89203312912538, 35.58984021178692], [126.89201608673106, 35.592094224230294]], [[126.87788685478607, 35.63484979304711], [126.87790432069019, 35.632595802614766], [126.88066525267757, 35.632610029141134], [126.88066525267757, 35.632610029141134], [126.87790432069019, 35.632595802614766], [126.87788685478607, 35.63484979304711], [126.88064786427704, 35.634864020748346], [126.88064786427704, 35.634864020748346], [126.87788685478607, 35.63484979304711], [126.8778693869426, 35.637103782626845], [126.87786938694258, 35.637103782626845], [126.87785191715957, 35.63935777135397], [126.87785191715957, 35.63935777135397], [126.87786938694258, 35.637103782626845], [126.87510830187898, 35.637089490468256], [126.87510830187898, 35.637089490468256], [126.87510830187898, 35.63708949046825], [126.87786938694258, 35.63710378262684], [126.87788685478604, 35.63484979304711], [126.87788685478607, 35.63484979304711]], [[126.87514339064191, 35.63258151281645], [126.87514339064191, 35.63258151281644], [126.87514339064191, 35.63258151281644], [126.87512584723443, 35.63483550206867], [126.8751258472344, 35.63483550206867], [126.8751258472344, 35.63483550206867], [126.87236484163073, 35.63482114781321], [126.87238246254135, 35.63256715974631], [126.87238246254135, 35.63256715974631], [126.87514339064191, 35.63258151281645]], [[126.87240008149568, 35.63031317082667], [126.87516093210166, 35.630327522711546], [126.87516093210166, 35.630327522711546], [126.87792178465517, 35.63034181132984], [126.87792178465517, 35.63034181132984], [126.87516093210166, 35.630327522711546], [126.87516093210166, 35.63032752271157], [126.87240008149568, 35.630313170826675], [126.87240008149568, 35.630313170826675], [126.87241769849386, 35.62805918105437], [126.87241769849386, 35.62805918105437], [126.87240008149568, 35.63031317082667]], [[126.86671834961011, 35.65057012535441], [126.86947989405206, 35.6505846145358], [126.86947989405206, 35.6505846145358], [126.86671834961011, 35.65057012535441], [126.86670055789762, 35.65282410421145], [126.86670055789762, 35.65282410421145], [126.86671834961011, 35.65057012535441], [126.86671834961011, 35.65057012535441], [126.86673613934732, 35.64831614564436], [126.86673613934732, 35.64831614564436], [126.86673613934732, 35.64831614564435], [126.86949760622629, 35.64833063362949], [126.86951531643406, 35.64607665187026], [126.86675392710943, 35.646062165081275], [126.86675392710943, 35.646062165081275], [126.86951531643406, 35.64607665187025], [126.86951531643406, 35.64607665187026], [126.86951531643406, 35.64607665187026], [126.8694976062263, 35.64833063362949], [126.87225907507175, 35.648345058306546], [126.87225907507175, 35.648345058306546], [126.87225907507175, 35.648345058306546], [126.87225907507175, 35.64834505830655], [126.8694976062263, 35.6483306336295], [126.8694976062263, 35.64833063362949], [126.86673613934732, 35.64831614564435], [126.86671834961011, 35.65057012535441]], [[126.86682505841154, 35.63704623429946], [126.86680727854753, 35.6393002182743], [126.86680727854753, 35.6393002182743], [126.86682505841154, 35.63704623429946], [126.86682505841154, 35.63704623429946]], [[126.8640461238085, 35.63928567178638], [126.8640461238085, 35.63928567178638], [126.8640461238085, 35.63928567178639], [126.8640461238085, 35.63928567178639], [126.8640461238085, 35.63928567178638]], [[126.86678949670933, 35.641554201396225], [126.86678949670933, 35.641554201396225], [126.864028264442, 35.64153965370711], [126.864028264442, 35.64153965370711], [126.86678949670933, 35.641554201396225]], [[126.87218852487815, 35.65736098157836], [126.87218852487815, 35.65736098157836], [126.87218852487815, 35.65736098157836], [126.87495030598674, 35.65737534769068], [126.8749327411399, 35.65962932756232], [126.8749327411399, 35.65962932756232], [126.87491517434273, 35.661883306581046], [126.87491517434273, 35.661883306581046], [126.87491517434273, 35.661883306581046], [126.87491517434273, 35.661883306581046], [126.8749327411399, 35.65962932756233], [126.8749327411399, 35.65962932756233], [126.87495030598674, 35.65737534769068], [126.87218852487815, 35.65736098157836]], [[126.86112346728343, 35.65955685772804], [126.86388531810235, 35.659571478363084], [126.86388531810235, 35.659571478363084], [126.86112346728343, 35.65955685772804], [126.86112346728343, 35.65955685772804]], [[126.86664717090608, 35.6595860356642], [126.8666649685458, 35.657332059366375], [126.8666649685458, 35.657332059366375], [126.86664717090608, 35.6595860356642], [126.86664717090608, 35.6595860356642]], [[126.88097791397765, 35.59203803445403], [126.88373745429749, 35.5920521766656], [126.88372017796239, 35.594306184782994], [126.88372017796239, 35.594306184782994], [126.88373745429749, 35.5920521766656], [126.88097791397765, 35.59203803445403], [126.88097791397765, 35.59203803445403]], [[126.87821837558442, 35.59202382906436], [126.87821837558442, 35.59202382906436], [126.87821837558442, 35.59202382906435], [126.87821837558442, 35.59202382906435], [126.87823580468226, 35.58976982243702], [126.87823580468226, 35.58976982243702], [126.87823580468226, 35.58976982243702], [126.88099526573521, 35.58978402665305], [126.88375472871458, 35.589798167696195], [126.88375472871458, 35.589798167696195], [126.88099526573521, 35.58978402665305], [126.88099526573521, 35.58978402665306], [126.87823580468226, 35.58976982243703], [126.87821837558442, 35.59202382906436]], [[126.88375472871458, 35.589798167696195], [126.88651419361176, 35.589812245566314], [126.88651419361176, 35.589812245566314], [126.88651419361176, 35.589812245566314], [126.88375472871458, 35.589798167696195], [126.88375472871458, 35.589798167696195]], [[126.88653138877886, 35.58755823458175], [126.88654858203691, 35.58530422274526], [126.88654858203691, 35.58530422274526], [126.88653138877886, 35.58755823458175], [126.88653138877886, 35.58755823458175]], [[126.88915378234425, 35.60560432140678], [126.88915378234425, 35.60560432140678], [126.88639377397102, 35.605590298602564], [126.8863765635239, 35.60784430277094], [126.8891366492982, 35.60785832673359], [126.8891366492982, 35.60785832673359], [126.8863765635239, 35.60784430277095], [126.88635935116584, 35.61009830608719], [126.88635935116584, 35.61009830608719], [126.8863765635239, 35.60784430277095], [126.88361647966056, 35.607830215593374], [126.88361647966056, 35.60783021559337], [126.8863765635239, 35.60784430277094], [126.88639377397102, 35.605590298602564], [126.88363376750851, 35.60557621258865], [126.88363376750851, 35.60557621258865], [126.886393773971, 35.60559029860256], [126.886393773971, 35.605590298602564], [126.88915378234425, 35.60560432140678]], [[126.88365105343712, 35.60332220873176], [126.88089112628599, 35.60330806067709], [126.88089112628599, 35.60330806067709], [126.88365105343712, 35.60332220873176], [126.88365105343712, 35.60332220873176]], [[126.88349541096548, 35.62360821276366], [126.88625603687528, 35.623622308088635], [126.88625603687528, 35.623622308088635], [126.88349541096548, 35.62360821276367], [126.88349541096548, 35.62360821276368], [126.88073478697673, 35.62359405418736], [126.88073478697673, 35.62359405418736], [126.88073478697673, 35.62359405418736], [126.88073478697673, 35.62359405418735], [126.88349541096548, 35.62360821276366], [126.88349541096548, 35.62360821276366]], [[126.8807695425475, 35.61908606159587], [126.87800907540097, 35.6190718421174], [126.87800907540097, 35.6190718421174], [126.8807695425475, 35.61908606159587], [126.88078691743897, 35.616832064021544], [126.88078691743894, 35.616832064021544], [126.88080429040139, 35.614578065594884], [126.878043978133, 35.614563848465195], [126.878043978133, 35.614563848465195], [126.878043978133, 35.614563848465195], [126.878043978133, 35.61456384846519], [126.88080429040139, 35.61457806559488], [126.8808042904014, 35.61457806559488], [126.88078691743897, 35.616832064021544], [126.88078691743897, 35.616832064021544], [126.8807695425475, 35.61908606159587], [126.88353001162328, 35.61910021783358], [126.88353001162328, 35.61910021783358], [126.8807695425475, 35.61908606159587], [126.88075216572683, 35.621340058317806], [126.88075216572683, 35.621340058317806], [126.8807695425475, 35.61908606159587]], [[126.88358189820582, 35.61233821904619], [126.88356460459858, 35.614592219494256], [126.88356460459858, 35.614592219494256], [126.88356460459858, 35.614592219494256], [126.88356460459858, 35.614592219494256], [126.88358189820582, 35.61233821904619], [126.88358189820582, 35.61233821904619], [126.88358189820582, 35.61233821904619]], [[126.8808390305401, 35.61007006618458], [126.8808390305401, 35.61007006618458], [126.8808390305401, 35.61007006618458], [126.88082166143504, 35.61232406631588], [126.88082166143504, 35.61232406631588], [126.87806142659282, 35.61230985036048], [126.87806142659282, 35.61230985036048], [126.87530119368778, 35.612295571180134], [126.87528366780201, 35.61454956810532], [126.87528366780201, 35.61454956810532], [126.87530119368778, 35.612295571180134], [126.87806142659282, 35.61230985036048], [126.87807887311547, 35.61005585140342], [126.87807887311547, 35.61005585140342], [126.87806142659282, 35.61230985036048], [126.88082166143504, 35.61232406631588], [126.8808390305401, 35.61007006618458], [126.8808390305401, 35.61007006618458]], [[126.87807887311547, 35.610055851403416], [126.87807887311547, 35.610055851403416], [126.87809631770118, 35.60780185159401], [126.87809631770118, 35.60780185159401], [126.87809631770118, 35.60780185159401], [126.87807887311547, 35.610055851403416]], [[126.87800907540097, 35.6190718421174], [126.87802652773577, 35.616817845717506], [126.87802652773577, 35.616817845717506], [126.87800907540097, 35.6190718421174], [126.87800907540097, 35.6190718421174]], [[126.8779392466813, 35.62808781919237], [126.8779392466813, 35.62808781919237], [126.8779392466813, 35.62808781919238], [126.8779217846552, 35.63034181132984], [126.87792178465517, 35.63034181132984], [126.8779392466813, 35.62808781919237], [126.8779392466813, 35.62808781919237]], [[126.88070002368734, 35.62810204336918], [126.88070002368734, 35.62810204336918], [126.88346080262345, 35.628116204284346], [126.88346080262345, 35.628116204284346], [126.88070002368734, 35.62810204336918]], [[126.8779567067687, 35.62583382620236], [126.88071740629697, 35.6258480492045], [126.88071740629697, 35.6258480492045], [126.88347810775508, 35.625862208950196], [126.88347810775508, 35.6258622089502], [126.88071740629697, 35.6258480492045], [126.88071740629697, 35.62584804920451], [126.8779567067687, 35.62583382620237], [126.8779567067687, 35.62583382620236]], [[126.88333961288832, 35.643894147754814], [126.88333961288832, 35.643894147754814], [126.88333961288832, 35.643894147754814], [126.8805782913654, 35.64387997865164], [126.88059568749016, 35.6416259904547], [126.87783444543679, 35.64161175922843], [126.87785191715957, 35.63935777135397], [126.87785191715957, 35.63935777135397], [126.87783444543679, 35.64161175922843], [126.88059568749016, 35.6416259904547], [126.88059568749016, 35.6416259904547], [126.8805782913654, 35.64387997865164], [126.88333961288832, 35.643894147754814], [126.88333961288832, 35.643894147754814]], [[126.88063047394577, 35.63711801150304], [126.88063047394577, 35.63711801150304], [126.88061308168353, 35.63937200140516], [126.88061308168353, 35.63937200140516], [126.88061308168353, 35.63937200140516], [126.88061308168353, 35.63937200140516], [126.88063047394577, 35.63711801150304], [126.88063047394577, 35.63711801150304]], [[126.87778201862763, 35.64837371773575], [126.87778201862763, 35.64837371773575], [126.8777645391436, 35.650627702199394], [126.8777645391436, 35.650627702199394], [126.87778201862763, 35.64837371773575]], [[126.88917091348814, 35.60335031522793], [126.88917091348814, 35.60335031522793], [126.88917091348814, 35.60335031522793], [126.88917091348814, 35.60335031522793], [126.89193084637088, 35.60336427366916], [126.89193084637088, 35.60336427366916], [126.88917091348814, 35.60335031522793]], [[126.89469078114696, 35.60337816890559], [126.89469078114696, 35.6033781689056], [126.89193084637088, 35.60336427366916], [126.89193084637088, 35.60336427366915], [126.89469078114696, 35.60337816890559]], [[126.89474169891436, 35.596616138354555], [126.89474169891436, 35.596616138354555], [126.89474169891436, 35.59661613835456], [126.89198199626536, 35.59660224656152], [126.89198199626536, 35.59660224656152], [126.89474169891436, 35.596616138354555], [126.89474169891436, 35.596616138354555]], [[126.8891366492982, 35.60785832673359], [126.89189673697483, 35.60787228748117], [126.89189673697483, 35.60787228748117], [126.8891366492982, 35.60785832673359], [126.8891366492982, 35.60785832673359]], [[126.88634213689657, 35.61235230855127], [126.88634213689657, 35.61235230855127], [126.88634213689657, 35.61235230855127], [126.88634213689657, 35.61235230855127], [126.88634213689657, 35.61235230855127]], [[126.90010969889195, 35.61692982154705], [126.89734929586626, 35.616916045894705], [126.89734929586626, 35.616916045894705], [126.90010969889195, 35.61692982154705], [126.90010969889195, 35.61692982154705]], [[126.89172607633425, 35.63041230541746], [126.89174315092635, 35.62815830745851], [126.89174315092635, 35.628158307458506], [126.89174315092635, 35.628158307458506], [126.89174315092635, 35.628158307458506], [126.89172607633425, 35.63041230541746], [126.89172607633425, 35.63041230541746]], [[126.8971801090805, 35.639456052664116], [126.89441893309868, 35.63944220234169], [126.89441893309868, 35.63944220234169], [126.8971801090805, 35.639456052664116], [126.8971801090805, 35.639456052664116]], [[126.90273600898846, 35.63497556436282], [126.90273600898846, 35.63497556436282], [126.90273600898846, 35.63497556436282], [126.89997498429256, 35.634961842884096], [126.89997498429256, 35.634961842884096], [126.89997498429256, 35.634961842884096], [126.89997498429256, 35.634961842884096], [126.90273600898846, 35.63497556436282], [126.90273600898846, 35.63497556436282]], [[126.90548034283427, 35.637243223657116], [126.90549703554626, 35.6349892225631], [126.90549703554626, 35.6349892225631], [126.90549703554626, 35.6349892225631], [126.90548034283427, 35.637243223657116], [126.90548034283427, 35.637243223657116]], [[126.90275277735266, 35.632721563544685], [126.90276954385519, 35.630467561874546], [126.90276954385519, 35.630467561874546], [126.90276954385519, 35.630467561874546], [126.90276954385519, 35.630467561874546], [126.90275277735266, 35.632721563544685], [126.90551372640499, 35.63273522061711], [126.90551372640499, 35.6327352206171], [126.90827467731037, 35.63274881441617], [126.90827467731037, 35.63274881441618], [126.90827467731037, 35.63274881441618], [126.90825806395736, 35.63500281748479], [126.90825806395736, 35.635002817484796], [126.90824144875965, 35.6372568197015], [126.90824144875965, 35.6372568197015], [126.90822483171708, 35.63951082106629], [126.91098601701047, 35.639524354944264], [126.91100255652997, 35.63727035246195], [126.91100255652997, 35.63727035246195], [126.91098601701047, 35.639524354944264], [126.91374720414036, 35.63953782553295], [126.91374720414036, 35.63953782553295], [126.91650839309814, 35.63955123283218], [126.91650839309814, 35.63955123283219], [126.91374720414036, 35.639537825532955], [126.91373074031632, 35.64179182827573], [126.91373074031632, 35.64179182827573], [126.91373074031632, 35.64179182827573], [126.91096947565451, 35.64177835657469], [126.91096947565451, 35.64177835657469], [126.91373074031632, 35.64179182827573], [126.91374720414036, 35.639537825532955], [126.91098601701047, 35.63952435494428], [126.91098601701047, 35.63952435494428], [126.90822483171708, 35.639510821066295], [126.90822483171708, 35.63951082106629], [126.90822483171708, 35.63951082106629], [126.90824144875965, 35.637256819701506], [126.90548034283427, 35.63724322365712], [126.90548034283427, 35.637243223657116], [126.90824144875965, 35.6372568197015], [126.90825806395736, 35.6350028174848], [126.90825806395736, 35.635002817484796], [126.90827467731037, 35.63274881441618], [126.90551372640499, 35.632735220617114], [126.90551372640499, 35.632735220617114], [126.90275277735266, 35.632721563544685], [126.90275277735266, 35.632721563544685], [126.90275277735266, 35.632721563544685]], [[126.90829128881893, 35.63049481049568], [126.90829128881893, 35.63049481049568], [126.91105216407149, 35.63050833990392], [126.91105216407149, 35.63050833990392], [126.90829128881893, 35.63049481049568]], [[126.91105216407149, 35.63050833990392], [126.91103563006027, 35.63276234494177], [126.91103563006027, 35.63276234494177], [126.91103563006027, 35.63276234494177], [126.91103563006027, 35.63276234494177], [126.91105216407149, 35.63050833990392], [126.91105216407149, 35.63050833990392]], [[126.88613541651634, 35.63940027164409], [126.88613541651634, 35.63940027164409], [126.88613541651634, 35.639400271644085], [126.88613541651634, 35.639400271644085], [126.88613541651634, 35.63940027164409]], [[126.89165775900496, 35.63942828873077], [126.89165775900496, 35.63942828873078], [126.89165775900496, 35.63942828873078], [126.8916406749313, 35.64168228242834], [126.8916406749313, 35.64168228242834], [126.89165775900496, 35.63942828873077], [126.89165775900496, 35.63942828873077]], [[126.91125042908276, 35.60346021301646], [126.91125042908276, 35.60346021301647], [126.91125042908276, 35.60346021301647], [126.91126693924626, 35.60120619690712], [126.91126693924629, 35.60120619690712], [126.91125042908276, 35.60346021301646], [126.91125042908276, 35.60346021301646]], [[126.90844070942818, 35.61020873688042], [126.90844070942818, 35.61020873688042], [126.90844070942818, 35.61020873688042], [126.90845730250327, 35.607954724442415], [126.90845730250327, 35.607954724442415], [126.90844070942818, 35.61020873688042]], [[126.90012652980495, 35.61467581504611], [126.90014335884933, 35.612421807693295], [126.90014335884933, 35.612421807693295], [126.90012652980495, 35.61467581504611], [126.902886857263, 35.61468952632938], [126.902886857263, 35.614689526329386], [126.90012652980495, 35.61467581504611], [126.90012652980495, 35.61467581504611]], [[126.90281983219467, 35.62370555175232], [126.90281983219467, 35.62370555175232], [126.90281983219467, 35.62370555175232], [126.90281983219467, 35.62370555175232], [126.90281983219467, 35.62370555175232]], [[126.90285334844971, 35.61919754074459], [126.90285334844971, 35.61919754074459], [126.90285334844971, 35.61919754074459], [126.90285334844971, 35.61919754074459], [126.90285334844971, 35.61919754074459]], [[126.90559715290642, 35.62146519810849], [126.90561383264975, 35.619211191051214], [126.90561383264975, 35.619211191051214], [126.90559715290642, 35.62146519810849], [126.90559715290642, 35.62146519810849], [126.90559715290642, 35.62146519810849]], [[126.90283659125251, 35.6214515466744], [126.90283659125251, 35.62145154667441], [126.90007603145926, 35.62143783199321], [126.90007603145926, 35.621437831993205], [126.90283659125251, 35.6214515466744], [126.90283659125251, 35.6214515466744], [126.90283659125251, 35.6214515466744]], [[126.90270246667419, 35.63948356344299], [126.90270246667419, 35.63948356344299], [126.90546364826876, 35.63949722389915], [126.90546364826876, 35.63949722389915], [126.90270246667419, 35.63948356344299]], [[126.91111828176182, 35.62149231123487], [126.91111828176182, 35.62149231123487], [126.91387884894606, 35.62150577292684], [126.91387884894606, 35.621505772926845], [126.91111828176182, 35.62149231123487], [126.91111828176182, 35.62149231123487]], [[126.91381304115974, 35.63052180604377], [126.91657392007507, 35.63053520891507], [126.91657392007507, 35.63053520891507], [126.91657392007507, 35.63053520891507], [126.91657392007507, 35.63053520891507], [126.91381304115974, 35.63052180604377], [126.91381304115974, 35.63052180604377], [126.91381304115974, 35.63052180604377], [126.91381304115974, 35.63052180604377]], [[126.91384594870621, 35.626013791188676], [126.91384594870621, 35.626013791188676], [126.91384594870621, 35.626013791188676], [126.91108522658718, 35.62600032727289], [126.91108522658718, 35.62600032727289], [126.91108522658718, 35.62600032727289], [126.91108522658718, 35.62600032727289], [126.91384594870621, 35.626013791188676]], [[126.91376366613653, 35.637283821938325], [126.91652477757077, 35.6372972281305], [126.91652477757077, 35.6372972281305], [126.91376366613653, 35.637283821938325], [126.91376366613653, 35.637283821938325]], [[126.91123391708604, 35.60571422827433], [126.91123391708604, 35.605714228274316], [126.91399394226933, 35.605727682184934], [126.91401037687173, 35.6034736658157], [126.91401037687173, 35.6034736658157], [126.91401037687173, 35.6034736658157], [126.91401037687173, 35.6034736658157], [126.91399394226933, 35.60572768218494], [126.91123391708604, 35.60571422827433]], [[126.9139775058421, 35.6079816977027], [126.91396106758987, 35.61023571236894], [126.91396106758985, 35.61023571236894], [126.9139775058421, 35.6079816977027], [126.9139775058421, 35.6079816977027]], [[126.9224521564307, 35.580973401440986], [126.9224521564307, 35.580973401440986], [126.9196929766706, 35.580960149213574], [126.9196929766706, 35.580960149213574], [126.9224521564307, 35.580973401440986]], [[126.94407354323673, 35.64644386622442], [126.94131210384533, 35.646431088662], [126.94131210384533, 35.646431088662], [126.94407354323673, 35.64644386622442], [126.94407354323673, 35.64644386622442]], [[126.93858220350366, 35.641910225309346], [126.94134348605897, 35.64192306405781], [126.94135917455267, 35.639669050478844], [126.94135917455267, 35.639669050478844], [126.9413748613046, 35.63741503604864], [126.9413748613046, 35.63741503604864], [126.9413748613046, 35.63741503604864], [126.94413599054229, 35.63742780939145], [126.94413599054229, 35.63742780939145], [126.9413748613046, 35.637415036048644], [126.94135917455267, 35.639669050478844], [126.94135917455267, 35.63966905047886], [126.94134348605897, 35.64192306405781], [126.94134348605897, 35.64192306405781], [126.93858220350366, 35.641910225309346], [126.93858220350366, 35.641910225309346]], [[126.94139054631489, 35.63516102076723], [126.94415159803567, 35.63517379305526], [126.94416720379624, 35.63291977586797], [126.94416720379624, 35.63291977586797], [126.94418280782419, 35.63066575782959], [126.94418280782419, 35.63066575782959], [126.9441984101197, 35.628411738940116], [126.9441984101197, 35.628411738940116], [126.9441984101197, 35.628411738940116], [126.94695923107363, 35.62842444479947], [126.94697475415423, 35.62617042400964], [126.94421401068296, 35.62615771919958], [126.94421401068296, 35.62615771919959], [126.94145326894375, 35.62614495113001], [126.94143759089798, 35.62839896981601], [126.94143759089798, 35.62839896981601], [126.94142191111138, 35.63065298765088], [126.94142191111138, 35.63065298765088], [126.94140622958373, 35.632907004634625], [126.94140622958373, 35.632907004634625], [126.94140622958373, 35.63290700463463], [126.93864525711248, 35.63289417012623], [126.9386294963355, 35.635148185198894], [126.9386294963355, 35.635148185198894], [126.9386137338085, 35.637402199420315], [126.9386137338085, 35.637402199420315], [126.9386294963355, 35.635148185198894], [126.9386294963355, 35.635148185198894], [126.93864525711248, 35.63289417012623], [126.93864525711248, 35.63289417012623], [126.93864525711248, 35.63289417012622], [126.94140622958373, 35.632907004634625], [126.94142191111138, 35.63065298765088], [126.94142191111138, 35.63065298765088], [126.94143759089798, 35.628398969816004], [126.94143759089798, 35.628398969816004], [126.94145326894375, 35.62614495113], [126.94421401068296, 35.62615771919958], [126.9442296095142, 35.623903698608025], [126.94146894524886, 35.6238909315929], [126.94146894524886, 35.6238909315929], [126.94146894524886, 35.623890931592896], [126.9442296095142, 35.62390369860802], [126.94424520661357, 35.62164967716546], [126.94424520661357, 35.62164967716546], [126.9442296095142, 35.623903698608025], [126.94699027551137, 35.623916402368835], [126.94699027551137, 35.623916402368835], [126.9497509432318, 35.62392904287521], [126.9497509432318, 35.62392904287522], [126.95251161266688, 35.62394162012705], [126.95252697736925, 35.62168759555259], [126.95252697736925, 35.62168759555259], [126.95254234036575, 35.61943357012733], [126.9497818258538, 35.619420994952925], [126.9497818258538, 35.61942099495292], [126.95254234036575, 35.61943357012732], [126.9525577016566, 35.617179543851265], [126.94979726459333, 35.617166969715484], [126.94979726459333, 35.61716696971548], [126.9525577016566, 35.617179543851265], [126.95257306124198, 35.61492551672444], [126.95257306124198, 35.61492551672444], [126.9525577016566, 35.617179543851265], [126.95531814042536, 35.617192054748045], [126.95533342257046, 35.614938026587865], [126.95533342257049, 35.614938026587865], [126.95533342257049, 35.614938026587865], [126.95533342257046, 35.614938026587865], [126.95531814042536, 35.617192054748045], [126.95807858089101, 35.61720450240568], [126.95807858089101, 35.61720450240568], [126.9608390230449, 35.61721688682405], [126.9608390230449, 35.61721688682406], [126.95807858089101, 35.61720450240568], [126.95807858089101, 35.61720450240568], [126.95531814042539, 35.617192054748045], [126.95530285658339, 35.61944608205751], [126.95530285658339, 35.61944608205751], [126.95528757104432, 35.621700108516215], [126.95528757104432, 35.621700108516215], [126.95527228380801, 35.62395413412419], [126.95251161266688, 35.62394162012705], [126.95249624625848, 35.62619564385066], [126.95249624625848, 35.62619564385066], [126.95249624625848, 35.62619564385066], [126.95249624625848, 35.62619564385066], [126.95251161266688, 35.62394162012705], [126.9497509432318, 35.62392904287522], [126.94973549934893, 35.62618306556004], [126.94973549934893, 35.62618306556004], [126.94973549934893, 35.62618306556004], [126.94697475415423, 35.62617042400964], [126.94695923107363, 35.62842444479947], [126.94695923107363, 35.62842444479947], [126.94695923107363, 35.62842444479948], [126.9441984101197, 35.628411738940116], [126.94418280782419, 35.63066575782959], [126.94694370626941, 35.6306784647383], [126.94694370626941, 35.630678464738295], [126.94970460643846, 35.630691108376915], [126.94972005375122, 35.628437087393955], [126.94972005375122, 35.628437087393955], [126.94972005375122, 35.628437087393955], [126.95248087814382, 35.62844966672342], [126.95248087814382, 35.628449666723434], [126.94972005375122, 35.62843708739396], [126.94970460643846, 35.63069110837692], [126.94970460643846, 35.63069110837692], [126.94968915741049, 35.63294512850893], [126.94968915741049, 35.63294512850893], [126.94967370666711, 35.63519914778993], [126.94967370666711, 35.63519914778993], [126.94965825420812, 35.63745316621995], [126.94965825420813, 35.63745316621995], [126.94964280003335, 35.639707183798926], [126.94964280003335, 35.639707183798926], [126.94964280003335, 35.639707183798926], [126.94965825420812, 35.63745316621995], [126.94965825420812, 35.63745316621995], [126.94967370666711, 35.63519914778994], [126.9469126514893, 35.635186502062886], [126.946897121513, 35.63744051944858], [126.946897121513, 35.63744051944858], [126.9469126514893, 35.635186502062886], [126.94415159803567, 35.635173793055266], [126.94415159803567, 35.635173793055266], [126.94139054631489, 35.63516102076723], [126.94139054631489, 35.63516102076723], [126.94139054631489, 35.63516102076723], [126.94139054631489, 35.63516102076723]], [[126.94151596372232, 35.61712886787534], [126.94151596372232, 35.61712886787534], [126.94150029263797, 35.61938288996556], [126.94150029263797, 35.61938288996556], [126.94151596372232, 35.617128867875344], [126.94151596372232, 35.61712886787534]], [[126.9387712803507, 35.614862018903025], [126.9387555335669, 35.61711604078478], [126.9387555335669, 35.617116040784786], [126.93873978503466, 35.619370061815495], [126.93873978503467, 35.619370061815495], [126.93872403475375, 35.6216240819951], [126.93872403475375, 35.6216240819951], [126.93870828272398, 35.623878101323626], [126.93870828272398, 35.623878101323626], [126.93872403475375, 35.6216240819951], [126.93872403475375, 35.6216240819951], [126.93873978503466, 35.619370061815495], [126.93873978503466, 35.619370061815495], [126.9387555335669, 35.617116040784786], [126.93599510515999, 35.617103150455854], [126.93599510515999, 35.617103150455854], [126.93599510515999, 35.617103150455854], [126.9387555335669, 35.61711604078478], [126.9387712803507, 35.614862018903025], [126.93601092938287, 35.61484912963877], [126.93601092938285, 35.61484912963877], [126.9332505801719, 35.61483617714149], [126.9332346785101, 35.617090196888654], [126.9332346785101, 35.617090196888654], [126.9332505801719, 35.614836177141484], [126.93601092938285, 35.61484912963876], [126.93602675184889, 35.612595107970584], [126.93602675184889, 35.612595107970584], [126.93604257255822, 35.61034108545137], [126.93604257255822, 35.61034108545137], [126.93605839151112, 35.60808706208108], [126.93605839151112, 35.60808706208108], [126.93604257255822, 35.61034108545137], [126.93604257255822, 35.61034108545137], [126.93602675184889, 35.612595107970584], [126.93602675184889, 35.612595107970584], [126.93601092938285, 35.61484912963876], [126.9387712803507, 35.61486201890302], [126.93878702538622, 35.612607996170226], [126.93878702538622, 35.612607996170226], [126.9387712803507, 35.61486201890302], [126.9415316330668, 35.61487484493412], [126.9415316330668, 35.61487484493412], [126.94429198752258, 35.614887607731944], [126.94429198752258, 35.614887607731944], [126.94705234370943, 35.61490030729635], [126.94703682924411, 35.61715433234082], [126.94979726459333, 35.617166969715484], [126.94979726459333, 35.617166969715484], [126.94703682924411, 35.61715433234082], [126.94702131305614, 35.6194083565344], [126.94702131305614, 35.6194083565344], [126.94702131305614, 35.6194083565344], [126.94702131305614, 35.6194083565344], [126.94703682924411, 35.617154332340824], [126.94703682924411, 35.617154332340824], [126.94705234370943, 35.61490030729636], [126.94429198752258, 35.61488760773195], [126.94429198752258, 35.61488760773195], [126.9415316330668, 35.61487484493412], [126.9415316330668, 35.61487484493413], [126.9387712803507, 35.614862018903025]], [[126.93880276867367, 35.61035397258643], [126.93881851021324, 35.60809994815165], [126.93881851021321, 35.60809994815165], [126.9388342500051, 35.60584592286589], [126.93607420870771, 35.605833037859774], [126.93607420870771, 35.605833037859774], [126.9388342500051, 35.60584592286589], [126.9388342500051, 35.60584592286589], [126.9388342500051, 35.60584592286589], [126.93881851021324, 35.60809994815165], [126.93881851021324, 35.60809994815165], [126.93880276867367, 35.610353972586424], [126.93880276867367, 35.610353972586424], [126.93878702538622, 35.61260799617022], [126.94154730067163, 35.612620821141924], [126.94154730067163, 35.612620821141924], [126.93878702538622, 35.61260799617022], [126.93880276867367, 35.61035397258643], [126.93880276867367, 35.61035397258643]], [[126.94432316613954, 35.61037955718831], [126.94156296653696, 35.61036679649879], [126.94156296653696, 35.61036679649878], [126.94432316613954, 35.61037955718831], [126.94432316613954, 35.61037955718831]], [[126.94160995369805, 35.603604717463874], [126.94162561260741, 35.60135068941716], [126.94162561260742, 35.60135068941716], [126.94162561260742, 35.60135068941716], [126.94438550260675, 35.6013634458908], [126.94438550260675, 35.6013634458908], [126.94438550260675, 35.6013634458908], [126.94436992108531, 35.60361747499138], [126.94712989020266, 35.60363016931159], [126.94712989020266, 35.6036301693116], [126.94436992108531, 35.60361747499139], [126.94438550260675, 35.6013634458908], [126.94162561260742, 35.60135068941716], [126.94160995369806, 35.603604717463874], [126.94160995369805, 35.603604717463874], [126.94159429304999, 35.605858744659734], [126.94159429304999, 35.605858744659734], [126.94159429304999, 35.60585874465974], [126.94159429304999, 35.60585874465974], [126.94160995369805, 35.603604717463874], [126.94160995369805, 35.603604717463874]], [[126.91918802196655, 35.65083459308352], [126.91918802196655, 35.65083459308352], [126.91918802196655, 35.65083459308352], [126.91918802196655, 35.65083459308352], [126.91920433797083, 35.648580591538746], [126.91920433797083, 35.648580591538746], [126.91918802196655, 35.65083459308352]], [[126.91090329186162, 35.65079435457706], [126.91090329186162, 35.65079435457706], [126.91091984056561, 35.648540356354424], [126.91091984056561, 35.648540356354424], [126.91091984056561, 35.648540356354424], [126.91090329186162, 35.65079435457706]], [[126.92472734531273, 35.648607098442135], [126.92748885167934, 35.648620256927586], [126.92748885167934, 35.648620256927586], [126.92748885167934, 35.648620256927586], [126.92748885167934, 35.64862025692759], [126.92472734531273, 35.64860709844214], [126.92472734531273, 35.64860709844214], [126.92472734531273, 35.648607098442135]], [[126.92471118444257, 35.65086110217556], [126.924695021778, 35.65311510505725], [126.92469502177798, 35.65311510505725], [126.92471118444257, 35.65086110217556], [126.92471118444257, 35.65086110217556]], [[126.91913906308281, 35.6575965926069], [126.91913906308281, 35.6575965926069], [126.92190087617188, 35.65760988210204], [126.92190087617188, 35.65760988210204], [126.91913906308281, 35.6575965926069]], [[126.92506630942077, 35.60127282333896], [126.92506630942077, 35.60127282333896], [126.92508243086353, 35.59901880087401], [126.9223226305921, 35.59900560307983], [126.9223226305921, 35.599005603079824], [126.92508243086353, 35.599018800874006], [126.9278422329248, 35.59903193547225], [126.92785827520812, 35.59677791107104], [126.92509855051644, 35.596764777557894], [126.92509855051644, 35.596764777557894], [126.92785827520812, 35.59677791107104], [126.92785827520812, 35.59677791107104], [126.92785827520812, 35.59677791107104], [126.9278422329248, 35.59903193547225], [126.93060203676733, 35.59904500687439], [126.93060203676733, 35.59904500687439], [126.93060203676733, 35.59904500687439], [126.93060203676733, 35.5990450068744], [126.9278422329248, 35.59903193547225], [126.9278422329248, 35.59903193547225], [126.92508243086353, 35.59901880087401], [126.92506630942077, 35.60127282333896]], [[126.93063396482201, 35.594536955061216], [126.93064992619082, 35.59228292787809], [126.93064992619082, 35.59228292787809], [126.93340949972189, 35.592295932860246], [126.93340949972189, 35.592295932860246], [126.93064992619082, 35.59228292787809], [126.93063396482201, 35.594536955061216], [126.93063396482201, 35.594536955061216], [126.9306180016809, 35.596790981393326], [126.93337772992614, 35.5968039885246], [126.93337772992614, 35.596803988524606], [126.9306180016809, 35.59679098139333], [126.9306180016809, 35.596790981393326], [126.9306180016809, 35.596790981393326], [126.93063396482201, 35.594536955061216], [126.92787431571038, 35.59452388581874], [126.92787431571038, 35.59452388581874], [126.93063396482201, 35.594536955061216]], [[126.92511466837968, 35.59451075339063], [126.92511466837968, 35.59451075339063], [126.92787431571038, 35.59452388581874], [126.9278903544318, 35.59226985971537], [126.92790639137253, 35.590015832761], [126.92790639137256, 35.590015832761], [126.92790639137256, 35.59001583276099], [126.92790639137256, 35.59001583276099], [126.9278903544318, 35.59226985971537], [126.9278903544318, 35.59226985971537], [126.92787431571038, 35.59452388581874], [126.92511466837968, 35.59451075339063]], [[126.9251630112335, 35.587748675782215], [126.92514689873799, 35.59000270250277], [126.92514689873799, 35.59000270250277], [126.9251630112335, 35.587748675782215], [126.92240359772302, 35.587735483439], [126.92240359772302, 35.587735483439], [126.9251630112335, 35.587748675782215], [126.9279224265328, 35.58776180495557], [126.92793845991282, 35.58550777629917], [126.92517912194012, 35.5854946482106], [126.92517912194012, 35.5854946482106], [126.92793845991282, 35.58550777629917], [126.92795449151274, 35.583253746791804], [126.92795449151274, 35.583253746791804], [126.92795449151274, 35.583253746791804], [126.92795449151274, 35.583253746791804], [126.92793845991282, 35.58550777629917], [126.9306977996656, 35.585520841222966], [126.9306977996656, 35.585520841222966], [126.9306818436124, 35.58777487095895], [126.9306818436124, 35.58777487095895], [126.9306818436124, 35.58777487095895], [126.9279224265328, 35.58776180495557], [126.9279224265328, 35.58776180495558], [126.9251630112335, 35.587748675782215]], [[126.9252113379876, 35.580986590514335], [126.9252113379876, 35.580986590514335], [126.9251952308581, 35.58324061978796], [126.9251952308581, 35.58324061978796], [126.9252113379876, 35.580986590514335]], [[126.92498567535222, 35.61254292289536], [126.92498567535222, 35.61254292289536], [126.92774594181128, 35.6125560640054], [126.92774594181128, 35.6125560640054], [126.93050621005283, 35.61256914188805], [126.93052218560541, 35.61031512151362], [126.93052218560541, 35.61031512151362], [126.93052218560541, 35.61031512151362], [126.93052218560541, 35.61031512151362], [126.93050621005283, 35.61256914188806], [126.93326648006823, 35.61258215654317], [126.93326648006823, 35.61258215654317], [126.93050621005283, 35.61256914188806], [126.93049023272637, 35.61482316141132], [126.92772988705494, 35.61481008244838], [126.92772988705494, 35.61481008244838], [126.92772988705494, 35.61481008244838], [126.92774594181128, 35.6125560640054], [126.92498567535222, 35.61254292289536]], [[126.93033036185601, 35.637363309823506], [126.93034635693196, 35.6351092988134], [126.93034635693196, 35.6351092988134], [126.93033036185601, 35.637363309823506], [126.93033036185601, 35.637363309823506]], [[126.92760138481175, 35.63284219934445], [126.93036235023207, 35.63285528695186], [126.93037834175654, 35.63060127423893], [126.92761745383494, 35.63058818771229], [126.92761745383494, 35.630588187712284], [126.93037834175654, 35.63060127423892], [126.93037834175654, 35.63060127423892], [126.93313923145358, 35.63061429749622], [126.9331551437123, 35.62836028285647], [126.9331551437123, 35.628360282856455], [126.93317105420435, 35.626106267365394], [126.93041031947932, 35.62609324625899], [126.93039433150555, 35.62834726067462], [126.93039433150555, 35.62834726067462], [126.93041031947932, 35.62609324625898], [126.93041031947932, 35.62609324625898], [126.93041031947932, 35.62609324625898], [126.93317105420435, 35.62610626736539], [126.93318696292997, 35.62385225102305], [126.93318696292997, 35.62385225102305], [126.93317105420435, 35.62610626736539], [126.93317105420435, 35.62610626736539], [126.9331551437123, 35.628360282856455], [126.9331551437123, 35.628360282856455], [126.93313923145358, 35.63061429749622], [126.93313923145358, 35.63061429749622], [126.93312331742803, 35.6328683112847], [126.93588428639104, 35.63288127234288], [126.93588428639104, 35.63288127234288], [126.93588428639104, 35.63288127234288], [126.93312331742803, 35.63286831128471], [126.93310740163544, 35.63512232422185], [126.93310740163544, 35.63512232422185], [126.93312331742803, 35.63286831128471], [126.93036235023207, 35.63285528695186], [126.93034635693196, 35.6351092988134], [126.93034635693196, 35.6351092988134], [126.93036235023207, 35.63285528695186], [126.92760138481175, 35.63284219934445], [126.92760138481175, 35.63284219934445]], [[126.92214434460577, 35.62379979137748], [126.92490499650734, 35.6238130011691], [126.92490499650734, 35.6238130011691], [126.92490499650734, 35.6238130011691], [126.92488885536302, 35.62606701426966], [126.92488885536302, 35.62606701426966], [126.92488885536302, 35.62606701426966], [126.92490499650734, 35.6238130011691], [126.92214434460577, 35.62379979137748], [126.92214434460577, 35.62379979137748]], [[126.92758531400432, 35.635096210125155], [126.92760138481175, 35.63284219934445], [126.92484042117569, 35.632829048462625], [126.92482427286114, 35.635083058157285], [126.92482427286114, 35.635083058157285], [126.92484042117569, 35.63282904846262], [126.92484042117569, 35.63282904846262], [126.92485656769739, 35.630575037916465], [126.92485656769739, 35.630575037916465], [126.92484042117569, 35.63282904846262], [126.92760138481175, 35.63284219934445], [126.92758531400432, 35.635096210125155], [126.92758531400432, 35.635096210125155]], [[126.92459800809561, 35.66663910446063], [126.92459800809561, 35.66663910446063], [126.92736013524244, 35.66665227163953], [126.92736013524244, 35.66665227163953], [126.92459800809561, 35.66663910446063]], [[126.92463035317104, 35.66213110806669], [126.92463035317104, 35.66213110806669], [126.92463035317104, 35.66213110806669], [126.92186838306641, 35.66211787971927], [126.92186838306641, 35.66211787971926], [126.92463035317104, 35.66213110806669]], [[126.93891292275607, 35.59457578367345], [126.93892865206595, 35.5923217532824], [126.93892865206595, 35.5923217532824], [126.93891292275607, 35.59457578367345], [126.93615326835342, 35.59456290398869], [126.93615326835342, 35.59456290398869], [126.93891292275607, 35.59457578367345]], [[126.93345714118983, 35.58553384298189], [126.93344126246369, 35.587787873792216], [126.93344126246369, 35.587787873792216], [126.93345714118983, 35.58553384298189], [126.93345714118983, 35.58553384298189]], [[126.93342538197444, 35.59004190375169], [126.93344126246369, 35.587787873792216], [126.93344126246369, 35.587787873792216], [126.93342538197444, 35.59004190375169], [126.93342538197444, 35.59004190375169]], [[126.93896010544694, 35.58781368994789], [126.93896010544694, 35.58781368994789], [126.93620068307807, 35.58780081345525], [126.93620068307807, 35.58780081345525], [126.93896010544694, 35.58781368994789]], [[126.93618487992461, 35.5900548444839], [126.93616907501647, 35.592308874661725], [126.93616907501647, 35.592308874661725], [126.93616907501647, 35.592308874661725], [126.93618487992461, 35.59005484448391], [126.93342538197444, 35.5900419037517], [126.93342538197444, 35.59004190375169], [126.93618487992461, 35.5900548444839]], [[126.94145326894375, 35.62614495113], [126.93869252894518, 35.62613211980103], [126.93869252894518, 35.62613211980103], [126.93593179069585, 35.62611922521277], [126.9359159576857, 35.62837324177404], [126.93591595768567, 35.62837324177404], [126.93591595768567, 35.628373241774035], [126.93591595768567, 35.628373241774035], [126.93593179069583, 35.62611922521277], [126.93593179069585, 35.62611922521277], [126.93594762194815, 35.62386520780029], [126.93594762194815, 35.62386520780029], [126.93593179069585, 35.62611922521277], [126.93869252894518, 35.62613211980103], [126.93869252894518, 35.62613211980103], [126.94145326894375, 35.62614495113], [126.94145326894375, 35.62614495113]], [[126.93047425362589, 35.617077180083356], [126.93047425362589, 35.617077180083356], [126.93047425362589, 35.617077180083356], [126.93047425362589, 35.617077180083356], [126.93047425362589, 35.617077180083356]], [[126.93329827456527, 35.60807411279317], [126.93329827456527, 35.60807411279317], [126.93329827456527, 35.60807411279317], [126.93605839151112, 35.60808706208108], [126.93605839151112, 35.60808706208108], [126.93329827456527, 35.60807411279317]], [[126.93597927918003, 35.6193571704218], [126.93597927918003, 35.61935717042181], [126.93321877508265, 35.61934421578467], [126.93320286988934, 35.62159823382947], [126.93320286988934, 35.62159823382947], [126.93320286988934, 35.62159823382947], [126.93321877508265, 35.61934421578467], [126.93045827275114, 35.61933119790418], [126.93045827275114, 35.619331197904174], [126.93045827275114, 35.619331197904174], [126.93045827275114, 35.619331197904174], [126.93321877508265, 35.619344215784665], [126.93321877508265, 35.619344215784665], [126.93597927918003, 35.6193571704218], [126.93597927918003, 35.6193571704218], [126.93597927918003, 35.6193571704218]], [[126.93309148407562, 35.637376336307625], [126.93310740163544, 35.63512232422185], [126.93310740163544, 35.63512232422185], [126.93309148407562, 35.637376336307625], [126.93309148407562, 35.637376336307625]], [[126.9386610161396, 35.63064015420235], [126.9386610161396, 35.63064015420235], [126.9386610161396, 35.63064015420235], [126.93590012291749, 35.630627257484086], [126.93590012291749, 35.630627257484086], [126.9386610161396, 35.63064015420235], [126.9386610161396, 35.63064015420235]], [[126.93859796953127, 35.63965621279048], [126.93859796953127, 35.63965621279048], [126.93859796953127, 35.63965621279048], [126.93859796953127, 35.63965621279048], [126.93859796953127, 35.63965621279048]], [[126.93291627422322, 35.66217041305501], [126.93291627422322, 35.66217041305501], [126.93291627422322, 35.662170413055016], [126.93291627422322, 35.662170413055016], [126.93290033544113, 35.664424414922685], [126.93290033544113, 35.664424414922685], [126.93291627422322, 35.66217041305501]], [[126.93288439488921, 35.66667841593873], [126.93290033544113, 35.66442441492269], [126.93290033544113, 35.66442441492269], [126.93288439488921, 35.66667841593873], [126.93288439488921, 35.66667841593873]], [[126.96086927589347, 35.612708825551096], [126.96086927589347, 35.612708825551096], [126.96086927589347, 35.612708825551096], [126.95810898861224, 35.612696443178464], [126.95810898861224, 35.612696443178464], [126.96086927589347, 35.612708825551096]], [[126.94706785645228, 35.61264628140102], [126.94705234370943, 35.61490030729635], [126.94705234370943, 35.61490030729635], [126.94706785645228, 35.61264628140102], [126.94706785645228, 35.61264628140102]], [[126.94708336747283, 35.610392254654876], [126.94984357052819, 35.61040488889834], [126.94984357052819, 35.61040488889834], [126.94708336747283, 35.610392254654876], [126.94706785645228, 35.61264628140102], [126.94706785645228, 35.61264628140102], [126.94708336747283, 35.610392254654876]], [[126.94982813693034, 35.612658916688176], [126.94981270161877, 35.614912943627225], [126.94981270161877, 35.614912943627225], [126.94982813693034, 35.612658916688176], [126.94982813693034, 35.612658916688176]], [[126.95542507981733, 35.60141383976324], [126.9554403500896, 35.59915980564876], [126.9554403500896, 35.59915980564876], [126.95542507981733, 35.60141383976324], [126.95542507981733, 35.60141383976324]], [[126.94709887677126, 35.608138227057914], [126.94711438434783, 35.60588419861014], [126.94711438434783, 35.60588419861014], [126.94709887677126, 35.60813822705791], [126.94709887677129, 35.60813822705791], [126.94708336747283, 35.610392254654876], [126.94708336747283, 35.610392254654876], [126.94709887677126, 35.608138227057914], [126.94709887677126, 35.608138227057914]], [[126.95261912976713, 35.60816343023961], [126.95261912976713, 35.608163430239614], [126.94985900241255, 35.60815086025776], [126.94985900241255, 35.608150860257744], [126.95261912976713, 35.60816343023961]], [[126.95527228380801, 35.62395413412419], [126.95803295664658, 35.62396658486653], [126.95803295664658, 35.62396658486654], [126.95527228380801, 35.6239541341242], [126.95527228380801, 35.62395413412419]], [[126.95524170424285, 35.628462182787764], [126.95524170424285, 35.62846218278777], [126.95248087814382, 35.62844966672342], [126.95248087814382, 35.62844966672342], [126.95524170424285, 35.628462182787764]], [[126.95243476356055, 35.63521173023632], [126.95243476356055, 35.63521173023632], [126.95245013679505, 35.63295770991628], [126.95245013679505, 35.632957709916276], [126.95245013679505, 35.632957709916276], [126.95243476356055, 35.63521173023632]], [[126.94686605638702, 35.641948551666694], [126.94686605638702, 35.641948551666694], [126.94962734414254, 35.64196120052686], [126.94962734414254, 35.641961200526865], [126.94686605638702, 35.641948551666694]], [[126.94412038131591, 35.63968182487646], [126.9468815898123, 35.6396945359832], [126.9468815898123, 35.63969453598321], [126.94412038131591, 35.63968182487646], [126.94412038131591, 35.63968182487646]], [[126.96073308515514, 35.63299507448437], [126.96074822418089, 35.63074105022784], [126.96074822418089, 35.63074105022784], [126.96073308515514, 35.63299507448437], [126.96073308515514, 35.63299507448437]], [[126.9608995220248, 35.60820076087595], [126.9608843997987, 35.61045479363879], [126.9608843997987, 35.61045479363879], [126.9608995220248, 35.60820076087595], [126.9608995220248, 35.60820076087595]], [[126.96082389410121, 35.61947091618464], [126.96082389410121, 35.61947091618464], [126.96082389410121, 35.61947091618464], [126.96082389410121, 35.61947091618464], [126.96082389410121, 35.61947091618464]], [[126.96622508610932, 35.63752771783978], [126.96622508610932, 35.63752771783978], [126.96346394324853, 35.63751545078572], [126.96346394324853, 35.63751545078572], [126.96622508610932, 35.63752771783978], [126.96624007346057, 35.63527369325366], [126.96624007346057, 35.63527369325366], [126.96624007346057, 35.63527369325366], [126.96622508610932, 35.63752771783978], [126.96622508610932, 35.63752771783978]], [[126.96347900811818, 35.635261427212555], [126.96347900811818, 35.635261427212555], [126.96071794444842, 35.63524909789014], [126.96071794444842, 35.63524909789014], [126.96347900811818, 35.635261427212555]]], [[[126.77644126620606, 35.555390361702315], [126.77368304366023, 35.55537377759824], [126.77366270969264, 35.55762774857929], [126.77366270969264, 35.55762774857929], [126.77364237346737, 35.55988171870588], [126.77640075042726, 35.559898305551684], [126.77642100944124, 35.5576443340542], [126.77642100944124, 35.5576443340542], [126.77644126620606, 35.555390361702315]]], [[[126.77917931143897, 35.55766085643509], [126.77919949100081, 35.55540688271759], [126.77644126620606, 35.555390361702315], [126.77642100944124, 35.5576443340542], [126.77917931143897, 35.55766085643509]]], [[[126.77633995988805, 35.566660214917505], [126.77909857078343, 35.566676742761636], [126.77911875930903, 35.56442277246157], [126.77911875930903, 35.56442277246157], [126.77913894559332, 35.562168801307116], [126.77913894559332, 35.562168801307116], [126.77915912963654, 35.55991482929828], [126.77640075042726, 35.559898305551684], [126.7763804891639, 35.56215227619475], [126.77362203498411, 35.56213568797795], [126.77360169424269, 35.56438965639549], [126.77360169424269, 35.56438965639549], [126.7735813512428, 35.5666436239585], [126.77633995988805, 35.5666602149175], [126.77633995988805, 35.566660214917505]]], [[[126.78189740426379, 35.56218526331488], [126.77913894559332, 35.56216880130712], [126.77911875930903, 35.56442277246157], [126.78187729520847, 35.564439235829965], [126.78189740426379, 35.56218526331488]]], [[[126.77356100598419, 35.56889759066694], [126.77631969187505, 35.568914182997155], [126.77631969187505, 35.568914182997155], [126.77907838001629, 35.56893071220728], [126.77909857078343, 35.566676742761636], [126.77633995988805, 35.566660214917505], [126.77633995988805, 35.566660214917505], [126.7735813512428, 35.566643623958505], [126.7735813512428, 35.566643623958505], [126.77082274485623, 35.56662696988481], [126.7708023223523, 35.56888093521681], [126.77356100598419, 35.56889759066694], [126.77356100598419, 35.56889759066694]]], [[[126.77347960235764, 35.57791344895452], [126.77072060965857, 35.57789678799791], [126.77070017581441, 35.58015074905633], [126.7734592458017, 35.580167411389745], [126.77347960235764, 35.57791344895452]]], [[[126.78443539270945, 35.586995327805994], [126.78445544678837, 35.58474136247901], [126.78169621320745, 35.5847249500185], [126.78167608181354, 35.58697891398932], [126.78443539270945, 35.586995327805994]]], [[[126.77337779697326, 35.58918325258329], [126.77061841774722, 35.589166584741896], [126.77059797255652, 35.59142054152613], [126.77335742911372, 35.59143721074472], [126.77611688793236, 35.59145381679121], [126.77611688793236, 35.591453816791216], [126.77887634900392, 35.59147035966545], [126.77889656220046, 35.5892163987653], [126.77889656220046, 35.5892163987653], [126.77887634900392, 35.59147035966545], [126.77887634900392, 35.59147035966545], [126.77885613356312, 35.593724319710915], [126.78161567421948, 35.593740800774334], [126.78161567421948, 35.59374080077434], [126.78437521711182, 35.59375721865995], [126.78439527787143, 35.591503255896484], [126.78163581231982, 35.59148683936726], [126.78163581231982, 35.591486839367256], [126.78163581231982, 35.591486839367256], [126.78165594818442, 35.58923287710558], [126.78165594818442, 35.58923287710558], [126.78167608181354, 35.58697891398932], [126.77891677315289, 35.5869624370105], [126.77891677315289, 35.5869624370105], [126.77615746673604, 35.586945896869686], [126.77615746673604, 35.586945896869686], [126.77339816257158, 35.58692929356705], [126.77337779697326, 35.58918325258329]]], [[[126.77333705899267, 35.59369116805133], [126.7760965951513, 35.593707775469866], [126.7760965951513, 35.593707775469866], [126.7788561335631, 35.593724319710915], [126.77887634900392, 35.59147035966545], [126.77611688793236, 35.591453816791216], [126.77611688793236, 35.591453816791216], [126.77335742911369, 35.59143721074472], [126.77333705899267, 35.59369116805133]]], [[[126.78991421564747, 35.591535899436494], [126.78715474565017, 35.59151960925294], [126.78715474565017, 35.59151960925295], [126.78439527787143, 35.591503255896484], [126.78437521711182, 35.59375721865995], [126.78713476223155, 35.593773573367585], [126.78713476223155, 35.593773573367585], [126.78989430957009, 35.59378986489707], [126.78991421564747, 35.591535899436494]]], [[[126.7963393599375, 35.48788483294676], [126.79358343398297, 35.48786873046363], [126.79356370625725, 35.49012273653861], [126.79631970915958, 35.49013884035387], [126.79631970915958, 35.49013884035387], [126.79907571424374, 35.49015488123029], [126.79907571424374, 35.49015488123029], [126.79631970915958, 35.49013884035387], [126.79630005619984, 35.49239284690783], [126.79905613824057, 35.492408889111246], [126.79905613824057, 35.492408889111246], [126.80181222245483, 35.49242486837046], [126.80183172150119, 35.49017085916771], [126.80183172150119, 35.49017085916771], [126.80185121838278, 35.48791684911194], [126.80185121838278, 35.48791684911194], [126.80187071309986, 35.485662838203176], [126.80187071309986, 35.485662838203176], [126.8018902056527, 35.48340882644143], [126.79913442921445, 35.48339285246897], [126.79911485973042, 35.48564686290913], [126.79911485973042, 35.48564686290913], [126.79635900853381, 35.48563082468649], [126.79635900853381, 35.48563082468649], [126.79360315951853, 35.485614723535434], [126.79358343398297, 35.48786873046363], [126.7963393599375, 35.48788483294676], [126.7963393599375, 35.48788483294676]]], [[[126.79624108422719, 35.499154861450414], [126.79622142253767, 35.50140886459144], [126.79897781249018, 35.50142491210361], [126.79897781249018, 35.50142491210361], [126.79897781249018, 35.50142491210361], [126.79895822561693, 35.50367891571872], [126.79895822561693, 35.50367891571873], [126.79895822561693, 35.50367891571873], [126.79620175866513, 35.50366286687919], [126.7961820926093, 35.505916868313626], [126.7961820926093, 35.505916868313626], [126.79616242436992, 35.508170868894716], [126.79616242436992, 35.508170868894716], [126.79614275394675, 35.51042486862246], [126.79889945194776, 35.51044092144453], [126.79889945194776, 35.51044092144453], [126.80165615212421, 35.510456911280734], [126.80165615212421, 35.510456911280734], [126.80441285446761, 35.510472838130916], [126.80443229381518, 35.50821883443604], [126.80443229381518, 35.50821883443604], [126.80441285446761, 35.51047283813091], [126.80441285446761, 35.510472838130916], [126.80439341296166, 35.51272684097262], [126.80715019449764, 35.512742706148636], [126.80715019449764, 35.512742706148636], [126.80715019449764, 35.512742706148636], [126.80439341296166, 35.51272684097262], [126.8043739692971, 35.51498084296114], [126.80713082787587, 35.51499670944926], [126.80711145910378, 35.51725071189675], [126.80986839688441, 35.517266516695074], [126.80986839688441, 35.51726651669508], [126.80711145910378, 35.51725071189676], [126.8070920881812, 35.51950471349107], [126.8070920881812, 35.51950471349107], [126.8070920881812, 35.51950471349107], [126.80711145910378, 35.51725071189676], [126.80711145910378, 35.51725071189676], [126.80713082787587, 35.514996709449264], [126.8043739692971, 35.51498084296114], [126.80435452347369, 35.51723484409644], [126.80435452347369, 35.51723484409644], [126.80435452347369, 35.51723484409645], [126.80159759000271, 35.51721891329433], [126.80159759000271, 35.51721891329433], [126.79884065869936, 35.51720291949055], [126.79882105659784, 35.5194569171325], [126.80157806496057, 35.519472912258934], [126.80157806496057, 35.51947291225894], [126.80155853775055, 35.52172691037022], [126.8043156253494, 35.52174284380733], [126.80433507549122, 35.51948884437853], [126.80433507549122, 35.51948884437852], [126.80433507549122, 35.51948884437852], [126.8043156253494, 35.52174284380733], [126.8070727151078, 35.5217587142322], [126.8070727151078, 35.5217587142322], [126.80982980701721, 35.52177452164468], [126.80982980701721, 35.52177452164468], [126.8125869010691, 35.521790266044604], [126.8125869010691, 35.521790266044604], [126.81534399725486, 35.52180594743182], [126.81536313912149, 35.519551942785], [126.81536313912149, 35.519551942785], [126.81538227886303, 35.51729793728517], [126.812625336807, 35.51728225849127], [126.80986839688441, 35.517266516695074], [126.8098876886049, 35.515012512940615], [126.80713082787587, 35.51499670944926], [126.80713082787587, 35.51499670944926], [126.8098876886049, 35.515012512940615], [126.8098876886049, 35.515012512940615], [126.81264455147569, 35.515028253435055], [126.81266376401119, 35.51277424752585], [126.81266376401119, 35.51277424752585], [126.81268297441373, 35.510520240763675], [126.8099262656209, 35.510504502872536], [126.8099262656209, 35.510504502872536], [126.80716955896936, 35.5104887019949], [126.80716955896936, 35.5104887019949], [126.8099262656209, 35.510504502872536], [126.8099262656209, 35.510504502872536], [126.81268297441373, 35.510520240763675], [126.81268297441373, 35.510520240763675], [126.81268297441373, 35.510520240763675], [126.81266376401119, 35.512774247525854], [126.81266376401119, 35.512774247525854], [126.81264455147569, 35.515028253435055], [126.8098876886049, 35.515012512940615], [126.80986839688441, 35.517266516695074], [126.812625336807, 35.51728225849127], [126.812625336807, 35.51728225849127], [126.81538227886303, 35.51729793728517], [126.81540141647967, 35.515043930932414], [126.81815828360827, 35.51505954543254], [126.81817734205656, 35.512805536935595], [126.81817734205656, 35.51280553693559], [126.81819639838899, 35.51055152758581], [126.81819639838899, 35.51055152758581], [126.81821545260583, 35.50829751738323], [126.81545881658273, 35.50828190675669], [126.81543968533929, 35.51053591566815], [126.81543968533929, 35.51053591566815], [126.81545881658273, 35.508281906756686], [126.81270218268358, 35.50826623314854], [126.81270218268358, 35.50826623314854], [126.80994555091692, 35.50825049655895], [126.80994555091692, 35.50825049655895], [126.80996483407188, 35.50599648939237], [126.80996483407188, 35.50599648939237], [126.80998411508604, 35.503742481372825], [126.80722763948657, 35.50372668441522], [126.80722763948657, 35.50372668441521], [126.80998411508604, 35.50374248137281], [126.81000339395968, 35.50148847250031], [126.81000339395968, 35.50148847250031], [126.80998411508604, 35.50374248137281], [126.80998411508604, 35.503742481372825], [126.80996483407188, 35.50599648939235], [126.80996483407188, 35.50599648939236], [126.80994555091692, 35.508250496558944], [126.81270218268358, 35.50826623314854], [126.81270218268358, 35.50826623314854], [126.81545881658273, 35.50828190675668], [126.81547794570227, 35.506027896992364], [126.81547794570227, 35.506027896992364], [126.81547794570227, 35.506027896992364], [126.81823450470728, 35.50604350632784], [126.81825355469358, 35.50378949441973], [126.81825355469358, 35.50378949441973], [126.81827260256497, 35.501535481658856], [126.81551619757046, 35.50151987490527], [126.81551619757046, 35.50151987490527], [126.81551619757046, 35.50151987490527], [126.81553532031963, 35.49926586258253], [126.81277899444054, 35.49925019415902], [126.81277899444054, 35.49925019415902], [126.81553532031963, 35.49926586258253], [126.81555444094579, 35.49701184940703], [126.81555444094579, 35.49701184940703], [126.81557355944923, 35.4947578353788], [126.81281738752891, 35.494742169547166], [126.81279819205037, 35.496996182279496], [126.81279819205037, 35.496996182279496], [126.81279819205037, 35.496996182279496], [126.8100419452862, 35.496980452196546], [126.81006121773962, 35.49472644076535], [126.80730505008992, 35.49471064903346], [126.80730505008992, 35.49471064903346], [126.80454888458839, 35.49469479435169], [126.80452945818597, 35.49694880316503], [126.80452945818594, 35.49694880316503], [126.80454888458839, 35.49469479435169], [126.80456830883409, 35.492440784685314], [126.80181222245483, 35.49242486837047], [126.8017927212435, 35.49467887672017], [126.79903656006388, 35.494662896139076], [126.79903656006388, 35.494662896139076], [126.79903656006388, 35.494662896139076], [126.8017927212435, 35.494678876720165], [126.80181222245483, 35.49242486837047], [126.79905613824057, 35.49240888911126], [126.79905613824057, 35.49240888911126], [126.79630005619984, 35.49239284690783], [126.79628040105803, 35.494646852608575], [126.79628040105803, 35.494646852608575], [126.79626074373388, 35.49690085745611], [126.79626074373388, 35.49690085745611], [126.79624108422719, 35.499154861450414], [126.79624108422719, 35.499154861450414]], [[126.80167566849724, 35.508202908903044], [126.80167566849724, 35.50820290890303], [126.79891904534595, 35.5081869203892], [126.79891904534595, 35.5081869203892], [126.80167566849724, 35.50820290890303], [126.80169518270357, 35.50594890567211], [126.80169518270357, 35.50594890567211], [126.80171469474345, 35.50369490158801], [126.80171469474345, 35.50369490158801], [126.80169518270357, 35.50594890567211], [126.80169518270357, 35.50594890567212], [126.80167566849724, 35.50820290890303], [126.80443229381518, 35.508218834436036], [126.80443229381518, 35.50821883443604], [126.80167566849724, 35.508202908903044]], [[126.80445173100463, 35.50596482988802], [126.80445173100463, 35.50596482988802], [126.80445173100463, 35.505964829888015], [126.80445173100463, 35.505964829888015], [126.80720828146357, 35.50598069112815], [126.80720828146357, 35.50598069112815], [126.80720828146357, 35.50598069112815], [126.80718892129126, 35.50823469698806], [126.80718892129126, 35.50823469698806], [126.80718892129126, 35.50823469698807], [126.80718892129126, 35.50823469698807], [126.80720828146357, 35.50598069112816], [126.80445173100463, 35.50596482988802]], [[126.80722763948657, 35.50372668441521], [126.80724699536047, 35.501472676849254], [126.80724699536047, 35.501472676849254], [126.80722763948657, 35.50372668441521], [126.80722763948657, 35.50372668441521]], [[126.80452945818594, 35.49694880316504], [126.80451002962661, 35.49920281112538], [126.80726634908547, 35.49921866843028], [126.80728570066188, 35.496964659158344], [126.8072857006619, 35.496964659158344], [126.80726634908547, 35.49921866843029], [126.80726634908547, 35.49921866843029], [126.80724699536044, 35.50147267684925], [126.80724699536044, 35.50147267684925], [126.80726634908547, 35.49921866843028], [126.80451002962661, 35.49920281112538], [126.80452945818594, 35.49694880316504], [126.80452945818594, 35.49694880316504]], [[126.80451002962661, 35.499202811125386], [126.8017537123249, 35.49918689086034], [126.8017537123249, 35.49918689086033], [126.80451002962661, 35.49920281112538], [126.80451002962661, 35.499202811125386]], [[126.80449059891009, 35.50145681823267], [126.8044711660362, 35.5037108244869], [126.8044711660362, 35.5037108244869], [126.80449059891009, 35.501456818232676], [126.80449059891009, 35.501456818232676], [126.80449059891009, 35.50145681823267], [126.80449059891009, 35.50145681823267]], [[126.81002267069296, 35.499234462774886], [126.81002267069296, 35.499234462774886], [126.8100419452862, 35.49698045219655], [126.8100419452862, 35.49698045219655], [126.81002267069296, 35.49923446277488], [126.81002267069296, 35.49923446277488], [126.81000339395968, 35.50148847250031], [126.81000339395965, 35.50148847250031], [126.81002267069296, 35.499234462774886]], [[126.81542055197168, 35.512789923726736], [126.81543968533929, 35.51053591566816], [126.81543968533929, 35.51053591566816], [126.81542055197168, 35.512789923726736], [126.81542055197168, 35.512789923726736]]], [[[126.80705333988341, 35.52401271412013], [126.80703396250775, 35.526266713154804], [126.80703396250775, 35.526266713154804], [126.80701458298061, 35.528520711336235], [126.80977190614739, 35.528536522670485], [126.80979120858021, 35.52628252318173], [126.80979120858021, 35.52628252318173], [126.80981050887006, 35.524028522839785], [126.80981050887006, 35.524028522839785], [126.80982980701721, 35.52177452164468], [126.8070727151078, 35.521758714232206], [126.8070727151078, 35.521758714232206], [126.8043156253494, 35.52174284380734], [126.80429617304802, 35.52399684238287], [126.80705333988341, 35.52401271412013]]], [[[126.80120667698667, 35.562298730426534], [126.80122624325993, 35.56004474767927], [126.79846784636418, 35.56002872873236], [126.79844820286883, 35.56228271015557], [126.80120667698667, 35.562298730426534]]], [[[126.80382866931778, 35.578092552149116], [126.80106965223091, 35.57807658575017], [126.80105006857106, 35.58033056166653], [126.80380916294885, 35.58034652938489], [126.80382866931778, 35.578092552149116]]], [[[126.80380916294885, 35.58034652938489], [126.80105006857106, 35.580330561666536], [126.80103048273675, 35.58258453672891], [126.80103048273675, 35.58258453672891], [126.80101089472781, 35.5848385109373], [126.80377014371328, 35.58485448129471], [126.8037896544141, 35.58260050576676], [126.8037896544141, 35.58260050576676], [126.80380916294885, 35.58034652938489]]], [[[126.78993411951491, 35.58928193312154], [126.78991421564747, 35.591535899436494], [126.78991421564747, 35.591535899436494], [126.78989430957009, 35.59378986489706], [126.79265385911884, 35.593806093248276], [126.79265385911884, 35.593806093248276], [126.79541341086923, 35.59382225842102], [126.79541341086923, 35.59382225842102], [126.79817296481266, 35.59383836041513], [126.79819263886489, 35.59158439094802], [126.79819263886489, 35.59158439094802], [126.7982123107329, 35.58933042062676], [126.7982123107329, 35.58933042062676], [126.79819263886489, 35.591584390948015], [126.79819263886489, 35.59158439094802], [126.79817296481266, 35.59383836041513], [126.80093252094055, 35.59385439923046], [126.80095211765057, 35.59160042843828], [126.80095211765057, 35.59160042843828], [126.80097171218497, 35.589346456792015], [126.7982123107329, 35.58933042062676], [126.79823198041694, 35.58707644945134], [126.79547265847366, 35.58706035144789], [126.79547265847366, 35.58706035144789], [126.79271333872268, 35.58704419028146], [126.79269351438928, 35.58929815879136], [126.79269351438928, 35.58929815879136], [126.79269351438928, 35.58929815879136], [126.78993411951491, 35.58928193312154]]], [[[126.80347722310684, 35.61866401172758], [126.80623763491444, 35.61867993865063], [126.80623763491444, 35.61867993865063], [126.8089980488834, 35.61869580233698], [126.80901743722981, 35.61644183699501], [126.8062571006983, 35.61642597461886], [126.8062571006983, 35.61642597461886], [126.8034967663279, 35.616410049011265], [126.80347722310684, 35.61866401172758]]], [[[126.80619869686244, 35.62318786415144], [126.80619869686244, 35.62318786415144], [126.80895926573207, 35.62320373045843], [126.80895926573207, 35.623203730458435], [126.80895926573207, 35.623203730458435], [126.80893987092666, 35.62545769323788], [126.81170051941301, 35.62547349760276], [126.81171983675493, 35.623219533518125], [126.81171983675493, 35.623219533518125], [126.81173915195222, 35.62096556857935], [126.80897865838423, 35.62094976682479], [126.80897865838423, 35.620949766824786], [126.80621816696926, 35.620933901828145], [126.80621816696926, 35.620933901828145], [126.80345767771585, 35.62091797358959], [126.80343813015466, 35.623171934597316], [126.80619869686244, 35.62318786415144]]], [[[126.80619869686244, 35.62318786415144], [126.80619869686244, 35.62318786415144], [126.80343813015466, 35.623171934597316], [126.80341858042304, 35.625425894750684], [126.8061792245938, 35.62544182562046], [126.8061792245938, 35.62544182562046], [126.80893987092666, 35.62545769323788], [126.80895926573207, 35.62320373045843], [126.80619869686244, 35.62318786415144]]], [[[126.80614027357007, 35.62994974599559], [126.8061597501631, 35.627695786235186], [126.8061597501631, 35.627695786235186], [126.8061597501631, 35.627695786235186], [126.80614027357007, 35.62994974599559], [126.80614027357007, 35.62994974599559], [126.80612079481449, 35.63220370490165], [126.80612079481446, 35.63220370490165], [126.80610131389606, 35.63445766295336], [126.80886227016786, 35.6344735358132], [126.80888167358863, 35.63221957645078], [126.80888167358863, 35.63221957645078], [126.8089010748552, 35.62996561623408], [126.8089010748552, 35.62996561623408], [126.8089010748552, 35.62996561623407], [126.8089010748552, 35.62996561623407], [126.80888167358863, 35.63221957645078], [126.811642554517, 35.632235384731715], [126.811642554517, 35.632235384731715], [126.81440343759095, 35.6322511297443], [126.81440343759095, 35.6322511297443], [126.81716432280189, 35.63226681148837], [126.81716432280189, 35.63226681148838], [126.81716432280189, 35.63226681148838], [126.81716432280189, 35.63226681148838], [126.81440343759095, 35.6322511297443], [126.81440343759095, 35.6322511297443], [126.811642554517, 35.632235384731715], [126.811642554517, 35.632235384731715], [126.80888167358863, 35.63221957645078], [126.80886227016786, 35.6344735358132], [126.8116232285941, 35.63448934539962], [126.8116232285941, 35.63448934539962], [126.80886227016786, 35.6344735358132], [126.80884286459265, 35.636727494321306], [126.80884286459265, 35.636727494321306], [126.80882345686277, 35.63898145197507], [126.81158457031059, 35.638997264172694], [126.81160390052538, 35.636743305213294], [126.81160390052538, 35.636743305213294], [126.81160390052538, 35.63674330521329], [126.81436493860416, 35.63675905282647], [126.81434568590468, 35.63901301308627], [126.81710680363653, 35.6390286987157], [126.81712597882044, 35.63677473716071], [126.81712597882044, 35.63677473716071], [126.8171451518755, 35.63452077475159], [126.8171451518755, 35.63452077475159], [126.8171451518755, 35.63452077475159], [126.81990611671341, 35.63453639451682], [126.81990611671341, 35.63453639451682], [126.8171451518755, 35.63452077475159], [126.81712597882044, 35.636774737160714], [126.81712597882044, 35.636774737160714], [126.81710680363653, 35.6390286987157], [126.81434568590468, 35.639013013086284], [126.8143264310675, 35.64126697249186], [126.8143264310675, 35.64126697249186], [126.81430717409238, 35.643520931043206], [126.81706844688115, 35.643536619263216], [126.81708762632351, 35.64128265941653], [126.81708762632351, 35.64128265941653], [126.81710680363653, 35.639028698715705], [126.81710680363653, 35.639028698715705], [126.81708762632351, 35.64128265941655], [126.81708762632351, 35.64128265941655], [126.81706844688115, 35.643536619263216], [126.81982972179952, 35.64355224418843], [126.81982972179952, 35.643552244188434], [126.82259099883883, 35.64356780581871], [126.82259099883883, 35.64356780581871], [126.82259099883883, 35.64356780581871], [126.82257197235039, 35.645821767386316], [126.82533332904417, 35.64583726700121], [126.82535227799055, 35.64358330415388], [126.828113559246, 35.64359873919379], [126.82813242855488, 35.64134477421806], [126.82815129576885, 35.63909080838843], [126.82815129576885, 35.63909080838843], [126.82817016088815, 35.63683684170495], [126.82818902391297, 35.63458287416762], [126.82818902391297, 35.63458287416762], [126.82820788484361, 35.63232890577649], [126.8254469911707, 35.63231347710799], [126.8254469911707, 35.63231347710799], [126.82820788484361, 35.63232890577649], [126.82822674368023, 35.63007493653154], [126.82822674368023, 35.63007493653154], [126.82824560042313, 35.62782096643285], [126.82548486172303, 35.62780554031243], [126.82548486172303, 35.62780554031243], [126.82548486172303, 35.62780554031243], [126.8255037938459, 35.62555157063392], [126.82274313472115, 35.62553608253398], [126.822724125125, 35.62779005093334], [126.822724125125, 35.62779005093334], [126.822724125125, 35.62779005093335], [126.81996339063774, 35.62777449829574], [126.81996339063774, 35.627774498295736], [126.81996339063774, 35.627774498295736], [126.822724125125, 35.62779005093334], [126.82274313472115, 35.62553608253398], [126.8199824777069, 35.62552053118075], [126.8199824777069, 35.62552053118075], [126.81722182281173, 35.625504916574364], [126.81720265826979, 35.62775888239973], [126.81720265826979, 35.62775888239973], [126.81722182281173, 35.625504916574364], [126.81446117004424, 35.625489238714984], [126.81446117004424, 35.62548923871498], [126.81170051941301, 35.62547349760276], [126.81168119992621, 35.62772746083326], [126.81444192802972, 35.62774320324554], [126.81444192802972, 35.62774320324554], [126.81168119992621, 35.62772746083327], [126.81168119992621, 35.62772746083326], [126.81168119992621, 35.62772746083326], [126.81170051941301, 35.62547349760277], [126.80893987092666, 35.625457693237884], [126.80892047396779, 35.627711655163104], [126.80892047396779, 35.627711655163104], [126.80893987092666, 35.625457693237884], [126.8061792245938, 35.62544182562047], [126.8061792245938, 35.62544182562047], [126.80341858042304, 35.62542589475069], [126.80339902852073, 35.62767985404968], [126.80339902852073, 35.62767985404968], [126.8033794744475, 35.62993381249429], [126.8033794744475, 35.62993381249429], [126.80335991820311, 35.6321877700845], [126.80612079481446, 35.63220370490165], [126.80614027357007, 35.62994974599559], [126.80614027357007, 35.62994974599559]], [[126.82539016957223, 35.6390753758973], [126.82539016957223, 35.6390753758973], [126.82540911220802, 35.6368214104881], [126.82540911220802, 35.6368214104881], [126.82542805274076, 35.634567444225006], [126.82542805274076, 35.634567444225006], [126.82542805274076, 35.634567444225006], [126.82542805274076, 35.634567444225006], [126.82540911220802, 35.6368214104881], [126.82539016957223, 35.6390753758973], [126.82539016957223, 35.6390753758973], [126.82537122483315, 35.641329340452565], [126.82537122483315, 35.641329340452565], [126.82539016957223, 35.6390753758973]], [[126.81442268387872, 35.62999716692197], [126.81442268387872, 35.62999716692197], [126.81444192802972, 35.62774320324554], [126.81444192802972, 35.62774320324554], [126.81442268387872, 35.62999716692197]], [[126.81994430144927, 35.630028464556744], [126.81994430144927, 35.630028464556744], [126.81994430144927, 35.63002846455676], [126.81994430144927, 35.63002846455676], [126.81992521014124, 35.63228242996379], [126.81992521014124, 35.63228242996379], [126.81992521014124, 35.63228242996379], [126.81992521014124, 35.63228242996379], [126.81994430144927, 35.630028464556744]], [[126.82266708367138, 35.634551951008014], [126.82266708367138, 35.634551951008014], [126.82266708367138, 35.634551951008014], [126.81990611671341, 35.63453639451682], [126.81990611671341, 35.63453639451682], [126.82266708367138, 35.63455195100801], [126.82266708367138, 35.634551951008014]]], [[[126.80332079919988, 35.63669568270156], [126.80055976975703, 35.63667968197412], [126.80054012948334, 35.63893363567964], [126.80330123644055, 35.63894963772837], [126.80330123644055, 35.63894963772837], [126.80606234556988, 35.63896557649356], [126.80606234556988, 35.63896557649356], [126.80882345686277, 35.63898145197506], [126.80884286459265, 35.6367274943213], [126.80608183081462, 35.63671162015066], [126.80608183081462, 35.63671162015066], [126.80332079919988, 35.63669568270155], [126.80334035978733, 35.634441726820256], [126.80334035978733, 35.634441726820256], [126.80335991820311, 35.6321877700845], [126.80059904376316, 35.63217177199946], [126.80057940785021, 35.63442572741406], [126.80057940785021, 35.63442572741406], [126.80057940785021, 35.63442572741406], [126.79781845809337, 35.63440966473493], [126.79779874249466, 35.63666361796853], [126.80055976975703, 35.63667968197412], [126.80055976975703, 35.63667968197412], [126.80332079919988, 35.63669568270156], [126.80332079919988, 35.63669568270156]]], [[[126.81821545260583, 35.50829751738323], [126.81819639838899, 35.51055152758581], [126.81819639838899, 35.51055152758581], [126.81817734205656, 35.51280553693559], [126.81815828360827, 35.51505954543254], [126.82091515285299, 35.515075096935284], [126.82091515285299, 35.515075096935284], [126.81815828360827, 35.51505954543254], [126.81815828360827, 35.51505954543254], [126.81540141647967, 35.515043930932414], [126.81538227886303, 35.51729793728517], [126.81813922304393, 35.51731355307664], [126.81813922304393, 35.51731355307664], [126.82089616934114, 35.5173291058655], [126.82089616934114, 35.5173291058655], [126.81813922304393, 35.51731355307665], [126.81538227886303, 35.51729793728518], [126.81536313912149, 35.519551942785], [126.81812016036324, 35.519567559867866], [126.82087718372152, 35.51958311394292], [126.82087718372152, 35.51958311394292], [126.8236342091878, 35.519598605010025], [126.8236531177461, 35.517344595651615], [126.8236531177461, 35.517344595651615], [126.82367202420521, 35.51509058544047], [126.82367202420521, 35.51509058544047], [126.82369092856531, 35.51283657437661], [126.8209341342573, 35.51282108715228], [126.8209341342573, 35.51282108715227], [126.82369092856531, 35.51283657437661], [126.82369092856531, 35.51283657437661], [126.8264477249721, 35.512851998608454], [126.82646655019758, 35.510597985416325], [126.82370983082669, 35.51058256246005], [126.82370983082669, 35.51058256246005], [126.82095311355432, 35.5105670765165], [126.82095311355432, 35.5105670765165], [126.82370983082669, 35.51058256246005], [126.82370983082669, 35.51058256246005], [126.82646655019758, 35.510597985416325], [126.82648537333311, 35.50834397137161], [126.82372873098956, 35.50832854969084], [126.82372873098956, 35.50832854969084], [126.82097209074428, 35.50831306502799], [126.8209910658274, 35.50605905268677], [126.81823450470728, 35.50604350632784], [126.81823450470728, 35.50604350632784], [126.81547794570227, 35.506027896992364], [126.81545881658273, 35.508281906756686], [126.81821545260583, 35.50829751738323], [126.81821545260583, 35.50829751738323], [126.82097209074428, 35.50831306502799], [126.82097209074428, 35.508313065028], [126.81821545260583, 35.50829751738323]], [[126.82091515285299, 35.515075096935284], [126.82089616934114, 35.5173291058655], [126.82089616934114, 35.5173291058655], [126.82091515285299, 35.515075096935284], [126.82091515285299, 35.515075096935284]]], [[[126.80981050887006, 35.5240285228398], [126.80981050887006, 35.5240285228398], [126.80979120858021, 35.526282523181735], [126.80979120858021, 35.526282523181735], [126.80977190614742, 35.528536522670485], [126.81252923145736, 35.52855227097655], [126.81252923145736, 35.52855227097655], [126.80977190614742, 35.528536522670485], [126.80975260157145, 35.53079052130602], [126.80975260157145, 35.53079052130602], [126.80973329485207, 35.533044519088335], [126.81249077437687, 35.53306026999885], [126.8124715426341, 35.535314268230216], [126.8124715426341, 35.535314268230216], [126.81245230875601, 35.537568265608385], [126.81520994466548, 35.53758395607444], [126.81520994466548, 35.53758395607445], [126.81520994466548, 35.53758395607445], [126.81519078578945, 35.53983795389665], [126.81794850096381, 35.53985358260541], [126.81796758270197, 35.53759958349116], [126.81796758270197, 35.53759958349116], [126.81796758270197, 35.53759958349115], [126.82072522285688, 35.53761514785836], [126.82074422534707, 35.53536114660426], [126.82074422534707, 35.53536114660426], [126.82074422534707, 35.53536114660426], [126.82074422534707, 35.53536114660426], [126.82072522285688, 35.53761514785836], [126.82348286512169, 35.537630649175924], [126.82348286512169, 35.53763064917593], [126.8262405094878, 35.537646087443676], [126.82625935771823, 35.53539208363168], [126.82350179048211, 35.53537664664027], [126.82350179048211, 35.535376646640266], [126.8262593577182, 35.53539208363167], [126.8262593577182, 35.53539208363167], [126.82901692704684, 35.53540745757832], [126.82903569606304, 35.53315345164241], [126.82627820385609, 35.533138078966815], [126.82627820385609, 35.533138078966815], [126.82352071374143, 35.53312264325168], [126.82350179048211, 35.535376646640266], [126.82350179048211, 35.535376646640266], [126.82352071374143, 35.53312264325168], [126.82076322572762, 35.53310714449715], [126.82076322572762, 35.53310714449715], [126.81800573982322, 35.533091582703406], [126.81800573982322, 35.533091582703406], [126.82076322572762, 35.53310714449715], [126.82076322572762, 35.53310714449715], [126.82352071374143, 35.53312264325168], [126.8235396348999, 35.53086863901019], [126.8235396348999, 35.53086863901019], [126.8235585539578, 35.52861463391582], [126.8235585539578, 35.52861463391582], [126.8235396348999, 35.530868639010194], [126.82629704790169, 35.530884073449116], [126.82629704790169, 35.530884073449116], [126.82905446299553, 35.53089944485372], [126.8290732278445, 35.528645437212305], [126.82909199061024, 35.52639142871816], [126.82633472971696, 35.52637605985532], [126.82633472971696, 35.52637605985532], [126.82357747091528, 35.526360627968586], [126.82359638577263, 35.52410662116854], [126.82083920615807, 35.52409112753926], [126.82083920615807, 35.52409112753926], [126.82359638577263, 35.52410662116854], [126.82361529853006, 35.52185261351568], [126.8208581959939, 35.521837121167515], [126.8208581959939, 35.521837121167515], [126.8208581959939, 35.521837121167515], [126.82087718372152, 35.51958311394293], [126.81812016036324, 35.519567559867866], [126.81812016036324, 35.51956755986787], [126.81536313912149, 35.519551942785], [126.81534399725486, 35.52180594743182], [126.81534399725486, 35.52180594743182], [126.81534399725486, 35.52180594743182], [126.8125869010691, 35.52179026604461], [126.8125869010691, 35.52179026604461], [126.80982980701721, 35.52177452164468], [126.80981050887006, 35.5240285228398]], [[126.81524825603678, 35.53307595787059], [126.81524825603678, 35.53307595787059], [126.81522910141452, 35.535329957399085], [126.81798666232169, 35.535345583523814], [126.81798666232169, 35.535345583523814], [126.81522910141452, 35.535329957399085], [126.81522910141452, 35.535329957399085], [126.81522910141452, 35.535329957399085], [126.81524825603678, 35.53307595787059]], [[126.81798666232169, 35.535345583523814], [126.8180057398232, 35.53309158270341], [126.81800573982322, 35.53309158270341], [126.81798666232169, 35.535345583523814], [126.81798666232169, 35.535345583523814]], [[126.81528655890195, 35.528567956254264], [126.81528655890195, 35.52856795625426], [126.81804388847257, 35.52858357850348], [126.81804388847257, 35.52858357850348], [126.81528655890195, 35.52856795625426], [126.81526740853252, 35.53082195748897], [126.81526740853252, 35.53082195748897], [126.81524825603678, 35.53307595787059], [126.81524825603678, 35.53307595787059], [126.81526740853252, 35.53082195748896], [126.81526740853252, 35.53082195748896], [126.81528655890195, 35.528567956254264]], [[126.81804388847257, 35.52858357850348], [126.8208012201607, 35.52859913772406], [126.82082021421373, 35.52634513305809], [126.82082021421373, 35.52634513305809], [126.82083920615804, 35.52409112753926], [126.82083920615807, 35.52409112753926], [126.82082021421375, 35.52634513305809], [126.82357747091528, 35.526360627968586], [126.8235585539578, 35.528614633915815], [126.82631588985524, 35.52863006707861], [126.82631588985524, 35.52863006707861], [126.8235585539578, 35.52861463391582], [126.82357747091527, 35.52636062796859], [126.82082021421373, 35.5263451330581], [126.8208012201607, 35.52859913772406], [126.8208012201607, 35.52859913772406], [126.8208012201607, 35.52859913772406], [126.81804388847257, 35.52858357850348], [126.81804388847257, 35.52858357850348]], [[126.81808202865196, 35.52407557089158], [126.81808202865196, 35.52407557089158], [126.8180629596209, 35.52632957512402], [126.8180629596209, 35.52632957512402], [126.81808202865196, 35.52407557089158]], [[126.81808202865196, 35.52407557089158], [126.81808202865196, 35.52407557089158], [126.81810109556599, 35.5218215658062], [126.81810109556599, 35.5218215658062], [126.81810109556599, 35.5218215658062], [126.81810109556599, 35.5218215658062], [126.81808202865196, 35.52407557089158]], [[126.81251000398454, 35.53080627091427], [126.81249077437687, 35.533060269998835], [126.81249077437687, 35.533060269998835], [126.81251000398454, 35.53080627091427], [126.81251000398454, 35.53080627091427]], [[126.81530570714533, 35.52631395416648], [126.81254845679558, 35.52629827018568], [126.81254845679558, 35.52629827018568], [126.81530570714533, 35.52631395416648], [126.81530570714533, 35.52631395416648]]], [[[126.81785306048805, 35.551123565379505], [126.82061116360005, 35.551139137468795], [126.82063017875305, 35.54888514133316], [126.81787215282198, 35.54886957053105], [126.81787215282198, 35.548869570531046], [126.82063017875305, 35.54888514133315], [126.82063017875305, 35.54888514133315], [126.82338820679517, 35.54890064905954], [126.82340714266451, 35.54664665078886], [126.82340714266451, 35.54664665078886], [126.82342607643159, 35.54439265166513], [126.82066820272611, 35.5443771465025], [126.82066820272611, 35.5443771465025], [126.82342607643159, 35.54439265166513], [126.82344500809666, 35.54213865168839], [126.82344500809666, 35.54213865168839], [126.82344500809666, 35.54213865168838], [126.82620280674848, 35.54215409250904], [126.82622165916463, 35.5399000904028], [126.82346393765997, 35.539884650858646], [126.82348286512169, 35.53763064917593], [126.82072522285688, 35.537615147858375], [126.82072522285688, 35.537615147858375], [126.81796758270197, 35.537599583491165], [126.81794850096381, 35.53985358260541], [126.81519078578945, 35.53983795389665], [126.81517162478619, 35.542091950865675], [126.81792941710695, 35.542107580866556], [126.81792941710695, 35.54210758086656], [126.82068721154663, 35.542123147807516], [126.82068721154663, 35.542123147807516], [126.81792941710695, 35.54210758086656], [126.81791033113119, 35.544361578274554], [126.81791033113119, 35.544361578274554], [126.81789124303629, 35.54661557482939], [126.82064919179497, 35.54663114434438], [126.82064919179497, 35.546631144344396], [126.81789124303629, 35.546615574829396], [126.81789124303629, 35.54661557482939], [126.81513329639695, 35.54659994224406], [126.81511412901054, 35.54885393665337], [126.81235610732729, 35.54883823970031], [126.81233686063221, 35.551092231958734], [126.81509495949594, 35.551107930209426], [126.81509495949594, 35.551107930209426], [126.81785306048805, 35.5511235653795], [126.81785306048805, 35.551123565379505]], [[126.81787215282198, 35.548869570531046], [126.81511412901054, 35.54885393665337], [126.81511412901054, 35.54885393665337], [126.81787215282198, 35.548869570531046], [126.81787215282198, 35.548869570531046]], [[126.82070621825683, 35.53986914825946], [126.82070621825683, 35.53986914825946], [126.82346393765994, 35.539884650858646], [126.82346393765994, 35.53988465085865], [126.82070621825683, 35.53986914825946], [126.82070621825683, 35.53986914825946], [126.81794850096381, 35.53985358260542], [126.81794850096381, 35.53985358260541], [126.82070621825683, 35.53986914825946]]], [[[126.81222133557657, 35.56461616758758], [126.81220207391752, 35.56687015387188], [126.81496071328439, 35.5668858612079], [126.81497989770298, 35.56463187362548], [126.81773846195922, 35.56464751655147], [126.81773846195922, 35.56464751655147], [126.81773846195922, 35.56464751655147], [126.81771935478132, 35.5669015054268], [126.82047799839978, 35.566917086528406], [126.82047799839978, 35.56691708652841], [126.82047799839978, 35.56691708652841], [126.82045896634986, 35.56917107583812], [126.823217689331, 35.569186595104824], [126.82323664413117, 35.566932604512594], [126.82323664413117, 35.566932604512594], [126.82323664413117, 35.566932604512594], [126.82599529196695, 35.56694805937917], [126.82601416742136, 35.564694066656436], [126.82325559682698, 35.56467861306711], [126.82325559682698, 35.56467861306711], [126.82049702833676, 35.5646630963654], [126.82049702833676, 35.5646630963654], [126.82049702833676, 35.5646630963654], [126.82325559682698, 35.5646786130671], [126.82327454741866, 35.56242462076839], [126.82051605616101, 35.56240910534908], [126.82051605616101, 35.56240910534908], [126.81775756701585, 35.56239352682276], [126.81775756701585, 35.56239352682276], [126.82051605616101, 35.56240910534908], [126.82053508187282, 35.56015511347948], [126.81777666995141, 35.56013953624072], [126.81777666995141, 35.56013953624072], [126.81501826015082, 35.56012389590031], [126.81501826015082, 35.56012389590031], [126.81225985247961, 35.560108192458436], [126.81225985247961, 35.560108192458436], [126.80950144694634, 35.56009242591523], [126.80948211234085, 35.562346412603354], [126.81224059509718, 35.56236218044976], [126.81224059509718, 35.56236218044976], [126.81499907999171, 35.562377885189605], [126.81499907999171, 35.562377885189605], [126.81499907999171, 35.56237788518961], [126.81224059509718, 35.56236218044976], [126.81222133557657, 35.56461616758758], [126.81222133557657, 35.56461616758758]]], [[[126.81486475923535, 35.578155786317545], [126.81484556203266, 35.58040976877879], [126.81760466715386, 35.580425420756605], [126.81762378706438, 35.57817143700202], [126.81762378706438, 35.57817143700201], [126.81764290485222, 35.5759174523939], [126.81764290485222, 35.5759174523939], [126.8176620205176, 35.5736634669323], [126.81490314724714, 35.573647818834274], [126.81490314724714, 35.573647818834274], [126.81490314724714, 35.573647818834274], [126.8149223380567, 35.57139383381233], [126.81216354418322, 35.57137812387985], [126.80940475244887, 35.57136235081998], [126.80938540710717, 35.57361633324004], [126.80938540710717, 35.57361633324004], [126.80936605961753, 35.57587031480643], [126.81212500589233, 35.575886090473475], [126.81212500589233, 35.57588609047348], [126.81488395430675, 35.57590180300269], [126.81488395430675, 35.57590180300269], [126.81488395430675, 35.57590180300269], [126.81486475923535, 35.57815578631754], [126.81486475923535, 35.578155786317545]]], [[[126.8120671824083, 35.582648033961604], [126.812086459043, 35.580394053652576], [126.80932735819341, 35.580378275378074], [126.80930800425847, 35.58263225438327], [126.8120671824083, 35.582648033961604]]], [[[126.81748990310076, 35.593949305359054], [126.81750903575244, 35.59169532672603], [126.81474954404175, 35.59167966828051], [126.8147303340464, 35.59393364561978], [126.81748990310076, 35.593949305359054]]], [[[126.81467269126175, 35.600695572514965], [126.81467269126175, 35.600695572514965], [126.81465347273323, 35.60294954643908], [126.81741335124804, 35.602965211354096], [126.82017323188818, 35.60298081306835], [126.82019229566049, 35.600726836561385], [126.82019229566049, 35.600726836561385], [126.82021135731631, 35.598472859200726], [126.81745163142406, 35.59845726006404], [126.8174324923986, 35.60071123613594], [126.8174324923986, 35.60071123613594], [126.8174324923986, 35.60071123613594], [126.81745163142406, 35.59845726006404], [126.81469190765664, 35.59844159773702], [126.81467269126175, 35.600695572514965]]], [[[126.81189359635228, 35.60293381832343], [126.81191289225859, 35.60067984569858], [126.80915309539766, 35.60066405568696], [126.80913372211383, 35.60291802700733], [126.81189359635228, 35.60293381832343]]], [[[126.81189359635228, 35.60293381832343], [126.80913372211383, 35.60291802700733], [126.80911434667891, 35.60517199747372], [126.8118742983035, 35.60518779009438], [126.81189359635228, 35.602933818323436], [126.81465347273323, 35.60294954643909], [126.81467269126175, 35.600695572514965], [126.81191289225859, 35.600679845698586], [126.81189359635228, 35.60293381832343]]], [[[126.81177777591385, 35.61645763613953], [126.81179708467866, 35.6142036686385], [126.80903682342371, 35.614187870798915], [126.80901743722981, 35.61644183699501], [126.81177777591385, 35.61645763613953]]], [[[126.81727930367245, 35.61874301397428], [126.81727930367245, 35.61874301397429], [126.81727930367245, 35.61874301397429], [126.81726014551282, 35.6209969823616], [126.81726014551282, 35.6209969823616], [126.81727930367245, 35.61874301397429], [126.814518883271, 35.61872733999897], [126.814518883271, 35.61872733999897], [126.81175846500514, 35.61871160278648], [126.81175846500514, 35.61871160278648], [126.81175846500511, 35.61871160278648], [126.81177777591385, 35.61645763613953], [126.80901743722981, 35.61644183699501], [126.8089980488834, 35.61869580233698], [126.8089980488834, 35.61869580233698], [126.80897865838423, 35.620949766824786], [126.81173915195222, 35.62096556857935], [126.81173915195222, 35.62096556857935], [126.81173915195222, 35.62096556857935], [126.81171983675493, 35.62321953351813], [126.81171983675493, 35.62321953351813], [126.81170051941301, 35.62547349760276], [126.81446117004424, 35.62548923871498], [126.81448040992247, 35.62323527333035], [126.81448040992247, 35.62323527333035], [126.81449964766462, 35.62098130709168], [126.81449964766462, 35.62098130709168], [126.81448040992247, 35.62323527333035], [126.817240985226, 35.62325094989497], [126.81726014551282, 35.6209969823616], [126.81726014551282, 35.6209969823616], [126.817240985226, 35.623250949894974], [126.81448040992247, 35.62323527333035], [126.81446117004424, 35.62548923871498], [126.81722182281173, 35.625504916574364], [126.81722182281173, 35.625504916574364], [126.8199824777069, 35.62552053118075], [126.8199824777069, 35.62552053118075], [126.82274313472115, 35.62553608253398], [126.82274313472115, 35.62553608253398], [126.8255037938459, 35.62555157063392], [126.8255227238669, 35.6232976001016], [126.82276214220683, 35.623282113280744], [126.82278114758225, 35.62102814317368], [126.82278114758222, 35.62102814317368], [126.82280015084763, 35.61877417221281], [126.82003972620086, 35.6187586247123], [126.82003972620086, 35.618758624712285], [126.82003972620086, 35.618758624712285], [126.82005880479511, 35.61650465418171], [126.81729845970511, 35.61648904473304], [126.81729845970511, 35.61648904473303], [126.81453811674183, 35.61647337205225], [126.814518883271, 35.61872733999896], [126.81727930367245, 35.61874301397428]]], [[[126.814518883271, 35.61872733999896], [126.81453811674183, 35.61647337205225], [126.81177777591385, 35.61645763613953], [126.81175846500514, 35.61871160278648], [126.814518883271, 35.61872733999896]]], [[[126.80882345686277, 35.63898145197506], [126.80606234556988, 35.63896557649356], [126.80604285816165, 35.64121953198204], [126.80880404697797, 35.641235408774456], [126.80882345686277, 35.63898145197506]]], [[[126.8143264310675, 35.64126697249186], [126.81156523794947, 35.64125122227779], [126.81156523794947, 35.64125122227779], [126.80880404697797, 35.641235408774456], [126.808784634938, 35.64348936471947], [126.81154590344178, 35.64350517952859], [126.81154590344178, 35.64350517952859], [126.81430717409238, 35.64352093104321], [126.8143264310675, 35.64126697249186]]], [[[126.81424939033687, 35.650282801571585], [126.8142686537273, 35.648028845583106], [126.8142686537273, 35.648028845583106], [126.81428791497905, 35.645774888740306], [126.81428791497905, 35.645774888740306], [126.81428791497905, 35.645774888740306], [126.81704926530921, 35.64579057825571], [126.81704926530921, 35.64579057825571], [126.81981061776918, 35.64580620447109], [126.81981061776918, 35.6458062044711], [126.81704926530921, 35.64579057825571], [126.81704926530921, 35.64579057825571], [126.81428791497905, 35.645774888740306], [126.8142686537273, 35.64802884558311], [126.81703008160744, 35.64804453639399], [126.81703008160744, 35.64804453639399], [126.8142686537273, 35.64802884558311], [126.81424939033687, 35.650282801571585], [126.81701089577562, 35.65029849367801], [126.81977240334467, 35.65031412247396], [126.81977240334467, 35.65031412247395], [126.82253391303541, 35.650329687959285], [126.82253391303541, 35.650329687959285], [126.82253391303541, 35.650329687959285], [126.82251488020842, 35.652583646964594], [126.82527646958017, 35.65259915041908], [126.82529542483923, 35.65034519013383], [126.82529542483923, 35.65034519013383], [126.8253143779938, 35.64809122899454], [126.8253143779938, 35.64809122899454], [126.8253143779938, 35.64809122899454], [126.82807581434255, 35.648106666583516], [126.82809468784197, 35.645852703315626], [126.82533332904417, 35.64583726700121], [126.82533332904417, 35.64583726700121], [126.82257197235039, 35.645821767386316], [126.82255294374932, 35.64807572809985], [126.82255294374932, 35.64807572809985], [126.82257197235039, 35.645821767386316], [126.82257197235039, 35.645821767386316], [126.82259099883883, 35.64356780581871], [126.81982972179952, 35.643552244188434], [126.81981061776919, 35.64580620447109], [126.81981061776919, 35.64580620447109], [126.81982972179952, 35.643552244188434], [126.81706844688115, 35.64353661926322], [126.81706844688115, 35.64353661926322], [126.81430717409238, 35.64352093104321], [126.81430717409238, 35.64352093104322], [126.81154590344178, 35.64350517952859], [126.81152656678732, 35.64575913592505], [126.81152656678732, 35.645759135925054], [126.8115072279858, 35.648013091467135], [126.8115072279858, 35.648013091467135], [126.811487887037, 35.65026704615485], [126.81424939033687, 35.650282801571585]], [[126.81979151161765, 35.648060163899615], [126.81979151161765, 35.648060163899615], [126.81979151161765, 35.648060163899615], [126.81979151161765, 35.648060163899615], [126.81979151161765, 35.648060163899615]]], [[[126.808784634938, 35.64348936471947], [126.80602336858959, 35.64347348661604], [126.80600387685355, 35.645727440395575], [126.80876522074261, 35.64574331981008], [126.808784634938, 35.64348936471947]]], [[[126.80876522074261, 35.64574331981009], [126.80874580439159, 35.64799727404626], [126.8115072279858, 35.64801309146714], [126.81152656678732, 35.645759135925054], [126.81152656678732, 35.645759135925054], [126.81154590344178, 35.643505179528596], [126.808784634938, 35.643489364719485], [126.80876522074261, 35.64574331981009], [126.80876522074261, 35.64574331981009]]], [[[126.8292420177664, 35.50835933007016], [126.82924201776643, 35.50835933007016], [126.82926076179322, 35.506105313902644], [126.82650419437893, 35.50608995647432], [126.82648537333311, 35.50834397137161], [126.82648537333311, 35.50834397137161], [126.82646655019758, 35.51059798541632], [126.82922327165844, 35.51061334538516], [126.8292420177664, 35.50835933007016]]], [[[126.82340714266451, 35.54664665078886], [126.82340714266451, 35.54664665078886], [126.82338820679517, 35.54890064905953], [126.82614623693978, 35.54891609371005], [126.8261650956363, 35.54666209416266], [126.8261650956363, 35.54666209416266], [126.8261839522391, 35.54440809376233], [126.82342607643159, 35.54439265166513], [126.82340714266451, 35.54664665078886]]], [[[126.82331244229057, 35.55791663361134], [126.82333138657127, 35.55566263875307], [126.82057312695996, 35.55564712718055], [126.82055410547238, 35.55790112075664], [126.82331244229057, 35.55791663361134]]], [[[126.82249584526815, 35.65483760511576], [126.82249584526815, 35.65483760511576], [126.82249584526815, 35.65483760511576], [126.82525751221642, 35.65485310985025], [126.82525751221642, 35.65485310985025], [126.82249584526815, 35.65483760511576], [126.8224768082143, 35.65709156241276], [126.8224768082143, 35.65709156241276], [126.8224577690467, 35.659345518855574], [126.82521959117388, 35.659361026150286], [126.82523855274773, 35.65710706842732], [126.8280002993863, 35.657122511115276], [126.8280002993863, 35.657122511115276], [126.83076204812144, 35.65713789047644], [126.83078085241914, 35.65488392935491], [126.82801918126961, 35.65486855126334], [126.82801918126961, 35.65486855126334], [126.82801918126961, 35.65486855126334], [126.83078085241914, 35.65488392935491], [126.83079965462912, 35.65262996737939], [126.8280380610566, 35.65261459055739], [126.8280380610566, 35.65261459055739], [126.82527646958017, 35.65259915041908], [126.82251488020842, 35.652583646964594], [126.82251488020842, 35.6525836469646], [126.81975329295001, 35.652568080194115], [126.81973418043341, 35.65482203706004], [126.81973418043341, 35.65482203706004], [126.81971506579468, 35.657075993071736], [126.8224768082143, 35.65709156241276], [126.82249584526815, 35.65483760511576]]], [[[126.8224577690467, 35.659345518855574], [126.8224577690467, 35.659345518855574], [126.8224768082143, 35.65709156241277], [126.81971506579468, 35.65707599307174], [126.81969594903352, 35.65932994822918], [126.81969594903352, 35.65932994822918], [126.81967683014975, 35.661583902532314], [126.82243872776503, 35.66159947444416], [126.82241968436914, 35.663853429178516], [126.82518166170969, 35.66386893903374], [126.82520062749458, 35.6616149830191], [126.82520062749458, 35.6616149830191], [126.82521959117388, 35.659361026150286], [126.8224577690467, 35.659345518855574]]], [[[126.81969594903352, 35.65932994822918], [126.81693413114299, 35.659314314271235], [126.8169149346573, 35.66156826728372], [126.81967683014972, 35.66158390253232], [126.81969594903352, 35.65932994822918]]], [[[126.83199866428089, 35.508374625786324], [126.83197999520071, 35.510628642366406], [126.83473672081583, 35.51064387635992], [126.83473672081583, 35.51064387635992], [126.83749344849524, 35.51065904736552], [126.83749344849524, 35.51065904736552], [126.83749344849524, 35.51065904736552], [126.83747493141557, 35.51291306560784], [126.84023173818778, 35.51292817487492], [126.84021329609773, 35.51518219351449], [126.84297018196318, 35.515197241032546], [126.84298854700742, 35.51294322114861], [126.84298854700742, 35.51294322114861], [126.84297018196318, 35.515197241032546], [126.84297018196318, 35.515197241032546], [126.84295181487985, 35.51745126006427], [126.845708779839, 35.51746624582282], [126.84846574682894, 35.51748116857721], [126.84848395980286, 35.515227147072224], [126.85124085175997, 35.515242005593535], [126.85125898566538, 35.512987982007694], [126.84850217075477, 35.51297312471513], [126.84850217075477, 35.51297312471513], [126.84852037968493, 35.510719101505984], [126.84576364383379, 35.510704182453466], [126.84576364383379, 35.510704182453466], [126.84300691001278, 35.51068920041246], [126.84300691001278, 35.51068920041246], [126.84025017823042, 35.51067415538309], [126.84023173818778, 35.51292817487492], [126.84023173818778, 35.51292817487492], [126.84025017823042, 35.510674155383086], [126.84025017823042, 35.510674155383086], [126.84025017823042, 35.510674155383086], [126.84300691001278, 35.51068920041244], [126.84300691001278, 35.51068920041244], [126.84576364383379, 35.51070418245346], [126.84578192777157, 35.50845015962608], [126.84578192777157, 35.50845015962608], [126.84578192777157, 35.50845015962608], [126.84578192777157, 35.50845015962608], [126.84576364383379, 35.51070418245346], [126.84852037968493, 35.51071910150598], [126.84850217075477, 35.51297312471513], [126.85125898566538, 35.512987982007694], [126.85127711755759, 35.510733957569826], [126.85127711755759, 35.510733957569826], [126.8512952474368, 35.50847993228002], [126.84853858659353, 35.50846507744476], [126.84855679148082, 35.50621105253155], [126.84855679148082, 35.50621105253154], [126.84857499434699, 35.503957026766315], [126.84857499434699, 35.503957026766315], [126.84859319519231, 35.501703000149114], [126.84583676740654, 35.501688086031514], [126.84583676740654, 35.501688086031514], [126.84308034164998, 35.50167310894625], [126.84306198679786, 35.503927133091], [126.84306198679786, 35.503927133091], [126.84304362990778, 35.50618115638361], [126.84304362990778, 35.50618115638361], [126.8430252709795, 35.50843517882411], [126.8430252709795, 35.50843517882411], [126.8430252709795, 35.50843517882411], [126.84304362990778, 35.50618115638361], [126.84028705217426, 35.50616611384268], [126.84028705217426, 35.50616611384268], [126.84304362990778, 35.50618115638361], [126.84306198679786, 35.50392713309098], [126.84306198679786, 35.50392713309098], [126.84308034164998, 35.50167310894625], [126.84308034164998, 35.50167310894625], [126.84309869446436, 35.49941908394942], [126.84034234774005, 35.499404045140615], [126.84032391793113, 35.50165806889346], [126.84032391793113, 35.50165806889346], [126.84030548607596, 35.50391209179417], [126.84030548607596, 35.50391209179417], [126.84030548607596, 35.50391209179418], [126.84030548607596, 35.50391209179418], [126.84032391793113, 35.50165806889346], [126.84034234774005, 35.499404045140615], [126.83758600306177, 35.49938894336966], [126.83756749625861, 35.50164296587333], [126.83754898740061, 35.503896987524776], [126.83479249078029, 35.50388182028296], [126.83477390285606, 35.50613583982763], [126.83201733128844, 35.50612060835379], [126.83201733128844, 35.50612060835379], [126.83201733128844, 35.50612060835379], [126.8320359962236, 35.50386659006886], [126.82927950373907, 35.50385129688266], [126.82926076179322, 35.506105313902644], [126.82926076179322, 35.506105313902644], [126.82924201776643, 35.50835933007016], [126.82924201776643, 35.50835933007016], [126.82922327165846, 35.51061334538517], [126.83197999520071, 35.510628642366406], [126.83199866428089, 35.508374625786324], [126.83199866428089, 35.508374625786324], [126.83199866428089, 35.508374625786324], [126.83199866428089, 35.508374625786324]], [[126.84026861622581, 35.508420135038996], [126.84026861622581, 35.50842013503901], [126.83751196351915, 35.50840502827089], [126.83751196351915, 35.508405028270886], [126.84026861622581, 35.508420135038996]], [[126.84572706986775, 35.515212225551835], [126.84572706986775, 35.515212225551835], [126.84574535786592, 35.51295820442872], [126.84574535786592, 35.51295820442872], [126.84572706986775, 35.515212225551835]]], [[[126.83196132404768, 35.51288265809405], [126.83197999520071, 35.510628642366406], [126.82922327165844, 35.51061334538517], [126.82920452346906, 35.512867359847654], [126.83196132404768, 35.51288265809405]]], [[[126.837382315173, 35.524183144033806], [126.837382315173, 35.524183144033806], [126.83736378575402, 35.5264371571617], [126.83736378575401, 35.5264371571617], [126.83734525427766, 35.528691169437124], [126.84010260054863, 35.52870628745281], [126.84012105492808, 35.526452273927376], [126.84012105492808, 35.526452273927376], [126.84010260054863, 35.52870628745281], [126.8400841441202, 35.53096030012579], [126.8400841441202, 35.53096030012579], [126.8400656856425, 35.53321431194632], [126.8400656856425, 35.53321431194632], [126.8400656856425, 35.533214311946324], [126.83730818515201, 35.53319919143043], [126.83732672074375, 35.53094518086004], [126.83456929942513, 35.53092999855934], [126.83455068671957, 35.53318400787436], [126.83455068671957, 35.53318400787436], [126.83455068671957, 35.53318400787436], [126.83179319035372, 35.533168761278304], [126.83177449845942, 35.535422768480075], [126.83177449845942, 35.535422768480075], [126.83175580448972, 35.53767677482913], [126.83451345510842, 35.53769202394652], [126.83451345510842, 35.53769202394652], [126.83727110779417, 35.53770721001349], [126.83727110779417, 35.5377072100135], [126.83727110779418, 35.5377072100135], [126.83725256602762, 35.53996121802614], [126.8400102979116, 35.5399763422929], [126.84276803184575, 35.539991403503706], [126.84276803184575, 35.539991403503706], [126.8400102979116, 35.5399763422929], [126.8399918312346, 35.54223035070334], [126.84274964231727, 35.54224541315936], [126.84274964231727, 35.54224541315936], [126.8399918312346, 35.54223035070334], [126.8399733625072, 35.54448435826121], [126.84273125074695, 35.544499421962506], [126.84273125074695, 35.544499421962506], [126.8399733625072, 35.544484358261215], [126.83995489172918, 35.54673836496647], [126.83995489172918, 35.54673836496649], [126.8399364189003, 35.548992370819114], [126.84269446147992, 35.549007437011156], [126.84271285713459, 35.54675342991311], [126.84271285713459, 35.54675342991311], [126.84271285713459, 35.5467534299131], [126.84547082458226, 35.546768431787996], [126.84548914102876, 35.544514422597274], [126.84824703334408, 35.544529360165384], [126.84826527059954, 35.54227534888734], [126.84826527059954, 35.54227534888734], [126.84828350583031, 35.54002133675693], [126.84552576782151, 35.54000640165844], [126.84276803184575, 35.53999140350371], [126.84276803184575, 35.539991403503706], [126.84552576782151, 35.54000640165844], [126.8455440781682, 35.537752389910366], [126.84278641933263, 35.53773739299556], [126.84278641933263, 35.53773739299556], [126.84002876253842, 35.53772233302989], [126.84002876253842, 35.53772233302989], [126.84004722511531, 35.535468322914376], [126.84004722511531, 35.535468322914376], [126.84002876253842, 35.53772233302988], [126.84278641933263, 35.53773739299556], [126.8455440781682, 35.537752389910366], [126.84556238648209, 35.53549837730991], [126.84280480477814, 35.53548338163496], [126.84280480477814, 35.53548338163496], [126.84282318818246, 35.533229369421925], [126.84282318818246, 35.533229369421925], [126.84284156954591, 35.53097535635648], [126.84284156954591, 35.53097535635648], [126.84284156954591, 35.53097535635648], [126.84282318818246, 35.53322936942193], [126.84282318818246, 35.53322936942193], [126.84280480477814, 35.535483381634954], [126.84556238648209, 35.5354983773099], [126.84556238648209, 35.53549837730991], [126.84831997021863, 35.535513309939034], [126.84831997021863, 35.53551330993903], [126.85107755597919, 35.53552817952219], [126.85107755597919, 35.535528179522196], [126.85383514375522, 35.535542986059255], [126.85385321866598, 35.53328896891833], [126.853853218666, 35.53328896891833], [126.853853218666, 35.53328896891833], [126.85661073132496, 35.53330371119018], [126.85661073132496, 35.53330371119018], [126.85936824598205, 35.53331839042084], [126.85936824598205, 35.53331839042084], [126.8621257626287, 35.533333006610164], [126.86214360418595, 35.53107898497611], [126.85938616465513, 35.53106436999523], [126.85938616465513, 35.53106436999522], [126.85938616465513, 35.53106436999522], [126.85940408133888, 35.528810348717634], [126.85664672090446, 35.52879567191424], [126.85662872711364, 35.53104969197823], [126.85387129157009, 35.53103495092525], [126.85387129157009, 35.53103495092525], [126.85111385803296, 35.53102014683643], [126.85109570801369, 35.53327416360542], [126.85109570801369, 35.53327416360542], [126.85109570801369, 35.53327416360541], [126.85109570801369, 35.53327416360541], [126.85111385803295, 35.53102014683643], [126.84835642651085, 35.531005279711934], [126.84837465162148, 35.52875126332], [126.84837465162148, 35.52875126332], [126.84839287470876, 35.52649724607582], [126.845635599414, 35.52648231838459], [126.8456172992291, 35.5287363343944], [126.8456172992291, 35.5287363343944], [126.8456172992291, 35.5287363343944], [126.84285994886865, 35.52872134243862], [126.84285994886865, 35.52872134243861], [126.84285994886865, 35.52872134243861], [126.8456172992291, 35.5287363343944], [126.845635599414, 35.52648231838459], [126.845635599414, 35.52648231838459], [126.8456538975672, 35.524228301522506], [126.8456538975672, 35.524228301522506], [126.84567219368897, 35.52197428380816], [126.84567219368897, 35.52197428380816], [126.84569048777949, 35.519720265241595], [126.84293344575717, 35.51970527824375], [126.84291507459494, 35.52195929557093], [126.84015795754073, 35.52194424431931], [126.84015795754073, 35.52194424431931], [126.83740084253486, 35.52192913005343], [126.83740084253486, 35.52192913005343], [126.83464372958588, 35.521913952773474], [126.83462512514444, 35.524167965498755], [126.83462512514444, 35.524167965498755], [126.83462512514444, 35.524167965498755], [126.83186793718156, 35.52415272394456], [126.83184925358655, 35.52640673455695], [126.83460651863732, 35.5264219773715], [126.83460651863732, 35.5264219773715], [126.83184925358655, 35.52640673455695], [126.83183056791705, 35.52866074431673], [126.83458791006429, 35.52867598839172], [126.83458791006429, 35.52867598839172], [126.83734525427766, 35.52869116943713], [126.83736378575401, 35.52643715716171], [126.837382315173, 35.524183144033806]], [[126.8428783261509, 35.5264673276684], [126.84012105492808, 35.526452273927376], [126.84012105492808, 35.52645227392737], [126.8428783261509, 35.52646732766839], [126.8428783261509, 35.5264673276684]], [[126.84289670139295, 35.52421331204582], [126.84289670139295, 35.52421331204582], [126.84291507459494, 35.52195929557093], [126.84291507459494, 35.52195929557093], [126.84289670139295, 35.52421331204582]], [[126.84559899701232, 35.5309903495519], [126.84559899701232, 35.5309903495519], [126.84559899701232, 35.5309903495519], [126.84559899701232, 35.5309903495519], [126.84558069276339, 35.53324436385707], [126.84558069276339, 35.53324436385707], [126.84559899701232, 35.5309903495519]], [[126.84548914102876, 35.54451442259727], [126.84550745544176, 35.54226041255408], [126.84550745544176, 35.54226041255408], [126.84550745544176, 35.54226041255408], [126.84548914102876, 35.54451442259727], [126.84548914102876, 35.54451442259727]]], [[[126.83179319035372, 35.533168761278304], [126.83455068671957, 35.53318400787436], [126.8345692994251, 35.53092999855935], [126.83456929942513, 35.53092999855935], [126.83458791006429, 35.52867598839172], [126.83183056791705, 35.52866074431674], [126.83181188017285, 35.53091475322384], [126.83181188017285, 35.53091475322384], [126.83181188017285, 35.53091475322384], [126.83181188017285, 35.53091475322384], [126.83183056791705, 35.528660744316724], [126.83183056791705, 35.528660744316724], [126.83184925358655, 35.52640673455694], [126.82909199061024, 35.52639142871817], [126.8290732278445, 35.528645437212305], [126.8290732278445, 35.528645437212305], [126.82905446299553, 35.53089944485372], [126.82905446299553, 35.53089944485372], [126.82903569606304, 35.53315345164241], [126.83179319035372, 35.533168761278304], [126.83179319035372, 35.533168761278304]]], [[[126.82901692704684, 35.53540745757832], [126.82901692704684, 35.53540745757833], [126.82899815594668, 35.537661462661454], [126.83175580448972, 35.53767677482912], [126.83177449845942, 35.53542276848008], [126.83177449845942, 35.535422768480075], [126.83179319035372, 35.53316876127831], [126.82903569606304, 35.53315345164242], [126.82901692704684, 35.53540745757832]]], [[[126.83168100785234, 35.54669279169771], [126.83443896707949, 35.54670804585862], [126.83445759218813, 35.54445404165968], [126.83169971012596, 35.54443878875975], [126.83169971012596, 35.54443878875974], [126.83445759218813, 35.54445404165967], [126.83447621522902, 35.542200036608], [126.83171841032323, 35.542184784968995], [126.83171841032323, 35.542184784968995], [126.82896060749354, 35.54216947026928], [126.8289418301401, 35.544423472793916], [126.8289418301401, 35.544423472793916], [126.8261839522391, 35.54440809376233], [126.8261650956363, 35.54666209416266], [126.82892305070177, 35.54667747446566], [126.83168100785234, 35.5466927916977], [126.83168100785234, 35.54669279169771]]], [[[126.82576862297559, 35.593995905496925], [126.82576862297559, 35.593995905496925], [126.82574972025766, 35.596249887126426], [126.82850937511108, 35.596265295418156], [126.82849054765613, 35.59851927746719], [126.8312502819618, 35.59853462384098], [126.83126903205478, 35.59628064052415], [126.83126903205478, 35.59628064052415], [126.83126903205478, 35.59628064052414], [126.8340286910801, 35.59629592244425], [126.8340286910801, 35.59629592244425], [126.83678835217849, 35.59631114117832], [126.83680694548228, 35.594057154488326], [126.83680694548228, 35.594057154488326], [126.83682553672182, 35.59180316694514], [126.83682553672182, 35.59180316694514], [126.83684412589733, 35.589549178548815], [126.83408469683481, 35.589533963586405], [126.83406603032259, 35.59178795072559], [126.83406603032259, 35.59178795072559], [126.83130652599598, 35.59177267133044], [126.83130652599598, 35.59177267133044], [126.82854702375056, 35.59175732875983], [126.82854702375056, 35.59175732875983], [126.8257875235949, 35.59174192301394], [126.82576862297559, 35.593995905496925]], [[126.82850937511111, 35.596265295418156], [126.82850937511108, 35.596265295418156], [126.82852820047584, 35.5940113125157], [126.82852820047584, 35.5940113125157], [126.82850937511111, 35.596265295418156]]], [[[126.83384187044649, 35.61883572983699], [126.83384187044649, 35.61883572983699], [126.83382317697234, 35.62108970588231], [126.83658368953041, 35.621104938451154], [126.83660230555617, 35.618850961147785], [126.83660230555617, 35.618850961147785], [126.83660230555617, 35.61885096114778], [126.83936274273262, 35.61886612922016], [126.83938127925155, 35.61661214981057], [126.83662091951511, 35.61659698299094], [126.83662091951511, 35.61659698299095], [126.83386056184526, 35.61658175293813], [126.83386056184526, 35.61658175293813], [126.83110020625054, 35.61656645965228], [126.83111897300513, 35.61431248316309], [126.8283586969249, 35.614297127912735], [126.82833985273957, 35.61655110313357], [126.83110020625054, 35.61656645965228], [126.83110020625054, 35.6165664596523], [126.82833985273957, 35.616551103133574], [126.82832100646192, 35.61880507750079], [126.83108143741222, 35.61882043528793], [126.83108143741222, 35.61882043528793], [126.83384187044649, 35.61883572983698], [126.83384187044649, 35.61883572983699]]], [[[126.83102511839242, 35.62558235707325], [126.83100634121676, 35.627836329294404], [126.83100634121676, 35.627836329294404], [126.83098756195618, 35.630090300661884], [126.83374838231728, 35.630105601528015], [126.8337670840953, 35.62785162889699], [126.8337670840953, 35.62785162889699], [126.833785783797, 35.62559765541234], [126.83102511839242, 35.62558235707325]]], [[[126.82809468784197, 35.64585270331561], [126.83085604873513, 35.64586807632938], [126.83085604873513, 35.64586807632938], [126.8336174117151, 35.64588338604237], [126.83363612803376, 35.643629419387224], [126.83087484259661, 35.64361411093829], [126.83087484259661, 35.64361411093829], [126.83089363437155, 35.64136014469336], [126.83089363437155, 35.64136014469336], [126.83091242406017, 35.63910617759461], [126.83091242406017, 35.63910617759461], [126.8309312116627, 35.636852209642065], [126.82817016088815, 35.63683684170495], [126.82815129576885, 35.63909080838844], [126.82815129576885, 35.63909080838844], [126.82813242855488, 35.64134477421806], [126.82813242855488, 35.64134477421806], [126.828113559246, 35.64359873919379], [126.828113559246, 35.64359873919379], [126.82535227799055, 35.643583304153886], [126.82533332904417, 35.64583726700121], [126.82809468784197, 35.645852703315626], [126.82809468784197, 35.64585270331561]]], [[[126.83464372958588, 35.52191395277346], [126.83740084253486, 35.52192913005342], [126.83740084253486, 35.52192913005342], [126.84015795754073, 35.5219442443193], [126.84015795754073, 35.52194424431931], [126.84291507459494, 35.52195929557093], [126.84293344575717, 35.519705278243734], [126.84017640577443, 35.5196902282367], [126.84017640577443, 35.5196902282367], [126.84293344575717, 35.519705278243734], [126.84295181487985, 35.51745126006427], [126.84295181487985, 35.51745126006427], [126.84297018196318, 35.51519724103255], [126.84021329609773, 35.51518219351449], [126.84021329609773, 35.51518219351449], [126.83745641227995, 35.515167082997806], [126.83743789108811, 35.51742109953541], [126.84019485196002, 35.51743621130175], [126.84019485196002, 35.51743621130175], [126.84019485196002, 35.51743621130175], [126.84017640577443, 35.5196902282367], [126.83741936783983, 35.51967511522062], [126.8374193678398, 35.51967511522062], [126.83466233196185, 35.51965993919566], [126.83464372958588, 35.52191395277346]]], [[[126.8399733625072, 35.5444843582612], [126.83721547631806, 35.544469231493544], [126.83719692837462, 35.546723236948246], [126.83995489172916, 35.546738364966465], [126.8399733625072, 35.5444843582612]]], [[[126.83717837837175, 35.54897724155026], [126.8399364189003, 35.548992370819114], [126.83995489172918, 35.54673836496647], [126.83719692837462, 35.54672323694826], [126.83719692837462, 35.54672323694826], [126.83443896707949, 35.54670804585862], [126.83442033990288, 35.54896204920479], [126.83717837837175, 35.54897724155026], [126.83717837837175, 35.54897724155026]]], [[[126.84206779243276, 35.62564317090547], [126.84208625766091, 35.62338919280834], [126.84208625766091, 35.62338919280834], [126.842104720839, 35.62113521385783], [126.83934420415551, 35.62112010777639], [126.83932566351997, 35.6233740854792], [126.83932566351997, 35.6233740854792], [126.83934420415551, 35.62112010777639], [126.83658368953041, 35.621104938451154], [126.83656507143765, 35.62335891490109], [126.83932566351994, 35.623374085479206], [126.83930712082577, 35.6256280623286], [126.84206779243276, 35.62564317090547]]], [[[126.84585504322618, 35.499434059795924], [126.84309869446436, 35.49941908394942], [126.84308034164998, 35.50167310894625], [126.84583676740654, 35.501688086031514], [126.84585504322618, 35.499434059795924]]], [[[126.8512952474368, 35.50847993228002], [126.8512952474368, 35.50847993228002], [126.85127711755759, 35.510733957569826], [126.85403385744326, 35.51074875064491], [126.85405191029285, 35.50849472413167], [126.85405191029285, 35.50849472413167], [126.85406996113824, 35.50624069676655], [126.85406996113824, 35.50624069676655], [126.85408800997962, 35.50398666854956], [126.85133150115715, 35.503971879144515], [126.85131337530326, 35.50622590613822], [126.84855679148082, 35.506211052531526], [126.84853858659353, 35.50846507744476], [126.8512952474368, 35.508479932280004], [126.8512952474368, 35.50847993228002]]], [[[126.84295181487985, 35.517451260064284], [126.84293344575717, 35.51970527824375], [126.84569048777949, 35.519720265241595], [126.84569048777949, 35.519720265241595], [126.84844753183278, 35.519735189230104], [126.84846574682894, 35.51748116857721], [126.845708779839, 35.51746624582282], [126.845708779839, 35.51746624582282], [126.84295181487985, 35.517451260064284]]], [[[126.8484475318328, 35.519735189230104], [126.84569048777949, 35.519720265241595], [126.84567219368897, 35.52197428380816], [126.8484293148142, 35.52198920903085], [126.8484475318328, 35.519735189230104]]], [[[126.84841109577293, 35.52424322797943], [126.8484293148142, 35.521989209030856], [126.84567219368897, 35.52197428380817], [126.8456538975672, 35.52422830152251], [126.84841109577293, 35.52424322797943]]], [[[126.8481375672799, 35.5580534099325], [126.84537921183944, 35.55803846495386], [126.84536088318721, 35.560292469029314], [126.84811931584518, 35.560307415243265], [126.8481375672799, 35.5580534099325]]], [[[126.84800976467238, 35.573831429203246], [126.84525086852922, 35.57381647557592], [126.84523252562668, 35.57607047368245], [126.84799149904737, 35.57608542854559], [126.84800976467238, 35.573831429203246]]], [[[126.8447732905535, 35.63242014912702], [126.84201238444577, 35.63240510007655], [126.84199391101515, 35.63465907476005], [126.84475489462359, 35.63467412505333], [126.8447732905535, 35.63242014912702]]], [[[126.85680857515314, 35.5085094529996], [126.85682654897724, 35.50625542441633], [126.85406996113824, 35.50624069676655], [126.85405191029285, 35.50849472413167], [126.85680857515314, 35.5085094529996]]], [[[126.8622862653545, 35.513046781236405], [126.8623040890927, 35.51079275193589], [126.8623040890927, 35.51079275193589], [126.86232191085212, 35.50853872178366], [126.86232191085215, 35.50853872178366], [126.86232191085215, 35.50853872178366], [126.86507858167376, 35.508553261699504], [126.86509632443268, 35.50629922949308], [126.86509632443268, 35.50629922949308], [126.86507858167376, 35.5085532616995], [126.86507858167379, 35.5085532616995], [126.86506083694485, 35.510807293054306], [126.86781758676722, 35.51082177118319], [126.86783525446543, 35.50856773863102], [126.86783525446543, 35.50856773863102], [126.86785292020215, 35.5063137052273], [126.86509632443268, 35.506299229493074], [126.86509632443268, 35.506299229493074], [126.86785292020215, 35.5063137052273], [126.86787058397765, 35.50405967097204], [126.86511406522179, 35.50404519643505], [126.86513180404133, 35.501791162525464], [126.86237536425989, 35.50177662621696], [126.86237536425989, 35.50177662621695], [126.85961892645638, 35.5017620269399], [126.85960103362737, 35.504016058439525], [126.85960103362737, 35.504016058439525], [126.85958313881167, 35.50627008908744], [126.86233973063301, 35.50628469077974], [126.86233973063301, 35.50628469077975], [126.86233973063298, 35.50628469077975], [126.86233973063298, 35.50628469077975], [126.85958313881167, 35.506270089087444], [126.85956524200907, 35.50852411888365], [126.85956524200907, 35.50852411888365], [126.85954734321936, 35.510778147828084], [126.85954734321936, 35.510778147828084], [126.85952944244232, 35.51303217592074], [126.8622862653545, 35.513046781236405]]], [[[126.85679059933337, 35.51076348073104], [126.85679059933337, 35.51076348073104], [126.85954734321936, 35.51077814782809], [126.85956524200907, 35.50852411888365], [126.85680857515314, 35.508509452999604], [126.85680857515314, 35.5085094529996], [126.85405191029285, 35.50849472413167], [126.85403385744326, 35.51074875064491], [126.85679059933337, 35.51076348073104]]], [[[126.85381706683755, 35.537797002348015], [126.85381706683755, 35.537797002348015], [126.85379898791275, 35.54005101778457], [126.8565567319693, 35.54006576371345], [126.856574733753, 35.53781174705781], [126.856574733753, 35.53781174705781], [126.8565567319693, 35.54006576371345], [126.8565567319693, 35.54006576371345], [126.85653872818679, 35.54231977951694], [126.85929655139199, 35.542334463602906], [126.85931447802463, 35.540080446585485], [126.85931447802463, 35.540080446585485], [126.85933240266702, 35.53782642871599], [126.85933240266702, 35.53782642871599], [126.85935032531943, 35.53557240999444], [126.85659273353815, 35.53555772955005], [126.856574733753, 35.53781174705781], [126.856574733753, 35.53781174705781], [126.85659273353815, 35.53555772955005], [126.85659273353815, 35.53555772955005], [126.85659273353815, 35.53555772955005], [126.85935032531943, 35.53557240999444], [126.85936824598205, 35.53331839042084], [126.85661073132496, 35.53330371119018], [126.85661073132496, 35.53330371119018], [126.853853218666, 35.533288968918335], [126.85383514375522, 35.535542986059255], [126.85383514375522, 35.535542986059255], [126.85383514375522, 35.535542986059255], [126.85107755597919, 35.5355281795222], [126.85105940192922, 35.53778219458673], [126.85381706683755, 35.537797002348015], [126.85381706683755, 35.537797002348015]]], [[[126.85350945196443, 35.5761151488522], [126.85352756303367, 35.57386114705391], [126.85076866284338, 35.57384631969596], [126.85075047449615, 35.576100320268885], [126.85350945196443, 35.5761151488522]]], [[[126.85349133888427, 35.578369149797915], [126.85350945196443, 35.57611514885221], [126.85075047449615, 35.576100320268885], [126.85073228412939, 35.57835431998915], [126.85349133888427, 35.578369149797915]]], [[[126.85347322379295, 35.58062314989101], [126.85349133888427, 35.57836914979792], [126.85073228412939, 35.57835431998916], [126.85071409174292, 35.58060831885675], [126.85347322379295, 35.58062314989101]]], [[[126.86169697044875, 35.58742927018993], [126.86169697044875, 35.58742927018993], [126.86445634243245, 35.58744385223535], [126.86447415427273, 35.58518984984963], [126.86171485961083, 35.58517526900902], [126.86171485961083, 35.58517526900902], [126.85895556693501, 35.585160625007], [126.85893760045134, 35.587414624977846], [126.86169697044875, 35.58742927018993]]], [[[126.85060489499689, 35.59413229415459], [126.85058668846594, 35.596386287052745], [126.85334636182239, 35.59640112666739], [126.85336449099812, 35.59414713254327], [126.85336449099812, 35.59414713254327], [126.85338261816109, 35.591893137566366], [126.85062309950655, 35.59187830040359], [126.85060489499689, 35.59413229415459], [126.85060489499689, 35.59413229415459]]], [[[126.8588657145656, 35.59643061633529], [126.8588657145656, 35.59643061633529], [126.86162539393514, 35.596445266388216], [126.86164329104379, 35.59419126861749], [126.85888368903014, 35.59417661977487], [126.85888368903014, 35.59417661977487], [126.85612408901206, 35.594161907750085], [126.85612408901206, 35.59416190775008], [126.85336449099812, 35.59414713254327], [126.85334636182239, 35.5964011266674], [126.85610603719182, 35.596415903094965], [126.85610603719182, 35.596415903094965], [126.8588657145656, 35.59643061633529]]], [[[126.8556902916683, 35.648257560625595], [126.85567219168145, 35.65051153549843], [126.85567219168145, 35.65051153549843], [126.85565408968489, 35.65276550951799], [126.85841570374463, 35.652780253168466], [126.85843372817052, 35.6505262779317], [126.85843372817052, 35.6505262779317], [126.8584517505953, 35.64827230184171], [126.8556902916683, 35.648257560625595]]], [[[126.85828947671283, 35.668558055933595], [126.85827143626982, 35.670812024343725], [126.8610336732083, 35.67082671437451], [126.86105163601151, 35.66857274475187], [126.86105163601151, 35.66857274475187], [126.86106959682037, 35.66631877427587], [126.85830751515293, 35.66630408667005], [126.85828947671283, 35.668558055933595], [126.85828947671283, 35.668558055933595]]], [[[126.85828947671283, 35.668558055933595], [126.85552731941709, 35.66854330376076], [126.85550920133448, 35.67079727095314], [126.85827143626982, 35.67081202434373], [126.85828947671283, 35.668558055933595]]], [[[126.86506083694485, 35.510807293054306], [126.86507858167376, 35.508553261699504], [126.86232191085215, 35.50853872178366], [126.8623040890927, 35.51079275193589], [126.86506083694485, 35.510807293054306]]], [[[126.85940408133888, 35.528810348717634], [126.85938616465513, 35.53106436999523], [126.86214360418595, 35.53107898497611], [126.8621614437624, 35.52882496249012], [126.8621614437624, 35.52882496249012], [126.86217928135832, 35.52657093915224], [126.85942199603352, 35.52655632658808], [126.85940408133888, 35.528810348717634], [126.85940408133888, 35.528810348717634]]], [[[126.86661156969785, 35.66409398570047], [126.8638495616739, 35.664079425995716], [126.8638495616739, 35.664079425995716], [126.8610875556352, 35.66406480294655], [126.86106959682037, 35.66631877427587], [126.86383168048192, 35.666333398532196], [126.86383168048192, 35.666333398532196], [126.86659376612891, 35.66634795943888], [126.86661156969785, 35.66409398570047]]], [[[126.87554635188206, 35.58073952473258], [126.87278720398126, 35.580725198906904], [126.87276962801096, 35.582979206580205], [126.87552885321728, 35.5829935335897], [126.87554635188206, 35.58073952473258]]], [[[126.87818351158288, 35.596531839762534], [126.87820094455138, 35.59427783483954], [126.87544133074475, 35.59426356509297], [126.875423820419, 35.59651756883697], [126.87818351158288, 35.596531839762534]]], [[[126.88094320468242, 35.5965460474997], [126.87818351158288, 35.596531839762534], [126.87816607667871, 35.59878584383334], [126.8809258471443, 35.59880005274434], [126.88094320468242, 35.5965460474997]]], [[[126.88050868754819, 35.65289592291289], [126.8777470577187, 35.6528816858103], [126.87772957435273, 35.65513566856841], [126.88049128176326, 35.655149906846454], [126.88050868754819, 35.65289592291289]]], [[[126.88043905281161, 35.661911853530604], [126.8804564643952, 35.65965787215533], [126.8804564643952, 35.65965787215533], [126.88047387404568, 35.657403889927295], [126.88047387404568, 35.657403889927295], [126.88323566097877, 35.65741806605128], [126.88325299110646, 35.65516408180015], [126.88049128176326, 35.655149906846454], [126.88049128176326, 35.655149906846454], [126.87772957435273, 35.65513566856841], [126.87771208904546, 35.657389650473704], [126.87771208904546, 35.657389650473704], [126.87769460179668, 35.65964363152617], [126.8776946017967, 35.65964363152617], [126.87767711260621, 35.66189761172578], [126.88043905281161, 35.661911853530604]]], [[[126.88043905281161, 35.661911853530604], [126.88320099495033, 35.66192603199539], [126.88320099495033, 35.66192603199539], [126.88596293901377, 35.66194014711998], [126.8859801953829, 35.65968616340909], [126.8859801953829, 35.65968616340909], [126.88599744983617, 35.65743217884553], [126.8832356609788, 35.65741806605128], [126.8832183289268, 35.65967204944968], [126.8832183289268, 35.65967204944968], [126.8804564643952, 35.65965787215533], [126.88043905281161, 35.661911853530604]]], [[[126.88043905281161, 35.661911853530604], [126.87767711260621, 35.66189761172578], [126.87765962147377, 35.66415159107251], [126.88042163929468, 35.664165834053065], [126.88043905281161, 35.661911853530604]]], [[[126.88040422384422, 35.66641981372269], [126.88042163929468, 35.664165834053065], [126.87765962147377, 35.66415159107251], [126.87764212839917, 35.66640556956635], [126.88040422384422, 35.66641981372269]]], [[[126.88314898147179, 35.6686879745159], [126.88314898147179, 35.6686879745159], [126.88314898147179, 35.6686879745159], [126.8831316397952, 35.670941953650456], [126.88589389437414, 35.67095607343649], [126.88589389437414, 35.67095607343649], [126.88589389437414, 35.67095607343649], [126.8858766284224, 35.67321005288374], [126.88863896256892, 35.673224110468816], [126.88865615087002, 35.67097012986129], [126.88865615087002, 35.67097012986129], [126.88863896256892, 35.673224110468816], [126.89140129862398, 35.673238104687286], [126.89141840927424, 35.670984122924686], [126.89141840927424, 35.670984122924686], [126.89143551802478, 35.66873014030945], [126.8886733372628, 35.668716148401046], [126.8886733372628, 35.668716148401046], [126.89143551802478, 35.66873014030945], [126.89145262487582, 35.666476156841576], [126.88869052174746, 35.6664621660881], [126.88869052174746, 35.6664621660881], [126.88592842052698, 35.666448111983705], [126.88591115840893, 35.66870209313648], [126.88591115840893, 35.66870209313648], [126.88591115840893, 35.668702093136474], [126.88591115840893, 35.668702093136474], [126.88592842052698, 35.6664481119837], [126.88316632122304, 35.66643399452851], [126.88316632122304, 35.66643399452851], [126.88040422384422, 35.66641981372269], [126.88038680646001, 35.66867379253945], [126.88314898147179, 35.6686879745159]]], [[[126.88038680646001, 35.66867379253945], [126.88036938714183, 35.670927770503326], [126.88036938714183, 35.670927770503326], [126.88035196588946, 35.67318174761431], [126.88311429619304, 35.673195931932185], [126.8831316397952, 35.670941953650456], [126.8831316397952, 35.670941953650456], [126.88314898147179, 35.6686879745159], [126.88038680646001, 35.66867379253945]]], [[[126.89211831271984, 35.57857013679325], [126.89213534376479, 35.57631611923933], [126.88937633892418, 35.57630217463096], [126.88935923058958, 35.5785561910325], [126.89211831271984, 35.57857013679325]]], [[[126.88884509627937, 35.646176286904485], [126.88886226169461, 35.643922296065924], [126.88610093633427, 35.64390825355962], [126.88608369337179, 35.646162243238656], [126.88884509627937, 35.646176286904485]]], [[[126.89433388149725, 35.65071216805117], [126.89157231966512, 35.650698248694916], [126.89155522610457, 35.65295223813052], [126.89155522610457, 35.65295223813052], [126.89155522610457, 35.652952238130524], [126.88879358859694, 35.65293825430531], [126.88879358859694, 35.6529382543053], [126.8860319529959, 35.65292420716054], [126.88601470237376, 35.65517819342934], [126.88877641555648, 35.6551922417339], [126.88877641555648, 35.6551922417339], [126.89153813064607, 35.65520622671365], [126.89153813064607, 35.65520622671365], [126.89429984763385, 35.65522014836849], [126.89428282786783, 35.65747413724853], [126.89704462433617, 35.65748799672246], [126.89706156651124, 35.655234006698265], [126.89706156651124, 35.655234006698265], [126.89706156651124, 35.655234006698265], [126.89704462433617, 35.65748799672246], [126.89704462433617, 35.65748799672246], [126.89702768027993, 35.65974198589427], [126.89978955622927, 35.659755783176756], [126.89980642268576, 35.65750179286596], [126.89980642268576, 35.65750179286596], [126.89982328726964, 35.655247801702835], [126.89984014998115, 35.652993809687416], [126.89984014998115, 35.652993809687416], [126.89982328726964, 35.655247801702835], [126.89982328726964, 35.655247801702835], [126.89980642268576, 35.65750179286596], [126.89980642268576, 35.65750179286596], [126.89978955622927, 35.659755783176756], [126.9025514340514, 35.659769517123465], [126.9025514340514, 35.65976951712347], [126.9025514340514, 35.65976951712347], [126.90253464333074, 35.66202350771576], [126.90529660062586, 35.66203717945512], [126.90529660062586, 35.662037179455126], [126.90805855977678, 35.66205078785319], [126.90805855977678, 35.66205078785318], [126.91082052077485, 35.66206433290981], [126.91082052077485, 35.662064332909814], [126.91358248361146, 35.66207781462487], [126.91359896389564, 35.65982381954955], [126.91359896389564, 35.65982381954955], [126.9136154423501, 35.657569823622204], [126.9136154423501, 35.657569823622204], [126.91363191897507, 35.65531582684284], [126.9108701889409, 35.655302348466336], [126.91085363472374, 35.65755634413291], [126.91085363472374, 35.65755634413291], [126.91083707866846, 35.6598103389474], [126.91083707866846, 35.6598103389474], [126.91085363472374, 35.65755634413292], [126.9080918289355, 35.65754280131251], [126.9080918289355, 35.65754280131251], [126.90533002499402, 35.657529195161125], [126.90533002499402, 35.65752919516112], [126.9080918289355, 35.6575428013125], [126.9080918289355, 35.6575428013125], [126.91085363472374, 35.65755634413291], [126.9108701889409, 35.65530234846633], [126.90810846074466, 35.655288806763956], [126.90810846074466, 35.655288806763956], [126.90534673439495, 35.65527520173582], [126.90534673439495, 35.65527520173582], [126.90258500990042, 35.65526153338207], [126.90258500990042, 35.65526153338207], [126.90534673439495, 35.65527520173582], [126.90536344194075, 35.65302120745834], [126.90260179502916, 35.653007540233006], [126.90260179502916, 35.653007540233006], [126.89984014998115, 35.65299380968741], [126.8998570108205, 35.650739816819716], [126.89709544521858, 35.650726024092826], [126.8970785068053, 35.65298001582171], [126.8970785068053, 35.65298001582171], [126.8970785068053, 35.652980015821704], [126.89431686551023, 35.65296615863603], [126.89431686551023, 35.65296615863603], [126.8970785068053, 35.652980015821704], [126.89709544521858, 35.65072602409281], [126.89709544521858, 35.65072602409281], [126.89711238175127, 35.64847203151161], [126.89711238175127, 35.64847203151161], [126.8971293164036, 35.64621803807812], [126.8943679078039, 35.646204184324354], [126.89435089559505, 35.648458176613936], [126.89435089559505, 35.648458176613936], [126.89435089559505, 35.648458176613936], [126.89435089559505, 35.648458176613936], [126.8943679078039, 35.646204184324354], [126.8943679078039, 35.646204184324354], [126.8943679078039, 35.646204184324354], [126.8971293164036, 35.64621803807812], [126.89714624917578, 35.64396404379235], [126.89438491812395, 35.64395019118242], [126.89438491812395, 35.64395019118243], [126.89162358896071, 35.643936275273575], [126.89160650109294, 35.64619026726642], [126.89160650109294, 35.64619026726643], [126.89158941132783, 35.64844425840688], [126.89158941132783, 35.64844425840688], [126.89157231966512, 35.650698248694916], [126.89433388149725, 35.65071216805117], [126.89433388149725, 35.65071216805117]], [[126.89431686551023, 35.65296615863603], [126.89431686551023, 35.65296615863603], [126.89429984763385, 35.65522014836849], [126.89429984763385, 35.65522014836849], [126.89431686551023, 35.65296615863603]]], [[[126.89157231966512, 35.650698248694916], [126.89158941132783, 35.64844425840688], [126.89158941132783, 35.64844425840688], [126.89160650109294, 35.64619026726643], [126.89160650109294, 35.64619026726643], [126.89162358896071, 35.643936275273575], [126.88886226169461, 35.64392229606593], [126.88884509627937, 35.646176286904485], [126.88884509627937, 35.646176286904485], [126.88882792895815, 35.64843027689058], [126.88882792895815, 35.64843027689058], [126.88881075973075, 35.650684266024186], [126.88881075973075, 35.650684266024186], [126.88879358859694, 35.6529382543053], [126.89155522610457, 35.65295223813051], [126.89157231966512, 35.650698248694916], [126.89157231966512, 35.650698248694916]]], [[[126.8887248849933, 35.66195419890425], [126.88596293901377, 35.66194014711998], [126.88594568072854, 35.6641941299782], [126.88870770432422, 35.66420818292249], [126.8887248849933, 35.66195419890425]]], [[[126.88596293901377, 35.66194014711998], [126.88320099495033, 35.66192603199539], [126.88318365904917, 35.66418001368834], [126.88594568072854, 35.6641941299782], [126.88592842052698, 35.6664481119837], [126.88869052174746, 35.666462166088095], [126.88870770432422, 35.66420818292249], [126.88594568072854, 35.6641941299782], [126.88596293901377, 35.66194014711998]]], [[[126.89968831815422, 35.67327970714159], [126.89970519585067, 35.67102572194518], [126.89970519585067, 35.67102572194518], [126.90246746180199, 35.67103946156165], [126.90246746180199, 35.67103946156165], [126.90246746180199, 35.67103946156165], [126.90246746180199, 35.671039461561655], [126.89970519585067, 35.67102572194519], [126.89968831815422, 35.67327970714159], [126.90245066175726, 35.673293447892206], [126.90245066175726, 35.6732934478922], [126.90521300722571, 35.67330712527549], [126.90521300722571, 35.67330712527549], [126.90797535455098, 35.67332073929135], [126.90799199929172, 35.67106675070821], [126.90522972961854, 35.67105313781603], [126.90522972961854, 35.67105313781603], [126.90524645015476, 35.66879914950426], [126.90524645015476, 35.66879914950426], [126.9052631688346, 35.666545160340156], [126.90250105629597, 35.6665314863434], [126.90248425998149, 35.668785474378716], [126.90248425998149, 35.668785474378716], [126.90248425998149, 35.66878547437872], [126.90248425998149, 35.66878547437872], [126.90250105629597, 35.6665314863434], [126.89973894562219, 35.66651774899504], [126.89973894562219, 35.66651774899503], [126.89973894562219, 35.66651774899503], [126.89973894562219, 35.66651774899503], [126.90250105629597, 35.6665314863434], [126.90250105629597, 35.6665314863434], [126.9052631688346, 35.66654516034015], [126.90524645015476, 35.66879914950425], [126.90524645015476, 35.66879914950425], [126.90522972961854, 35.67105313781603], [126.90799199929172, 35.671066750708206], [126.90800864218446, 35.668812761272804], [126.91077083606189, 35.66882630968424], [126.91078739947177, 35.66657231827824], [126.90802528322938, 35.66655877098515], [126.90802528322938, 35.66655877098515], [126.9052631688346, 35.66654516034015], [126.90527988565823, 35.66429117032377], [126.90251785074565, 35.664277497455735], [126.90251785074565, 35.664277497455735], [126.8997558176977, 35.664263761241315], [126.8997558176977, 35.664263761241315], [126.8997558176977, 35.664263761241315], [126.8997726879, 35.662009772635216], [126.89701073434225, 35.661995974213674], [126.89699378652294, 35.66424996168066], [126.89699378652297, 35.66424996168066], [126.89697683682182, 35.66650394829518], [126.89697683682182, 35.66650394829518], [126.89695988523863, 35.668757934057226], [126.89972207167322, 35.66877173589633], [126.89972207167322, 35.66877173589633], [126.89695988523863, 35.66875793405723], [126.89695988523863, 35.668757934057226], [126.89419770068628, 35.66874406886156], [126.89418066957816, 35.67099805262656], [126.89418066957816, 35.67099805262656], [126.89419770068628, 35.668744068861564], [126.89143551802478, 35.66873014030945], [126.89141840927424, 35.670984122924686], [126.89140129862398, 35.673238104687286], [126.89416363657898, 35.67325203553899], [126.89416363657898, 35.67325203553898], [126.89692597642525, 35.6732659030238], [126.89692597642525, 35.673265903023804], [126.89968831815422, 35.67327970714159]]], [[[126.8913841860738, 35.67549208559722], [126.89140129862398, 35.673238104687286], [126.88863896256892, 35.67322411046883], [126.88862177235927, 35.67547809022363], [126.8913841860738, 35.67549208559722]]], [[[126.8913670716235, 35.67774606565446], [126.8913841860738, 35.67549208559722], [126.88862177235927, 35.67547809022363], [126.88860458024085, 35.67773206912568], [126.8913670716235, 35.67774606565446]]], [[[126.90584715470692, 35.5876550028203], [126.90860655730397, 35.587668574179816], [126.90862313196617, 35.585414553226585], [126.90862313196617, 35.585414553226585], [126.90863970478817, 35.58316053142195], [126.90863970478817, 35.58316053142195], [126.90862313196617, 35.58541455322658], [126.90862313196617, 35.58541455322658], [126.90860655730397, 35.587668574179816], [126.91136596174138, 35.58768208237029], [126.91138245907817, 35.58542806030095], [126.91414178802174, 35.585441504211346], [126.91414178802174, 35.585441504211346], [126.9169011187883, 35.58545488495764], [126.91691745965922, 35.58320085982053], [126.91691745965922, 35.58320085982053], [126.91693379871593, 35.58094683383223], [126.91417462257527, 35.5809334552971], [126.91415820620989, 35.583187480179845], [126.91415820620989, 35.583187480179845], [126.91417462257527, 35.5809334552971], [126.91141544825716, 35.58092001360829], [126.91139895458336, 35.58317403738027], [126.91139895458333, 35.58317403738027], [126.91141544825716, 35.58092001360829], [126.90865627577024, 35.580906508765956], [126.90865627577024, 35.58090650876595], [126.90865627577024, 35.58090650876595], [126.90867284491257, 35.57865248525859], [126.90867284491257, 35.57865248525859], [126.90868941221535, 35.57639846089992], [126.90593039615852, 35.57638489514642], [126.90591375156488, 35.57863891838402], [126.9031546600653, 35.578625288361394], [126.90313793632424, 35.580879309621245], [126.90313793632426, 35.580879309621245], [126.9031212107263, 35.58313333002961], [126.9031212107263, 35.58313333002961], [126.90310448327122, 35.58538734958649], [126.90586380669431, 35.58540098298838], [126.90584715470692, 35.5876550028203]], [[126.90588045683297, 35.58314696230503], [126.90588045683297, 35.58314696230502], [126.90863970478817, 35.58316053142195], [126.90863970478817, 35.58316053142195], [126.90588045683297, 35.58314696230503], [126.90588045683297, 35.58314696230503], [126.90588045683297, 35.58314696230503]], [[126.90591375156488, 35.57863891838402], [126.90591375156488, 35.57863891838402], [126.90589710512309, 35.58089294077023], [126.90589710512309, 35.58089294077023], [126.90591375156488, 35.57863891838402]]], [[[126.90578052826578, 35.59667107363293], [126.9030208181318, 35.59665743459768], [126.90300407952965, 35.59891144904511], [126.90576386703158, 35.598925089207206], [126.90576386703158, 35.598925089207206], [126.9085236563835, 35.598938666174305], [126.90854024024954, 35.59668464947838], [126.90578052826578, 35.59667107363293], [126.90578052826578, 35.59667107363293]]], [[[126.90840751775058, 35.614716759201514], [126.90842411451071, 35.612462748466804], [126.9056638607695, 35.6124491647686], [126.90564718658106, 35.61470317438123], [126.90840751775058, 35.614716759201514]]], [[[126.89990758210755, 35.64397783310321], [126.89714624917578, 35.64396404379235], [126.8971293164036, 35.64621803807812], [126.89989072688347, 35.64623182852759], [126.89990758210755, 35.64397783310321]]], [[[126.9081915920964, 35.64401882124001], [126.90543025357645, 35.64400522182717], [126.90541355344924, 35.64625921951311], [126.9081749695179, 35.64627282004888], [126.9081915920964, 35.64401882124001]]], [[[126.90810846074466, 35.655288806763956], [126.90810846074466, 35.65528880676395], [126.9108701889409, 35.65530234846632], [126.91088674132011, 35.6530483519477], [126.90812509070727, 35.653034811363284], [126.90812509070727, 35.653034811363284], [126.90536344194075, 35.65302120745834], [126.90534673439495, 35.65527520173582], [126.90810846074466, 35.655288806763956]]], [[[126.91067141697309, 35.68235024022344], [126.91067141697309, 35.68235024022344], [126.91068799142101, 35.68009625393091], [126.90792540923884, 35.68008269992691], [126.90790875710411, 35.68233668510074], [126.90790875710411, 35.68233668510074], [126.90789210312036, 35.68459066942217], [126.91065484068476, 35.68460422566364], [126.91067141697309, 35.68235024022344]]], [[[126.91972549475021, 35.576452092482995], [126.91972549475021, 35.576452092482995], [126.91970923661303, 35.57870612127382], [126.92246833907264, 35.57871937240618], [126.92248451991794, 35.57646534252036], [126.92248451991794, 35.57646534252036], [126.92248451991794, 35.57646534252035], [126.92524354688209, 35.576478529414096], [126.92525964864744, 35.57422449758757], [126.92250069896681, 35.57421131178354], [126.92250069896681, 35.57421131178354], [126.91974175108243, 35.57419806284111], [126.9197580056098, 35.57194403234819], [126.91699913680475, 35.57193072136757], [126.91698280500283, 35.57418475076039], [126.91698280500283, 35.57418475076039], [126.91696647138752, 35.57643877930213], [126.91972549475021, 35.576452092482995], [126.9197417510824, 35.57419806284111], [126.91974175108243, 35.57419806284111], [126.91972549475021, 35.576452092482995]]], [[[126.91972549475021, 35.576452092482995], [126.91696647138752, 35.57643877930213], [126.91695013595863, 35.57869280699274], [126.91970923661303, 35.57870612127382], [126.91972549475021, 35.576452092482995]]], [[[126.91959537909517, 35.59448429897802], [126.91683573715855, 35.59447097699379], [126.9168193872136, 35.596724997874624], [126.91957910651058, 35.59673832095956], [126.91959537909517, 35.59448429897802]]], [[[126.91116785076291, 35.61473028079009], [126.91118437009453, 35.61247626893854], [126.90842411451071, 35.612462748466804], [126.90840751775058, 35.614716759201514], [126.91116785076291, 35.61473028079009]]], [[[126.91938369450484, 35.6237865183326], [126.91662304621318, 35.6237731820346], [126.91660667265192, 35.62602719184639], [126.9193673984157, 35.62604052924588], [126.91938369450484, 35.6237865183326]]], [[[126.91363191897507, 35.65531582684284], [126.91363191897507, 35.65531582684284], [126.91639365083856, 35.655329241893305], [126.9164100480504, 35.65307524315446], [126.9136483937707, 35.65306182921149], [126.9136483937707, 35.653061829211474], [126.91088674132011, 35.65304835194771], [126.9108701889409, 35.65530234846633], [126.91363191897507, 35.65531582684284]]], [[[126.91636085095257, 35.65983723681521], [126.91637725180601, 35.657583239780244], [126.91637725180601, 35.657583239780244], [126.91639365083856, 35.65532924189331], [126.91363191897507, 35.65531582684284], [126.91361544235014, 35.6575698236222], [126.91361544235014, 35.6575698236222], [126.91359896389567, 35.659823819549544], [126.91359896389564, 35.659823819549544], [126.91358248361146, 35.662077814624865], [126.916344448278, 35.662091232998215], [126.91636085095257, 35.65983723681521], [126.91636085095257, 35.65983723681521]]], [[[126.916344448278, 35.66209123299822], [126.91358248361146, 35.66207781462487], [126.91356600149736, 35.66433180884814], [126.91356600149736, 35.66433180884814], [126.9135495175531, 35.66658580221932], [126.91631163746477, 35.66659922280823], [126.91632804378214, 35.66434522832923], [126.91632804378214, 35.66434522832923], [126.916344448278, 35.66209123299822]]], [[[126.91072113479649, 35.67558827878897], [126.91072113479649, 35.675588278788986], [126.91348356347068, 35.67560176718282], [126.91350005473751, 35.67334777722018], [126.91073770372448, 35.67333428993962], [126.91073770372448, 35.67333428993962], [126.90797535455098, 35.67332073929135], [126.9079587079621, 35.67557472702219], [126.91072113479649, 35.67558827878897]]], [[[126.91624599397603, 35.67561519220358], [126.91622957854803, 35.677869182422135], [126.91622957854803, 35.677869182422135], [126.91622957854803, 35.677869182422135], [126.91346707037272, 35.677855756293276], [126.91345057544338, 35.680109744551494], [126.91345057544335, 35.680109744551494], [126.91343407868246, 35.68236373195749], [126.91619674222359, 35.68237716030277], [126.91621316129728, 35.680123171788544], [126.91621316129728, 35.680123171788544], [126.91621316129728, 35.68012317178854], [126.91897574897412, 35.68013653564191], [126.91899208854609, 35.677882545172565], [126.91899208854609, 35.677882545172565], [126.91897574897412, 35.680136535641914], [126.92173833846532, 35.68014983611146], [126.92173833846532, 35.68014983611146], [126.92450092976216, 35.680163073197065], [126.92450092976216, 35.680163073197065], [126.92173833846532, 35.68014983611146], [126.92172207476668, 35.68240382682648], [126.92448474375138, 35.68241706500462], [126.92450092976219, 35.680163073197065], [126.9272635228561, 35.68017624689859], [126.9272635228561, 35.68017624689859], [126.93002611773848, 35.6801893572159], [126.9300421465932, 35.67793536238709], [126.9300421465932, 35.67793536238709], [126.9300581736683, 35.675681366706414], [126.92729573413654, 35.675668258553074], [126.92729573413654, 35.67566825855307], [126.9300581736683, 35.67568136670641], [126.9300421465932, 35.67793536238709], [126.9328046655756, 35.67794840824326], [126.93282061497953, 35.67569441148585], [126.9300581736683, 35.67568136670641], [126.93007419896401, 35.67342737017389], [126.92731183709456, 35.673414263102465], [126.92729573413654, 35.67566825855307], [126.9245332963928, 35.675655087025994], [126.92451711397591, 35.67790908053751], [126.92451711397591, 35.67790908053751], [126.92451711397591, 35.67790908053751], [126.92175460035826, 35.677895844544395], [126.9217708604457, 35.675641852125295], [126.92177086044568, 35.675641852125295], [126.92178711872785, 35.67338785885419], [126.91902476224782, 35.6733745616776], [126.91902476224782, 35.6733745616776], [126.91626240758151, 35.673361201132884], [126.91626240758151, 35.673361201132884], [126.91350005473751, 35.67334777722019], [126.91348356347068, 35.67560176718282], [126.91624599397603, 35.67561519220358], [126.91624599397603, 35.67561519220358], [126.91624599397603, 35.67561519220358]], [[126.91899208854609, 35.67788254517256], [126.91899208854609, 35.67788254517256], [126.92175460035826, 35.677895844544395], [126.92175460035826, 35.677895844544395], [126.91899208854609, 35.67788254517256]]], [[[126.91343407868246, 35.682363731957494], [126.91345057544335, 35.6801097445515], [126.91068799142101, 35.68009625393091], [126.91067141697309, 35.68235024022344], [126.91343407868246, 35.682363731957494]]], [[[126.91619674222359, 35.682377160302785], [126.91343407868246, 35.682363731957494], [126.91341758008979, 35.684617718511234], [126.91618032132676, 35.684631147964815], [126.91619674222359, 35.682377160302785]]], [[[126.9280025756341, 35.57649165316408], [126.92801860011572, 35.57423762025306], [126.92525964864744, 35.57422449758757], [126.92524354688209, 35.576478529414096], [126.9280025756341, 35.57649165316408]]], [[[126.92524354688209, 35.576478529414096], [126.92248451991794, 35.57646534252036], [126.92246833907264, 35.57871937240618], [126.9252274433289, 35.578732560389696], [126.92524354688209, 35.576478529414096]]], [[[126.9388814588966, 35.59908384190307], [126.94164126977827, 35.59909666051959], [126.94165692521084, 35.59684263077122], [126.94165692521084, 35.59684263077122], [126.94167257890527, 35.59458860017205], [126.93891292275607, 35.59457578367345], [126.9388971916997, 35.59682981321368], [126.93613745993527, 35.59681693246477], [126.93612164976183, 35.599070960089946], [126.9388814588966, 35.59908384190307], [126.9388971916997, 35.59682981321368], [126.9388971916997, 35.59682981321368], [126.9388814588966, 35.59908384190307]]], [[[126.93312331742803, 35.63286831128471], [126.93313923145358, 35.63061429749623], [126.93037834175654, 35.63060127423893], [126.93036235023207, 35.63285528695186], [126.93312331742803, 35.63286831128471]]], [[[126.93294814647881, 35.65766240676473], [126.93570996850012, 35.6576753796003], [126.93572582438017, 35.6554213741068], [126.93572582438017, 35.6554213741068], [126.93574167849981, 35.65316736776181], [126.93574167849981, 35.65316736776181], [126.93574167849981, 35.65316736776181], [126.9385033471023, 35.65318027513364], [126.93851912188498, 35.65092626687154], [126.93851912188498, 35.65092626687154], [126.93853489491626, 35.64867225775804], [126.9357733814587, 35.64865935251739], [126.9357733814587, 35.6486593525174], [126.93301186976096, 35.64864638396536], [126.93299594159355, 35.650900390942496], [126.93299594159355, 35.650900390942496], [126.93298001165752, 35.65315439706812], [126.93298001165752, 35.65315439706812], [126.93296407995267, 35.65540840234222], [126.93296407995267, 35.65540840234222], [126.93294814647881, 35.65766240676473]]], [[[126.9412022112019, 35.6622091479596], [126.93844023045376, 35.662196299667585], [126.93842444691118, 35.66445030367233], [126.94118650527935, 35.66446315302504], [126.9412022112019, 35.6622091479596]]], [[[126.93564652737192, 35.66669139305875], [126.93288439488921, 35.66667841593873], [126.93286845256729, 35.668932416103075], [126.9356306626869, 35.668945394294376], [126.93564652737192, 35.66669139305875]]], [[[126.95272656333641, 35.59238519866908], [126.9527419041741, 35.59013116218535], [126.94998239582445, 35.59011860050859], [126.9499669776412, 35.59237263595439], [126.94720739365798, 35.59236001005824], [126.94720739365798, 35.59236001005824], [126.94444781139529, 35.592347320980785], [126.94443223679235, 35.594601353484364], [126.94443223679235, 35.594601353484364], [126.94167257890527, 35.59458860017205], [126.94165692521084, 35.59684263077122], [126.94441666046009, 35.596855385137246], [126.94441666046009, 35.596855385137246], [126.94165692521084, 35.59684263077122], [126.94164126977827, 35.59909666051959], [126.94440108239829, 35.599109415939395], [126.94440108239829, 35.599109415939395], [126.94716089674799, 35.599122108162334], [126.94716089674799, 35.599122108162334], [126.94992071281885, 35.59913473718829], [126.9499361361386, 35.596880704294264], [126.9499361361386, 35.596880704294264], [126.9499361361386, 35.59688070429427], [126.9499361361386, 35.59688070429427], [126.94992071281885, 35.599134737188294], [126.95268053060225, 35.59914730301715], [126.95269587655068, 35.596893269085015], [126.95269587655068, 35.596893269085015], [126.95269587655068, 35.596893269085015], [126.95545561866652, 35.59690577068373], [126.95545561866652, 35.596905770683726], [126.95821536247752, 35.596918209090305], [126.95823055199614, 35.59466417224717], [126.95547088554824, 35.594651734868194], [126.95547088554824, 35.5946517348682], [126.95271122079532, 35.59463923430232], [126.95271122079532, 35.59463923430232], [126.94995155774599, 35.59462667054964], [126.94995155774599, 35.59462667054962], [126.94995155774599, 35.59462667054962], [126.9499669776412, 35.59237263595439], [126.94996697764122, 35.59237263595439], [126.94995155774599, 35.59462667054962], [126.95271122079532, 35.59463923430231], [126.95271122079532, 35.59463923430231], [126.95547088554824, 35.5946517348682], [126.95548615073498, 35.5923976982022], [126.95272656333641, 35.59238519866908], [126.95272656333641, 35.59238519866908], [126.95272656333641, 35.59238519866908]], [[126.94719189640881, 35.59461404361027], [126.94717639743888, 35.59686807631164], [126.94717639743888, 35.59686807631164], [126.94717639743888, 35.59686807631164], [126.94717639743888, 35.59686807631164], [126.94719189640881, 35.59461404361027], [126.94719189640881, 35.59461404361027]]], [[[126.95268053060225, 35.59914730301715], [126.94992071281885, 35.599134737188294], [126.94990528778656, 35.60138876923168], [126.95266518294987, 35.60140133609869], [126.95268053060225, 35.59914730301715]]], [[[126.95530285658336, 35.61944608205751], [126.95531814042536, 35.617192054748045], [126.9525577016566, 35.617179543851265], [126.95254234036575, 35.61943357012733], [126.95254234036575, 35.61943357012733], [126.95252697736925, 35.62168759555259], [126.95252697736925, 35.62168759555259], [126.95251161266688, 35.62394162012705], [126.95527228380801, 35.62395413412419], [126.95528757104432, 35.621700108516215], [126.95528757104432, 35.621700108516215], [126.95530285658336, 35.61944608205751], [126.95530285658336, 35.61944608205751]]], [[[126.94973549934893, 35.62618306556004], [126.9497509432318, 35.62392904287522], [126.94699027551137, 35.623916402368835], [126.94699027551137, 35.623916402368835], [126.9442296095142, 35.623903698608025], [126.94421401068296, 35.62615771919958], [126.94697475415423, 35.62617042400964], [126.94697475415423, 35.62617042400964], [126.94973549934893, 35.62618306556004]]], [[[126.9496118865356, 35.64421521640371], [126.94685052123697, 35.644202566499075], [126.94683498436191, 35.64645658048029], [126.94959642721228, 35.646469231429464], [126.94959642721228, 35.64646923142946], [126.9523578717792, 35.64648181907183], [126.9523732535506, 35.64422780300677], [126.9496118865356, 35.64421521640371], [126.9496118865356, 35.64421521640371]]], [[[126.94959642721228, 35.646469231429464], [126.94683498436191, 35.64645658048029], [126.94681944576169, 35.648710593610325], [126.94958096617238, 35.648723245604096], [126.94959642721228, 35.646469231429464]]], [[[126.9412807146621, 35.65093910986099], [126.94126501745642, 35.65319311918349], [126.9440266895535, 35.65320589991124], [126.9440266895535, 35.65320589991124], [126.94678836338493, 35.65321861731675], [126.94678836338493, 35.65321861731675], [126.94955003894212, 35.65323127139989], [126.94956550341573, 35.650977258927576], [126.94680390543608, 35.65096460588914], [126.94681944576169, 35.648710593610325], [126.94681944576169, 35.648710593610325], [126.94683498436191, 35.64645658048029], [126.94407354323673, 35.64644386622442], [126.94405792707636, 35.64869787830462], [126.94405792707636, 35.64869787830462], [126.94404230918202, 35.65095188953357], [126.94680390543608, 35.65096460588914], [126.94680390543608, 35.65096460588914], [126.94404230918202, 35.65095188953358], [126.94404230918202, 35.65095188953357], [126.9412807146621, 35.65093910986099]]], [[[126.9440110681906, 35.65545990943761], [126.94677281960803, 35.65547262789311], [126.94677281960803, 35.65547262789311], [126.94953457275139, 35.65548528302103], [126.94955003894212, 35.65323127139989], [126.94678836338493, 35.65321861731675], [126.94678836338493, 35.65321861731675], [126.9440266895535, 35.65320589991125], [126.9440266895535, 35.653205899911256], [126.94126501745642, 35.6531931191835], [126.94124931850774, 35.65544712765464], [126.9440110681906, 35.65545990943761], [126.9440110681906, 35.65545990943761]]], [[[126.94950363521772, 35.659993303709605], [126.95226554527699, 35.66000589758906], [126.95225015154588, 35.66225990769618], [126.94948816387442, 35.66224731277701], [126.94947269081318, 35.66450132099315], [126.94947269081318, 35.66450132099315], [126.94945721603386, 35.66675532835798], [126.9522193589556, 35.66676792535675], [126.9522347561055, 35.664513916952096], [126.9522347561055, 35.664513916952096], [126.95225015154588, 35.66225990769618], [126.95501214092666, 35.662272439271824], [126.95502745704535, 35.66001842813021], [126.95502745704535, 35.66001842813021], [126.95504277146357, 35.657764416137454], [126.95504277146357, 35.657764416137454], [126.95505808418149, 35.655510403293576], [126.95229632761207, 35.655497874821215], [126.95229632761207, 35.655497874821215], [126.94953457275139, 35.65548528302103], [126.94953457275139, 35.65548528302104], [126.94677281960803, 35.65547262789312], [126.94675727410515, 35.6577266376182], [126.94675727410515, 35.6577266376182], [126.94674172687616, 35.65998064649198], [126.94950363521772, 35.659993303709605]]], [[[126.9577741320081, 35.6622849075038], [126.95778937051422, 35.66003089533292], [126.95502745704535, 35.66001842813021], [126.95501214092666, 35.662272439271824], [126.9577741320081, 35.6622849075038]]], [[[126.96325285934773, 35.66907169147132], [126.96325285934773, 35.66907169147132], [126.96601508837065, 35.66908397271264], [126.96603009903704, 35.666829960038264], [126.96326794765312, 35.66681767981068], [126.96326794765312, 35.66681767981068], [126.96603009903704, 35.666829960038264], [126.96604510803685, 35.6645759465129], [126.96604510803685, 35.6645759465129], [126.96606011537028, 35.66232193213656], [126.96329811923852, 35.662309653936305], [126.96329811923852, 35.662309653936305], [126.96053612478158, 35.662297312392], [126.96053612478158, 35.662297312392006], [126.9577741320081, 35.6622849075038], [126.95775889180993, 35.66453891882356], [126.95775889180993, 35.66453891882356], [126.95775889180993, 35.66453891882356], [126.9577741320081, 35.6622849075038], [126.95501214092666, 35.662272439271824], [126.95499682310728, 35.664526449562274], [126.95499682310728, 35.664526449562274], [126.95498150358704, 35.66678045900154], [126.95774364991951, 35.66679292929219], [126.9605057979444, 35.66680533622862], [126.96049063200017, 35.66905934687029], [126.96325285934773, 35.66907169147132]]], [[[126.95499682310728, 35.66452644956228], [126.9522347561055, 35.664513916952096], [126.9522193589556, 35.66676792535676], [126.95498150358704, 35.666780459001544], [126.95499682310728, 35.66452644956228]]], [[[126.98029337296113, 35.59701544141115], [126.98030794356819, 35.59476139653506], [126.9775482638696, 35.59474946465586], [126.97753361589795, 35.597003508546116], [126.98029337296113, 35.59701544141115]]], [[[126.98027880073622, 35.59926948543724], [126.98027880073622, 35.59926948543725], [126.9830386367906, 35.59928135608973], [126.98305313164217, 35.59702731108297], [126.98029337296113, 35.59701544141116], [126.98029337296113, 35.59701544141115], [126.97753361589795, 35.597003508546116], [126.97751896629984, 35.5992575515863], [126.98027880073622, 35.59926948543724]]], [[[126.9830386367906, 35.59928135608973], [126.9830386367906, 35.59928135608973], [126.98027880073622, 35.59926948543725], [126.98026422689323, 35.60152352861331], [126.98302414032959, 35.601535400246526], [126.98302414032959, 35.601535400246526], [126.98302414032959, 35.601535400246526], [126.98300964225892, 35.60378944355332], [126.98576963469564, 35.6038012529583], [126.98575521241449, 35.60605529639071], [126.98851528385191, 35.60606704355696], [126.98851528385191, 35.60606704355696], [126.99127535688214, 35.606078727508745], [126.99128962436416, 35.603824682140754], [126.98852962873357, 35.603812999154165], [126.98852962873357, 35.603812999154165], [126.99128962436416, 35.603824682140754], [126.99130389026212, 35.601570635922926], [126.98854397202263, 35.60155895390145], [126.98855831371921, 35.599304907798846], [126.98579847445447, 35.599293163543635], [126.98578405537558, 35.601547208675946], [126.98854397202263, 35.60155895390145], [126.98854397202263, 35.60155895390145], [126.98578405537558, 35.601547208675946], [126.98576963469564, 35.6038012529583], [126.98576963469564, 35.6038012529583], [126.98578405537558, 35.601547208675946], [126.98578405537558, 35.601547208675946], [126.98579847445447, 35.59929316354364], [126.9830386367906, 35.59928135608973]]], [[[126.98026422689323, 35.601523528613306], [126.98027880073622, 35.59926948543725], [126.97751896629984, 35.599257551586305], [126.97750431507511, 35.6015115937764], [126.98026422689323, 35.601523528613306]]], [[[126.99406381008546, 35.60158225474025], [126.99130389026212, 35.601570635922926], [126.99128962436416, 35.603824682140754], [126.99404962157877, 35.60383630191799], [126.99406381008546, 35.60158225474025]]], [[[126.98574078853191, 35.608309338973136], [126.98298064128798, 35.60829752761684], [126.98298064128798, 35.60829752761684], [126.98022049565422, 35.608285653041094], [126.98020591533724, 35.61053969281681], [126.98020591533724, 35.61053969281681], [126.98019133340132, 35.61279373174239], [126.97743103454546, 35.61278179197489], [126.97741637355706, 35.61503582906403], [126.97741637355706, 35.61503582906403], [126.97740171094075, 35.61728986530293], [126.9801621646719, 35.617301807043035], [126.98017674984627, 35.61504776981781], [126.98017674984627, 35.61504776981781], [126.9801621646719, 35.617301807043035], [126.9829226200225, 35.617313685542925], [126.9829226200225, 35.617313685542925], [126.98568307698402, 35.61732550080245], [126.98568307698402, 35.617325500802465], [126.9829226200225, 35.617313685542925], [126.98290811067935, 35.61956772289912], [126.98566864509176, 35.61957953913459], [126.98566864509176, 35.61957953913458], [126.98842918110662, 35.619591292124355], [126.98844353554784, 35.61733725282151], [126.99120399570535, 35.61734894159998], [126.9912182711102, 35.61509490048162], [126.9912182711102, 35.61509490048162], [126.99123254493013, 35.6128408585133], [126.98847223964933, 35.61282917166567], [126.98847223964933, 35.612829171665666], [126.98847223964933, 35.612829171665666], [126.98847223964933, 35.612829171665666], [126.99123254493013, 35.6128408585133], [126.99124681716532, 35.61058681569504], [126.99124681716532, 35.61058681569504], [126.99126108781594, 35.60833277202685], [126.99126108781594, 35.60833277202685], [126.99127535688214, 35.606078727508745], [126.98851528385191, 35.60606704355697], [126.98575521241449, 35.60605529639071], [126.98574078853191, 35.60830933897313], [126.98574078853191, 35.60830933897313], [126.98574078853191, 35.608309338973136]], [[126.98296613838733, 35.61055156837352], [126.98296613838733, 35.61055156837352], [126.98295163387631, 35.61280560828008], [126.98295163387631, 35.61280560828008], [126.98295163387631, 35.612805608280084], [126.98295163387631, 35.612805608280084], [126.98296613838733, 35.61055156837352]], [[126.98845788839533, 35.61508321266861], [126.98844353554784, 35.61733725282151], [126.98844353554784, 35.61733725282151], [126.98845788839533, 35.61508321266861], [126.985697507274, 35.61507146162022], [126.985697507274, 35.61507146162021], [126.98293712775477, 35.61505964733658], [126.98293712775477, 35.615059647336565], [126.985697507274, 35.61507146162021], [126.98571193596186, 35.6128174215879], [126.98571193596186, 35.6128174215879], [126.98571193596186, 35.6128174215879], [126.985697507274, 35.61507146162021], [126.98845788839533, 35.61508321266861], [126.98845788839533, 35.61508321266861], [126.98845788839533, 35.61508321266861]], [[126.98850093737744, 35.60832108710985], [126.98848658930994, 35.61057512981274], [126.98848658930994, 35.61057512981274], [126.98850093737744, 35.60832108710985], [126.98850093737744, 35.60832108710985]]], [[[126.96916503941242, 35.61049155834555], [126.96640482454305, 35.610479366667214], [126.96638985548526, 35.61273340060942], [126.96638985548528, 35.61273340060942], [126.96637488476539, 35.6149874337012], [126.96913525449135, 35.61499962739383], [126.96915014777863, 35.61274559329487], [126.96915014777863, 35.61274559329487], [126.96916503941242, 35.61049155834555]]], [[[126.96637488476539, 35.6149874337012], [126.9663599123832, 35.61724146594252], [126.96912035955036, 35.617253660642376], [126.96910546295547, 35.61950769304049], [126.97186598922649, 35.61951982550265], [126.97186598922649, 35.61951982550265], [126.974626517143, 35.61953189471971], [126.97461177381138, 35.62178592826637], [126.9773723808237, 35.621797935229885], [126.97738704669636, 35.61954390069156], [126.97738704669636, 35.61954390069156], [126.97740171094075, 35.61728986530293], [126.97464125883774, 35.617277860322694], [126.974626517143, 35.61953189471971], [126.974626517143, 35.61953189471971], [126.97464125883774, 35.617277860322694], [126.97464125883774, 35.617277860322694], [126.97464125883774, 35.617277860322694], [126.97740171094075, 35.61728986530293], [126.97741637355706, 35.615035829064034], [126.9746559988958, 35.61502382507537], [126.9746559988958, 35.61502382507536], [126.9746559988958, 35.61502382507536], [126.9746559988958, 35.61502382507536], [126.97741637355706, 35.61503582906403], [126.97743103454546, 35.61278179197489], [126.97467073731731, 35.61276978897772], [126.97467073731731, 35.61276978897773], [126.97191044172553, 35.61275772275103], [126.971895625871, 35.61501175785191], [126.96913525449135, 35.61499962739383], [126.96913525449135, 35.61499962739383], [126.96637488476539, 35.6149874337012]]], [[[126.99397865541, 35.61510652505916], [126.9912182711102, 35.61509490048162], [126.99120399570535, 35.61734894159997], [126.99396445744797, 35.61736056713773], [126.99397865541, 35.61510652505916]]], [[[126.99118971871539, 35.61960298186833], [126.99120399570535, 35.61734894159999], [126.98844353554784, 35.61733725282151], [126.98842918110665, 35.619591292124355], [126.99118971871539, 35.61960298186833]]], [[[126.98289359972512, 35.621821759405115], [126.98289359972512, 35.621821759405115], [126.98290811067935, 35.61956772289912], [126.98290811067935, 35.61956772289912], [126.9829226200225, 35.617313685542925], [126.9801621646719, 35.61730180704305], [126.9801621646719, 35.61730180704305], [126.97740171094075, 35.61728986530293], [126.97738704669638, 35.61954390069155], [126.97738704669638, 35.61954390069156], [126.9773723808237, 35.621797935229885], [126.98013298946448, 35.62180987894285], [126.98011839943108, 35.624063913617384], [126.98287908715962, 35.624075795060925], [126.98289359972512, 35.621821759405115]]], [[[126.98287908715962, 35.624075795060925], [126.98011839943108, 35.624063913617384], [126.98010380777765, 35.62631794744164], [126.98286457298269, 35.62632982986651], [126.98287908715962, 35.624075795060925]]], [[[126.96355430738166, 35.62399129658629], [126.960793631174, 35.62397897235394], [126.96077849719012, 35.6262329991626], [126.96353925087301, 35.626245324412864], [126.96355430738166, 35.62399129658629]]], [[[126.96894149120234, 35.64430199328487], [126.9689265747464, 35.64655601547605], [126.9689265747464, 35.64655601547605], [126.96616512006092, 35.64654380767717], [126.96616512006092, 35.64654380767717], [126.96340366704031, 35.64653153657072], [126.96338859380495, 35.64878555588993], [126.96338859380495, 35.64878555588993], [126.96338859380495, 35.64878555588993], [126.9606270648966, 35.64877322045759], [126.96061191241765, 35.65102723790741], [126.96337351889589, 35.65103957435827], [126.96335844231294, 35.65329359197573], [126.96612012804378, 35.653305866122054], [126.96612012804378, 35.653305866122054], [126.96888181544007, 35.65331807694513], [126.96888181544007, 35.65331807694514], [126.96888181544007, 35.65331807694514], [126.96886689235785, 35.655572095733284], [126.97162865899868, 35.655584244235946], [126.97162865899868, 35.655584244235946], [126.9743904272879, 35.65559632940991], [126.97440519519459, 35.653342308621106], [126.97440519519459, 35.653342308621106], [126.97440519519459, 35.6533423086211], [126.97716688753559, 35.653354329473736], [126.97718157622322, 35.65110030684181], [126.97718157622322, 35.65110030684181], [126.97719626328, 35.64884628335929], [126.97443472608927, 35.64883426449147], [126.97443472608927, 35.64883426449147], [126.97719626328, 35.64884628335929], [126.97721094870619, 35.64659225902618], [126.97721094870619, 35.64659225902618], [126.97997240996516, 35.646604213593626], [126.97998701620708, 35.6443501874229], [126.97722563250188, 35.64433823384249], [126.9772403146673, 35.64208420780828], [126.97447901013736, 35.64207219191727], [126.97446425042693, 35.644326216959286], [126.97722563250188, 35.64433823384249], [126.97722563250188, 35.6443382338425], [126.97446425042693, 35.644326216959286], [126.97444948907763, 35.64658024115068], [126.97444948907763, 35.64658024115068], [126.97444948907763, 35.64658024115069], [126.97168803108819, 35.64656815996728], [126.97167319053779, 35.648822182310504], [126.97167319053779, 35.648822182310504], [126.97167319053779, 35.648822182310504], [126.97167319053779, 35.648822182310504], [126.97168803108819, 35.64656815996728], [126.97444948907763, 35.64658024115069], [126.97446425042693, 35.644326216959286], [126.97170286999089, 35.644314136773374], [126.97170286999089, 35.64431413677336], [126.97446425042693, 35.644326216959286], [126.97447901013736, 35.64207219191727], [126.97171770724611, 35.64206011272881], [126.97171770724611, 35.64206011272881], [126.96895640600219, 35.64204797024299], [126.9689713191461, 35.63979394635043], [126.96621009709393, 35.639781741575234], [126.96619510641416, 35.642035764459955], [126.9661801140699, 35.644289786493935], [126.96894149120234, 35.64430199328487], [126.96894149120234, 35.64430199328487], [126.97170286999089, 35.64431413677335], [126.97170286999089, 35.64431413677336], [126.96894149120234, 35.64430199328487]], [[126.96889673686545, 35.6510640573062], [126.96889673686545, 35.6510640573062], [126.96891165663415, 35.64881003681651], [126.96891165663415, 35.64881003681651], [126.96889673686545, 35.6510640573062]], [[126.97165834833952, 35.65107620380304], [126.97165834833952, 35.65107620380304], [126.97441996146163, 35.65108828698161], [126.97443472608927, 35.64883426449148], [126.97443472608927, 35.64883426449148], [126.97441996146163, 35.65108828698161], [126.97441996146163, 35.65108828698161], [126.97441996146163, 35.65108828698161], [126.97165834833952, 35.65107620380304], [126.97164350449322, 35.65333022444486], [126.97164350449322, 35.65333022444486], [126.97165834833952, 35.65107620380304], [126.96889673686545, 35.6510640573062], [126.96889673686545, 35.6510640573062], [126.97165834833952, 35.65107620380304]], [[126.96337351889589, 35.65103957435827], [126.96613512704802, 35.65105184749123], [126.96613512704802, 35.65105184749124], [126.96337351889589, 35.65103957435827], [126.96337351889589, 35.65103957435827]]], [[[126.98273387284601, 35.64661610485292], [126.98274840153398, 35.64436207770038], [126.97998701620708, 35.6443501874229], [126.97997240996516, 35.646604213593626], [126.98273387284601, 35.64661610485292]]], [[[126.9827193425448, 35.64887013115501], [126.98273387284598, 35.64661610485292], [126.97997240996516, 35.646604213593626], [126.97995780210138, 35.64885823891384], [126.9827193425448, 35.64887013115501]]], [[[126.97991396877718, 35.65562030977121], [126.97991396877718, 35.65562030977121], [126.98267574195998, 35.655632204958316], [126.98269027710198, 35.65337818120772], [126.98269027710198, 35.65337818120772], [126.98270481063021, 35.65112415660661], [126.98270481063021, 35.65112415660661], [126.9827193425448, 35.648870131155014], [126.97995780210141, 35.648858238913846], [126.97994319261561, 35.65111226338352], [126.97718157622322, 35.65110030684181], [126.97716688753559, 35.653354329473736], [126.9799285815076, 35.65336628700265], [126.9799285815076, 35.653366287002655], [126.9799285815076, 35.653366287002655], [126.9799285815076, 35.653366287002655], [126.97716688753559, 35.653354329473736], [126.97715219721697, 35.65560835125504], [126.97991396877718, 35.65562030977121]]], [[[126.96334336405592, 35.655547608742296], [126.96332828412461, 35.65780162465793], [126.96332828412461, 35.65780162465793], [126.9633132025189, 35.66005563972259], [126.9660751210375, 35.66006791690929], [126.96606011537028, 35.66232193213656], [126.96882211316824, 35.66233414699268], [126.96882211316824, 35.66233414699268], [126.97158411262379, 35.66234629850452], [126.97159896306414, 35.66009228126581], [126.97159896306414, 35.66009228126581], [126.97159896306414, 35.6600922812658], [126.97436088655496, 35.66010436843537], [126.97437565774142, 35.65785034934801], [126.97437565774142, 35.65785034934801], [126.97436088655496, 35.66010436843538], [126.97712281168593, 35.66011639226565], [126.97713750526714, 35.65786237218569], [126.97713750526714, 35.65786237218569], [126.97715219721697, 35.65560835125504], [126.97715219721697, 35.65560835125504], [126.97716688753559, 35.65335432947375], [126.97440519519459, 35.65334230862111], [126.97439042728793, 35.65559632940992], [126.9743904272879, 35.65559632940992], [126.97437565774142, 35.657850349348], [126.97437565774142, 35.657850349348], [126.9743904272879, 35.65559632940992], [126.97162865899868, 35.65558424423595], [126.97162865899868, 35.65558424423595], [126.96886689235785, 35.65557209573329], [126.96886689235785, 35.655572095733284], [126.96886689235785, 35.655572095733284], [126.96888181544007, 35.65331807694515], [126.96612012804378, 35.653305866122075], [126.96610512737405, 35.65555988390203], [126.96610512737408, 35.65555988390203], [126.9660901250387, 35.65781390083111], [126.9660901250387, 35.65781390083111], [126.96610512737405, 35.65555988390203], [126.96334336405592, 35.655547608742296]]], [[[126.97991396877718, 35.655620309771216], [126.97715219721697, 35.65560835125504], [126.97713750526714, 35.65786237218569], [126.97989935442422, 35.65787433168918], [126.97991396877718, 35.655620309771216]]], [[[126.96880718345679, 35.66458816237741], [126.96882211316824, 35.66233414699268], [126.96606011537028, 35.66232193213656], [126.96604510803685, 35.6645759465129], [126.96880718345679, 35.66458816237741]]], [[[126.96879225208755, 35.66684217691124], [126.96603009903704, 35.66682996003827], [126.96601508837065, 35.66908397271265], [126.96877731906037, 35.669096190594125], [126.96879225208755, 35.66684217691124]]]]}}, {"type": "Feature", "properties": {"rank": 2, "method": "BFS+Zoning", "n_grids": 69, "avg_micro": 72.66022828509288, "cluster_score": 118.96472340840849, "buildable_ha": 166.24999999999994, "final_score": 91.079474617204, "avg_bcr": 0.38550724637681144, "center_lat": 35.53322613488817, "center_lon": 126.77662035635208}, "geometry": {"type": "MultiPolygon", "coordinates": [[[[126.76847365812523, 35.52153079422924], [126.76845320384516, 35.52378477526954], [126.76845320384516, 35.52378477526954], [126.76843274729406, 35.526038755455566], [126.77118996246686, 35.52605544778721], [126.77118996246686, 35.52605544778721], [126.7739471799024, 35.52607207709815], [126.7739471799024, 35.526072077098156], [126.7739471799024, 35.526072077098156], [126.77392687526203, 35.52832605918522], [126.77392687526203, 35.52832605918522], [126.77392687526203, 35.52832605918522], [126.7739471799024, 35.526072077098156], [126.77118996246686, 35.526055447787215], [126.77118996246686, 35.526055447787215], [126.76843274729406, 35.52603875545557], [126.76841228847164, 35.528292734787286], [126.77116958073533, 35.52830942849922], [126.77116958073533, 35.52830942849923], [126.76841228847164, 35.5282927347873], [126.76841228847164, 35.52829273478728], [126.76841228847164, 35.52829273478728], [126.76843274729406, 35.526038755455566], [126.76567553439253, 35.526022000103374], [126.76565499847946, 35.528275978049614], [126.76289771076742, 35.528259158286374], [126.76287709547529, 35.53051313398744], [126.76287709547529, 35.53051313398744], [126.76285647789425, 35.532767108834015], [126.76561391981276, 35.53278393137889], [126.76561391981276, 35.53278393137889], [126.76837136401191, 35.53280069088777], [126.7711288104831, 35.532817387360474], [126.7711288104831, 35.532817387360474], [126.76837136401191, 35.53280069088777], [126.7683508983741, 35.53505466765646], [126.7683508983741, 35.53505466765646], [126.76833043046398, 35.537308643570775], [126.7710880311769, 35.53732534280456], [126.7710880311769, 35.53732534280456], [126.76833043046398, 35.537308643570775], [126.76830996028127, 35.539562618630676], [126.76830996028127, 35.539562618630676], [126.76828948782577, 35.54181659283614], [126.77104724281466, 35.541833294831314], [126.77104724281466, 35.541833294831314], [126.77380500006808, 35.5418499337693], [126.77382531823878, 35.539595956807595], [126.77106763812792, 35.53957931924512], [126.77106763812792, 35.53957931924512], [126.77106763812792, 35.53957931924512], [126.77106763812792, 35.53957931924512], [126.77382531823878, 35.539595956807595], [126.77382531823878, 35.539595956807595], [126.77658300060536, 35.53961253131793], [126.77660323938618, 35.537358552131685], [126.77384563415382, 35.53734197899159], [126.77384563415382, 35.53734197899159], [126.77660323938618, 35.537358552131685], [126.77660323938618, 35.537358552131685], [126.77936084686542, 35.537375062224704], [126.77936084686542, 35.537375062224704], [126.77934068521907, 35.53962904277596], [126.78209837207132, 35.539645491181524], [126.78209837207132, 35.53964549118153], [126.78485606115359, 35.53966187653447], [126.78485606115359, 35.53966187653447], [126.78761375245729, 35.53967819883461], [126.78763368269877, 35.53742421421956], [126.78487606853028, 35.537407893268806], [126.78487606853028, 35.537407893268806], [126.78487606853028, 35.537407893268806], [126.78487606853028, 35.53740789326879], [126.78763368269877, 35.53742421421955], [126.78763368269877, 35.537424214219556], [126.79039129907989, 35.53744047212257], [126.79041114998185, 35.53518648530955], [126.79041114998185, 35.53518648530955], [126.79041114998185, 35.53518648530955], [126.79316869143993, 35.53520267882576], [126.79318846301949, 35.532948689820145], [126.79043099868002, 35.53293249764274], [126.79043099868002, 35.53293249764274], [126.78767353654412, 35.53291624242786], [126.78765361072763, 35.53517022875064], [126.78765361072763, 35.53517022875064], [126.78765361072763, 35.53517022875064], [126.78765361072763, 35.53517022875064], [126.78767353654409, 35.53291624242786], [126.78491607662032, 35.53289992417564], [126.78489607368577, 35.53515390914919], [126.78489607368577, 35.53515390914919], [126.78491607662032, 35.53289992417564], [126.78215861891725, 35.53288354288627], [126.78215861891725, 35.53288354288627], [126.77940116344344, 35.5328670985599], [126.77940116344344, 35.5328670985599], [126.77664371020744, 35.532850591196706], [126.77664371020744, 35.532850591196706], [126.77666394224838, 35.53059660944798], [126.77390656836727, 35.53058004041813], [126.7738862592178, 35.532834020796834], [126.7738862592178, 35.532834020796834], [126.77390656836727, 35.53058004041814], [126.77114919674086, 35.530563408356976], [126.77114919674086, 35.530563408356976], [126.77390656836727, 35.53058004041813], [126.77390656836727, 35.53058004041813], [126.77666394224838, 35.530596609447976], [126.77668417204318, 35.52834262684515], [126.77668417204318, 35.52834262684515], [126.77670439959212, 35.526088643388235], [126.77670439959212, 35.526088643388235], [126.77672462489544, 35.52383465907725], [126.77396748228857, 35.523818094156944], [126.77396748228857, 35.523818094156944], [126.77672462489544, 35.52383465907725], [126.77674484795338, 35.521580673912204], [126.77398778242079, 35.521564110361616], [126.77396748228857, 35.52381809415694], [126.77396748228857, 35.52381809415694], [126.77398778242079, 35.521564110361616], [126.7712307191419, 35.521547483800575], [126.77121034193561, 35.523801466220995], [126.77121034193561, 35.523801466220995], [126.7712307191419, 35.52154748380057], [126.7712307191419, 35.52154748380057], [126.77125109408594, 35.519293500525976], [126.76849411013453, 35.5192768123347], [126.76849411013453, 35.5192768123347], [126.76573712845361, 35.519260061138525], [126.76571659937936, 35.521514041647805], [126.76847365812523, 35.52153079422924], [126.76847365812523, 35.52153079422924], [126.76847365812523, 35.52153079422924]], [[126.7710880311769, 35.53732534280455], [126.77384563415382, 35.53734197899159], [126.77384563415382, 35.53734197899159], [126.7710880311769, 35.53732534280456], [126.7710880311769, 35.53732534280455]], [[126.76839182737767, 35.53054671326469], [126.76839182737767, 35.53054671326469], [126.76563446028631, 35.53052995514145], [126.76563446028631, 35.53052995514145], [126.76563446028631, 35.53052995514145], [126.76563446028631, 35.53052995514145], [126.76839182737767, 35.53054671326469]], [[126.7738862592178, 35.53283402079684], [126.7738659478134, 35.53508800032132], [126.7738659478134, 35.53508800032132], [126.7738862592178, 35.53283402079684], [126.7738862592178, 35.53283402079684]], [[126.78211845658298, 35.53739150927046], [126.78211845658298, 35.53739150927046], [126.78213853886487, 35.53513752650537], [126.78213853886487, 35.53513752650537], [126.78211845658298, 35.53739150927046]]], [[[126.762835858024, 35.53502108282607], [126.76559337705861, 35.53503790676187], [126.76561391981276, 35.53278393137889], [126.76285647789425, 35.532767108834015], [126.762835858024, 35.53502108282607]]], [[[126.76559337705861, 35.53503790676187], [126.7655728320236, 35.53729188129039], [126.76833043046398, 35.537308643570775], [126.7683508983741, 35.53505466765646], [126.7683508983741, 35.53505466765646], [126.76837136401191, 35.53280069088777], [126.76561391981276, 35.53278393137889], [126.76559337705861, 35.53503790676187], [126.76559337705861, 35.53503790676187]]], [[[126.76555228470745, 35.53954585496442], [126.76830996028127, 35.539562618630676], [126.76833043046398, 35.53730864357078], [126.7655728320236, 35.5372918812904], [126.76555228470745, 35.53954585496442]]], [[[126.7682690130972, 35.54407056618713], [126.77102684523692, 35.54408726956312], [126.77104724281466, 35.541833294831314], [126.76828948782577, 35.54181659283614], [126.7682690130972, 35.54407056618713]]], [[[126.77664371020744, 35.532850591196706], [126.77940116344344, 35.5328670985599], [126.77940116344344, 35.5328670985599], [126.78215861891725, 35.53288354288627], [126.78217869674039, 35.530629558413175], [126.77942131837561, 35.53061311544639], [126.7794414710702, 35.528359131478844], [126.78219877233451, 35.5283755730861], [126.78221884569989, 35.526121586905106], [126.77946162152749, 35.526105146657265], [126.77946162152749, 35.526105146657265], [126.77670439959213, 35.52608864338823], [126.77668417204319, 35.52834262684515], [126.77668417204319, 35.52834262684515], [126.77666394224838, 35.530596609447976], [126.77666394224838, 35.530596609447976], [126.77664371020744, 35.532850591196706]]], [[[126.77656275957742, 35.54186650964995], [126.7765425163021, 35.54412048712773], [126.77930035521041, 35.54413700131602], [126.77932052133414, 35.54188302247308], [126.77932052133414, 35.541883022473066], [126.77934068521907, 35.53962904277596], [126.77934068521907, 35.53962904277596], [126.77936084686542, 35.537375062224704], [126.77660323938618, 35.537358552131685], [126.77658300060536, 35.53961253131793], [126.77658300060537, 35.53961253131793], [126.77656275957742, 35.54186650964995], [126.77656275957742, 35.54186650964995]]], [[[126.79043099868002, 35.53293249764274], [126.79318846301949, 35.532948689820145], [126.79320823240406, 35.530694699960826], [126.79320823240406, 35.530694699960826], [126.79322799959385, 35.52844070924783], [126.79047068946583, 35.528424519747844], [126.79045084517459, 35.530678509122154], [126.79045084517459, 35.530678509122154], [126.79045084517459, 35.530678509122154], [126.79047068946583, 35.528424519747844], [126.78771338154091, 35.528408267220776], [126.78769346014845, 35.530662255251215], [126.78769346014845, 35.530662255251215], [126.78767353654412, 35.53291624242786], [126.79043099868002, 35.53293249764274], [126.79043099868002, 35.53293249764274]]], [[[126.7903317331486, 35.54420242743866], [126.79035159066352, 35.54194844318717], [126.79035159066352, 35.54194844318717], [126.79037144597386, 35.53969445808179], [126.78761375245729, 35.53967819883461], [126.78759382000293, 35.54193218259574], [126.78759382000293, 35.54193218259574], [126.78759382000293, 35.54193218259573], [126.78759382000293, 35.54193218259573], [126.78761375245729, 35.53967819883461], [126.78485606115359, 35.53966187653447], [126.78485606115359, 35.53966187653447], [126.78209837207132, 35.53964549118154], [126.78207828532967, 35.541899472238526], [126.78483605155546, 35.54191585894613], [126.78483605155546, 35.54191585894613], [126.78483605155546, 35.54191585894613], [126.78481603973565, 35.544169840503784], [126.78757388533543, 35.54418616550292], [126.78757388533543, 35.54418616550292], [126.7903317331486, 35.54420242743866]]]]}}, {"type": "Feature", "properties": {"rank": 3, "method": "BFS+Zoning", "n_grids": 25, "avg_micro": 72.85403505063503, "cluster_score": 108.4588569575405, "buildable_ha": 62.500000000000014, "final_score": 83.7253681015964, "avg_bcr": 0.4000000000000001, "center_lat": 35.75367514691143, "center_lon": 126.88498246530607}, "geometry": {"type": "MultiPolygon", "coordinates": [[[[126.88252346646539, 35.749830685906524], [126.8797584909189, 35.74981646174455], [126.87974100183331, 35.752070408989354], [126.88250605533231, 35.752084634324355], [126.88252346646539, 35.749830685906524]]], [[[126.88252346646539, 35.749830685906524], [126.88250605533231, 35.752084634324355], [126.88527111076469, 35.75209879610979], [126.88528844394502, 35.74984484652418], [126.88252346646539, 35.749830685906524]]], [[[126.8769759502763, 35.75205612010496], [126.8769759502763, 35.75205612010497], [126.87421090066996, 35.75204176767129], [126.87419325372068, 35.754295711700465], [126.87419325372068, 35.754295711700465], [126.87417560481188, 35.756549654875755], [126.87694081034834, 35.75656400967662], [126.87695838128778, 35.75431006531771], [126.87695838128778, 35.75431006531771], [126.87694081034834, 35.75656400967664], [126.87694081034834, 35.75656400967664], [126.87692323745783, 35.75881795318171], [126.8796885229237, 35.75883224560128], [126.87970601783594, 35.75657830091775], [126.87970601783594, 35.75657830091775], [126.87972351080573, 35.75432435538044], [126.87972351080573, 35.75432435538044], [126.87970601783594, 35.75657830091775], [126.87970601783594, 35.75657830091775], [126.8796885229237, 35.75883224560128], [126.88245381033221, 35.75884647445573], [126.88245381033221, 35.75884647445573], [126.88521909967469, 35.758860639744896], [126.88523643862975, 35.75660669272017], [126.88523643862975, 35.75660669272017], [126.88525377565966, 35.75435274484181], [126.88248864226593, 35.75433858188852], [126.88248864226593, 35.75433858188852], [126.88525377565966, 35.7543527448418], [126.88527111076469, 35.75209879610979], [126.88250605533231, 35.752084634324355], [126.88248864226593, 35.75433858188852], [126.88248864226593, 35.75433858188852], [126.88250605533231, 35.752084634324355], [126.87974100183331, 35.75207040898937], [126.87972351080573, 35.75432435538044], [126.87695838128778, 35.75431006531771], [126.87695838128778, 35.75431006531771], [126.87972351080573, 35.75432435538043], [126.87974100183331, 35.752070408989354], [126.8769759502763, 35.75205612010496]]], [[[126.87694081034834, 35.75656400967664], [126.87417560481188, 35.756549654875755], [126.87415795394331, 35.75880359719715], [126.87692323745783, 35.758817953181726], [126.87694081034834, 35.75656400967664]]], [[[126.8880534233491, 35.749858943597374], [126.88803616812174, 35.752112894345515], [126.88803616812174, 35.752112894345515], [126.8880534233491, 35.74985894359738], [126.88528844394502, 35.749844846524184], [126.88527111076469, 35.75209879610979], [126.88803616812174, 35.752112894345515], [126.88803616812174, 35.75211289434553], [126.88527111076469, 35.7520987961098], [126.88525377565969, 35.75435274484181], [126.88525377565969, 35.75435274484181], [126.88523643862975, 35.75660669272017], [126.88800165191869, 35.75662079328118], [126.88801891097833, 35.75436684424014], [126.88801891097833, 35.75436684424014], [126.88801891097833, 35.75436684424014], [126.89078404821323, 35.754380880083396], [126.89078404821323, 35.75438088008342], [126.89354918735575, 35.75439485237146], [126.89354918735575, 35.75439485237145], [126.89631432839718, 35.754408761104116], [126.89633135165448, 35.752154807753136], [126.89633135165448, 35.752154807753136], [126.89634837302172, 35.7499008535488], [126.89358338789611, 35.74988694710983], [126.89358338789611, 35.74988694710983], [126.89081840466905, 35.74987297712597], [126.89081840466905, 35.74987297712595], [126.89358338789611, 35.74988694710983], [126.89360048531843, 35.74763299319893], [126.89083558003607, 35.74761902436707], [126.89081840466905, 35.74987297712595], [126.8880534233491, 35.749858943597374]], [[126.89356628857529, 35.75214090016733], [126.89356628857529, 35.75214090016733], [126.89080122739483, 35.752126929031434], [126.89080122739483, 35.75212692903142], [126.89356628857529, 35.75214090016733], [126.89356628857529, 35.75214090016733]]], [[[126.89633135165448, 35.752154807753136], [126.89631432839718, 35.754408761104116], [126.8990794713289, 35.7544226062813], [126.89909641662376, 35.75216865178867], [126.89633135165448, 35.752154807753136]]]]}}, {"type": "Feature", "properties": {"rank": 4, "method": "BFS+Zoning", "n_grids": 26, "avg_micro": 71.84373287922953, "cluster_score": 107.36151639143934, "buildable_ha": 63.750000000000014, "final_score": 82.95722970532559, "avg_bcr": 0.3923076923076924, "center_lat": 35.66062043147882, "center_lon": 126.75923991455025}, "geometry": {"type": "MultiPolygon", "coordinates": [[[[126.74797392128212, 35.64988719829518], [126.74795279421363, 35.65214112076661], [126.74795279421363, 35.65214112076661], [126.74793166479932, 35.654395042381886], [126.75069327165896, 35.65441225673311], [126.75071432350346, 35.652158333696725], [126.75071432350346, 35.652158333696725], [126.75071432350346, 35.652158333696725], [126.75347585513045, 35.65217548331507], [126.75349682707626, 35.64992155800676], [126.75073537301073, 35.64990440980423], [126.75075642018106, 35.64765048505569], [126.74799504600506, 35.6476332749676], [126.74797392128212, 35.64988719829518], [126.74797392128212, 35.64988719829518]]], [[[126.75343390425283, 35.65668333136365], [126.75343390425283, 35.65668333136365], [126.75341292532049, 35.65893725410386], [126.75341292532049, 35.65893725410386], [126.75339194405876, 35.66119117598801], [126.7561537883474, 35.661208267937596], [126.75613288236086, 35.663462190376634], [126.75889480657554, 35.66347922039901], [126.75889480657554, 35.66347922039901], [126.76165673310291, 35.66349618708297], [126.7616774838791, 35.66124226183765], [126.7616774838791, 35.66124226183765], [126.76165673310291, 35.66349618708297], [126.76441866193431, 35.663513090428374], [126.76441866193431, 35.663513090428374], [126.76718059306113, 35.66352993043503], [126.76720118862593, 35.66127600240432], [126.76443933510492, 35.66125916378774], [126.76443933510492, 35.66125916378774], [126.7616774838791, 35.66124226183764], [126.7616774838791, 35.66124226183764], [126.76443933510492, 35.66125916378774], [126.76446000598037, 35.659005236291335], [126.76446000598037, 35.659005236291335], [126.76448067456093, 35.65675130793915], [126.76171897852038, 35.65673440877943], [126.76171897852038, 35.65673440877943], [126.75895728478311, 35.65671744629683], [126.75895728478311, 35.65671744629683], [126.75619559335773, 35.65670042049151], [126.75619559335772, 35.65670042049151], [126.75619559335772, 35.65670042049151], [126.75621649238201, 35.65444649548448], [126.75345488085607, 35.654429407767374], [126.75347585513045, 35.652175483315084], [126.75071432350346, 35.652158333696725], [126.75069327165899, 35.654412256733124], [126.75069327165896, 35.654412256733124], [126.75067221747703, 35.65666617891342], [126.75343390425283, 35.65668333136365], [126.75345488085607, 35.65442940776739], [126.75345488085607, 35.65442940776739], [126.75343390425283, 35.65668333136365]], [[126.75891563495705, 35.661225296554214], [126.75891563495705, 35.661225296554214], [126.75893646102615, 35.65897137185349], [126.7616982323515, 35.65898833573647], [126.7616982323515, 35.65898833573647], [126.75893646102615, 35.65897137185349], [126.75891563495705, 35.661225296554214], [126.75891563495705, 35.661225296554214], [126.75891563495705, 35.661225296554214]]], [[[126.76718059306113, 35.66352993043503], [126.76441866193431, 35.663513090428374], [126.76439798646825, 35.66576701621318], [126.76437730870653, 35.66802094114216], [126.76437730870653, 35.66802094114216], [126.76435662864884, 35.670274865215276], [126.76435662864884, 35.670274865215276], [126.76433594629498, 35.6725287884325], [126.76709818793127, 35.67254563400024], [126.76711879264484, 35.67029170939262], [126.76711879264484, 35.67029170939262], [126.76713939507086, 35.66803778392921], [126.76713939507086, 35.66803778392921], [126.76715999520952, 35.66578385761], [126.76715999520952, 35.66578385761], [126.76992200623786, 35.66580063566268], [126.76994252647478, 35.66354670710278], [126.76718059306113, 35.66352993043503], [126.76718059306113, 35.66352993043503]]], [[[126.76433594629498, 35.6725287884325], [126.76431526164465, 35.674782710793835], [126.76707758092986, 35.674799557752024], [126.76709818793127, 35.67254563400024], [126.76433594629498, 35.6725287884325]]], [[[126.76431526164465, 35.674782710793835], [126.76429457469762, 35.67703663229923], [126.76705697164036, 35.67705348064796], [126.76707758092986, 35.674799557752024], [126.76431526164465, 35.674782710793835]]]]}}, {"type": "Feature", "properties": {"rank": 5, "method": "BFS+Zoning", "n_grids": 24, "avg_micro": 73.18648550509293, "cluster_score": 108.52321684000452, "buildable_ha": 60.000000000000014, "final_score": 83.77042001932122, "avg_bcr": 0.4000000000000001, "center_lat": 35.71986051556697, "center_lon": 126.95842083267388}, "geometry": {"type": "MultiPolygon", "coordinates": [[[[126.95189562357892, 35.71410190517584], [126.94913184844638, 35.714089286327365], [126.94911633582016, 35.71634327495769], [126.94911633582016, 35.71634327495769], [126.94911633582016, 35.71634327495769], [126.94635248459089, 35.71633059159914], [126.94633689241442, 35.718584578331246], [126.94910082147145, 35.71859726273619], [126.94910082147145, 35.71859726273619], [126.95186475225118, 35.71860988366691], [126.95186475225118, 35.71860988366691], [126.95462868474502, 35.71862244112328], [126.95464404343771, 35.71636845126771], [126.95464404343771, 35.71636845126771], [126.95462868474502, 35.71862244112328], [126.9573926189443, 35.7186349351052], [126.95740789980869, 35.716380944218955], [126.95740789980869, 35.716380944218955], [126.9573926189443, 35.7186349351052], [126.96015655484035, 35.71864736561252], [126.96017175787624, 35.71639337370082], [126.95740789980869, 35.71638094421894], [126.95742317897646, 35.71412695248104], [126.95465940042516, 35.71411446056044], [126.95464404343771, 35.71636845126771], [126.95464404343771, 35.71636845126771], [126.95465940042516, 35.71411446056044], [126.95189562357892, 35.71410190517584], [126.951880188772, 35.71635589484726], [126.951880188772, 35.71635589484726], [126.95189562357892, 35.71410190517584]]], [[[126.95462868474502, 35.71862244112328], [126.9546133243469, 35.72087643012713], [126.9546133243469, 35.72087643012713], [126.95459796224316, 35.7231304182792], [126.95736205212496, 35.72314291432264], [126.95737733638312, 35.72088892513977], [126.95737733638312, 35.72088892513977], [126.9573926189443, 35.7186349351052], [126.95462868474502, 35.71862244112328]]], [[[126.95183387406718, 35.723117858750825], [126.95181843240357, 35.725371845015026], [126.95458259843359, 35.7253844055795], [126.95458259843359, 35.72538440557949], [126.95734676616962, 35.7253969026538], [126.95734676616962, 35.7253969026538], [126.96011093560303, 35.7254093362378], [126.96012614370396, 35.72315534688103], [126.95736205212496, 35.72314291432265], [126.95736205212496, 35.72314291432265], [126.95459796224316, 35.723130418279204], [126.95459796224316, 35.723130418279204], [126.95183387406718, 35.723117858750825]]], [[[126.96293561763179, 35.71640573971321], [126.96017175787624, 35.71639337370082], [126.96015655484035, 35.71864736561252], [126.96292049242457, 35.71865973264512], [126.96293561763179, 35.71640573971321]]], [[[126.96568443168832, 35.71867203620288], [126.96292049242457, 35.71865973264512], [126.96292049242457, 35.71865973264512], [126.96015655484035, 35.71864736561252], [126.96014135011634, 35.72090135667259], [126.96014135011634, 35.72090135667259], [126.96012614370396, 35.72315534688103], [126.96289023697148, 35.72316771595422], [126.96289023697148, 35.72316771595422], [126.96565433191887, 35.723180021542106], [126.96565433191887, 35.723180021542106], [126.96841842853755, 35.72319226364454], [126.96843340141145, 35.720938270390846], [126.96566938263913, 35.72092602929826], [126.96566938263913, 35.72092602929826], [126.96290536553789, 35.72091372472547], [126.96290536553789, 35.72091372472546], [126.96290536553789, 35.72091372472546], [126.96290536553789, 35.72091372472546], [126.96566938263913, 35.720926029298255], [126.96566938263913, 35.720926029298255], [126.96843340141145, 35.72093827039084], [126.96843340141145, 35.720938270390846], [126.97119742184617, 35.720950448003116], [126.97121231521976, 35.71869645289339], [126.96844837262293, 35.71868427628567], [126.96844837262293, 35.71868427628567], [126.96568443168832, 35.71867203620288], [126.96568443168832, 35.71867203620288]]], [[[126.96015655484035, 35.71864736561252], [126.9573926189443, 35.7186349351052], [126.95737733638312, 35.72088892513977], [126.95737733638312, 35.72088892513977], [126.95736205212496, 35.72314291432264], [126.96012614370396, 35.72315534688103], [126.96014135011634, 35.72090135667259], [126.96014135011634, 35.72090135667259], [126.96015655484035, 35.71864736561252]]], [[[126.96012614370396, 35.72315534688103], [126.96011093560305, 35.7254093362378], [126.96287510672518, 35.72542170633137], [126.96289023697148, 35.72316771595422], [126.96012614370396, 35.72315534688103]]]]}}, {"type": "Feature", "properties": {"rank": 6, "method": "BFS+Zoning", "n_grids": 16, "avg_micro": 71.18159788155572, "cluster_score": 101.43249582694583, "buildable_ha": 38.75, "final_score": 78.80691531018013, "avg_bcr": 0.3875, "center_lat": 35.672352965261176, "center_lon": 126.9413041665052}, "geometry": {"type": "MultiPolygon", "coordinates": [[[[126.94117079761287, 35.66671715723902], [126.94117079761287, 35.66671715723902], [126.93840866161601, 35.66670430682557], [126.93839287456808, 35.66895830912723], [126.94115508820224, 35.66897116060149], [126.94115508820224, 35.66897116060149], [126.94115508820224, 35.66897116060149], [126.93839287456808, 35.66895830912723], [126.93837708576719, 35.67121231057729], [126.93837708576719, 35.67121231057729], [126.93561479624029, 35.67119939467835], [126.93559892803191, 35.67345339421066], [126.93836129521313, 35.67346631117575], [126.93836129521313, 35.67346631117575], [126.94112366414771, 35.6734791647718], [126.94112366414771, 35.6734791647718], [126.94388603482703, 35.67349195499867], [126.94390167007182, 35.67123795228359], [126.94390167007182, 35.67123795228359], [126.94391730358072, 35.66898394871703], [126.94667952069493, 35.668996673473735], [126.94669507483042, 35.66674266800536], [126.94393293535387, 35.66672994429899], [126.94393293535387, 35.66672994429899], [126.94117079761287, 35.66671715723902]]], [[[126.93558305806151, 35.675707392891304], [126.9383455029057, 35.67572031092259], [126.93836129521313, 35.67346631117575], [126.93559892803191, 35.67345339421067], [126.93559892803191, 35.67345339421066], [126.93283656261265, 35.67344041387666], [126.93282061497953, 35.67569441148585], [126.93558305806151, 35.6757073928913], [126.93558305806151, 35.675707392891304]]], [[[126.94112366414771, 35.6734791647718], [126.93836129521313, 35.67346631117575], [126.9383455029057, 35.67572031092259], [126.94110794950345, 35.67573316557962], [126.94109223311426, 35.67798716553584], [126.94385475912888, 35.67799995787427], [126.94385475912888, 35.67799995787427], [126.94385475912888, 35.67799995787427], [126.94383911867516, 35.68025395803474], [126.94660172410707, 35.68026668804406], [126.94661728688003, 35.678012686832965], [126.94661728688003, 35.678012686832965], [126.94663284792507, 35.67575868477034], [126.94387039784613, 35.67574595686225], [126.94387039784613, 35.675745956862244], [126.94387039784613, 35.675745956862244], [126.94388603482703, 35.67349195499867], [126.94112366414771, 35.6734791647718], [126.94110794950345, 35.675733165579615], [126.94110794950345, 35.675733165579615], [126.94112366414771, 35.6734791647718]]], [[[126.94671062723899, 35.66448866168559], [126.94394856539151, 35.66447593902951], [126.94393293535387, 35.66672994429899], [126.94669507483042, 35.66674266800536], [126.94671062723899, 35.66448866168559]]]]}}, {"type": "Feature", "properties": {"rank": 7, "method": "BFS+Zoning", "n_grids": 15, "avg_micro": 71.95472294559418, "cluster_score": 101.87985094822055, "buildable_ha": 37.500000000000014, "final_score": 79.12006389507243, "avg_bcr": 0.40000000000000013, "center_lat": 35.60550403134381, "center_lon": 126.7760823575816}, "geometry": {"type": "MultiPolygon", "coordinates": [[[[126.77327593505814, 35.60045303484193], [126.77327593505814, 35.60045303484193], [126.77325555588864, 35.60270698872896], [126.77325555588864, 35.60270698872896], [126.77323517445642, 35.604960941761064], [126.7759950974438, 35.60497755604095], [126.7759950974438, 35.60497755604095], [126.77875502268556, 35.60499410711726], [126.77877524935168, 35.602740151345536], [126.77877524935168, 35.602740151345536], [126.77879547377226, 35.600486194719025], [126.78155524650161, 35.600502679867716], [126.78157539131061, 35.59824872102459], [126.77881569594753, 35.598232237237745], [126.77881569594753, 35.598232237237745], [126.7760560028295, 35.59821569026281], [126.7760560028295, 35.59821569026281], [126.77329631196513, 35.59819908009996], [126.77327593505814, 35.60045303484193]]], [[[126.7731944048027, 35.60946884526032], [126.77043432928721, 35.6094521650215], [126.77041386365681, 35.61170611411073], [126.77317401658073, 35.611722795727424], [126.7731944048027, 35.60946884526032], [126.7731944048027, 35.60946884526032], [126.77317401658073, 35.611722795727424], [126.77593417176841, 35.611739414125026], [126.77595448258168, 35.60948546228528], [126.77595448258168, 35.60948546228528], [126.77593417176841, 35.611739414125026], [126.77869432921123, 35.611755969303395], [126.77871456261558, 35.6095020160962], [126.77871456261558, 35.6095020160962], [126.77873479377358, 35.60724806203417], [126.77873479377361, 35.60724806203417], [126.77875502268556, 35.60499410711726], [126.7759950974438, 35.60497755604095], [126.77597479114006, 35.60723150959057], [126.77597479114006, 35.60723150959057], [126.7759950974438, 35.60497755604095], [126.77323517445642, 35.60496094176107], [126.77321479076117, 35.607214893938185], [126.77321479076117, 35.607214893938185], [126.7731944048027, 35.60946884526032]], [[126.77597479114006, 35.60723150959058], [126.77597479114006, 35.60723150959058], [126.77595448258168, 35.60948546228527], [126.77595448258168, 35.60948546228527], [126.77597479114006, 35.60723150959058]]], [[[126.77869432921123, 35.611755969303395], [126.77593417176841, 35.611739414125026], [126.77591385869994, 35.61399336510982], [126.77867409356031, 35.61400992165568], [126.77869432921123, 35.611755969303395]]]]}}, {"type": "Feature", "properties": {"rank": 8, "method": "BFS+Zoning", "n_grids": 9, "avg_micro": 80.21475286098214, "cluster_score": 107.91994698736698, "buildable_ha": 22.5, "final_score": 83.34813112247494, "avg_bcr": 0.4, "center_lat": 35.56070867584371, "center_lon": 126.85286693467584}, "geometry": {"type": "MultiPolygon", "coordinates": [[[[126.85089592474662, 35.55806829181302], [126.85365428423107, 35.558083110595305], [126.85365428423107, 35.55808311059531], [126.85089592474662, 35.55806829181303], [126.85087775052966, 35.56032229835391], [126.85087775052966, 35.56032229835391], [126.85085957429477, 35.562576304042295], [126.85361808822373, 35.56259112527443], [126.85361808822373, 35.56259112527443], [126.85637660416228, 35.562605883397744], [126.85639462594386, 35.56035187526466], [126.85363618723208, 35.560337118361076], [126.85363618723208, 35.560337118361076], [126.85363618723208, 35.560337118361076], [126.85639462594386, 35.560351875264644], [126.85639462594386, 35.56035187526466], [126.85915306665642, 35.56036656906446], [126.8591710092188, 35.55811255886455], [126.85641264572465, 35.558097866279205], [126.85641264572465, 35.5580978662792], [126.85365428423107, 35.558083110595305], [126.85367237922094, 35.55582910197713], [126.85091409694587, 35.55581428441968], [126.85089592474662, 35.55806829181302]]], [[[126.84810106238398, 35.562561419701474], [126.84808280689603, 35.56481542330708], [126.85084139604172, 35.56483030887814], [126.85084139604172, 35.56483030887815], [126.85359998720578, 35.564845131335325], [126.85361808822373, 35.56259112527443], [126.85085957429477, 35.562576304042295], [126.85085957429477, 35.56257630404229], [126.85085957429477, 35.56257630404229], [126.85087775052966, 35.56032229835391], [126.84811931584518, 35.56030741524327], [126.84810106238398, 35.562561419701474], [126.84810106238398, 35.562561419701474]]]]}}, {"type": "Feature", "properties": {"rank": 9, "method": "BFS+Zoning", "n_grids": 7, "avg_micro": 72.35856660080823, "cluster_score": 94.9283779937274, "buildable_ha": 16.25, "final_score": 74.25403282692723, "avg_bcr": 0.37142857142857144, "center_lat": 35.66452410403262, "center_lon": 126.74566644673526}, "geometry": {"type": "MultiPolygon", "coordinates": [[[[126.7451064252051, 35.66113952014291], [126.7451064252051, 35.66113952014291], [126.74234459028663, 35.66112217486303], [126.74232329627876, 35.66337609019485], [126.74508520880093, 35.66339343690663], [126.74506399004105, 35.66564735281399], [126.74782598253158, 35.66566463761498], [126.74782598253158, 35.66566463761498], [126.7505879773695, 35.66568185907303], [126.75060904090388, 35.663427940317405], [126.74784712367884, 35.66341072028088], [126.74786826247899, 35.66115680209048], [126.7451064252051, 35.66113952014291]], [[126.74508520880093, 35.66339343690663], [126.74784712367884, 35.66341072028088], [126.74784712367884, 35.66341072028088], [126.74508520880093, 35.66339343690663], [126.74508520880093, 35.66339343690663]]], [[[126.74506399004105, 35.66564735281399], [126.74508520880093, 35.66339343690663], [126.74232329627876, 35.66337609019485], [126.74230199990649, 35.665630004670234], [126.74506399004105, 35.66564735281399]]], [[[126.74780483903693, 35.667918554092786], [126.74782598253158, 35.66566463761498], [126.74506399004105, 35.66564735281399], [126.74504276892516, 35.66790126786497], [126.74780483903693, 35.667918554092786]]], [[[126.74504276892516, 35.66790126786498], [126.74506399004105, 35.665647352814], [126.74230199990649, 35.66563000467024], [126.74228070116963, 35.667883918289164], [126.74504276892516, 35.66790126786498]]]]}}, {"type": "Feature", "properties": {"rank": 10, "method": "BFS+Zoning", "n_grids": 7, "avg_micro": 71.94252394484184, "cluster_score": 94.3825648804719, "buildable_ha": 17.499999999999996, "final_score": 73.87196364764839, "avg_bcr": 0.39999999999999997, "center_lat": 35.70754811557733, "center_lon": 126.96240283153024}, "geometry": {"type": "MultiPolygon", "coordinates": [[[[126.96024774773991, 35.70512340136876], [126.9630112184816, 35.70513576228095], [126.96577469090167, 35.70514805974971], [126.96578972825866, 35.70289406069424], [126.96302633361566, 35.70288176424011], [126.96026294065081, 35.702869404347794], [126.96024774773991, 35.70512340136876]]], [[[126.9657596518749, 35.707402057953814], [126.96577469090167, 35.70514805974971], [126.9630112184816, 35.70513576228095], [126.9630112184816, 35.70513576228095], [126.96024774773991, 35.70512340136876], [126.96023255314199, 35.707377397538245], [126.96299610166916, 35.70738975947037], [126.96299610166916, 35.70738975947037], [126.9657596518749, 35.707402057953814]]], [[[126.96021735685682, 35.70963139285622], [126.96020215888429, 35.71188538732264], [126.96020215888429, 35.71188538732264], [126.96018695922416, 35.714139380937524], [126.96295074115964, 35.71415174592976], [126.96296586300836, 35.71189775129479], [126.96296586300836, 35.71189775129479], [126.96298098317814, 35.709643755808315], [126.96298098317814, 35.709643755808315], [126.96299610166916, 35.707389759470374], [126.96023255314199, 35.707377397538245], [126.96021735685684, 35.70963139285622], [126.96021735685682, 35.70963139285622]]]]}}]}