{"type": "FeatureCollection", "features": [{"type": "Feature", "properties": {"rank": 1, "method": "BFS+Zoning", "n_grids": 1070, "avg_micro": 79.74113910405958, "cluster_score": 163.18643039264632, "buildable_ha": 2576.2500000000005, "final_score": 124.22017457564102, "avg_bcr": 0.38523364485981315, "center_lat": 37.00918755904526, "center_lon": 127.89370542259545}, "geometry": {"type": "MultiPolygon", "coordinates": [[[[127.76898240532608, 37.02541411338647], [127.7717930538716, 37.025407709293006], [127.7717850256416, 37.02315413652128], [127.76897446011462, 37.02316054009408], [127.76898240532608, 37.02541411338647]]], [[[127.7717930538716, 37.025407709293006], [127.7717930538716, 37.025407709293006], [127.77180108299463, 37.02766128120534], [127.77461181367485, 37.02765481001741], [127.77460370152416, 37.02540123863118], [127.77460370152416, 37.02540123863118], [127.7745955902757, 37.02314766638556], [127.7717850256416, 37.02315413652128], [127.7717930538716, 37.025407709293006]]], [[[127.76899035142128, 37.02766768581953], [127.7718010829946, 37.02766128120535], [127.7717930538716, 37.025407709293006], [127.76898240532608, 37.025414113386475], [127.76899035142128, 37.02766768581953]]], [[[127.77462804068334, 37.03216195021155], [127.77743893654409, 37.03215541138678], [127.77743073954255, 37.029901842251036], [127.77461992672787, 37.02990838054421], [127.77461992672787, 37.02990838054421], [127.77743073954255, 37.029901842251036], [127.77742254345273, 37.0276482722558], [127.77461181367485, 37.02765481001741], [127.77461181367485, 37.02765481001741], [127.77180108299463, 37.02766128120535], [127.77180911301072, 37.02991485225828], [127.77180911301072, 37.02991485225828], [127.77181714392005, 37.03216842245181], [127.77462804068334, 37.03216195021155], [127.77462804068334, 37.03216195021155]]], [[[127.76900624626343, 37.03217482810751], [127.77181714392005, 37.03216842245181], [127.77180911301072, 37.02991485225828], [127.76899829840038, 37.029921257393205], [127.76900624626343, 37.03217482810751]]], [[[127.75216319580397, 37.0389725797823], [127.75217064870252, 37.041226150070486], [127.75498188380485, 37.04122014197013], [127.75497434782247, 37.03896657217034], [127.75497434782245, 37.03896657217034], [127.75496681267828, 37.03671300151123], [127.75495927837216, 37.03445942999283], [127.75495927837216, 37.03445942999283], [127.75495174490402, 37.03220585761515], [127.75214084208153, 37.03221186376208], [127.75214829249357, 37.03446543662806], [127.75214829249357, 37.03446543662806], [127.75215574373433, 37.036719008634826], [127.75216319580394, 37.0389725797823], [127.75216319580397, 37.0389725797823]]], [[[127.77182517572268, 37.0344219917859], [127.77182517572268, 37.0344219917859], [127.77183320841873, 37.03667556026053], [127.77464427130204, 37.036669086967805], [127.77463615554136, 37.03441551901941], [127.77463615554136, 37.03441551901941], [127.77462804068334, 37.03216195021155], [127.77181714392005, 37.03216842245182], [127.77182517572268, 37.0344219917859]]], [[[127.77463615554136, 37.03441551901942], [127.77744713445742, 37.034408979663034], [127.77743893654409, 37.03215541138679], [127.77462804068334, 37.03216195021155], [127.77463615554136, 37.03441551901942]]], [[[127.80274590255794, 37.034347128920565], [127.79993493218153, 37.034354267583105], [127.79994379551906, 37.036607830551674], [127.79713274109318, 37.03661490319988], [127.79714152234372, 37.038868465883674], [127.79995265984249, 37.038861392660465], [127.79995265984249, 37.03886139266047], [127.80276379635522, 37.03885425283715], [127.80276379635522, 37.03885425283715], [127.80557493187267, 37.038847046413764], [127.80557493187267, 37.038847046413764], [127.80838606638562, 37.03883977339042], [127.80837695284421, 37.03658621303912], [127.80556590140381, 37.036593485471215], [127.80556590140381, 37.036593485471215], [127.80275484895901, 37.03660069130876], [127.80275484895901, 37.03660069130876], [127.80556590140381, 37.036593485471215], [127.80556590140381, 37.036593485471215], [127.80837695284421, 37.03658621303912], [127.80836784031644, 37.034332651827924], [127.80555687193932, 37.03433992366881], [127.80555687193932, 37.03433992366881], [127.80274590255794, 37.034347128920565], [127.80274590255794, 37.034347128920565]], [[127.80275484895901, 37.03660069130877], [127.79994379551906, 37.03660783055168], [127.79994379551906, 37.036607830551674], [127.80275484895901, 37.03660069130876], [127.80275484895901, 37.03660069130877]]], [[[127.79433038386819, 37.03887547250672], [127.79151924442509, 37.03888241252949], [127.79152786048782, 37.041135975487315], [127.79152786048782, 37.041135975487315], [127.79151924442509, 37.03888241252949], [127.78870810402367, 37.03888928595193], [127.78871663700393, 37.04114284946856], [127.78871663700393, 37.04114284946856], [127.7887251709334, 37.04339641212548], [127.79153647750897, 37.04338953758542], [127.79153647750897, 37.043389537585405], [127.79434778312603, 37.0433825964342], [127.79433908301326, 37.041129034900344], [127.79433908301326, 37.041129034900344], [127.79434778312603, 37.0433825964342], [127.79434778312603, 37.0433825964342], [127.79435648420653, 37.04563615710827], [127.79716787195656, 37.04562914877628], [127.79717665711493, 37.04788270802082], [127.79998812699766, 37.047875632497274], [127.79998812699766, 37.047875632497274], [127.79998812699766, 37.047875632497274], [127.79998812699766, 37.04787563249728], [127.79717665711493, 37.04788270802082], [127.79718544325056, 37.050136266405524], [127.79999699625239, 37.05012919030681], [127.79999699625239, 37.05012919030681], [127.80280854826762, 37.050122047580885], [127.8027995958939, 37.04786849035195], [127.8027995958939, 37.04786849035195], [127.80279064451592, 37.04561493226308], [127.80279064451592, 37.04561493226308], [127.80278169413356, 37.043361373314326], [127.80278169413356, 37.043361373314326], [127.8027727447467, 37.041107813505675], [127.8027727447467, 37.041107813505675], [127.80276379635522, 37.03885425283715], [127.79995265984249, 37.03886139266048], [127.79996152515196, 37.04111495390944], [127.79996152515196, 37.04111495390944], [127.79997039144756, 37.043368514298585], [127.79997039144756, 37.043368514298585], [127.79996152515196, 37.04111495390944], [127.79995265984249, 37.03886139266047], [127.79714152234372, 37.03886846588368], [127.79433038386819, 37.03887547250672], [127.79433038386819, 37.0388754725067], [127.79714152234372, 37.038868465883674], [127.79713274109318, 37.03661490319988], [127.79432168569062, 37.03662190925334], [127.79432168569062, 37.03662190925334], [127.79151062932067, 37.03662884871195], [127.79151924442509, 37.03888241252949], [127.79433038386819, 37.03887547250672], [127.79433038386819, 37.03887547250672]]], [[[127.77464427130204, 37.03666908696781], [127.77183320841873, 37.03667556026054], [127.77183320841873, 37.03667556026053], [127.76902214464188, 37.03668196695784], [127.76903009515746, 37.03893553509386], [127.77184124200829, 37.03892912787569], [127.77184124200829, 37.03892912787569], [127.77465238796547, 37.03892265405669], [127.77464427130204, 37.03666908696781]]], [[[127.74935941277117, 37.04123209156419], [127.74654817602001, 37.041237966451156], [127.7465554635612, 37.04349153684066], [127.7493667834056, 37.0434856614761], [127.7521781024301, 37.04347971949938], [127.7521781024301, 37.04347971949938], [127.7493667834056, 37.0434856614761], [127.7493667834056, 37.0434856614761], [127.7465554635612, 37.04349153684066], [127.74656275191303, 37.04574510637088], [127.74656275191303, 37.04574510637088], [127.74656275191303, 37.04574510637088], [127.7465554635612, 37.043491536840655], [127.7465554635612, 37.043491536840655], [127.74654817602001, 37.04123796645115], [127.74373693845831, 37.04124377473132], [127.74374414290615, 37.043497345593], [127.74374414290615, 37.043497345593], [127.74374414290615, 37.043497345593], [127.7409328214497, 37.04350308773311], [127.74093994359627, 37.04575665820235], [127.74375134815541, 37.04575091559547], [127.74375134815541, 37.04575091559547], [127.74375134815541, 37.04575091559547], [127.74375855420615, 37.04800448473865], [127.74375855420615, 37.04800448473865], [127.74376576105848, 37.05025805302255], [127.74657733104902, 37.05025224285346], [127.74657004107561, 37.047998675041825], [127.74938152713423, 37.04799279872197], [127.74937415485992, 37.045739230528696], [127.74937415485992, 37.045739230528696], [127.74938152713423, 37.04799279872197], [127.75219301237277, 37.04798685577914], [127.75218555698683, 37.04573328806894], [127.75218555698683, 37.04573328806894], [127.75219301237277, 37.04798685577914], [127.755004496782, 37.0479808462134], [127.755004496782, 37.047980846213406], [127.755004496782, 37.047980846213406], [127.75219301237277, 37.04798685577915], [127.75220046858806, 37.05024042262999], [127.75501203611806, 37.05023441257573], [127.75782360280942, 37.0502283358932], [127.75782360280942, 37.0502283358932], [127.76063516865284, 37.05022219258246], [127.76064287508734, 37.05247575709204], [127.76345452320336, 37.05246954664836], [127.76345452320336, 37.05246954664836], [127.76626617045288, 37.05246326957117], [127.76625829775901, 37.0502097060766], [127.76344673363911, 37.050215982643564], [127.76344673363911, 37.05021598264357], [127.76063516865284, 37.05022219258246], [127.76063516865284, 37.05022219258245], [127.76344673363911, 37.050215982643564], [127.76343894494127, 37.04796241777929], [127.76343894494127, 37.047962417779274], [127.76343115710972, 37.04570885205552], [127.76343115710972, 37.04570885205552], [127.76343115710972, 37.04570885205552], [127.76624255499806, 37.04570257650889], [127.76623468493081, 37.043449010435786], [127.76623468493084, 37.043449010435786], [127.76622681573892, 37.041195443503206], [127.76341558404516, 37.041201718029626], [127.7634233701444, 37.043455285472305], [127.7634233701444, 37.043455285472305], [127.7634233701444, 37.043455285472305], [127.76061205449187, 37.043461493896984], [127.76061205449187, 37.04346149389698], [127.75780073798249, 37.04346763570976], [127.75780073798249, 37.04346763570976], [127.75780073798249, 37.04346763570976], [127.75779311806888, 37.04121406726316], [127.75498188380485, 37.041220141970136], [127.75498942062548, 37.04347371091059], [127.75498942062548, 37.04347371091059], [127.75499695828451, 37.04572727899168], [127.75499695828451, 37.04572727899168], [127.75498942062548, 37.04347371091059], [127.75217810243012, 37.04347971949938], [127.75217810243012, 37.04347971949937], [127.75498942062548, 37.04347371091058], [127.75498188380485, 37.04122014197013], [127.75217064870252, 37.041226150070486], [127.75216319580394, 37.0389725797823], [127.74935204295652, 37.038978520793], [127.74935204295652, 37.038978520793], [127.75216319580394, 37.0389725797823], [127.75215574373433, 37.036719008634826], [127.74934467396157, 37.03672494916256], [127.74935204295652, 37.038978520793], [127.74654088928938, 37.03898439520239], [127.74654817602001, 37.04123796645115], [127.74935941277117, 37.04123209156418], [127.74935941277117, 37.04123209156419]], [[127.75780835874372, 37.04572120329698], [127.75780835874372, 37.04572120329698], [127.75499695828451, 37.04572727899168], [127.75499695828451, 37.04572727899168], [127.75780835874372, 37.04572120329698]]], [[[127.78589696267322, 37.03889609277396], [127.78870810402367, 37.038889285951925], [127.78869957199247, 37.036635721575614], [127.78588851371535, 37.03664252784431], [127.78589696267322, 37.03889609277396]]], [[[127.74373693845831, 37.04124377473132], [127.74654817602001, 37.04123796645115], [127.74654088928938, 37.03898439520239], [127.74372973481177, 37.03899020301041], [127.74373693845831, 37.04124377473132]]], [[[127.76622681573892, 37.0411954435032], [127.76903804655744, 37.04118910237042], [127.76903009515746, 37.03893553509386], [127.76621894742227, 37.03894187571117], [127.76622681573892, 37.0411954435032]]], [[[127.77746353301981, 37.03891611363696], [127.77465238796547, 37.03892265405669], [127.77465238796547, 37.03892265405669], [127.77184124200829, 37.0389291278757], [127.77184927649147, 37.04118269463135], [127.76903804655744, 37.04118910237042], [127.76903804655744, 37.04118910237042], [127.76622681573892, 37.0411954435032], [127.76623468493084, 37.04344901043578], [127.7690459988419, 37.04344266878749], [127.7690459988419, 37.043442668787506], [127.7718573118684, 37.04343626052751], [127.77184927649147, 37.04118269463135], [127.77184927649147, 37.04118269463135], [127.7718573118684, 37.0434362605275], [127.77466862400107, 37.04342978565587], [127.77467674337339, 37.04568335016612], [127.77748813770447, 37.045676808151136], [127.77747993523064, 37.043423244172665], [127.77747993523064, 37.043423244172665], [127.77747993523064, 37.043423244172665], [127.7802912455479, 37.04341663607796], [127.7802912455479, 37.04341663607796], [127.78310255494362, 37.043409961371815], [127.78310255494362, 37.0434099613718], [127.78591386340852, 37.04340322005428], [127.78591386340852, 37.04340322005429], [127.7887251709334, 37.04339641212548], [127.78871663700393, 37.04114284946856], [127.7859054125709, 37.04114965684396], [127.7859054125709, 37.041149656843956], [127.78871663700393, 37.04114284946854], [127.78870810402367, 37.038889285951925], [127.78589696267322, 37.03889609277396], [127.78589696267322, 37.03889609277396], [127.78308582038291, 37.03890283299552], [127.78308582038291, 37.03890283299552], [127.78027467716203, 37.03890950661654], [127.78027467716203, 37.03890950661654], [127.77746353301981, 37.03891611363695], [127.77747173366912, 37.0411696793346], [127.77747173366912, 37.0411696793346], [127.77746353301981, 37.03891611363696]], [[127.77466862400107, 37.04342978565587], [127.77466050553178, 37.041176220286054], [127.77466050553178, 37.041176220286054], [127.77466862400107, 37.04342978565587], [127.77466862400107, 37.04342978565587]], [[127.7859054125709, 37.041149656843956], [127.7859054125709, 37.041149656843956], [127.78309418719792, 37.041156397613484], [127.78309418719792, 37.041156397613484], [127.78028296089425, 37.04116307177705], [127.78028296089425, 37.04116307177705], [127.77747173366912, 37.04116967933461], [127.77747173366912, 37.0411696793346], [127.78028296089425, 37.04116307177704], [127.78028296089425, 37.04116307177704], [127.78309418719792, 37.041156397613484], [127.78309418719792, 37.041156397613484], [127.7859054125709, 37.041149656843956]]], [[[127.80559299582407, 37.043354165719194], [127.80559299582407, 37.043354165719194], [127.80558396334608, 37.041100606496435], [127.80558396334608, 37.041100606496435], [127.80839518094079, 37.0410933328818], [127.80838606638562, 37.03883977339042], [127.80557493187267, 37.038847046413764], [127.80557493187267, 37.03884704641377], [127.80276379635522, 37.03885425283715], [127.8027727447467, 37.041107813505675], [127.80278169413356, 37.043361373314326], [127.80278169413356, 37.043361373314326], [127.80279064451592, 37.045614932263085], [127.80560202930683, 37.04560772408202], [127.80559299582407, 37.043354165719194]]], [[[127.74094706653509, 37.04801022781238], [127.74375855420615, 37.04800448473865], [127.74375134815539, 37.04575091559547], [127.74093994359627, 37.04575665820235], [127.74093994359627, 37.04575665820235], [127.73812853824491, 37.04576233419151], [127.73813557807172, 37.04801590426293], [127.74094706653509, 37.04801022781238], [127.74094706653509, 37.04801022781238]]], [[[127.79999699625239, 37.05012919030682], [127.79718544325056, 37.05013626640553], [127.79719423036352, 37.05238982393035], [127.79719423036352, 37.05238982393035], [127.79720301845396, 37.05464338059526], [127.80001473772174, 37.05463630334611], [127.8000058664937, 37.05238274725643], [127.8000058664937, 37.05238274725643], [127.79999699625239, 37.05012919030682]]], [[[127.83920825394527, 37.01621980094336], [127.83920825394527, 37.01621980094336], [127.83921827124394, 37.01847336217565], [127.83921827124394, 37.01847336217565], [127.83922828965684, 37.02072692254781], [127.84203874708513, 37.02071885557947], [127.84202864567503, 37.01846529586322], [127.84202864567503, 37.01846529586322], [127.84203874708513, 37.02071885557947], [127.84203874708513, 37.02071885557947], [127.84204884961879, 37.022972414435515], [127.84204884961879, 37.022972414435515], [127.84203874708513, 37.020718855579474], [127.83922828965684, 37.02072692254781], [127.83923830918411, 37.022980482059815], [127.83642776763497, 37.02298848312294], [127.83643770526095, 37.02524204242532], [127.83643770526095, 37.02524204242532], [127.83643770526095, 37.02524204242532], [127.83362707959064, 37.02524997757241], [127.83363693529688, 37.027503536659815], [127.83644764399232, 37.02749560086754], [127.83644764399232, 37.02749560086754], [127.83925835158223, 37.02748759850322], [127.83924832982588, 37.0252340407116], [127.83924832982588, 37.0252340407116], [127.8420589532762, 37.02522597243134], [127.8420589532762, 37.02522597243134], [127.84486957560264, 37.02521783758462], [127.84487976340863, 37.02747139405878], [127.84769046762663, 37.02746319197882], [127.84768019679603, 37.025209636171496], [127.84486957560264, 37.02521783758462], [127.84486957560264, 37.02521783758462], [127.84768019679603, 37.025209636171496], [127.84766992710776, 37.02295607950387], [127.84485938892975, 37.022964280250186], [127.84484920338978, 37.020710722055476], [127.84484920338978, 37.020710722055476], [127.84483901898265, 37.018457163000555], [127.84483901898265, 37.018457163000555], [127.84482883570819, 37.016203603085394], [127.84482883570819, 37.016203603085394], [127.84763912489547, 37.01619540433926], [127.8476288597751, 37.013941844230565], [127.84762885977511, 37.013941844230565], [127.84761859579642, 37.01168828326163], [127.84480847255686, 37.01169648067451], [127.8448186535663, 37.013950042310036], [127.8448186535663, 37.013950042310036], [127.84480847255683, 37.0116964806745], [127.84199834818496, 37.01170461155345], [127.8420084462251, 37.0139581738502], [127.83919823776066, 37.01396623885094], [127.83920825394527, 37.01621980094336]]], [[[127.84762885977511, 37.013941844230565], [127.85043906484226, 37.013933579611844], [127.85042871789447, 37.01168001931494], [127.84761859579642, 37.01168828326163], [127.84762885977511, 37.013941844230565]]], [[[127.86170123471892, 37.0184069682744], [127.86170123471892, 37.0184069682744], [127.86170123471892, 37.0184069682744], [127.86170123471892, 37.0184069682744], [127.85889086834588, 37.01841550043668], [127.85889086834588, 37.01841550043668], [127.856080500794, 37.01842396604924], [127.85609101718799, 37.0206775224048], [127.85328056546999, 37.020685922150506], [127.85329100002798, 37.02293947832869], [127.85610153475173, 37.02293107789996], [127.85610153475173, 37.02293107789996], [127.85611205348536, 37.02518463253471], [127.85611205348536, 37.02518463253471], [127.85612257338899, 37.027438186309034], [127.85612257338899, 37.027438186309034], [127.85611205348536, 37.025184632534724], [127.85611205348536, 37.025184632534724], [127.85610153475173, 37.022931077899976], [127.85329100002798, 37.022939478328695], [127.85329100002798, 37.02293947832869], [127.85329100002798, 37.02293947832869], [127.85328056546999, 37.020685922150506], [127.85047011259144, 37.02069425534091], [127.85048046414356, 37.02294781219667], [127.85048046414356, 37.02294781219667], [127.85048046414356, 37.02294781219667], [127.85047011259144, 37.02069425534091], [127.84765965856165, 37.02070252197594], [127.84766992710776, 37.02295607950387], [127.84766992710776, 37.02295607950387], [127.84768019679603, 37.025209636171496], [127.84768019679603, 37.025209636171496], [127.84769046762663, 37.02746319197882], [127.85050117070219, 37.027454923327156], [127.85049081684711, 37.02520136819209], [127.85049081684711, 37.02520136819209], [127.85330143574662, 37.025193033646474], [127.85330143574662, 37.025193033646474], [127.85049081684711, 37.0252013681921], [127.85050117070219, 37.027454923327156], [127.85050117070219, 37.027454923327156], [127.85051152570894, 37.02970847760186], [127.85051152570897, 37.02970847760186], [127.85052188186755, 37.03196203101615], [127.8533327498678, 37.031953694437405], [127.8533223106664, 37.02970014170086], [127.85613309446279, 37.029691739222905], [127.85613309446279, 37.029691739222905], [127.8589438770889, 37.02968327016808], [127.8589332729818, 37.027429717942745], [127.8589332729818, 37.027429717942745], [127.8589226700541, 37.025176164856916], [127.8589226700541, 37.025176164856916], [127.8589226700541, 37.025176164856916], [127.86173328544355, 37.02516763061317], [127.86173328544355, 37.02516763061317], [127.8589226700541, 37.025176164856916], [127.8589332729818, 37.027429717942745], [127.8589332729818, 37.027429717942745], [127.85894387708892, 37.02968327016808], [127.8617546585355, 37.02967473453648], [127.86174397139523, 37.027421183005096], [127.86174397139523, 37.027421183005096], [127.8617546585355, 37.02967473453648], [127.8617546585355, 37.02967473453648], [127.86176534686454, 37.03192828520732], [127.86457621016463, 37.03191968229964], [127.86457621016463, 37.03191968229964], [127.86738707226658, 37.03191101280993], [127.86737621785315, 37.029657463543295], [127.86737621785315, 37.029657463543295], [127.86738707226658, 37.03191101280993], [127.87019793316118, 37.03190227673829], [127.87019793316118, 37.03190227673829], [127.87019793316118, 37.03190227673829], [127.86738707226658, 37.03191101280993], [127.86739792788741, 37.034164561215896], [127.86739792788741, 37.034164561215896], [127.86740878471574, 37.0364181087612], [127.87021981172202, 37.036409371268995], [127.87020887183324, 37.034155824434], [127.87020887183324, 37.034155824434], [127.87020887183324, 37.034155824434], [127.87301981456231, 37.03414702106485], [127.87301981456231, 37.03414702106485], [127.87583075606538, 37.03413815110854], [127.87581965129131, 37.03188460484961], [127.87300879283917, 37.031893474084825], [127.87300879283917, 37.031893474084825], [127.87299777234189, 37.029639926244045], [127.87299777234189, 37.029639926244045], [127.87299777234189, 37.029639926244045], [127.8758085477523, 37.02963105772988], [127.87579744544827, 37.0273775097494], [127.87579744544827, 37.0273775097494], [127.875786344379, 37.025123960908175], [127.87297573502427, 37.025132827980364], [127.8729867530703, 37.02738637754256], [127.8729867530703, 37.02738637754256], [127.87297573502427, 37.025132827980364], [127.87297573502427, 37.025132827980364], [127.87296471820365, 37.022879277557514], [127.87015419063768, 37.022888077348696], [127.87015419063768, 37.022888077348696], [127.86734366185563, 37.02289681057969], [127.86735451264781, 37.02515036242816], [127.87016512444414, 37.02514162848708], [127.87016512444414, 37.02514162848708], [127.87017605946677, 37.02739517876481], [127.8729867530703, 37.02738637754256], [127.8729867530703, 37.02738637754256], [127.87017605946677, 37.02739517876481], [127.87018699570575, 37.02964872818189], [127.87018699570575, 37.02964872818189], [127.87018699570575, 37.02964872818189], [127.87018699570575, 37.02964872818189], [127.87017605946677, 37.02739517876481], [127.86736536464693, 37.02740391341603], [127.86737621785315, 37.029657463543295], [127.86456543879332, 37.02966613232819], [127.86455466862, 37.027412581496165], [127.86455466862, 37.027412581496165], [127.86455466862, 37.02741258149616], [127.86736536464693, 37.02740391341603], [127.86735451264781, 37.02515036242816], [127.86735451264781, 37.02515036242816], [127.86734366185563, 37.02289681057969], [127.86453313186678, 37.0229054772504], [127.86453313186678, 37.0229054772504], [127.86172260068037, 37.022914077360745], [127.86172260068037, 37.02291407736074], [127.86172260068037, 37.02291407736074], [127.86171191710555, 37.020660523247805], [127.86171191710555, 37.020660523247805], [127.86172260068037, 37.02291407736074], [127.86453313186678, 37.0229054772504], [127.86452236528663, 37.0206519238367], [127.86452236528663, 37.02065192383669], [127.86451159990389, 37.018398369562476], [127.86451159990389, 37.018398369562476], [127.86452236528663, 37.02065192383669], [127.86733281227028, 37.020643257870624], [127.86734366185563, 37.02289681057969], [127.87015419063768, 37.02288807734869], [127.87015419063768, 37.02288807734869], [127.87296471820365, 37.022879277557514], [127.87295370260833, 37.020625726273984], [127.87014325804725, 37.02063452534969], [127.87014325804725, 37.02063452534969], [127.86733281227028, 37.020643257870624], [127.86732196389157, 37.018389704301015], [127.86732196389157, 37.018389704301015], [127.86733281227028, 37.020643257870624], [127.87014325804725, 37.02063452534969], [127.87013232667273, 37.0183809724901], [127.87294268823811, 37.01837217412982], [127.8729316750929, 37.01611862112504], [127.87574195244699, 37.016109756936274], [127.87573085754954, 37.01385620379165], [127.87573085754954, 37.01385620379165], [127.87571976388604, 37.01160264978638], [127.87290965247689, 37.01161151253368], [127.87290965247689, 37.01161151253368], [127.87571976388604, 37.01160264978638], [127.87571976388604, 37.01160264978638], [127.87852987406139, 37.01159372050613], [127.87852987406139, 37.01159372050613], [127.88133998299372, 37.01158472469303], [127.88132872464716, 37.00933117128473], [127.87851869867316, 37.00934016636635], [127.87851869867316, 37.00934016636635], [127.87851869867316, 37.00934016636635], [127.88132872464716, 37.00933117128473], [127.8813174675527, 37.00707761701577], [127.8813174675527, 37.00707761701577], [127.88130621171022, 37.00482406188615], [127.88130621171022, 37.00482406188615], [127.8813174675527, 37.00707761701577], [127.8813174675527, 37.00707761701577], [127.88132872464716, 37.00933117128473], [127.88413874936907, 37.00932210967575], [127.88412740932566, 37.00706855614364], [127.88412740932566, 37.00706855614364], [127.8841160705434, 37.00481500175084], [127.88130621171022, 37.00482406188615], [127.88129495711955, 37.0025705058959], [127.87848517996522, 37.0025794987833], [127.87847400954763, 37.00032594120112], [127.87566431407247, 37.00033486685139], [127.87567540156844, 37.00258842515947], [127.87567540156844, 37.00258842515947], [127.87568649029764, 37.00484198260704], [127.87287662773672, 37.00485084319244], [127.87287662773672, 37.00485084319244], [127.87006676395164, 37.00485963726103], [127.8700776880337, 37.00711319528382], [127.8728876347591, 37.00710440050005], [127.8728876347591, 37.00710440050005], [127.87569758026024, 37.00709553919405], [127.87569758026024, 37.00709553919404], [127.87850752452782, 37.00708661136593], [127.87850752452782, 37.007086611365935], [127.87850752452782, 37.007086611365935], [127.87850752452782, 37.007086611365935], [127.87569758026024, 37.00709553919405], [127.87569758026024, 37.00709553919405], [127.8728876347591, 37.00710440050005], [127.87289864300578, 37.00935795694714], [127.8757086714563, 37.00934909492052], [127.8757086714563, 37.00934909492052], [127.8757086714563, 37.00934909492052], [127.8757086714563, 37.00934909492052], [127.87289864300578, 37.00935795694715], [127.87289864300578, 37.00935795694715], [127.87289864300578, 37.00935795694715], [127.8728876347591, 37.007104400500054], [127.8700776880337, 37.00711319528383], [127.87008861333084, 37.00936675244613], [127.87008861333084, 37.00936675244613], [127.87009953984317, 37.01162030874792], [127.87009953984317, 37.01162030874792], [127.87011046757084, 37.01387386418919], [127.87011046757084, 37.01387386418919], [127.87009953984317, 37.01162030874793], [127.8672894259941, 37.01162903842904], [127.86730027075365, 37.01388259458022], [127.86730027075365, 37.01388259458022], [127.8672894259941, 37.01162903842904], [127.86447931093895, 37.01163770157694], [127.8644900727302, 37.01389125843258], [127.8644900727302, 37.01389125843258], [127.86447931093895, 37.01163770157694], [127.86166919468691, 37.01164629819151], [127.86167987350973, 37.013899855746246], [127.86167987350973, 37.013899855746246], [127.86169055352038, 37.016153412440524], [127.85888027013434, 37.01616194390907], [127.85889086834588, 37.01841550043668], [127.86170123471892, 37.0184069682744]], [[127.87292066317252, 37.01386506725965], [127.87292066317252, 37.01386506725966], [127.87011046757084, 37.0138738641892], [127.87011046757084, 37.01387386418919], [127.87292066317252, 37.01386506725965]], [[127.85890146773626, 37.02066905610388], [127.85890146773626, 37.02066905610388], [127.85890146773626, 37.02066905610388], [127.85890146773626, 37.02066905610388], [127.85890146773626, 37.02066905610388]], [[127.85331187262607, 37.02744658810388], [127.85331187262607, 37.02744658810387], [127.85612257338899, 37.027438186309034], [127.85612257338899, 37.02743818630905], [127.85331187262607, 37.02744658810388]], [[127.8533223106664, 37.02970014170086], [127.8533223106664, 37.02970014170086], [127.85331187262604, 37.02744658810388], [127.85331187262607, 37.02744658810388], [127.8533223106664, 37.02970014170086]], [[127.87849635162522, 37.004833055504896], [127.87849635162522, 37.004833055504896], [127.8784851799652, 37.0025794987833], [127.87848517996522, 37.0025794987833], [127.87849635162524, 37.0048330555049], [127.87849635162522, 37.0048330555049], [127.87849635162522, 37.004833055504896]], [[127.86730027075365, 37.013882594580224], [127.86731111671942, 37.016136149870874], [127.86731111671942, 37.016136149870874], [127.86730027075365, 37.013882594580224], [127.86730027075365, 37.013882594580224]], [[127.8644900727302, 37.01389125843258], [127.8644900727302, 37.01389125843258], [127.86450083571847, 37.01614481442777], [127.86450083571847, 37.01614481442777], [127.8644900727302, 37.01389125843258]]], [[[127.82520480266982, 37.02752694460357], [127.8280155146264, 37.02751920852791], [127.82800582497082, 37.025265648166354], [127.82519519603977, 37.025273383613055], [127.82520480266982, 37.02752694460357]]], [[[127.83364679209936, 37.02975709488708], [127.83363693529688, 37.027503536659815], [127.83082622550513, 37.02751140587996], [127.83082622550513, 37.02751140587996], [127.8280155146264, 37.02751920852791], [127.82802520535978, 37.029772768029396], [127.83083599927316, 37.02976496474705], [127.83083599927316, 37.02976496474705], [127.83364679209936, 37.02975709488708]]], [[[127.82523362897196, 37.03428762241482], [127.82804459006046, 37.03427988445208], [127.8280348971711, 37.03202632667081], [127.8280348971711, 37.03202632667081], [127.82802520535978, 37.029772768029396], [127.82802520535978, 37.029772768029396], [127.8280155146264, 37.02751920852791], [127.82520480266982, 37.02752694460357], [127.82521441036846, 37.029780504734056], [127.82521441036846, 37.029780504734056], [127.8252240191358, 37.032034064004485], [127.8252240191358, 37.032034064004485], [127.82523362897196, 37.03428762241482]]], [[[127.83927839843933, 37.031994711505774], [127.83927839843933, 37.031994711505774], [127.83928842354034, 37.03424826671665], [127.84209937914557, 37.0342401958121], [127.84210948842352, 37.03649374950653], [127.84492052596603, 37.03648561135227], [127.84492052596603, 37.03648561135227], [127.84773156237486, 37.03647740660456], [127.84772128697367, 37.0342238542387], [127.8449103336264, 37.03423205831942], [127.8449103336264, 37.03423205831942], [127.84491033362643, 37.03423205831942], [127.84491033362643, 37.03423205831942], [127.84772128697367, 37.0342238542387], [127.84771101271532, 37.03197030101245], [127.84771101271532, 37.03197030101245], [127.84772128697367, 37.0342238542387], [127.85053223917807, 37.03421558357004], [127.85052188186755, 37.03196203101615], [127.85052188186755, 37.03196203101615], [127.85051152570894, 37.02970847760186], [127.8477007395997, 37.02971674692582], [127.8477007395997, 37.02971674692581], [127.8477007395997, 37.02971674692581], [127.84769046762663, 37.027463191978825], [127.84487976340863, 37.027471394058786], [127.84488995234784, 37.02972494967264], [127.84488995234784, 37.02972494967264], [127.84487976340863, 37.027471394058786], [127.84206905805743, 37.02747952956694], [127.84207916396265, 37.029733085842274], [127.84207916396265, 37.029733085842274], [127.84207916396265, 37.02973308584228], [127.83926837445337, 37.029741155434614], [127.83927839843933, 37.031994711505774]], [[127.84209937914557, 37.034240195812096], [127.84209937914557, 37.034240195812096], [127.84208927099199, 37.03198664125734], [127.84208927099199, 37.03198664125734], [127.84208927099199, 37.03198664125734], [127.84208927099199, 37.03198664125734], [127.84209937914557, 37.034240195812096]], [[127.8449001424204, 37.0319785044262], [127.8449001424204, 37.0319785044262], [127.84488995234784, 37.02972494967264], [127.84488995234784, 37.02972494967264], [127.8449001424204, 37.0319785044262]]], [[[127.83645758382917, 37.02974915844958], [127.83926837445337, 37.029741155434614], [127.83925835158223, 37.02748759850323], [127.83644764399232, 37.027495600867546], [127.83645758382917, 37.02974915844958]]], [[[127.83365664999828, 37.03201065225418], [127.83365664999828, 37.03201065225418], [127.83365664999828, 37.03201065225418], [127.83366650899372, 37.034264208761094], [127.83366650899372, 37.034264208761094], [127.83366650899372, 37.0342642087611], [127.83085555007081, 37.03427207990082], [127.83085555007081, 37.034272079900816], [127.82804459006046, 37.03427988445209], [127.82805428402804, 37.03653344137326], [127.83086532710068, 37.03652563618746], [127.83086532710068, 37.03652563618746], [127.83367636908581, 37.03651776440783], [127.83367636908581, 37.036517764407826], [127.83648740997415, 37.0365098260344], [127.83648740997415, 37.03650982603439], [127.83929844975644, 37.03650182106726], [127.83928842354034, 37.03424826671665], [127.83928842354034, 37.03424826671665], [127.83927839843933, 37.031994711505774], [127.83927839843933, 37.03199471150577], [127.83926837445337, 37.029741155434614], [127.83645758382917, 37.02974915844958], [127.83646752477169, 37.0320027151714], [127.83646752477169, 37.03200271517141], [127.83647746681996, 37.034256271033016], [127.83647746681996, 37.034256271033016], [127.83646752477169, 37.0320027151714], [127.83646752477169, 37.0320027151714], [127.83645758382917, 37.029749158449576], [127.83364679209936, 37.02975709488708], [127.83364679209936, 37.02975709488708], [127.83083599927316, 37.02976496474705], [127.83083599927316, 37.02976496474705], [127.82802520535978, 37.029772768029396], [127.8280348971711, 37.03202632667081], [127.83084577412833, 37.032018522754015], [127.83084577412833, 37.032018522754015], [127.83365664999828, 37.03201065225418]]], [[[127.85895448237554, 37.03193682153291], [127.86176534686454, 37.03192828520732], [127.8617546585355, 37.02967473453648], [127.8589438770889, 37.02968327016808], [127.85895448237554, 37.03193682153291]]], [[[127.85614361670689, 37.031945291276294], [127.85895448237554, 37.03193682153291], [127.8589438770889, 37.02968327016809], [127.85613309446279, 37.02969173922291], [127.85614361670689, 37.031945291276294]]], [[[127.85615414012139, 37.03419884246919], [127.85616466470644, 37.03645239280158], [127.85897569648792, 37.03644392168092], [127.85896508884184, 37.034190372037195], [127.85896508884184, 37.034190372037195], [127.85897569648792, 37.03644392168092], [127.86178672708942, 37.03643538396725], [127.86178672708942, 37.03643538396725], [127.8645977565018, 37.03642677966066], [127.86458698273407, 37.03417323141046], [127.86177603638248, 37.03418183501759], [127.86176534686454, 37.03192828520732], [127.85895448237554, 37.03193682153291], [127.85896508884184, 37.034190372037195], [127.85896508884184, 37.034190372037195], [127.85895448237554, 37.03193682153291], [127.85614361670689, 37.031945291276294], [127.85615414012139, 37.03419884246919], [127.85615414012139, 37.03419884246919]]], [[[127.82243219465703, 37.03654885196294], [127.82524323987705, 37.036541179965106], [127.82523362897196, 37.03428762241484], [127.8224226668145, 37.03429529378898], [127.8224226668145, 37.03429529378898], [127.81961170359735, 37.03430289857445], [127.81962114837717, 37.036556457366686], [127.82243219465703, 37.03654885196294], [127.82243219465703, 37.03654885196294]]], [[[127.81400833236106, 37.038825027544135], [127.81119719988484, 37.03883243376718], [127.81120639752167, 37.041085992661884], [127.81401761307944, 37.041078585836736], [127.81400833236106, 37.03882502754414], [127.81681946380505, 37.03881755472134], [127.81682882760485, 37.041071112406414], [127.81964004108866, 37.041063572371016], [127.81963059420757, 37.03881001529888], [127.81963059420757, 37.03881001529888], [127.81962114837717, 37.03655645736669], [127.8168101010467, 37.03656399617625], [127.81399905267492, 37.036571468391564], [127.81399905267492, 37.03657146839156], [127.8168101010467, 37.03656399617625], [127.8168101010467, 37.03656399617625], [127.81962114837717, 37.03655645736669], [127.81961170359735, 37.03430289857445], [127.81680073932974, 37.03431043677115], [127.81680073932974, 37.03431043677114], [127.81398977402087, 37.034317908379016], [127.81399905267492, 37.03657146839156], [127.81118800327101, 37.03657887401254], [127.81119719988484, 37.038832433767176], [127.81400833236106, 37.03882502754412], [127.81400833236106, 37.038825027544135]]], [[[127.82524323987705, 37.03654117996511], [127.82805428402804, 37.036533441373265], [127.82804459006046, 37.0342798844521], [127.82523362897196, 37.034287622414844], [127.82524323987705, 37.03654117996511]]], [[[127.84773156237486, 37.03647740660457], [127.8505425976407, 37.036469135263495], [127.85053223917807, 37.034215583570045], [127.84772128697367, 37.0342238542387], [127.84773156237486, 37.03647740660457]]], [[[127.80838606638562, 37.03883977339042], [127.81119719988484, 37.038832433767176], [127.81118800327098, 37.03657887401254], [127.80837695284421, 37.03658621303912], [127.80838606638562, 37.03883977339042]]], [[[127.83649735423433, 37.0387633801755], [127.83648740997415, 37.0365098260344], [127.83367636908581, 37.036517764407826], [127.83368623027468, 37.03877131919431], [127.83649735423433, 37.0387633801755]]], [[[127.86180811207105, 37.040942479284745], [127.86180811207105, 37.04094247928474], [127.8646193076326, 37.04093387357906], [127.8646193076326, 37.04093387357907], [127.86743050199547, 37.040925201269715], [127.86741964275171, 37.03867165544581], [127.86460853146792, 37.0386803270502], [127.86460853146792, 37.03868032705019], [127.86460853146792, 37.03868032705019], [127.8645977565018, 37.03642677966066], [127.86178672708942, 37.03643538396725], [127.86179741898557, 37.03868893205632], [127.86179741898557, 37.03868893205632], [127.86178672708942, 37.03643538396725], [127.85897569648792, 37.03644392168092], [127.85897569648792, 37.03644392168092], [127.85616466470644, 37.03645239280158], [127.85617519046222, 37.038705942273445], [127.85898630531393, 37.03869747046409], [127.85898630531393, 37.03869747046409], [127.85898630531393, 37.03869747046409], [127.85899691532003, 37.040951018386664], [127.86180811207105, 37.040942479284745]]], [[[127.80559299582407, 37.043354165719194], [127.80840429650985, 37.043346891513266], [127.80840429650985, 37.04334689151326], [127.8112155961816, 37.04333955069661], [127.81120639752167, 37.041085992661884], [127.81120639752167, 37.041085992661884], [127.81119719988484, 37.03883243376718], [127.80838606638562, 37.03883977339042], [127.80839518094079, 37.0410933328818], [127.80839518094079, 37.0410933328818], [127.80839518094079, 37.04109333288181], [127.80558396334608, 37.041100606496435], [127.80559299582407, 37.043354165719194]]], [[[127.8112155961816, 37.04333955069662], [127.81402689483016, 37.04333214326932], [127.81401761307944, 37.041078585836736], [127.81120639752167, 37.041085992661884], [127.8112155961816, 37.04333955069662]]], [[[127.88100277667132, 36.94397774813079], [127.88381039961442, 36.94396870787333], [127.88381039961442, 36.94396870787333], [127.88661802130042, 36.94395960124536], [127.88660663509013, 36.94170602350199], [127.88660663509013, 36.94170602350199], [127.886595250146, 36.93945244489845], [127.886595250146, 36.93945244489845], [127.88658386646783, 36.93719886543475], [127.88377649279947, 36.937207969839804], [127.88378779381428, 36.93946155004441], [127.88098033622576, 36.93947058883068], [127.88099155582466, 36.94172416891078], [127.88379909608588, 36.94171512938894], [127.88379909608588, 36.94171512938894], [127.88099155582466, 36.94172416891078], [127.88099155582466, 36.94172416891079], [127.8781840143157, 36.94173314206741], [127.87819515248032, 36.94398672201764], [127.87819515248032, 36.94398672201764], [127.87820629188364, 36.9462403011078], [127.88101399876587, 36.94623132649069], [127.88101399876587, 36.9462313264907], [127.88382170440005, 36.946222285497576], [127.88381039961442, 36.94396870787334], [127.88100277667132, 36.9439777481308], [127.88100277667132, 36.94397774813079]]], [[[127.87820629188364, 36.94624030110781], [127.87819515248032, 36.94398672201764], [127.87538752705062, 36.94399562953379], [127.87539858376257, 36.94624920934881], [127.87820629188364, 36.94624030110781]]], [[[127.87828430240268, 36.96201533065542], [127.88109258838102, 36.96200635092531], [127.88109258838102, 36.96200635092531], [127.88109258838102, 36.96200635092531], [127.88110382046398, 36.96425992240363], [127.88110382046398, 36.96425992240363], [127.88109258838102, 36.96200635092531], [127.87828430240268, 36.96201533065542], [127.87829545172079, 36.964268902864355], [127.87829545172079, 36.964268902864355], [127.8783066022789, 36.96652247421302], [127.8811150537961, 36.966513493021665], [127.8811150537961, 36.966513493021665], [127.8783066022789, 36.96652247421302], [127.8783066022789, 36.96652247421303], [127.87549814952156, 36.96653138897967], [127.87550921853644, 36.968784960193375], [127.87831775407714, 36.96877604470146], [127.87832890711566, 36.9710296143296], [127.87832890711566, 36.9710296143296], [127.87834006139461, 36.97328318309746], [127.88114876128914, 36.9732741997139], [127.88113752420854, 36.97102063167683], [127.88113752420854, 36.97102063167683], [127.88112628837757, 36.96876706277941], [127.87831775407714, 36.96877604470146], [127.87831775407714, 36.96877604470145], [127.88112628837757, 36.96876706277941], [127.88113752420854, 36.97102063167682], [127.88394614005179, 36.971011582588616], [127.88394614005179, 36.971011582588616], [127.88675475463619, 36.97100246706506], [127.88674335322078, 36.96874889964531], [127.88674335322078, 36.96874889964531], [127.88673195307327, 36.966495331365145], [127.88673195307327, 36.966495331365145], [127.88673195307327, 36.96649533136515], [127.88673195307327, 36.96649533136515], [127.88674335322078, 36.96874889964531], [127.88674335322078, 36.96874889964532], [127.88675475463619, 36.97100246706506], [127.88675475463619, 36.97100246706506], [127.88676615731967, 36.97325603362439], [127.88957485343722, 36.9732468509186], [127.88957485343722, 36.973246850918606], [127.88676615731967, 36.973256033624395], [127.88677756127133, 36.97550959932326], [127.8895863401993, 36.97550041587044], [127.8895863401993, 36.97550041587044], [127.89239511784974, 36.97549116597166], [127.89239511784974, 36.97549116597166], [127.89520389421341, 36.975481849626995], [127.89520389421341, 36.975481849626995], [127.8980126692811, 36.975472466836564], [127.89800093408867, 36.973218904158216], [127.89800093408867, 36.973218904158216], [127.8980126692811, 36.975472466836564], [127.8980126692811, 36.975472466836564], [127.89802440577874, 36.977726028654246], [127.90083326236027, 36.977716578649435], [127.90083326236027, 36.97771657864944], [127.90364211762727, 36.97770706219365], [127.90364211762727, 36.97770706219365], [127.90083326236027, 36.977716578649456], [127.90083326236027, 36.97771657864944], [127.89802440577874, 36.977726028654246], [127.89802440577874, 36.977726028654246], [127.8980126692811, 36.975472466836564], [127.89520389421341, 36.975481849626995], [127.89520389421341, 36.975481849627], [127.89239511784974, 36.97549116597167], [127.89239511784974, 36.97549116597167], [127.8895863401993, 36.97550041587044], [127.8895863401993, 36.97550041587044], [127.88677756127133, 36.97550959932327], [127.88678896649131, 36.97776316416168], [127.88398010347522, 36.977772281910084], [127.88399142713472, 36.98002584662972], [127.88399142713472, 36.98002584662972], [127.88400275205363, 36.982279410488886], [127.88400275205363, 36.982279410488886], [127.88401407823213, 36.98453297348756], [127.88682318976282, 36.9845238535139], [127.88682318976282, 36.9845238535139], [127.88682318976282, 36.9845238535139], [127.88683460005768, 36.98677741491024], [127.88683460005768, 36.98677741491024], [127.8868460116216, 36.98903097544602], [127.88965528760552, 36.98902178751014], [127.88965528760555, 36.98902178751014], [127.89246456231103, 36.989012533095845], [127.89245298501586, 36.986758974060045], [127.89245298501586, 36.986758974060045], [127.89244140900823, 36.98450541416361], [127.89244140900823, 36.98450541416361], [127.89242983428794, 36.98225185340652], [127.89242983428794, 36.98225185340652], [127.89241826085485, 36.97999829178881], [127.89241826085485, 36.97999829178881], [127.89242983428794, 36.98225185340652], [127.89242983428794, 36.98225185340652], [127.89244140900823, 36.9845054141636], [127.8952505167045, 36.984496094787154], [127.89523885913724, 36.982242534788085], [127.89523885913724, 36.982242534788085], [127.8952505167045, 36.984496094787154], [127.89805962310419, 36.98448670894331], [127.89805962310419, 36.984486708943315], [127.90086872819808, 36.98447725663217], [127.90367783197699, 36.98446773785381], [127.90368973940845, 36.9867212946856], [127.90649892471872, 36.986711708660444], [127.90651091633933, 36.98896526385168], [127.90932018318063, 36.98895561056898], [127.90932018318063, 36.98895561056898], [127.912129448679, 36.988945890808566], [127.912129448679, 36.988945890808566], [127.91493871282519, 36.98893610457051], [127.91492647261113, 36.986682551750896], [127.91492647261113, 36.986682551750896], [127.91491423375832, 36.98442899807027], [127.91210513533157, 36.984438782716474], [127.91210513533157, 36.984438782716474], [127.91210513533157, 36.984438782716474], [127.9120929806857, 36.98218522737901], [127.90928396375313, 36.98219494476795], [127.90928396375313, 36.98219494476794], [127.90647494547808, 36.98220459569538], [127.90647494547808, 36.98220459569537], [127.90928396375313, 36.98219494476794], [127.90927189329581, 36.979941387779135], [127.90646295785774, 36.979951037921566], [127.90646295785774, 36.979951037921566], [127.90646295785774, 36.979951037921566], [127.90646295785774, 36.979951037921566], [127.90927189329581, 36.979941387779135], [127.90925982418081, 36.97768782992947], [127.90645097157052, 36.97769747928695], [127.90645097157052, 36.977697479286945], [127.90925982418081, 36.97768782992947], [127.90924775640799, 36.97543427121896], [127.90924775640799, 36.97543427121896], [127.90924775640799, 36.975434271218965], [127.9120565248577, 36.97542455620109], [127.9120565248577, 36.97542455620109], [127.91486529195615, 36.97541477473803], [127.91486529195618, 36.97541477473803], [127.91767405769419, 36.975404926829874], [127.91766174283624, 36.97315136964556], [127.9148530599071, 36.97316121675263], [127.9148530599071, 36.97316121675263], [127.91484082921835, 36.970907657906345], [127.91203222772876, 36.970917437778105], [127.91204437561768, 36.97317099742002], [127.91204437561768, 36.97317099742002], [127.91204437561768, 36.973170997420034], [127.90923568997721, 36.973180711647636], [127.90923568997721, 36.973180711647636], [127.90642700299483, 36.97319035943535], [127.90643898661628, 36.97544391979154], [127.90643898661628, 36.97544391979154], [127.90642700299483, 36.97319035943535], [127.90642700299483, 36.97319035943535], [127.90642700299483, 36.97319035943534], [127.90923568997721, 36.97318071164763], [127.90923568997721, 36.973180711647615], [127.91204437561768, 36.97317099742001], [127.91203222772876, 36.970917437778105], [127.91203222772876, 36.9709174377781], [127.91202008119073, 36.96866387727536], [127.90921156114103, 36.968673589922574], [127.90640303974976, 36.96868323614071], [127.90639106012583, 36.966429673202306], [127.90639106012583, 36.966429673202306], [127.90640303974976, 36.96868323614071], [127.90921156114103, 36.968673589922574], [127.90921156114103, 36.96867358992257], [127.91202008119073, 36.96866387727536], [127.91202008119073, 36.96866387727536], [127.91202008119073, 36.96866387727536], [127.91203222772876, 36.970917437778105], [127.91484082921835, 36.970907657906345], [127.9148285998897, 36.96865409819917], [127.9148285998897, 36.96865409819917], [127.9148285998897, 36.96865409819917], [127.91763711722868, 36.96864425269409], [127.91762480647873, 36.966390692927014], [127.91762480647873, 36.966390692927014], [127.9176124970978, 36.96413713229905], [127.9176124970978, 36.96413713229905], [127.91762480647873, 36.966390692927014], [127.92043323966743, 36.966380781799494], [127.9204208475146, 36.964127221977826], [127.9204208475146, 36.964127221977826], [127.9204084567398, 36.96187366129524], [127.91760018908572, 36.96188357081021], [127.9176124970978, 36.964137132299044], [127.9176124970978, 36.964137132299044], [127.91760018908572, 36.96188357081021], [127.91479192006291, 36.96189341391263], [127.91479192006291, 36.96189341391262], [127.91198364968062, 36.96190319060235], [127.91198364968062, 36.96190319060235], [127.90917537794806, 36.96191290087933], [127.9091874376711, 36.96416646475447], [127.9091874376711, 36.96416646475447], [127.90919949873538, 36.96642002776889], [127.90919949873538, 36.96642002776889], [127.9091874376711, 36.96416646475447], [127.9091874376711, 36.96416646475447], [127.90917537794803, 36.96191290087933], [127.90917537794803, 36.96191290087933], [127.90916331956609, 36.95965933614347], [127.90635512924655, 36.95966897922299], [127.90635512924655, 36.95966897922299], [127.9035469375953, 36.95967855589495], [127.9035469375953, 36.95967855589494], [127.90073874462149, 36.959688066159245], [127.90075055474061, 36.96194163323265], [127.90075055474061, 36.96194163323265], [127.90075055474058, 36.96194163323265], [127.8979422776989, 36.96195107785757], [127.8979422776989, 36.96195107785757], [127.89513399935292, 36.961960456069235], [127.89513399935292, 36.96196045606922], [127.89232571971186, 36.96196976786753], [127.89233728285265, 36.96422333636942], [127.89514564525777, 36.9642140238135], [127.89514564525777, 36.964214023813504], [127.89514564525777, 36.964214023813504], [127.89515729245787, 36.96646759069727], [127.89515729245787, 36.96646759069727], [127.89515729245787, 36.96646759069727], [127.89515729245785, 36.96646759069727], [127.89514564525777, 36.9642140238135], [127.89233728285265, 36.96422333636942], [127.89232571971186, 36.96196976786754], [127.88951743878495, 36.96197901325239], [127.88951743878495, 36.96197901325238], [127.88951743878495, 36.96197901325238], [127.88951743878495, 36.96197901325238], [127.89232571971186, 36.96196976786753], [127.89232571971186, 36.96196976786753], [127.89513399935291, 36.96196045606922], [127.89512235474312, 36.959706887464456], [127.89512235474312, 36.959706887464456], [127.89511071142826, 36.95745331799923], [127.89511071142825, 36.95745331799923], [127.89509906940815, 36.955199747673575], [127.89509906940815, 36.955199747673575], [127.89509906940815, 36.955199747673575], [127.89790709951752, 36.95519037175071], [127.8978953760649, 36.95293680132746], [127.89508742868266, 36.95294617648748], [127.89508742868266, 36.95294617648749], [127.89227948000597, 36.95295548525577], [127.89227948000597, 36.95295548525577], [127.89508742868266, 36.95294617648748], [127.89507578925164, 36.95069260444099], [127.89226792329303, 36.95070191245187], [127.89225636786522, 36.94844833878764], [127.8894485833305, 36.948457579660136], [127.88946005604927, 36.95071115407632], [127.89226792329303, 36.95070191245187], [127.89226792329303, 36.95070191245188], [127.88946005604927, 36.95071115407632], [127.88947153004398, 36.95296472763219], [127.88666357880591, 36.95297390361671], [127.8866749713491, 36.955227477058905], [127.88948300531473, 36.95521830032777], [127.88948300531473, 36.95521830032777], [127.8866749713491, 36.955227477058905], [127.88668636515932, 36.95748104964082], [127.88668636515929, 36.95748104964082], [127.8866749713491, 36.95522747705892], [127.88386693611643, 36.95523658739264], [127.88387824718971, 36.95749016071582], [127.88387824718971, 36.95749016071582], [127.88388955952095, 36.95974373317873], [127.88388955952095, 36.95974373317873], [127.88390087311033, 36.961997304781356], [127.88670915658138, 36.96198819222369], [127.88669776023669, 36.959734621362415], [127.88950595968508, 36.959725443137884], [127.88950595968508, 36.959725443137884], [127.88950595968508, 36.959725443137884], [127.88950595968508, 36.959725443137884], [127.88669776023669, 36.959734621362415], [127.88670915658138, 36.96198819222369], [127.88670915658138, 36.96198819222369], [127.88390087311033, 36.961997304781356], [127.88391218795795, 36.964250875523675], [127.88391218795795, 36.964250875523675], [127.88390087311033, 36.961997304781356], [127.88390087311033, 36.961997304781356], [127.88388955952095, 36.95974373317873], [127.88108135754715, 36.95975277858671], [127.88108135754715, 36.95975277858671], [127.8782731543244, 36.95976175758627], [127.87828430240268, 36.96201533065542]], [[127.88669776023669, 36.959734621362415], [127.88668636515932, 36.95748104964082], [127.88668636515932, 36.95748104964082], [127.88669776023669, 36.959734621362415], [127.88669776023669, 36.959734621362415]], [[127.90366592586975, 36.98221418016121], [127.90085690493736, 36.98222369816534], [127.90085690493736, 36.98222369816534], [127.90085690493736, 36.98222369816534], [127.90366592586975, 36.98221418016121], [127.90365402108655, 36.979960621607816], [127.90365402108655, 36.979960621607816], [127.90365402108655, 36.979960621607816], [127.90365402108655, 36.979960621607816], [127.90366592586975, 36.9822141801612], [127.90366592586975, 36.9822141801612], [127.90367783197699, 36.984467737853805], [127.90648693443168, 36.98445815260834], [127.90648693443168, 36.98445815260834], [127.90929603555296, 36.984448500895866], [127.90929603555296, 36.984448500895866], [127.90648693443168, 36.98445815260835], [127.90649892471872, 36.986711708660444], [127.90649892471872, 36.986711708660444], [127.90648693443168, 36.98445815260834], [127.90367783197699, 36.984467737853805], [127.90366592586975, 36.98221418016121]], [[127.90641502070605, 36.9709367982184], [127.90641502070605, 36.9709367982184], [127.90922362488826, 36.97092715121549], [127.90922362488826, 36.97092715121549], [127.90641502070605, 36.9709367982184]], [[127.88112628837757, 36.96876706277941], [127.88393482142851, 36.96875801442732], [127.88393482142851, 36.96875801442732], [127.88112628837757, 36.96876706277941], [127.88112628837757, 36.96876706277941]], [[127.88391218795795, 36.96425087552369], [127.88392350406394, 36.96650444540567], [127.88392350406394, 36.96650444540567], [127.88391218795795, 36.96425087552369], [127.88391218795795, 36.96425087552369]], [[127.8923835482774, 36.97323760177223], [127.8923835482774, 36.97323760177223], [127.89237197999167, 36.97098403671229], [127.89237197999167, 36.97098403671229], [127.8923835482774, 36.97323760177223]], [[127.88956336795256, 36.97099328510626], [127.88956336795256, 36.97099328510625], [127.88956336795256, 36.97099328510625], [127.88955188374514, 36.96873971843345], [127.88955188374514, 36.96873971843344], [127.88955188374514, 36.96873971843344], [127.89236041299237, 36.96873047079181], [127.89234884727942, 36.966476904010854], [127.89234884727942, 36.966476904010854], [127.89233728285265, 36.96422333636943], [127.89233728285265, 36.96422333636943], [127.89234884727942, 36.966476904010854], [127.89234884727944, 36.966476904010854], [127.89236041299237, 36.96873047079181], [127.89516894095333, 36.96872115672053], [127.89516894095333, 36.968721156720534], [127.89516894095333, 36.968721156720534], [127.8951805907443, 36.97097472188325], [127.89798920020125, 36.97096534061925], [127.89798920020125, 36.97096534061925], [127.90079780835335, 36.97095589292039], [127.90078599297941, 36.968702329289364], [127.90078599297941, 36.968702329289364], [127.90078599297941, 36.96870232928937], [127.90079780835335, 36.97095589292039], [127.90079780835335, 36.97095589292039], [127.89798920020125, 36.97096534061925], [127.89798920020125, 36.97096534061925], [127.8951805907443, 36.97097472188325], [127.8951805907443, 36.97097472188325], [127.8951805907443, 36.97097472188325], [127.89516894095333, 36.968721156720534], [127.89236041299237, 36.96873047079182], [127.89236041299237, 36.96873047079182], [127.88955188374514, 36.96873971843345], [127.88956336795256, 36.97099328510626], [127.88956336795256, 36.97099328510626]], [[127.89231415785696, 36.95971619850519], [127.89230259728777, 36.95746262828244], [127.88949448186173, 36.957471872163], [127.88949448186173, 36.957471872163], [127.89230259728777, 36.95746262828244], [127.89230259728777, 36.95746262828244], [127.89230259728777, 36.95746262828244], [127.89231415785696, 36.95971619850519], [127.89231415785696, 36.95971619850519], [127.89231415785696, 36.95971619850519], [127.89231415785696, 36.95971619850519]], [[127.89240668870885, 36.97774472931052], [127.89240668870885, 36.97774472931052], [127.89240668870885, 36.97774472931052], [127.89521554789184, 36.977735412207984], [127.89522720286641, 36.97998897392835], [127.89803614358166, 36.97997958961129], [127.89803614358166, 36.97997958961129], [127.90084508299145, 36.97997013883775], [127.90084508299145, 36.97997013883776], [127.90084508299145, 36.97997013883776], [127.90084508299145, 36.97997013883776], [127.89803614358166, 36.9799795896113], [127.89803614358166, 36.9799795896113], [127.89522720286641, 36.97998897392836], [127.89522720286641, 36.97998897392836], [127.89522720286641, 36.97998897392836], [127.89521554789184, 36.977735412207984], [127.89240668870885, 36.97774472931052]], [[127.8896323000246, 36.984514667072546], [127.8896323000246, 36.984514667072546], [127.8896437931759, 36.98676822772164], [127.8896437931759, 36.98676822772164], [127.8896323000246, 36.984514667072546], [127.8896323000246, 36.984514667072546], [127.88962080815142, 36.98226110556285], [127.88681178073693, 36.98227029125701], [127.8868003729798, 36.98001672813959], [127.8868003729798, 36.98001672813959], [127.88681178073693, 36.982270291257], [127.88962080815142, 36.98226110556285], [127.88962080815142, 36.98226110556285], [127.88962080815142, 36.98226110556285], [127.8896323000246, 36.984514667072546]], [[127.88960931755626, 36.980007543192585], [127.89241826085485, 36.97999829178881], [127.89241826085485, 36.97999829178881], [127.88960931755626, 36.98000754319259], [127.88960931755626, 36.98000754319259], [127.88960931755626, 36.980007543192585]], [[127.90355883046884, 36.96193212219458], [127.90357072466506, 36.96418568763358], [127.90357072466506, 36.96418568763358], [127.90357072466506, 36.96418568763358], [127.90357072466506, 36.96418568763358], [127.90355883046884, 36.961932122194575], [127.90355883046884, 36.961932122194575], [127.90355883046884, 36.96193212219458], [127.90355883046884, 36.96193212219458]], [[127.89796573634094, 36.96645821095954], [127.89796573634094, 36.96645821095954], [127.89796573634094, 36.96645821095954], [127.89797746761873, 36.96871177621968], [127.89797746761873, 36.96871177621968], [127.89796573634094, 36.96645821095954]], [[127.90364211762727, 36.97770706219365], [127.90364211762727, 36.97770706219365], [127.90645097157052, 36.97769747928695], [127.90645097157052, 36.97769747928695], [127.90364211762727, 36.97770706219365]], [[127.90363021549175, 36.975453501918736], [127.90363021549175, 36.975453501918736], [127.90363021549175, 36.975453501918736], [127.90082144304363, 36.97546301760044], [127.90082144304363, 36.97546301760044], [127.90363021549175, 36.975453501918736], [127.90363021549175, 36.975453501918736]], [[127.90641502070605, 36.9709367982184], [127.90641502070605, 36.9709367982184], [127.90360641519136, 36.970946378786735], [127.90360641519136, 36.970946378786735], [127.90360641519136, 36.970946378786735], [127.90360641519136, 36.970946378786735], [127.90641502070605, 36.9709367982184]], [[127.90637908183409, 36.96417610940321], [127.90639106012583, 36.966429673202306], [127.90639106012583, 36.966429673202306], [127.90637908183409, 36.96417610940321], [127.90637908183409, 36.96417610940321]], [[127.90359451702615, 36.96869281592968], [127.90359451702615, 36.96869281592968], [127.90640303974976, 36.96868323614071], [127.90640303974976, 36.96868323614071], [127.90359451702615, 36.96869281592968]]], [[[127.88114876128914, 36.9732741997139], [127.88395745993388, 36.97326514988952], [127.88394614005179, 36.97101158258862], [127.88113752420854, 36.97102063167683], [127.88114876128914, 36.9732741997139]]], [[[127.87835121691414, 36.975536751004974], [127.88115999961953, 36.97552776689063], [127.88114876128914, 36.973274199713906], [127.87834006139461, 36.97328318309746], [127.87835121691414, 36.975536751004974]]], [[[127.87844050574809, 36.993565263291345], [127.87844050574809, 36.99356526329134], [127.87563105898235, 36.99357418676411], [127.87564214277955, 36.99582774765367], [127.87564214277955, 36.99582774765367], [127.87565322780954, 36.99808130768277], [127.87846284037235, 36.998072382758366], [127.87845167243923, 36.995818823455124], [127.88126120085687, 36.99580983276155], [127.88124995127195, 36.99355627332897], [127.87844050574809, 36.993565263291345]]], [[[127.88126120085687, 36.99580983276155], [127.88126120085687, 36.99580983276155], [127.88127245169301, 36.99806339133359], [127.8840820617623, 36.998054333408476], [127.8840820617623, 36.99805433340847], [127.88689167057098, 36.99804520898313], [127.88689167057098, 36.998045208983136], [127.88689167057098, 36.998045208983136], [127.8869030884825, 37.0002987652158], [127.8869030884825, 37.0002987652158], [127.88691450766397, 37.0025523205878], [127.88691450766397, 37.0025523205878], [127.88692592811556, 37.00480587509909], [127.88973578441745, 37.00479668193098], [127.88973578441745, 37.00479668193098], [127.88692592811556, 37.00480587509909], [127.88693734983741, 37.00705942874968], [127.88693734983741, 37.00705942874968], [127.88693734983741, 37.00705942874968], [127.88693734983741, 37.00705942874968], [127.88692592811556, 37.00480587509909], [127.8841160705434, 37.00481500175084], [127.88412740932566, 37.00706855614364], [127.88412740932566, 37.00706855614364], [127.88413874936907, 37.00932210967575], [127.88694877282965, 37.009312981539516], [127.88694877282965, 37.009312981539516], [127.88975879501966, 37.00930378687609], [127.88975879501966, 37.00930378687609], [127.89256881592992, 37.00929452568559], [127.89256881592992, 37.0092945256856], [127.89537883555116, 37.00928519796812], [127.89536716371333, 37.00703164743754], [127.89255722704048, 37.007040974396524], [127.89255722704048, 37.00704097439652], [127.88974728907876, 37.007050234833926], [127.88973578441745, 37.00479668193098], [127.89254563943987, 37.004787422246615], [127.89254563943987, 37.004787422246615], [127.89254563943987, 37.004787422246615], [127.89255722704048, 37.00704097439652], [127.89536716371333, 37.007031647437536], [127.8953554931736, 37.00477809604609], [127.89816534560939, 37.004768703329475], [127.89815359343777, 37.00251515184101], [127.89534382393177, 37.00252454379378], [127.89534382393177, 37.00252454379378], [127.89534382393177, 37.00252454379378], [127.89534382393177, 37.00252454379378], [127.89815359343777, 37.00251515184101], [127.89815359343777, 37.00251515184101], [127.90096336163678, 37.00250569337765], [127.90096336163678, 37.00250569337766], [127.90377312851956, 37.002496168403844], [127.9037612118143, 37.00024261759827], [127.9037612118143, 37.00024261759827], [127.9037612118143, 37.000242617598275], [127.9037612118143, 37.000242617598275], [127.90377312851956, 37.002496168403844], [127.90096336163678, 37.00250569337766], [127.90096336163678, 37.00250569337766], [127.89815359343777, 37.00251515184101], [127.89816534560939, 37.004768703329475], [127.90097519673802, 37.00475924409691], [127.90097519673802, 37.00475924409691], [127.90378504655028, 37.00474971834846], [127.90377312851956, 37.002496168403844], [127.90377312851956, 37.002496168403844], [127.90378504655028, 37.00474971834846], [127.90659489503695, 37.00474012608423], [127.90658289407693, 37.002486576919665], [127.9093926582996, 37.002476918925204], [127.90938057575428, 37.00022336968504], [127.90657089445155, 37.00023302689409], [127.90658289407693, 37.002486576919665], [127.9065828940769, 37.002486576919665], [127.90657089445155, 37.00023302689408], [127.90657089445155, 37.00023302689408], [127.9065588961607, 36.99797947600751], [127.9065588961607, 36.99797947600751], [127.90657089445155, 37.00023302689408], [127.90938057575428, 37.00022336968503], [127.90936849455272, 36.99796981958382], [127.90936849455272, 36.99796981958382], [127.90935641469471, 36.995716268621585], [127.90654689920422, 36.99572592425995], [127.90654689920422, 36.99572592425995], [127.90935641469471, 36.99571626862157], [127.90934433618014, 36.99346271679836], [127.90934433618015, 36.99346271679836], [127.90934433618015, 36.99346271679836], [127.90934433618015, 36.99346271679836], [127.90935641469474, 36.99571626862157], [127.91216592884183, 36.99570654648925], [127.91215376743511, 36.993452995456714], [127.91215376743511, 36.993452995456714], [127.91216592884183, 36.99570654648925], [127.91497544163626, 36.99569675786309], [127.91497544163626, 36.995696757863094], [127.91216592884183, 36.99570654648926], [127.91217809160116, 36.99796009666077], [127.91217809160116, 36.99796009666077], [127.9121902557133, 37.00021364597121], [127.9121902557133, 37.00021364597121], [127.9121902557133, 37.000213645971215], [127.90938057575428, 37.00022336968504], [127.9093926582996, 37.002476918925204], [127.9093926582996, 37.002476918925204], [127.90940474218878, 37.00473046730431], [127.90940474218878, 37.00473046730431], [127.90940474218878, 37.00473046730431], [127.90659489503695, 37.00474012608423], [127.9066068973318, 37.006993674387765], [127.90941682742202, 37.00698401482237], [127.90941682742202, 37.00698401482237], [127.91222675616805, 37.00697428873597], [127.91221458799659, 37.004720742008836], [127.91221458799659, 37.004720742008836], [127.91221458799659, 37.004720742008836], [127.91502443245112, 37.00471095019786], [127.91501218270406, 37.00245740340588], [127.9178219428674, 37.00244754588121], [127.91780961156323, 37.0001939990297], [127.91780961156323, 37.0001939990297], [127.91780961156323, 37.0001939990297], [127.9206192874357, 37.000184075802196], [127.9206068745928, 36.997930528896504], [127.9206068745928, 36.997930528896504], [127.9206192874357, 37.000184075802196], [127.92342896192757, 37.00017408607034], [127.92341646617474, 36.997920539977045], [127.92341646617474, 36.997920539977045], [127.9234039718116, 36.99566699302251], [127.92059446313039, 36.99567698112961], [127.92059446313039, 36.99567698112961], [127.9234039718116, 36.99566699302251], [127.9234039718116, 36.99566699302251], [127.92621347910328, 36.99565693842195], [127.92620090323831, 36.993403391423925], [127.92620090323834, 36.993403391423925], [127.92621347910328, 36.995656938421966], [127.92621347910331, 36.995656938421966], [127.926226056367, 36.99791048455874], [127.926226056367, 36.99791048455874], [127.92621347910328, 36.995656938421966], [127.9234039718116, 36.99566699302251], [127.92341646617474, 36.99792053997705], [127.92341646617474, 36.99792053997705], [127.92342896192757, 37.00017408607034], [127.92623863502959, 37.00016402983422], [127.92625121509124, 37.002417574248355], [127.92344145907022, 37.002427631302346], [127.9234539576029, 37.004681175673056], [127.92626379655212, 37.00467111780117], [127.92626379655212, 37.00467111780117], [127.9234539576029, 37.004681175673056], [127.92346645752572, 37.00693471918248], [127.9262763794124, 37.006924660492636], [127.9262763794124, 37.00692466049264], [127.9262763794124, 37.00692466049264], [127.92346645752572, 37.00693471918248], [127.92347895883886, 37.00918826183057], [127.9262889636722, 37.00917820232274], [127.9262889636722, 37.00917820232274], [127.92909896710582, 37.00916807628911], [127.92908629989952, 37.00691453528242], [127.92907363410198, 37.004660993414326], [127.92907363410198, 37.004660993414326], [127.92908629989952, 37.00691453528242], [127.92908629989952, 37.00691453528242], [127.92909896710582, 37.0091680762891], [127.92909896710582, 37.0091680762891], [127.92909896710582, 37.009168076289114], [127.9262889636722, 37.009178202322744], [127.9262889636722, 37.00917820232274], [127.92347895883886, 37.00918826183057], [127.9234914615425, 37.01144180361733], [127.92630154933173, 37.01143174329144], [127.92630154933173, 37.01143174329144], [127.92911163572106, 37.01142161643435], [127.92911163572106, 37.01142161643435], [127.92630154933173, 37.011431743291446], [127.92630154933173, 37.011431743291446], [127.9234914615425, 37.01144180361734], [127.92350396563677, 37.013695344542704], [127.92350396563677, 37.013695344542704], [127.92351647112184, 37.015948884606686], [127.92351647112184, 37.015948884606686], [127.92350396563677, 37.013695344542704], [127.92350396563677, 37.013695344542704], [127.9234914615425, 37.01144180361734], [127.92068137236262, 37.011451797411915], [127.92069379349162, 37.01370533914998], [127.92069379349162, 37.01370533914998], [127.9207062160022, 37.015958880026695], [127.9207062160022, 37.015958880026695], [127.92071863989452, 37.01821242004207], [127.91790830040925, 37.01822234972722], [127.91790830040925, 37.01822234972722], [127.9150979595513, 37.01823221286462], [127.91511021883912, 37.02048575362803], [127.91511021883912, 37.02048575362803], [127.9150979595513, 37.01823221286462], [127.9150979595513, 37.01823221286462], [127.91508570162692, 37.015978671239914], [127.91227544238976, 37.01598846703293], [127.91227544238976, 37.01598846703293], [127.91508570162692, 37.015978671239914], [127.91507344506584, 37.01372512875396], [127.91226326880364, 37.013734923750484], [127.91225109657144, 37.01148137960681], [127.90944100192124, 37.01149110727518], [127.90945309118756, 37.01374465220988], [127.90945309118756, 37.01374465220988], [127.90946518179852, 37.01599819628343], [127.90946518179852, 37.01599819628343], [127.9094772737543, 37.0182517394958], [127.90666692883374, 37.01826140298939], [127.90666692883374, 37.01826140298939], [127.90385658257743, 37.01827099993484], [127.90385658257743, 37.01827099993484], [127.9010462349946, 37.01828053033205], [127.90105807931364, 37.02053407502432], [127.90105807931364, 37.02053407502432], [127.90106992495012, 37.02278761885552], [127.90106992495012, 37.02278761885552], [127.90108177190422, 37.02504116182561], [127.90389236849693, 37.025031629103424], [127.90388043853034, 37.022778086908374], [127.90388043853034, 37.022778086908374], [127.90386850989053, 37.02052454385217], [127.90386850989053, 37.02052454385217], [127.90386850989053, 37.02052454385216], [127.90386850989053, 37.02052454385216], [127.90388043853034, 37.022778086908374], [127.90388043853034, 37.022778086908374], [127.90389236849695, 37.025031629103424], [127.90389236849693, 37.025031629103424], [127.90390429979054, 37.02728517043734], [127.90671497807789, 37.02727557037018], [127.9067029637627, 37.02502202981677], [127.9067029637627, 37.02502202981677], [127.9066909507837, 37.022768488402164], [127.9066909507837, 37.022768488402164], [127.9066909507837, 37.02276848840215], [127.9066909507837, 37.02276848840215], [127.9067029637627, 37.02502202981677], [127.90951355769221, 37.02501236396572], [127.90951355769221, 37.02501236396573], [127.9067029637627, 37.02502202981677], [127.90671497807789, 37.02727557037018], [127.90671497807789, 37.02727557037018], [127.90672699372946, 37.02952911006237], [127.90672699372946, 37.02952911006237], [127.90673901071757, 37.03178264889331], [127.90954985373912, 37.031772980684416], [127.90954985373912, 37.031772980684416], [127.90954985373912, 37.031772980684416], [127.90954985373912, 37.031772980684416], [127.90673901071757, 37.03178264889331], [127.90675102904234, 37.034036186863005], [127.90956195511306, 37.03402651786805], [127.90957405783307, 37.03628005419036], [127.91238506561596, 37.03627031781798], [127.91519607204337, 37.03626051485436], [127.91519607204337, 37.03626051485436], [127.91238506561596, 37.03627031781798], [127.91239725274967, 37.038523852487394], [127.91520834224441, 37.03851404872681], [127.91520834224441, 37.03851404872681], [127.91801943037427, 37.03850417836967], [127.9180070771061, 37.03625064529962], [127.92081808079487, 37.03624070915382], [127.92081808079487, 37.03624070915382], [127.92362908310045, 37.03623070641708], [127.92362908310045, 37.036230706417086], [127.92081808079487, 37.03624070915382], [127.92083051713006, 37.03849424141609], [127.92083051713006, 37.03849424141609], [127.92081808079487, 37.03624070915382], [127.9180070771061, 37.03625064529962], [127.91801943037427, 37.03850417836967], [127.91520834224441, 37.03851404872681], [127.9152206138103, 37.04076758173781], [127.91803178501658, 37.04075771057825], [127.91803178501658, 37.04075771057825], [127.92084295484857, 37.04074777281683], [127.92083051713006, 37.038494241416096], [127.92083051713006, 37.038494241416096], [127.92084295484857, 37.04074777281683], [127.92365412329708, 37.04073776845364], [127.92365412329708, 37.04073776845364], [127.92084295484857, 37.04074777281683], [127.92084295484857, 37.04074777281683], [127.91803178501658, 37.040757710578255], [127.91804414103314, 37.04301124192529], [127.9180441410331, 37.04301124192529], [127.91803178501658, 37.04075771057825], [127.9152206138103, 37.04076758173782], [127.91520834224441, 37.03851404872682], [127.91239725274967, 37.0385238524874], [127.912409441239, 37.04077738629541], [127.9152206138103, 37.04076758173782], [127.9152206138103, 37.04076758173782], [127.912409441239, 37.04077738629541], [127.91242163108411, 37.043030919241986], [127.91242163108411, 37.043030919241986], [127.91242163108411, 37.04303091924198], [127.90961037407108, 37.04304065798916], [127.90962248217694, 37.04529419086595], [127.90962248217694, 37.04529419086595], [127.90962248217694, 37.04529419086596], [127.90962248217694, 37.04529419086596], [127.90961037407108, 37.04304065798916], [127.90679911571135, 37.04305033012875], [127.90681114072186, 37.045303863791844], [127.90681114072189, 37.045303863791844], [127.90681114072189, 37.045303863791844], [127.90399979792919, 37.045313470104624], [127.90399979792919, 37.045313470104624], [127.90118845380813, 37.0453230098042], [127.90120031394659, 37.047576544162304], [127.90120031394659, 37.047576544162304], [127.90121217540435, 37.049830077659124], [127.90402368574445, 37.049820536408504], [127.90401174117257, 37.047567003687234], [127.90401174117257, 37.047567003687234], [127.90401174117257, 37.04756700368724], [127.90401174117257, 37.04756700368724], [127.90402368574445, 37.049820536408504], [127.90683519475589, 37.04981092853387], [127.90684722377969, 37.05206445961277], [127.90684722377969, 37.05206445961277], [127.90684722377969, 37.05206445961277], [127.90684722377969, 37.05206445961277], [127.90683519475589, 37.04981092853387], [127.90402368574445, 37.049820536408504], [127.90402368574445, 37.049820536408504], [127.90121217540435, 37.049830077659124], [127.90122403818152, 37.0520836102946], [127.90403563164502, 37.05207406826841], [127.90403563164502, 37.05207406826841], [127.90403563164502, 37.05207406826841], [127.90404757887444, 37.05432759926692], [127.90404757887444, 37.05432759926692], [127.90405952743284, 37.05658112940401], [127.90405952743284, 37.05658112940401], [127.90407147732037, 37.05883465867968], [127.90407147732037, 37.05883465867968], [127.90407147732037, 37.05883465867968], [127.9012596344312, 37.0588442030329], [127.90127150248766, 37.06109773222289], [127.90408342853719, 37.061088187093915], [127.90408342853719, 37.0610881870939], [127.90689535325728, 37.061078575313836], [127.90689535325728, 37.061078575313836], [127.90689535325728, 37.061078575313836], [127.90689535325728, 37.061078575313836], [127.90408342853719, 37.061088187093915], [127.90409538108347, 37.06334171464667], [127.90690738897305, 37.06333210208537], [127.90690738897305, 37.06333210208537], [127.90971939552377, 37.06332242286764], [127.90971939552377, 37.06332242286764], [127.91253140072637, 37.06331267699361], [127.91251919867211, 37.061059151800784], [127.91251919867211, 37.061059151800784], [127.91253140072637, 37.06331267699361], [127.91534340457163, 37.063302864463346], [127.91533111934838, 37.06104934006798], [127.91814303865816, 37.061039461684494], [127.91813067164175, 37.058785937230326], [127.91813067164175, 37.058785937230326], [127.91811830600088, 37.05653241191449], [127.91530655300106, 37.056542288692334], [127.91530655300106, 37.056542288692334], [127.91529427187666, 37.05428876171209], [127.91248260065196, 37.05429857105272], [127.91248260065196, 37.05429857105271], [127.90967092807051, 37.05430831375881], [127.90967092807051, 37.05430831375881], [127.90967092807051, 37.05430831375881], [127.90965881457629, 37.0520547843278], [127.90965881457629, 37.0520547843278], [127.9096467024294, 37.04980125403531], [127.90683519475589, 37.04981092853387], [127.90683519475589, 37.04981092853387], [127.9096467024294, 37.0498012540353], [127.90963459162967, 37.047547722881355], [127.90963459162967, 37.047547722881355], [127.90963459162967, 37.047547722881355], [127.90963459162967, 37.047547722881355], [127.9096467024294, 37.0498012540353], [127.91245820875574, 37.049791512912925], [127.91245820875574, 37.049791512912925], [127.91526971372566, 37.04978170516682], [127.91526971372566, 37.04978170516682], [127.91526971372566, 37.04978170516682], [127.91528199211825, 37.052035233870235], [127.91528199211825, 37.052035233870235], [127.91529427187666, 37.05428876171208], [127.91810594173542, 37.05427888573698], [127.91809357884514, 37.052025358697854], [127.91809357884514, 37.052025358697854], [127.91808121732996, 37.049771830797084], [127.91808121732996, 37.049771830797084], [127.91806885718964, 37.04751830203474], [127.91806885718964, 37.04751830203474], [127.91808121732996, 37.04977183079709], [127.91808121732996, 37.04977183079709], [127.91809357884514, 37.052025358697854], [127.92090516419697, 37.05201541689651], [127.92090516419697, 37.05201541689652], [127.9237167481645, 37.052005408466364], [127.92370422040455, 37.04975188218717], [127.92370422040455, 37.04975188218717], [127.92651571985635, 37.04974180794718], [127.92652833073845, 37.051995333407476], [127.9293399119096, 37.05198519171995], [127.92932721790557, 37.049731667083975], [127.92932721790557, 37.049731667083975], [127.9293145253134, 37.04747814158621], [127.9293145253134, 37.04747814158621], [127.92930183413297, 37.04522461522668], [127.92930183413297, 37.04522461522668], [127.9293145253134, 37.04747814158621], [127.9293145253134, 37.04747814158621], [127.92932721790557, 37.049731667083975], [127.93213871454289, 37.04972145959766], [127.93212593883818, 37.04746793492959], [127.93212593883818, 37.04746793492959], [127.93211316455444, 37.045214409399705], [127.93211316455444, 37.045214409399705], [127.93211316455444, 37.045214409399684], [127.93492449355507, 37.04520413696053], [127.93491163759822, 37.042950611403846], [127.9377228820751, 37.04294027319304], [127.9377099444636, 37.040686747614885], [127.9377099444636, 37.040686747614885], [127.93769700829108, 37.0384332211749], [127.93488592997394, 37.038443557705016], [127.93488592997394, 37.038443557705016], [127.93769700829108, 37.0384332211749], [127.93769700829108, 37.038433221174884], [127.94050808516941, 37.03842281804904], [127.9404950673698, 37.03616929159289], [127.9404950673698, 37.03616929159289], [127.94048205101804, 37.033915764274866], [127.94048205101807, 37.033915764274866], [127.9404950673698, 37.03616929159289], [127.9404950673698, 37.03616929159289], [127.94050808516941, 37.03842281804905], [127.94331916059974, 37.0384123483276], [127.94330605973445, 37.03615882272254], [127.94330605973445, 37.03615882272254], [127.94329296032625, 37.033905296255575], [127.94329296032625, 37.033905296255575], [127.94330605973445, 37.036158822722534], [127.946117050642, 37.03614828726209], [127.946117050642, 37.03614828726209], [127.94892804008322, 37.03613768521165], [127.94892804008322, 37.03613768521165], [127.95173902804889, 37.03612701657134], [127.95172567947236, 37.03387349268999], [127.95172567947236, 37.03387349268999], [127.95171233238047, 37.03161996794662], [127.94890151051743, 37.03163063485239], [127.94890151051743, 37.03163063485239], [127.94609068717918, 37.03164123517912], [127.94609068717918, 37.03164123517913], [127.94327986237495, 37.03165176892669], [127.94327986237495, 37.03165176892669], [127.94046903611398, 37.031662236095], [127.94048205101807, 37.033915764274866], [127.94048205101807, 37.033915764274866], [127.94046903611398, 37.031662236095], [127.93765820840547, 37.031672636683936], [127.93767114026217, 37.03392616570938], [127.93767114026217, 37.03392616570938], [127.93765820840547, 37.03167263668393], [127.93484737925868, 37.03168297069337], [127.93486022806785, 37.03393650055901], [127.93204931444431, 37.033946768823625], [127.93204931444431, 37.033946768823625], [127.92923839940082, 37.03395697050314], [127.92923839940082, 37.03395697050315], [127.9264274829466, 37.03396710559745], [127.92644008401362, 37.03622063708952], [127.92644008401362, 37.03622063708952], [127.9264274829466, 37.03396710559744], [127.9264274829466, 37.03396710559744], [127.92641488328105, 37.031713573243756], [127.92641488328105, 37.031713573243756], [127.92640228501683, 37.02946004002848], [127.92359153324827, 37.029470106900476], [127.92359153324827, 37.02947010690047], [127.92640228501683, 37.02946004002848], [127.92638968815382, 37.02720650595164], [127.92357901941499, 37.027216572005194], [127.92357901941499, 37.02721657200519], [127.92357901941499, 37.02721657200519], [127.92357901941499, 37.02721657200519], [127.92638968815382, 37.02720650595163], [127.92638968815382, 37.02720650595163], [127.92920035549164, 37.027196373329005], [127.92920035549164, 37.027196373329005], [127.93201102141923, 37.02718617413739], [127.9319982599167, 37.024932640852], [127.9319982599167, 37.024932640852], [127.93198549983347, 37.022679106704985], [127.9347959983108, 37.02266884261369], [127.93478315664521, 37.02041530843958], [127.9319727411694, 37.02042557169635], [127.93198549983347, 37.022679106704985], [127.929174999937, 37.02268930423823], [127.929174999937, 37.02268930423822], [127.9263644986306, 37.02269943521332], [127.92637709269178, 37.024952971013235], [127.92356650697346, 37.024963036248415], [127.92355399592354, 37.02270949963016], [127.92074349182502, 37.02271949748866], [127.9207559198635, 37.024973034919824], [127.9207559198635, 37.024973034919824], [127.92076834928436, 37.02722657148957], [127.92076834928436, 37.02722657148957], [127.92076834928436, 37.02722657148957], [127.9207559198635, 37.02497303491983], [127.9207559198635, 37.02497303491983], [127.920743491825, 37.02271949748866], [127.920743491825, 37.02271949748866], [127.920743491825, 37.02271949748866], [127.92355399592354, 37.02270949963016], [127.92354148626507, 37.020455962150436], [127.92073106516872, 37.020465959196045], [127.92071863989452, 37.01821242004207], [127.92352897799788, 37.01820242380928], [127.92351647112184, 37.015948884606686], [127.92351647112184, 37.015948884606686], [127.92352897799788, 37.01820242380928], [127.92352897799788, 37.01820242380928], [127.92354148626507, 37.020455962150436], [127.92635190597012, 37.02044589855188], [127.92633931471015, 37.01819236102896], [127.92633931471015, 37.01819236102896], [127.92632672485053, 37.015938822644564], [127.92632672485053, 37.015938822644564], [127.9263141363911, 37.013685283398715], [127.9263141363911, 37.013685283398715], [127.92632672485053, 37.01593882264456], [127.92632672485053, 37.015938822644564], [127.92633931471015, 37.01819236102895], [127.92914965002203, 37.01818223170121], [127.92914965002203, 37.01818223170121], [127.93195998392433, 37.018172035826126], [127.93194722809805, 37.015918499094354], [127.93194722809805, 37.015918499094354], [127.93195998392433, 37.018172035826126], [127.93477031640782, 37.01816177340383], [127.93475747759847, 37.01590823750647], [127.93475747759847, 37.01590823750647], [127.93477031640782, 37.01816177340383], [127.93477031640782, 37.01816177340383], [127.93478315664521, 37.02041530843958], [127.93759357069278, 37.020404978630275], [127.93759357069278, 37.020404978630275], [127.93760649535977, 37.02265851196446], [127.9347959983108, 37.02266884261369], [127.93480884140482, 37.02492237592613], [127.9319982599167, 37.02493264085199], [127.93201102141923, 37.02718617413739], [127.93482168592733, 37.027175908376904], [127.93480884140482, 37.02492237592613], [127.93480884140482, 37.02492237592613], [127.93482168592733, 37.027175908376904], [127.93763234900672, 37.02716557604767], [127.93763234900672, 37.02716557604767], [127.9404430106482, 37.027155177149766], [127.94043000008615, 37.024901646384464], [127.94043000008615, 37.024901646384464], [127.9404430106482, 37.027155177149766], [127.94325367084247, 37.02714471168333], [127.94325367084247, 37.02714471168333], [127.94606432958034, 37.02713417964843], [127.94605115297945, 37.02488065059025], [127.94605115297945, 37.02488065059025], [127.94605115297945, 37.02488065059024], [127.94886172723251, 37.02487005284869], [127.94886172723251, 37.02487005284869], [127.94886172723251, 37.02487005284869], [127.94887498685256, 37.027123581045196], [127.9516856426499, 37.02711291587374], [127.95167230001086, 37.024859388544314], [127.95167230001086, 37.024859388544314], [127.95165895885576, 37.02260586035292], [127.94884846908717, 37.02261652379024], [127.94884846908717, 37.02261652379024], [127.94603797784404, 37.02262712067017], [127.94603797784404, 37.02262712067018], [127.94322748513562, 37.0226376509926], [127.94322748513562, 37.022637650992586], [127.94041699097112, 37.02264811475738], [127.94041699097112, 37.02264811475739], [127.94041699097112, 37.02264811475739], [127.94040398330293, 37.02039458226856], [127.9403909770814, 37.01814104891799], [127.93758064746325, 37.018151444434416], [127.93758064746325, 37.018151444434416], [127.9403909770814, 37.01814104891799], [127.94037797230641, 37.0158875147057], [127.93756772567099, 37.01589790937688], [127.93756772567099, 37.01589790937688], [127.94037797230641, 37.0158875147057], [127.94036496897773, 37.013633979631734], [127.94036496897773, 37.013633979631734], [127.94036496897773, 37.013633979631734], [127.94037797230641, 37.0158875147057], [127.94318821749548, 37.015877053493014], [127.94317513119347, 37.01362351926966], [127.94317513119347, 37.01362351926966], [127.94318821749548, 37.01587705349302], [127.94599846122898, 37.01586652573896], [127.94599846122898, 37.01586652573896], [127.946011631969, 37.01812005824451], [127.94882195721993, 37.01810946308769], [127.94882195721993, 37.01810946308769], [127.9516322809967, 37.018098801384276], [127.95164561918443, 37.02035233129956], [127.95445602446888, 37.020341602177346], [127.95445602446888, 37.020341602177346], [127.95726642826052, 37.020330806503345], [127.95725292409072, 37.018077278338176], [127.95725292409072, 37.018077278338176], [127.95725292409072, 37.018077278338176], [127.96006324338953, 37.01806641699568], [127.96006324338953, 37.01806641699567], [127.96287356117722, 37.018055489107034], [127.96287356117722, 37.018055489107034], [127.96568387744456, 37.01804449467238], [127.96567012583252, 37.01579096831077], [127.9656701258325, 37.01579096831077], [127.96565637574984, 37.013537441087024], [127.96284622543567, 37.01354843373385], [127.96285989254635, 37.015801961851494], [127.96004965774006, 37.01581288885159], [127.96004965774006, 37.01581288885159], [127.95723942142278, 37.01582374931097], [127.95723942142278, 37.01582374931098], [127.95442918360384, 37.01583454322951], [127.95442918360384, 37.01583454322951], [127.9516189442924, 37.01584527060709], [127.9516322809967, 37.018098801384276], [127.9516322809967, 37.018098801384276], [127.9516189442924, 37.01584527060707], [127.9516189442924, 37.01584527060707], [127.95160560907132, 37.013591738967996], [127.95160560907135, 37.013591738967996], [127.9516189442924, 37.01584527060708], [127.95442918360384, 37.01583454322951], [127.95442918360384, 37.01583454322951], [127.95723942142278, 37.01582374931097], [127.95722592025658, 37.01357021942179], [127.95722592025658, 37.01357021942179], [127.95721242059189, 37.01131668867062], [127.96002249097371, 37.01130582997733], [127.96000890985653, 37.009052299247166], [127.95719892242856, 37.0090631570575], [127.95719892242856, 37.0090631570575], [127.95438893349942, 37.00907394834321], [127.95157894307829, 37.009084673104205], [127.95159227533335, 37.01133820646702], [127.95159227533335, 37.01133820646702], [127.95160560907132, 37.013591738967996], [127.9487954512495, 37.01360239893768], [127.9487954512495, 37.01360239893767], [127.95160560907132, 37.01359173896799], [127.95159227533335, 37.011338206467016], [127.95159227533335, 37.011338206467016], [127.95157894307829, 37.009084673104205], [127.95157894307829, 37.009084673104205], [127.95157894307829, 37.009084673104205], [127.95438893349939, 37.0090739483432], [127.95437551978208, 37.006820414990635], [127.95156561230594, 37.00683113887953], [127.95156561230594, 37.00683113887953], [127.94875570334727, 37.006841796249006], [127.94876895117444, 37.009095331340355], [127.94876895117444, 37.009095331340355], [127.94876895117444, 37.009095331340355], [127.94876895117444, 37.009095331340355], [127.94875570334727, 37.006841796249006], [127.94875570334727, 37.006841796249006], [127.94874245699344, 37.0045882602959], [127.94593262949752, 37.004598850284616], [127.94594579291524, 37.00685238709896], [127.94594579291524, 37.00685238709896], [127.94593262949752, 37.004598850284616], [127.94312280053767, 37.0046093737591], [127.94312280053767, 37.0046093737591], [127.94031297012309, 37.00461983071924], [127.94031297012309, 37.004619830719236], [127.937503138263, 37.00463022116494], [127.93751605287139, 37.006883760530506], [127.94032596766809, 37.00687336923982], [127.94032596766809, 37.00687336923982], [127.93751605287139, 37.00688376053052], [127.9375289689162, 37.00913729903451], [127.94033896665873, 37.009126906898764], [127.94033896665873, 37.009126906898764], [127.94314896295543, 37.00911644823774], [127.94314896295543, 37.00911644823774], [127.94595895779707, 37.00910592305158], [127.94594579291524, 37.00685238709896], [127.94594579291524, 37.00685238709896], [127.94595895779707, 37.00910592305158], [127.94595895779707, 37.00910592305158], [127.94595895779707, 37.00910592305158], [127.94314896295543, 37.00911644823775], [127.94316204634683, 37.01136998418456], [127.94597212414321, 37.01135945814247], [127.94597212414321, 37.01135945814246], [127.94878220047512, 37.01134886556991], [127.94878220047512, 37.011348865569914], [127.94878220047512, 37.011348865569914], [127.94878220047512, 37.01134886556992], [127.94597212414321, 37.01135945814247], [127.94316204634683, 37.01136998418456], [127.94316204634683, 37.01136998418456], [127.94314896295543, 37.00911644823775], [127.94033896665873, 37.00912690689877], [127.94033896665873, 37.00912690689877], [127.9375289689162, 37.00913729903452], [127.9375289689162, 37.00913729903451], [127.93471896973706, 37.00914762464488], [127.93473180426327, 37.011401163126976], [127.93754188639761, 37.01139083667692], [127.93754188639761, 37.01139083667692], [127.93473180426327, 37.011401163126976], [127.93474464021699, 37.01365470074752], [127.93474464021699, 37.01365470074752], [127.93473180426327, 37.011401163126976], [127.93192172070133, 37.01141142304616], [127.93193447369043, 37.01366496150102], [127.93474464021699, 37.01365470074752], [127.93475747759847, 37.01590823750647], [127.93475747759847, 37.01590823750647], [127.93474464021699, 37.01365470074752], [127.93193447369043, 37.01366496150103], [127.93193447369043, 37.01366496150102], [127.93193447369043, 37.01366496150102], [127.93192172070133, 37.01141142304616], [127.92911163572109, 37.01142161643435], [127.92911163572109, 37.01142161643435], [127.93192172070133, 37.011411423046155], [127.93192172070133, 37.01141142304616], [127.93473180426327, 37.011401163126976], [127.93471896973703, 37.00914762464488], [127.93190896913053, 37.00915788372979], [127.93190896913053, 37.00915788372979], [127.93190896913053, 37.00915788372979], [127.93471896973703, 37.00914762464488], [127.93471896973703, 37.00914762464488], [127.9375289689162, 37.00913729903451], [127.93751605287136, 37.00688376053052], [127.93751605287139, 37.00688376053052], [127.937503138263, 37.00463022116495], [127.93469330496663, 37.0046405450961], [127.9346804747221, 37.00238700402946], [127.9318707229264, 37.00239726061182], [127.93188347024322, 37.00465080251259], [127.93188347024322, 37.00465080251259], [127.93188347024322, 37.00465080251259], [127.93188347024322, 37.00465080251259], [127.93187072292639, 37.00239726061182], [127.92906096971303, 37.00240745068482], [127.92906096971303, 37.00240745068482], [127.92904830673255, 37.000153907093924], [127.92904830673255, 37.000153907093924], [127.92903564516035, 36.99790036264169], [127.92903564516035, 36.99790036264169], [127.92902298499627, 36.99564681732808], [127.92902298499627, 36.99564681732808], [127.92901032624012, 36.99339327115317], [127.92620090323834, 36.993403391423925], [127.92618832877193, 36.991149843564614], [127.92337898725367, 36.99115989652979], [127.92339147883796, 36.99341344520675], [127.92339147883796, 36.99341344520675], [127.92337898725367, 36.99115989652979], [127.92056964434623, 36.99116988301232], [127.92056964434623, 36.99116988301232], [127.92056964434623, 36.99116988301232], [127.9205572370242, 36.98891633266194], [127.91774797560998, 36.98892625185495], [127.91774797560998, 36.988926251854934], [127.91493871282519, 36.98893610457051], [127.91493871282519, 36.98893610457053], [127.912129448679, 36.988945890808566], [127.91214160738089, 36.99119944356314], [127.91214160738089, 36.99119944356314], [127.912129448679, 36.988945890808566], [127.90932018318063, 36.98895561056898], [127.90932018318063, 36.98895561056898], [127.90651091633933, 36.98896526385168], [127.90652290929368, 36.99121881818203], [127.90371355824463, 36.99122840576668], [127.90371355824463, 36.99122840576668], [127.90090420587092, 36.991237926868], [127.90091603439255, 36.99349148189164], [127.90091603439255, 36.99349148189164], [127.90092786422981, 36.99574503605445], [127.90092786422981, 36.99574503605445], [127.90093969538285, 36.99799858935641], [127.90374929643434, 36.99798906593173], [127.90374929643434, 36.99798906593173], [127.90374929643434, 36.99798906593173], [127.90374929643434, 36.99798906593173], [127.90093969538285, 36.99799858935641], [127.90093969538285, 36.997998589356406], [127.89813009301541, 36.998008046281434], [127.89811834476437, 36.99575449221039], [127.89811834476437, 36.99575449221039], [127.89811834476437, 36.99575449221039], [127.90092786422981, 36.99574503605445], [127.90091603439255, 36.99349148189164], [127.90091603439255, 36.99349148189164], [127.90090420587092, 36.991237926867996], [127.89809485218171, 36.99124738148587], [127.89810659781983, 36.99350093727854], [127.89810659781983, 36.99350093727854], [127.89809485218171, 36.99124738148587], [127.89809485218171, 36.99124738148587], [127.89808310784983, 36.988993824832455], [127.89527383572886, 36.98900321220326], [127.89528549718628, 36.99125676962024], [127.89528549718628, 36.99125676962024], [127.89528549718628, 36.99125676962024], [127.89247614089385, 36.991266091270994], [127.89247614089385, 36.99126609127099], [127.89247614089385, 36.99126609127099], [127.89246456231103, 36.989012533095845], [127.88965528760555, 36.98902178751014], [127.8868460116216, 36.98903097544602], [127.88685742445475, 36.99128453512123], [127.88685742445475, 36.99128453512123], [127.88686883855725, 36.99353809393582], [127.88686883855725, 36.99353809393582], [127.88686883855725, 36.99353809393582], [127.88686883855725, 36.99353809393582], [127.88685742445475, 36.99128453512123], [127.88404806432652, 36.99129365732053], [127.88405939554475, 36.993547216877104], [127.88405939554478, 36.993547216877104], [127.88407072802332, 36.99580077557307], [127.88407072802332, 36.99580077557307], [127.88407072802332, 36.99580077557309], [127.88407072802332, 36.99580077557309], [127.88405939554475, 36.993547216877104], [127.88124995127195, 36.99355627332897], [127.88126120085687, 36.99580983276155]], [[127.9151224794905, 37.02273929353014], [127.9151224794905, 37.02273929353014], [127.91511021883912, 37.02048575362803], [127.91511021883912, 37.02048575362803], [127.9151224794905, 37.02273929353014]], [[127.88972428103565, 37.00254312816728], [127.88971277893317, 37.00028957354283], [127.88971277893317, 37.00028957354283], [127.88970127810987, 36.99803601805766], [127.88970127810987, 36.99803601805766], [127.88970127810987, 36.99803601805766], [127.8925108843697, 36.99802676063216], [127.89249930192302, 36.995773205039164], [127.89249930192302, 36.995773205039164], [127.8925108843697, 36.99802676063216], [127.88970127810987, 36.99803601805766], [127.88971277893317, 37.00028957354283], [127.88971277893317, 37.00028957354283], [127.88972428103565, 37.002543128167275], [127.89253405312799, 37.002533869235904], [127.89253405312799, 37.00253386923591], [127.89253405312799, 37.00253386923591], [127.89253405312799, 37.00253386923591], [127.88972428103565, 37.00254312816728], [127.88972428103565, 37.00254312816728], [127.88972428103565, 37.00254312816728]], [[127.8925108843697, 36.99802676063216], [127.89532048934129, 36.998017436706725], [127.89530882399237, 36.995763881871994], [127.89530882399237, 36.995763881871994], [127.89529715994074, 36.993510326176505], [127.89529715994074, 36.9935103261765], [127.89529715994074, 36.9935103261765], [127.89530882399237, 36.995763881871994], [127.89530882399237, 36.995763881871994], [127.89532048934129, 36.99801743670672], [127.89532048934129, 36.99801743670672], [127.89533215598773, 37.000270990680654], [127.89814184257317, 37.00026159949165], [127.89813009301541, 36.99800804628144], [127.89813009301541, 36.99800804628144], [127.89814184257317, 37.00026159949165], [127.90095152785177, 37.000252141797475], [127.90095152785177, 37.00025214179748], [127.89814184257317, 37.00026159949165], [127.89814184257317, 37.00026159949165], [127.89533215598773, 37.00027099068066], [127.89533215598773, 37.00027099068066], [127.89252246810466, 37.00028031536442], [127.89252246810466, 37.00028031536442], [127.89252246810466, 37.00028031536442], [127.8925108843697, 36.99802676063216]], [[127.89248772076445, 36.99351964858543], [127.89248772076445, 36.99351964858545], [127.89249930192302, 36.99577320503915], [127.89249930192302, 36.99577320503915], [127.89248772076445, 36.99351964858543], [127.89248772076445, 36.99351964858543]], [[127.88688025392929, 36.995791651889796], [127.88688025392929, 36.995791651889796], [127.88968977856558, 36.995782461711784], [127.88968977856558, 36.995782461711784], [127.88688025392929, 36.9957916518898], [127.88688025392929, 36.995791651889796], [127.88688025392929, 36.995791651889796]], [[127.91495095440064, 36.991189656529095], [127.9149631973376, 36.99344320762663], [127.91496319733758, 36.99344320762663], [127.91495095440061, 36.991189656529095], [127.91495095440064, 36.991189656529095]], [[127.90372546964967, 36.99348196001592], [127.90372546964967, 36.99348196001592], [127.90653490358191, 36.993472371651464], [127.90653490358191, 36.993472371651464], [127.90372546964967, 36.99348196001592]], [[127.90373738237952, 36.99573551340428], [127.90373738237952, 36.99573551340428], [127.90373738237952, 36.99573551340428], [127.90373738237952, 36.99573551340428], [127.90373738237952, 36.99573551340428]], [[127.91499993431937, 37.000203855752744], [127.91499993431937, 37.00020385575275], [127.91499993431934, 37.00020385575275], [127.91499993431934, 37.000203855752744], [127.91499993431937, 37.000203855752744]], [[127.9149876872968, 36.99795030723846], [127.91779728163043, 36.997940451317014], [127.91779728163043, 36.99794045131702], [127.9149876872968, 36.99795030723847], [127.9149876872968, 36.99795030723846], [127.9149876872968, 36.99795030723846], [127.9149876872968, 36.99795030723846]], [[127.9122024211784, 37.00246719442058], [127.9122024211784, 37.00246719442058], [127.91501218270406, 37.00245740340587], [127.91501218270406, 37.00245740340587], [127.9122024211784, 37.00246719442058]], [[127.91778495306886, 36.99568690274317], [127.91778495306886, 36.99568690274317], [127.91777262587838, 36.993433353308205], [127.91777262587838, 36.993433353308205], [127.91778495306886, 36.99568690274317], [127.92059446313039, 36.99567698112961], [127.9206068745928, 36.997930528896504], [127.91779728163043, 36.997940451317014], [127.91778495306886, 36.99568690274317]], [[127.92360404847352, 37.03172364093423], [127.92361656509085, 37.03397717410644], [127.92361656509085, 37.03397717410644], [127.92360404847352, 37.03172364093423], [127.92360404847352, 37.03172364093423]], [[127.9207807800878, 37.02948010719785], [127.91797002554458, 37.02949004092055], [127.91797002554458, 37.02949004092054], [127.9207807800878, 37.02948010719785], [127.92359153324827, 37.029470106900455], [127.92359153324827, 37.02947010690047], [127.9207807800878, 37.02948010719785], [127.9207807800878, 37.02948010719785]], [[127.91237287983773, 37.034016782287175], [127.9123728798377, 37.034016782287175], [127.9123728798377, 37.034016782287175], [127.91236069541478, 37.03176324589501], [127.91236069541479, 37.03176324589501], [127.91234851234701, 37.02950970864147], [127.90953775371112, 37.029519442639476], [127.90953775371112, 37.02951944263946], [127.90953775371112, 37.02951944263946], [127.90952565502886, 37.02726590373323], [127.90952565502886, 37.02726590373323], [127.90951355769221, 37.02501236396573], [127.90951355769221, 37.02501236396573], [127.90952565502886, 37.02726590373323], [127.90953775371112, 37.02951944263946], [127.91234851234701, 37.02950970864147], [127.91234851234701, 37.02950970864147], [127.9151592696279, 37.02949990806846], [127.9151592696279, 37.02949990806846], [127.9151592696279, 37.02949990806846], [127.9151592696279, 37.02949990806846], [127.91234851234701, 37.02950970864147], [127.91236069541479, 37.031763245895], [127.9151715357353, 37.031753444525165], [127.9151715357353, 37.03175344452516], [127.91798237469139, 37.03174357657502], [127.91798237469139, 37.03174357657503], [127.92079321227389, 37.031733642044685], [127.92079321227389, 37.031733642044685], [127.92360404847352, 37.031723640934224], [127.92360404847352, 37.031723640934224], [127.92079321227389, 37.031733642044685], [127.92080564584286, 37.033987176029996], [127.92080564584286, 37.03398717603], [127.92080564584286, 37.03398717603], [127.92079321227389, 37.031733642044685], [127.91798237469139, 37.03174357657503], [127.91798237469139, 37.03174357657503], [127.9151715357353, 37.03175344452518], [127.9151715357353, 37.03175344452518], [127.91236069541479, 37.03176324589501], [127.91237287983773, 37.034016782287175]], [[127.91514700488474, 37.02724637075037], [127.91514700488474, 37.02724637075037], [127.91233633063423, 37.02725617052659], [127.91233633063423, 37.02725617052659], [127.91514700488474, 37.02724637075037]], [[127.91514700488474, 37.02724637075037], [127.91795767777121, 37.02723650440466], [127.91794533137116, 37.024982967027356], [127.91794533137116, 37.024982967027356], [127.91793298634425, 37.02272942878868], [127.91793298634425, 37.02272942878868], [127.91793298634425, 37.02272942878868], [127.91793298634425, 37.02272942878868], [127.91794533137116, 37.024982967027356], [127.91794533137116, 37.024982967027356], [127.91795767777121, 37.02723650440466], [127.91514700488474, 37.02724637075037], [127.91514700488474, 37.02724637075037]], [[127.91229979362429, 37.020495551014186], [127.91228761732991, 37.01824200945419], [127.91228761732991, 37.01824200945419], [127.91227544238976, 37.01598846703293], [127.91227544238976, 37.01598846703293], [127.91228761732991, 37.01824200945419], [127.91228761732991, 37.01824200945419], [127.91229979362429, 37.020495551014186], [127.91229979362429, 37.020495551014186], [127.91231197127301, 37.02274909171294], [127.91231197127301, 37.02274909171294], [127.91231197127301, 37.02274909171295], [127.90950146170101, 37.02275882333698], [127.90950146170101, 37.02275882333698], [127.91231197127301, 37.02274909171294], [127.91229979362429, 37.020495551014186], [127.91229979362429, 37.020495551014186]], [[127.90667893914078, 37.02051494612635], [127.90948936705509, 37.020505281846994], [127.90948936705509, 37.020505281846994], [127.90667893914078, 37.02051494612635], [127.90667893914078, 37.02051494612636], [127.90667893914078, 37.02051494612636], [127.90667893914078, 37.02051494612635]], [[127.91792064269033, 37.02047588968862], [127.92073106516872, 37.02046595919606], [127.92073106516872, 37.02046595919606], [127.91792064269033, 37.02047588968862], [127.91792064269033, 37.02047588968862]], [[127.9180070771061, 37.0362506452996], [127.91799472521186, 37.03399711136805], [127.91799472521186, 37.03399711136805], [127.9180070771061, 37.0362506452996], [127.9180070771061, 37.0362506452996]], [[127.92089271955932, 37.04976188980383], [127.92089271955932, 37.04976188980383], [127.92088027630581, 37.04750836184951], [127.923691694038, 37.04749835504628], [127.92367916906467, 37.045244827043724], [127.92367916906467, 37.045244827043724], [127.92366664548442, 37.042991298179516], [127.9208553939506, 37.043001303356], [127.92086783443628, 37.04525483303354], [127.92086783443628, 37.04525483303354], [127.9208553939506, 37.043001303356], [127.9208553939506, 37.043001303356], [127.9208553939506, 37.043001303355986], [127.92366664548442, 37.04299129817951], [127.92366664548442, 37.0429912981795], [127.92647789562534, 37.04298122639593], [127.92646529035284, 37.0407276974888], [127.92646529035284, 37.0407276974888], [127.92646529035284, 37.04072769748879], [127.9292764560066, 37.040717559922385], [127.9292764560066, 37.040717559922385], [127.93208762024915, 37.040707355754535], [127.93208762024915, 37.040707355754535], [127.93489878307122, 37.04069708498533], [127.93488592997394, 37.038443557705016], [127.9320748502273, 37.038453827639295], [127.9320748502273, 37.038453827639295], [127.9320748502273, 37.038453827639295], [127.93488592997394, 37.038443557705016], [127.93489878307122, 37.04069708498533], [127.93489878307122, 37.04069708498533], [127.93489878307122, 37.04069708498535], [127.93208762024915, 37.04070735575454], [127.93208762024915, 37.04070735575454], [127.9292764560066, 37.04071755992239], [127.9292764560066, 37.04071755992239], [127.92646529035284, 37.0407276974888], [127.92647789562534, 37.042981226395945], [127.92366664548442, 37.04299129817951], [127.92367916906467, 37.04524482704372], [127.92367916906467, 37.04524482704372], [127.923691694038, 37.04749835504628], [127.92650311037694, 37.04748828162515], [127.92650311037694, 37.04748828162515], [127.923691694038, 37.04749835504628], [127.923691694038, 37.04749835504628], [127.92088027630581, 37.047508361849516], [127.92089271955932, 37.04976188980383]], [[127.92088027630581, 37.04750836184951], [127.92088027630581, 37.04750836184951], [127.92086783443628, 37.04525483303354], [127.92086783443628, 37.04525483303354], [127.92088027630581, 37.04750836184951]], [[127.90969515910155, 37.058815370036314], [127.90969515910155, 37.058815370036314], [127.90969515910155, 37.058815370036314], [127.91250699797507, 37.05880562574634], [127.91250699797507, 37.05880562574634], [127.91250699797507, 37.05880562574634], [127.91251919867211, 37.06105915180078], [127.90970727663868, 37.06106889688276], [127.90970727663868, 37.06106889688276], [127.90970727663868, 37.06106889688276], [127.90969515910155, 37.058815370036314]], [[127.91249479863507, 37.05655209883031], [127.90968304291222, 37.05656184232831], [127.90968304291222, 37.05656184232831], [127.91249479863507, 37.05655209883031], [127.91249479863507, 37.05655209883031]], [[127.90968304291222, 37.0565618423283], [127.90968304291222, 37.05656184232831], [127.90687128584172, 37.05657151918625], [127.90687128584172, 37.05657151918624], [127.90968304291222, 37.0565618423283]], [[127.90687128584172, 37.05657151918625], [127.90688331888022, 37.05882504768079], [127.90688331888022, 37.05882504768079], [127.90687128584172, 37.05657151918625], [127.90687128584172, 37.05657151918625]], [[127.9068592541416, 37.05431798983024], [127.9068592541416, 37.05431798983024], [127.9068592541416, 37.05431798983024], [127.9068592541416, 37.05431798983024], [127.9068592541416, 37.05431798983024]], [[127.91806885718964, 37.04751830203473], [127.91806885718964, 37.04751830203474], [127.91525743669874, 37.047528175601855], [127.91524516103729, 37.045274645175354], [127.91524516103729, 37.045274645175354], [127.91525743669874, 37.04752817560185], [127.91806885718964, 37.04751830203473]], [[127.9180564984241, 37.04526477241079], [127.9180441410331, 37.043011241925306], [127.9152328867412, 37.043021113887335], [127.9152328867412, 37.043021113887335], [127.9180441410331, 37.043011241925306], [127.9180564984241, 37.04526477241079], [127.9180564984241, 37.04526477241079]], [[127.91243382228517, 37.045284451327106], [127.91243382228517, 37.045284451327106], [127.91243382228517, 37.045284451327106], [127.91244601484233, 37.04753798255076], [127.91244601484233, 37.04753798255076], [127.91243382228517, 37.045284451327106], [127.91243382228517, 37.045284451327106]], [[127.91533111934838, 37.06104934006798], [127.91533111934838, 37.06104934006798], [127.91531883549156, 37.058795814810985], [127.91531883549156, 37.058795814810985], [127.91533111934838, 37.06104934006798]], [[127.92364160250247, 37.03848423786616], [127.92645268648232, 37.03847416771998], [127.92645268648232, 37.03847416771998], [127.92926376906033, 37.03846403097766], [127.92926376906033, 37.03846403097766], [127.92645268648232, 37.03847416771998], [127.92645268648232, 37.03847416771999], [127.92364160250247, 37.038484237866165], [127.92364160250247, 37.038484237866165], [127.92364160250247, 37.03848423786616]], [[127.9488087034977, 37.0158559314436], [127.9488087034977, 37.0158559314436], [127.9487954512495, 37.01360239893768], [127.9487954512495, 37.01360239893768], [127.9488087034977, 37.0158559314436]], [[127.93189621897788, 37.00690434355192], [127.93470613663823, 37.00689408530125], [127.93470613663823, 37.00689408530125], [127.93470613663823, 37.00689408530125], [127.93470613663823, 37.00689408530125], [127.93189621897788, 37.00690434355193], [127.93189621897788, 37.00690434355193], [127.93189621897788, 37.00690434355192]], [[127.93754188639764, 37.01139083667692], [127.94035196709522, 37.011380443696076], [127.94035196709522, 37.011380443696076], [127.93754188639764, 37.01139083667693], [127.93754188639764, 37.01139083667692]], [[127.93760649535977, 37.02265851196446], [127.93761942146436, 37.024912044436924], [127.93761942146436, 37.024912044436924], [127.93761942146436, 37.024912044436924], [127.93761942146436, 37.024912044436924], [127.93760649535977, 37.02265851196446], [127.93760649535977, 37.02265851196446]], [[127.94032596766809, 37.00687336923982], [127.9431358810191, 37.00686291142926], [127.9431358810191, 37.00686291142926], [127.94032596766809, 37.00687336923982], [127.94032596766809, 37.00687336923982]], [[127.9544023487087, 37.011327480833884], [127.9544023487087, 37.011327480833884], [127.9544157654101, 37.01358101246266], [127.9544157654101, 37.01358101246266], [127.9544157654101, 37.01358101246266], [127.9544157654101, 37.01358101246266], [127.9544023487087, 37.011327480833884]], [[127.93487307830621, 37.036190029562896], [127.9376840735573, 37.036179693873045], [127.9376840735573, 37.036179693873045], [127.93487307830621, 37.036190029562896], [127.93487307830621, 37.036190029562896], [127.93206208162574, 37.03620029866233], [127.93206208162574, 37.03620029866233], [127.93487307830621, 37.036190029562896]], [[127.92649050229998, 37.04523475444138], [127.92647789562534, 37.042981226395945], [127.92647789562534, 37.042981226395945], [127.92649050229998, 37.04523475444138], [127.92649050229998, 37.04523475444138]]], [[[127.87565322780954, 36.99808130768277], [127.8728436140138, 36.998090166106664], [127.87285461736421, 37.00034372599573], [127.87285461736418, 37.00034372599573], [127.87286562193844, 37.00259728502433], [127.87567540156844, 37.00258842515947], [127.87566431407244, 37.000334866851375], [127.87566431407247, 37.000334866851375], [127.87565322780954, 36.99808130768277]]], [[[127.86727858244069, 37.00937548141738], [127.86727858244069, 37.00937548141738], [127.8672894259941, 37.01162903842903], [127.87009953984317, 37.011620308747915], [127.87008861333084, 37.00936675244612], [127.87008861333084, 37.00936675244612], [127.8700776880337, 37.00711319528382], [127.86726774009325, 37.00712192354528], [127.86727858244069, 37.00937548141738]]], [[[127.87573085754954, 37.01385620379165], [127.87854105069262, 37.013847273785274], [127.87852987406139, 37.011593720506134], [127.87571976388604, 37.01160264978638], [127.87573085754954, 37.01385620379165]]], [[[127.86740878471574, 37.036418108761204], [127.8645977565018, 37.03642677966066], [127.86460853146792, 37.038680327050194], [127.86741964275171, 37.03867165544581], [127.86741964275171, 37.03867165544581], [127.87023075282771, 37.038662917243265], [127.87023075282771, 37.038662917243265], [127.87304186168666, 37.03865411244264], [127.87303083751142, 37.03640056718414], [127.87303083751142, 37.03640056718414], [127.87303083751142, 37.03640056718414], [127.8758418620747, 37.03639169650669], [127.87583075606538, 37.03413815110855], [127.87301981456231, 37.034147021064854], [127.87301981456231, 37.034147021064854], [127.87020887183324, 37.03415582443401], [127.87021981172202, 37.036409371268995], [127.87021981172202, 37.036409371268995], [127.87021981172202, 37.036409371268995], [127.86740878471574, 37.0364181087612], [127.86740878471574, 37.036418108761204]]], [[[127.86741964275171, 37.03867165544581], [127.86743050199547, 37.040925201269715], [127.87024169515043, 37.040916462356776], [127.87305288708819, 37.04090765684035], [127.87304186168666, 37.03865411244264], [127.87023075282771, 37.03866291724327], [127.86741964275171, 37.03867165544581]]], [[[127.86181880634595, 37.043196025652534], [127.86463008499597, 37.04318741924725], [127.86463008499597, 37.04318741924725], [127.86744136244718, 37.043178746232876], [127.86743050199547, 37.040925201269715], [127.8646193076326, 37.04093387357907], [127.8646193076326, 37.04093387357907], [127.86180811207105, 37.04094247928475], [127.86181880634595, 37.043196025652534]]], [[[127.88936831001259, 36.93268253466022], [127.89217551584153, 36.932673299050165], [127.89216397068935, 36.930419718503906], [127.8893568474959, 36.930428953362366], [127.88936831001259, 36.93268253466022]]], [[[127.88937977380404, 36.93493611509793], [127.89218706227763, 36.93492687873623], [127.89218706227763, 36.93492687873623], [127.89218706227763, 36.93492687873623], [127.89218706227763, 36.934926878736235], [127.88937977380404, 36.93493611509795], [127.88939123887036, 36.93718969467549], [127.88939123887036, 36.93718969467549], [127.88939123887036, 36.937189694675496], [127.88658386646783, 36.937198865434766], [127.886595250146, 36.93945244489845], [127.886595250146, 36.93945244489845], [127.88660663509016, 36.941706023502], [127.88941417282827, 36.94169685125002], [127.88940270521172, 36.93944327339286], [127.88940270521172, 36.93944327339286], [127.88940270521172, 36.939443273392854], [127.89221015900226, 36.93943403552773], [127.89221015900226, 36.93943403552773], [127.88940270521172, 36.939443273392854], [127.88941417282827, 36.941696851250036], [127.89222170929106, 36.941687612633125], [127.89222170929106, 36.94168761263312], [127.89502924446931, 36.94167830765138], [127.89502924446931, 36.94167830765138], [127.89783677835386, 36.9416689363049], [127.89782506272101, 36.93941536071926], [127.89782506272101, 36.93941536071926], [127.89783677835386, 36.9416689363049], [127.90064431093549, 36.94165949859378], [127.90063251263082, 36.93940592377613], [127.90063251263082, 36.93940592377612], [127.90062071563813, 36.93715234809808], [127.90062071563813, 36.93715234809808], [127.90060891995722, 36.93489877155969], [127.89780163536342, 36.934908206967], [127.89780163536342, 36.934908206967], [127.89499434946717, 36.93491757602588], [127.89499434946717, 36.93491757602588], [127.89499434946717, 36.93491757602588], [127.89498272038651, 36.93266399709687], [127.89217551584153, 36.932673299050165], [127.89217551584153, 36.932673299050165], [127.88936831001259, 36.93268253466022], [127.88937977380404, 36.93493611509793], [127.88657248405553, 36.93494528511091], [127.88658386646783, 36.93719886543475], [127.88939123887036, 36.93718969467548], [127.88937977380404, 36.93493611509793]], [[127.8978133483909, 36.9371617842733], [127.8978133483909, 36.9371617842733], [127.89500597984109, 36.93717115409466], [127.89500597984109, 36.93717115409466], [127.89500597984109, 36.93717115409466], [127.8978133483909, 36.9371617842733]]], [[[127.88661802130042, 36.94395960124537], [127.88381039961442, 36.94396870787334], [127.88382170440005, 36.946222285497576], [127.88662940877701, 36.94621317812855], [127.88662940877701, 36.946213178128545], [127.8894371118875, 36.94620400438368], [127.88942564172014, 36.94395042824697], [127.88661802130042, 36.94395960124536], [127.88661802130042, 36.94395960124537]]], [[[127.8866749713491, 36.955227477058905], [127.88666357880591, 36.95297390361671], [127.88385562630097, 36.952983013209185], [127.88386693611643, 36.955236587392626], [127.8866749713491, 36.955227477058905]]], [[[127.88395745993388, 36.97326514988952], [127.88676615731967, 36.973256033624395], [127.88675475463619, 36.97100246706507], [127.88394614005179, 36.97101158258862], [127.88395745993388, 36.97326514988952]]], [[[127.8841160705434, 37.00481500175084], [127.88692592811556, 37.00480587509909], [127.88691450766397, 37.0025523205878], [127.88410473302221, 37.002561446497374], [127.8841160705434, 37.00481500175084]]], [[[127.90063251263082, 36.93940592377613], [127.90063251263082, 36.93940592377613], [127.90064431093549, 36.94165949859378], [127.90345184220502, 36.941649994518116], [127.90346372450263, 36.943903567701966], [127.90627133713154, 36.943893996483034], [127.90627133713154, 36.94389399648304], [127.90907894842981, 36.94388435889435], [127.90906690077095, 36.94163078727354], [127.90625937215324, 36.94164042407801], [127.90625937215324, 36.941640424078], [127.90906690077095, 36.94163078727353], [127.90906690077095, 36.94163078727354], [127.90906690077095, 36.94163078727354], [127.90907894842981, 36.94388435889435], [127.91188655838825, 36.94387465493601], [127.91187442804899, 36.94162108410484], [127.91187442804902, 36.94162108410484], [127.91186229905864, 36.93936751241307], [127.9090548544518, 36.9393772147922], [127.9090548544518, 36.9393772147922], [127.9090548544518, 36.9393772147922], [127.9090548544518, 36.9393772147922], [127.91186229905864, 36.939367512413064], [127.91185017141703, 36.93711393986075], [127.90904280947217, 36.93712364145036], [127.90904280947217, 36.93712364145036], [127.90904280947217, 36.93712364145036], [127.90903076583191, 36.934870067248035], [127.90622348520066, 36.934879701700105], [127.90623544618794, 36.93713327668653], [127.90623544618794, 36.93713327668653], [127.90624740850544, 36.9393868508125], [127.90624740850541, 36.9393868508125], [127.90623544618794, 36.93713327668654], [127.90342808157352, 36.93714284556915], [127.90342808157352, 36.93714284556915], [127.90062071563813, 36.93715234809809], [127.90063251263082, 36.93940592377613]], [[127.90345184220502, 36.941649994518116], [127.9034399612287, 36.939396420473834], [127.9034399612287, 36.939396420473834], [127.90345184220502, 36.941649994518116], [127.90345184220502, 36.941649994518116]]], [[[127.89505251427245, 36.94618545776688], [127.8922448137224, 36.94619476426311], [127.89225636786522, 36.94844833878765], [127.89225636786522, 36.94844833878765], [127.89226792329303, 36.95070191245187], [127.89507578925166, 36.95069260444098], [127.89507578925166, 36.95069260444098], [127.89788365391597, 36.95068323004376], [127.89788365391597, 36.95068323004376], [127.90069151727675, 36.95067378926029], [127.90069151727675, 36.95067378926029], [127.90069151727675, 36.95067378926029], [127.89788365391597, 36.95068323004376], [127.89788365391597, 36.95068323004376], [127.89507578925166, 36.95069260444099], [127.89508742868266, 36.95294617648748], [127.89789537606492, 36.95293680132746], [127.89789537606492, 36.95293680132746], [127.90070332214349, 36.95292735977579], [127.90071512832307, 36.95518092943078], [127.90071512832307, 36.95518092943078], [127.90070332214349, 36.9529273597758], [127.89789537606492, 36.95293680132746], [127.89790709951752, 36.95519037175071], [127.89509906940815, 36.955199747673575], [127.89511071142826, 36.95745331799923], [127.89511071142826, 36.95745331799923], [127.89512235474312, 36.959706887464456], [127.89512235474312, 36.959706887464456], [127.89513399935292, 36.96196045606922], [127.8979422776989, 36.96195107785757], [127.8979422776989, 36.96195107785757], [127.90075055474058, 36.96194163323265], [127.90073874462149, 36.959688066159245], [127.90073874462149, 36.959688066159245], [127.90073874462149, 36.95968806615923], [127.9035469375953, 36.95967855589493], [127.90353504604427, 36.95742498873471], [127.90353504604427, 36.95742498873471], [127.9035469375953, 36.95967855589493], [127.90635512924655, 36.959668979222975], [127.90635512924655, 36.95966897922299], [127.90916331956609, 36.95965933614346], [127.90917537794803, 36.96191290087933], [127.91198364968062, 36.96190319060235], [127.91197150854471, 36.95964962665648], [127.91197150854471, 36.95964962665648], [127.91195936875893, 36.95739606184989], [127.91195936875893, 36.95739606184989], [127.91197150854471, 36.95964962665648], [127.91197150854471, 36.95964962665648], [127.91198364968062, 36.96190319060234], [127.91479192006291, 36.96189341391261], [127.91477969617318, 36.95963985076213], [127.91477969617318, 36.95963985076213], [127.91476747364278, 36.95738628675089], [127.91476747364278, 36.95738628675089], [127.91475525247156, 36.955132721878876], [127.91194723032312, 36.955142496182575], [127.91194723032312, 36.95514249618258], [127.90913920682485, 36.95515220408972], [127.90913920682485, 36.95515220408972], [127.90633118198595, 36.9551618456002], [127.90634315495046, 36.95741541284191], [127.90634315495046, 36.95741541284191], [127.90634315495046, 36.9574154128419], [127.90634315495046, 36.9574154128419], [127.90633118198595, 36.9551618456002], [127.90913920682485, 36.95515220408972], [127.90912715246522, 36.952898636771856], [127.90631921035283, 36.952908277497905], [127.90631921035283, 36.95290827749789], [127.90351126690919, 36.95291785183257], [127.90352315581562, 36.95517142071392], [127.90352315581562, 36.95517142071392], [127.90353504604427, 36.95742498873471], [127.90353504604427, 36.95742498873471], [127.90352315581562, 36.95517142071392], [127.90352315581562, 36.95517142071392], [127.90351126690919, 36.95291785183257], [127.90070332214349, 36.95292735977579], [127.90070332214349, 36.95292735977579], [127.90351126690919, 36.95291785183257], [127.90349937932484, 36.95066428209068], [127.90349937932484, 36.95066428209067], [127.906307240051, 36.95065470853499], [127.906307240051, 36.95065470853499], [127.90911509944604, 36.95064506859337], [127.9091030477672, 36.948391499554255], [127.9091030477672, 36.948391499554255], [127.9090909974285, 36.94613792965461], [127.9090909974285, 36.94613792965461], [127.90907894842981, 36.94388435889435], [127.90627133713154, 36.94389399648304], [127.9062833034405, 36.946147568027556], [127.9062833034405, 36.946147568027556], [127.90629527108027, 36.948401138711546], [127.90348749306239, 36.94841071148825], [127.90347560812171, 36.946157140025356], [127.90347560812171, 36.946157140025356], [127.90346372450263, 36.943903567701966], [127.90345184220502, 36.94164999451812], [127.90064431093549, 36.941659498593786], [127.90065611055228, 36.943913072551055], [127.89784849528964, 36.94392251103019], [127.89784849528964, 36.9439225110302], [127.89504087872395, 36.94393188313929], [127.89504087872395, 36.943931883139285], [127.8922332608644, 36.94394118887824], [127.8922448137224, 36.9461947642631], [127.89505251427245, 36.94618545776687], [127.89505251427245, 36.94618545776688]], [[127.90915126252509, 36.95740577054693], [127.90915126252509, 36.95740577054693], [127.90916331956609, 36.95965933614346], [127.90916331956609, 36.95965933614346], [127.90915126252509, 36.95740577054693]], [[127.89791882427397, 36.95744394131347], [127.9007269358157, 36.95743449822527], [127.9007269358157, 36.95743449822528], [127.89791882427397, 36.95744394131348], [127.89791882427397, 36.95744394131348], [127.89791882427397, 36.95744394131348], [127.89791882427397, 36.95744394131347]], [[127.90071512832307, 36.95518092943078], [127.90071512832307, 36.95518092943078], [127.9007269358157, 36.95743449822527], [127.9007269358157, 36.95743449822527], [127.90071512832307, 36.95518092943078]], [[127.90348749306239, 36.94841071148825], [127.90067971372275, 36.94842021788432], [127.90067971372275, 36.94842021788432], [127.90348749306239, 36.94841071148825], [127.90348749306239, 36.94841071148825]], [[127.89786021352849, 36.946176084895114], [127.90066791148129, 36.94616664564791], [127.90066791148129, 36.946166645647914], [127.90066791148129, 36.946166645647914], [127.90066791148129, 36.946166645647914], [127.89786021352849, 36.946176084895114], [127.89786021352849, 36.946176084895114]]], [[[127.89840066374478, 37.04983955228562], [127.90121217540432, 37.049830077659124], [127.90120031394659, 37.04757654416231], [127.89838888540133, 37.047586018018684], [127.89840066374478, 37.04983955228562]]], [[[127.89838888540133, 37.047586018018684], [127.89557745554606, 37.047595425256254], [127.89558915077505, 37.04984896028789], [127.89558915077505, 37.04984896028789], [127.895600847305, 37.052102494458296], [127.89841244339841, 37.05209308569127], [127.89840066374478, 37.04983955228562], [127.89840066374478, 37.04983955228562], [127.89838888540133, 37.047586018018684]]], [[[127.89561254513605, 37.054356027767426], [127.89842422436242, 37.054346618235606], [127.89841244339841, 37.05209308569127], [127.895600847305, 37.052102494458296], [127.89561254513605, 37.054356027767426]]], [[[127.90911509944604, 36.95064506859337], [127.906307240051, 36.95065470853499], [127.906307240051, 36.950654708535], [127.90349937932484, 36.95066428209068], [127.90351126690919, 36.95291785183257], [127.90631921035283, 36.95290827749789], [127.90631921035283, 36.95290827749789], [127.9091271524652, 36.95289863677185], [127.90911509944604, 36.95064506859337]]], [[[127.91470638137531, 36.94611845378362], [127.91751407131572, 36.94610861628581], [127.91750177424876, 36.943855047910766], [127.9146941669976, 36.94386488460812], [127.9146941669976, 36.943864884608104], [127.91750177424876, 36.943855047910766], [127.91748947854924, 36.94160147867504], [127.91748947854924, 36.94160147867504], [127.91747718421696, 36.93934790857865], [127.91747718421696, 36.93934790857865], [127.91746489125181, 36.93709433762161], [127.9146575320133, 36.93710417191782], [127.9146575320133, 36.93710417191781], [127.91185017141703, 36.93711393986076], [127.91186229905864, 36.93936751241307], [127.91186229905864, 36.93936751241307], [127.91187442804902, 36.94162108410483], [127.91187442804902, 36.94162108410483], [127.91188655838825, 36.943874654936], [127.91188655838825, 36.943874654936], [127.91189869007651, 36.94612822490659], [127.91470638137531, 36.94611845378362], [127.91470638137531, 36.94611845378362]], [[127.91468195397816, 36.94161131457195], [127.91468195397816, 36.94161131457195], [127.91466974231678, 36.93935774367519], [127.91466974231678, 36.93935774367519], [127.91468195397816, 36.94161131457195]]], [[[127.91188655838825, 36.94387465493601], [127.90907894842981, 36.94388435889435], [127.9090909974285, 36.94613792965461], [127.9090909974285, 36.94613792965461], [127.9091030477672, 36.948391499554276], [127.91191082311397, 36.948381794016555], [127.91471859711139, 36.94837202209848], [127.91470638137531, 36.946118453783626], [127.91189869007651, 36.9461282249066], [127.91189869007651, 36.9461282249066], [127.91188655838825, 36.94387465493601]]], [[[127.91191082311397, 36.948381794016555], [127.91192295750079, 36.95063536226589], [127.91192295750079, 36.95063536226589], [127.91193509323712, 36.95288892965456], [127.90912715246522, 36.952898636771856], [127.90913920682485, 36.955152204089714], [127.91194723032312, 36.955142496182575], [127.91193509323712, 36.95288892965456], [127.91474303265937, 36.952879156146125], [127.91473081420602, 36.95062558955266], [127.91473081420602, 36.95062558955266], [127.91471859711139, 36.94837202209848], [127.91191082311397, 36.948381794016555]]], [[[127.91193509323712, 36.95288892965456], [127.91192295750079, 36.950635362265885], [127.90911509944604, 36.95064506859337], [127.9091271524652, 36.952898636771856], [127.91193509323712, 36.95288892965456]]], [[[127.90942891399946, 37.00923756147933], [127.91223892569296, 37.009227834601965], [127.91222675616805, 37.00697428873597], [127.90941682742202, 37.00698401482237], [127.90942891399946, 37.00923756147933]]], [[[127.90944100192127, 37.01149110727517], [127.91225109657144, 37.01148137960681], [127.91223892569296, 37.009227834601965], [127.90942891399946, 37.00923756147933], [127.90944100192127, 37.01149110727517]]], [[[127.90958616189928, 37.03853358965133], [127.91239725274967, 37.038523852487394], [127.91238506561596, 37.03627031781798], [127.90957405783307, 37.03628005419036], [127.90958616189928, 37.03853358965133]]], [[[127.91255580890713, 37.0678197247944], [127.91536797911814, 37.067809910669034], [127.9153556911615, 37.065556387997034], [127.9153556911615, 37.065556387997034], [127.91534340457163, 37.06330286446335], [127.91253140072637, 37.06331267699362], [127.91253140072637, 37.06331267699361], [127.90971939552377, 37.06332242286764], [127.90973151575696, 37.065575947990965], [127.91254360413798, 37.06556620132482], [127.91254360413798, 37.06556620132482], [127.91254360413798, 37.06556620132482], [127.91255580890713, 37.0678197247944]]], [[[127.91473081420602, 36.95062558955266], [127.91474303265937, 36.952879156146125], [127.91474303265937, 36.952879156146125], [127.91475525247156, 36.955132721878876], [127.91475525247156, 36.955132721878876], [127.91476747364278, 36.95738628675088], [127.91476747364278, 36.95738628675088], [127.91477969617318, 36.95963985076213], [127.91758788244233, 36.95963000846053], [127.91758788244233, 36.95963000846053], [127.91758788244233, 36.95963000846053], [127.91760018908572, 36.96188357081021], [127.9204084567398, 36.96187366129524], [127.9204084567398, 36.96187366129524], [127.92321672301601, 36.9618636853678], [127.9232042508658, 36.959610124635915], [127.9232042508658, 36.959610124635915], [127.92319178010251, 36.95735656304313], [127.92038367932378, 36.95736653734741], [127.92038367932378, 36.957366537347404], [127.91757557716748, 36.95737644525002], [127.91757557716748, 36.95737644525002], [127.92038367932378, 36.9573665373474], [127.92037129268222, 36.95511297408219], [127.92037129268222, 36.95511297408219], [127.92035890741808, 36.95285940995616], [127.92316684273614, 36.95284943727484], [127.92315437613271, 36.95059587309941], [127.92034652353118, 36.95060584496931], [127.92034652353118, 36.95060584496931], [127.91753866955256, 36.95061575045376], [127.91753866955256, 36.95061575045376], [127.91473081420602, 36.95062558955266]], [[127.91755097072276, 36.95286931624662], [127.91756327326101, 36.95512288117872], [127.91756327326101, 36.95512288117872], [127.91755097072276, 36.95286931624662], [127.91755097072276, 36.95286931624662], [127.91755097072276, 36.95286931624662], [127.91755097072276, 36.95286931624662]]], [[[127.92049522110813, 36.97764856799356], [127.92330406691543, 36.9776385863836], [127.92329158505211, 36.9753850316787], [127.92610034665357, 36.97537498443588], [127.92610034665357, 36.97537498443588], [127.92610034665357, 36.97537498443588], [127.92610034665357, 36.97537498443589], [127.92329158505211, 36.9753850316787], [127.92330406691543, 36.9776385863836], [127.92330406691543, 36.9776385863836], [127.92331655016697, 36.97989214022743], [127.92331655016694, 36.97989214022743], [127.92330406691543, 36.9776385863836], [127.92049522110813, 36.97764856799357], [127.92050762153265, 36.97990212264938], [127.92331655016694, 36.979892140227435], [127.92332903480688, 36.98214569321016], [127.92613804488883, 36.9821356435152], [127.92613804488883, 36.9821356435152], [127.92894705357303, 36.98212552735934], [127.92893440326117, 36.97987197601687], [127.92893440326117, 36.97987197601686], [127.92892175435614, 36.97761842381321], [127.92611291133451, 36.97762853832345], [127.92611291133451, 36.977628538323444], [127.92892175435614, 36.9776184238132], [127.92892175435614, 36.9776184238132], [127.93173059597115, 36.97760824285298], [127.93173059597115, 36.97760824285298], [127.93453943617027, 36.97759799544286], [127.93452662303747, 36.975344444039756], [127.93452662303747, 36.975344444039756], [127.93453943617027, 36.97759799544286], [127.93453943617027, 36.97759799544286], [127.93455225072816, 36.97985154598474], [127.93736117232841, 36.97984123128585], [127.93734827494436, 36.977587681583], [127.93734827494436, 36.977587681583], [127.93736117232841, 36.97984123128586], [127.94017009249421, 36.9798308501319], [127.94015711228413, 36.97757730127345], [127.94015711228413, 36.97757730127345], [127.94014413351756, 36.975323751553645], [127.93733537899456, 36.97533413101884], [127.93732248447891, 36.973080579593365], [127.93451381132957, 36.97309089177538], [127.93452662303747, 36.975344444039756], [127.93452662303747, 36.975344444039756], [127.93451381132957, 36.97309089177537], [127.93170513675548, 36.97310113751843], [127.93171786565546, 36.9753546906163], [127.93171786565546, 36.9753546906163], [127.93171786565546, 36.9753546906163], [127.93171786565546, 36.9753546906163], [127.93170513675545, 36.97310113751843], [127.92889646076586, 36.973111316822404], [127.92890910685774, 36.975364870748386], [127.92890910685774, 36.975364870748386], [127.92889646076586, 36.973111316822404], [127.92608778336991, 36.973121429687225], [127.92608778336991, 36.97312142968721], [127.92327910457686, 36.973131476112734], [127.92327910457686, 36.973131476112734], [127.92608778336991, 36.97312142968721], [127.92889646076586, 36.973111316822404], [127.92888381608027, 36.9708577620353], [127.92888381608027, 36.9708577620353], [127.92887117280085, 36.96860420638707], [127.9260626609938, 36.96861431760664], [127.92607522148337, 36.97086787407745], [127.92607522148337, 36.97086787407745], [127.92326662548953, 36.97087791968574], [127.92326662548953, 36.97087791968575], [127.92045802810794, 36.97088789886006], [127.92047042439592, 36.97314145609888], [127.92047042439592, 36.97314145609888], [127.92048282206258, 36.97539501247673], [127.92329158505211, 36.9753850316787], [127.92329158505211, 36.9753850316787], [127.92048282206258, 36.97539501247673], [127.92049522110813, 36.97764856799356]]], [[[127.91767405769419, 36.975404926829874], [127.92048282206258, 36.97539501247673], [127.9204704243959, 36.97314145609888], [127.91766174283624, 36.97315136964556], [127.91767405769419, 36.975404926829874]]], [[[127.92065653424872, 37.00694471135183], [127.92346645752572, 37.00693471918248], [127.9234539576029, 37.004681175673056], [127.9234539576029, 37.004681175673056], [127.92344145907022, 37.002427631302346], [127.92063170165923, 37.00243762184666], [127.9206192874357, 37.00018407580221], [127.91780961156323, 37.00019399902971], [127.9178219428674, 37.00244754588121], [127.92063170165923, 37.00243762184667], [127.92064411726349, 37.00469116702987], [127.92064411726349, 37.00469116702987], [127.92065653424872, 37.00694471135183]]], [[[127.91787128180135, 37.01146172467509], [127.92068137236262, 37.01145179741191], [127.92068137236262, 37.01145179741191], [127.9234914615425, 37.01144180361733], [127.92347895883886, 37.00918826183057], [127.92066895261506, 37.009198254812524], [127.92066895261506, 37.009198254812524], [127.92347895883886, 37.00918826183057], [127.92346645752572, 37.00693471918248], [127.92065653424872, 37.00694471135184], [127.92065653424872, 37.00694471135185], [127.91784660959064, 37.00695463700061], [127.91785894500998, 37.00920818126848], [127.91785894500998, 37.00920818126848], [127.91787128180135, 37.01146172467509]]], [[[127.91504893603286, 37.009218041198324], [127.91785894500998, 37.00920818126847], [127.91784660959064, 37.00695463700061], [127.91503668356066, 37.00696449612868], [127.91504893603286, 37.009218041198324]]], [[[127.92069379349162, 37.01370533914998], [127.92068137236262, 37.011451797411915], [127.91787128180135, 37.011461724675094], [127.9178836199649, 37.013715267220434], [127.92069379349162, 37.01370533914998]]], [[[127.91789595950081, 37.01596880890448], [127.9207062160022, 37.0159588800267], [127.92069379349162, 37.01370533914998], [127.9178836199649, 37.013715267220434], [127.91789595950081, 37.01596880890448]]], [[[127.91530655300106, 37.056542288692334], [127.91811830600088, 37.05653241191449], [127.91810594173542, 37.05427888573698], [127.91529427187666, 37.05428876171208], [127.91530655300106, 37.056542288692334]]], [[[127.92602498790512, 36.961853643028], [127.92601243300172, 36.95960008311313], [127.9232042508658, 36.959610124635915], [127.92321672301601, 36.9618636853678], [127.92602498790512, 36.961853643028]]], [[[127.93173059597115, 36.97760824285298], [127.92892175435614, 36.9776184238132], [127.92893440326117, 36.97987197601686], [127.93174332770268, 36.97986179422845], [127.93174332770268, 36.97986179422845], [127.93455225072816, 36.979851545984744], [127.93453943617027, 36.97759799544286], [127.93173059597115, 36.97760824285298], [127.93173059597115, 36.97760824285298]]], [[[127.92635190597012, 37.02044589855188], [127.92916232427464, 37.02043576840049], [127.92916232427464, 37.020435768400496], [127.9319727411694, 37.02042557169635], [127.93195998392433, 37.018172035826126], [127.92914965002203, 37.01818223170121], [127.92914965002203, 37.01818223170121], [127.92633931471015, 37.01819236102896], [127.92635190597012, 37.02044589855188]]], [[[127.93759357069278, 37.020404978630275], [127.93478315664521, 37.02041530843958], [127.9347703164078, 37.01816177340383], [127.93195998392433, 37.018172035826126], [127.9319727411694, 37.02042557169635], [127.93478315664521, 37.02041530843958], [127.9347959983108, 37.02266884261369], [127.93760649535977, 37.02265851196446], [127.93759357069278, 37.020404978630275]]], [[[127.92935260732568, 37.05423871549409], [127.92936530415396, 37.05649223840641], [127.93217705018441, 37.05648202843076], [127.93216427021585, 37.05422850634825], [127.93216427021585, 37.05422850634825], [127.9321514916687, 37.0519749834039], [127.9321514916687, 37.0519749834039], [127.9321514916687, 37.0519749834039], [127.93496307000655, 37.05196470845943], [127.93495020975907, 37.049711185488356], [127.93213871454289, 37.04972145959767], [127.93213871454289, 37.04972145959767], [127.92932721790557, 37.04973166708398], [127.9293399119096, 37.051985191719936], [127.9293399119096, 37.051985191719936], [127.92935260732568, 37.05423871549409], [127.92935260732568, 37.05423871549409]]], [[[127.92937800239461, 37.05874576045691], [127.9321898315746, 37.05873554965135], [127.93217705018441, 37.05648202843076], [127.92936530415396, 37.05649223840642], [127.92937800239461, 37.05874576045691]]], [[[127.9321898315746, 37.05873554965135], [127.93500165933284, 37.05872527220114], [127.93498879479324, 37.056471751815835], [127.93217705018441, 37.05648202843076], [127.9321898315746, 37.05873554965135]]], [[[127.92939070204781, 37.06099928164552], [127.93220261438661, 37.060989070010045], [127.9321898315746, 37.05873554965136], [127.92937800239461, 37.05874576045692], [127.92939070204781, 37.06099928164552]]], [[[127.9345010010464, 36.970837338649766], [127.9373095913972, 36.97082702730661], [127.93729669974925, 36.9685734741586], [127.93448819218781, 36.96858378466295], [127.9345010010464, 36.970837338649766]]], [[[127.94011818031422, 36.97081664953], [127.9373095913972, 36.97082702730661], [127.9373095913972, 36.97082702730661], [127.9345010010464, 36.970837338649766], [127.93451381132957, 36.97309089177537], [127.93732248447891, 36.973080579593365], [127.93732248447891, 36.97308057959335], [127.94013115619431, 36.97307020097248], [127.94011818031422, 36.97081664953]]], [[[127.94320130525307, 37.01813058685466], [127.94320130525307, 37.01813058685466], [127.94320130525307, 37.01813058685466], [127.94321439446641, 37.02038411935452], [127.94602480417394, 37.02037358988827], [127.946011631969, 37.01812005824451], [127.946011631969, 37.01812005824451], [127.94599846122898, 37.01586652573896], [127.94318821749548, 37.01587705349302], [127.94318821749548, 37.01587705349302], [127.94037797230641, 37.01588751470571], [127.9403909770814, 37.01814104891799], [127.9403909770814, 37.018141048918], [127.94040398330293, 37.02039458226856], [127.94321439446641, 37.02038411935452], [127.94320130525307, 37.01813058685466]]], [[[127.93765820840547, 37.03167263668393], [127.94046903611398, 37.031662236094995], [127.94045602265741, 37.029408707053285], [127.93764527798704, 37.029419106796674], [127.93765820840547, 37.03167263668393]]], [[[127.94331916059974, 37.0384123483276], [127.9461302345728, 37.038401812010626], [127.9461302345728, 37.03840181201063], [127.94894130707937, 37.03839120909828], [127.94895457555126, 37.04064473212285], [127.94895457555126, 37.04064473212285], [127.94894130707937, 37.03839120909828], [127.9461302345728, 37.03840181201063], [127.94331916059974, 37.038412348327604], [127.94331916059974, 37.038412348327604], [127.94050808516941, 37.03842281804906], [127.94052110441706, 37.04067634364332], [127.94052110441706, 37.04067634364332], [127.94050808516941, 37.03842281804906], [127.93769700829108, 37.0384332211749], [127.9377099444636, 37.04068674761489], [127.9377099444636, 37.04068674761489], [127.9377228820751, 37.04294027319304], [127.9377228820751, 37.04294027319304], [127.93773582112568, 37.0451937979093], [127.93773582112568, 37.0451937979093], [127.93774876161558, 37.04744732176367], [127.93493735094198, 37.047457661655365], [127.93493735094198, 37.047457661655365], [127.93493735094198, 37.047457661655365], [127.93492449355507, 37.04520413696053], [127.93211316455444, 37.0452144093997], [127.93212593883818, 37.047467934929585], [127.93212593883818, 37.047467934929585], [127.93213871454289, 37.049721459597656], [127.93495020975907, 37.049711185488334], [127.93495020975907, 37.04971118548834], [127.93495020975907, 37.04971118548834], [127.93496307000655, 37.051964708459415], [127.93496307000655, 37.05196470845942], [127.93497593168455, 37.05421823056859], [127.93497593168455, 37.05421823056859], [127.93498879479324, 37.05647175181583], [127.93780053797121, 37.056461408561766], [127.93778759172254, 37.05420788815518], [127.93778759172254, 37.05420788815518], [127.93778759172254, 37.05420788815518], [127.9405992503206, 37.05419747910817], [127.94061227970906, 37.05645099866866], [127.94342401999755, 37.056440522136626], [127.94341090746946, 37.05418700342761], [127.9405992503206, 37.054197479108154], [127.9405992503206, 37.054197479108154], [127.94341090746946, 37.05418700342761], [127.94341090746946, 37.05418700342761], [127.94622256315988, 37.054176461113656], [127.94622256315988, 37.054176461113656], [127.94903421738262, 37.0541658521664], [127.9490209400527, 37.05191233431448], [127.9490209400527, 37.051912334314466], [127.94900766419958, 37.04965881560038], [127.94900766419958, 37.04965881560038], [127.9490209400527, 37.051912334314466], [127.94902094005273, 37.051912334314466], [127.94903421738262, 37.05416585216639], [127.95184587012841, 37.054155176585944], [127.95183250966865, 37.05190165960171], [127.95464407779855, 37.05189091826129], [127.95464407779855, 37.05189091826131], [127.95183250966865, 37.05190165960172], [127.95184587012841, 37.05415517658596], [127.95465752138801, 37.05414443437242], [127.95465752138801, 37.05414443437241], [127.95746917115218, 37.05413362552591], [127.95745564443322, 37.05188011029331], [127.95745564443322, 37.05188011029331], [127.95744211921874, 37.04962659419839], [127.95463063570435, 37.0496374012879], [127.95463063570435, 37.04963740128789], [127.95744211921874, 37.049626594198386], [127.95742859550857, 37.04737307724118], [127.95742859550857, 37.04737307724118], [127.95744211921874, 37.049626594198386], [127.96025360122879, 37.04961572048684], [127.96025360122879, 37.04961572048684], [127.96306508172528, 37.04960478015339], [127.96305139179358, 37.04735126496927], [127.96023999440779, 37.047362204413474], [127.96023999440779, 37.047362204413474], [127.96023999440779, 37.047362204413474], [127.96022638910016, 37.04510868747779], [127.96022638910016, 37.04510868747779], [127.96021278530574, 37.042855169679825], [127.95740155260054, 37.042866040739995], [127.95740155260054, 37.042866040739995], [127.95740155260054, 37.042866040739995], [127.96021278530577, 37.042855169679825], [127.96019918302441, 37.04060165101954], [127.95738803340232, 37.04061252119605], [127.95738803340232, 37.04061252119605], [127.95457688227661, 37.04062332477217], [127.95459031839152, 37.04287684519439], [127.95459031839152, 37.04287684519439], [127.95459031839152, 37.042876845194385], [127.95459031839152, 37.042876845194385], [127.95457688227661, 37.04062332477217], [127.95738803340232, 37.04061252119605], [127.95737451570771, 37.03835900078989], [127.95456344765606, 37.03836980348778], [127.95456344765606, 37.03836980348778], [127.95456344765606, 37.03836980348778], [127.95456344765606, 37.03836980348778], [127.95737451570771, 37.03835900078988], [127.95736099951655, 37.03610547952152], [127.95455001452974, 37.03611628134125], [127.95455001452974, 37.03611628134125], [127.95736099951655, 37.03610547952152], [127.95734748482869, 37.03385195739099], [127.95453658289746, 37.03386275833262], [127.95453658289746, 37.03386275833262], [127.95172567947236, 37.03387349268999], [127.95173902804889, 37.03612701657134], [127.95455001452974, 37.03611628134125], [127.95455001452974, 37.03611628134126], [127.95173902804889, 37.03612701657135], [127.9517523781102, 37.03838053959062], [127.9517523781102, 37.03838053959062], [127.9517657296565, 37.040634061747795], [127.9517657296565, 37.040634061747795], [127.95177908268795, 37.042887583042884], [127.95177908268795, 37.042887583042884], [127.95179243720472, 37.045141103475814], [127.95179243720472, 37.04514110347582], [127.95180579320697, 37.047394623046614], [127.95180579320697, 37.047394623046614], [127.95181915069489, 37.04964814175526], [127.95463063570435, 37.04963740128789], [127.95463063570435, 37.04963740128789], [127.95181915069489, 37.04964814175526], [127.95183250966865, 37.05190165960171], [127.95183250966865, 37.05190165960171], [127.95181915069489, 37.04964814175526], [127.94900766419958, 37.04965881560037], [127.94900766419958, 37.04965881560037], [127.95181915069489, 37.04964814175526], [127.95180579320697, 37.047394623046614], [127.95180579320697, 37.047394623046614], [127.95179243720472, 37.04514110347583], [127.95179243720472, 37.045141103475814], [127.95177908268795, 37.04288758304289], [127.95177908268795, 37.04288758304289], [127.9517657296565, 37.0406340617478], [127.9517657296565, 37.0406340617478], [127.9517523781102, 37.03838053959063], [127.94894130707937, 37.03839120909828], [127.94894130707937, 37.03839120909827], [127.9517523781102, 37.03838053959062], [127.95173902804889, 37.03612701657135], [127.94892804008322, 37.03613768521166], [127.94892804008322, 37.03613768521166], [127.946117050642, 37.036148287262094], [127.946117050642, 37.036148287262094], [127.94330605973445, 37.03615882272254], [127.94331916059974, 37.0384123483276]], [[127.94333226292228, 37.04066587307072], [127.94333226292228, 37.04066587307072], [127.94333226292228, 37.04066587307072], [127.94333226292228, 37.04066587307072], [127.94052110441706, 37.04067634364333], [127.94052110441706, 37.04067634364332], [127.94333226292228, 37.04066587307072]], [[127.94338468678845, 37.049679963423394], [127.94338468678845, 37.04967996342341], [127.9405731958911, 37.049690437401104], [127.94058622238134, 37.05194395868564], [127.94058622238134, 37.05194395868564], [127.9405731958911, 37.049690437401104], [127.9405731958911, 37.049690437401104], [127.94056017084971, 37.04743691525459], [127.94056017084971, 37.04743691525459], [127.94054714725702, 37.045183392246116], [127.94335847193985, 37.04517291997106], [127.94334536670226, 37.04291939695188], [127.94334536670226, 37.04291939695187], [127.94615660683408, 37.04290885892174], [127.9461434199701, 37.04065533589719], [127.9461434199701, 37.04065533589719], [127.94615660683408, 37.04290885892174], [127.94896784549906, 37.04289825428537], [127.94898111692291, 37.0451517755858], [127.94898111692291, 37.04515177558581], [127.94899438982303, 37.047405296024145], [127.94899438982303, 37.047405296024145], [127.94899438982303, 37.04740529602416], [127.94618298496269, 37.04741590238472], [127.94618298496269, 37.04741590238472], [127.94337157863517, 37.04742644212823], [127.94338468678845, 37.049679963423394], [127.94338468678845, 37.049679963423394]], [[127.93777464691384, 37.05195436688665], [127.93777464691384, 37.05195436688663], [127.93776170354488, 37.04970084475612], [127.93776170354488, 37.04970084475612], [127.93777464691384, 37.05195436688663], [127.94058622238134, 37.05194395868564], [127.94058622238134, 37.05194395868565], [127.93777464691384, 37.05195436688665]], [[127.94053412511285, 37.04292986837569], [127.94053412511285, 37.04292986837569], [127.94053412511285, 37.042929868375694], [127.94054714725702, 37.0451833922461], [127.94054714725702, 37.0451833922461], [127.94053412511285, 37.04292986837569], [127.94053412511285, 37.04292986837569]], [[127.94620936896001, 37.05192294239945], [127.94620936896001, 37.05192294239945], [127.94339779639982, 37.05193348385654], [127.94339779639982, 37.05193348385654], [127.94620936896001, 37.05192294239945]], [[127.95742859550857, 37.04737307724118], [127.95461719510521, 37.04738388345227], [127.95461719510521, 37.04738388345227], [127.95461719510521, 37.04738388345227], [127.95460375600102, 37.04513036475443], [127.95741507330256, 37.04511955942172], [127.95741507330256, 37.04511955942172], [127.95741507330256, 37.04511955942172], [127.95742859550857, 37.04737307724118]]], [[[127.96006324338953, 37.01806641699568], [127.96006324338953, 37.01806641699568], [127.95725292409072, 37.018077278338176], [127.95726642826052, 37.02033080650334], [127.95726642826052, 37.020330806503345], [127.95727993393241, 37.02258433380649], [127.960090419222, 37.0225734706976], [127.96007683055012, 37.020319944277695], [127.96007683055012, 37.02031994427769], [127.96288723132841, 37.02030901550048], [127.96287356117722, 37.01805548910704], [127.96006324338953, 37.01806641699568]]], [[[127.95448287130526, 37.02484865767724], [127.95729344110651, 37.02483786024758], [127.95729344110651, 37.02483786024758], [127.96010400940534, 37.02482699625543], [127.96011760110032, 37.02708052095112], [127.957306949783, 37.027091385826594], [127.95732045996209, 37.02934491054351], [127.9601311943071, 37.02933404478466], [127.9601311943071, 37.02933404478466], [127.9601311943071, 37.02933404478466], [127.96014478902589, 37.03158756775604], [127.96295560489565, 37.031576634535156], [127.96295560489565, 37.031576634535156], [127.96295560489565, 37.031576634535156], [127.9629692841726, 37.03383015575547], [127.96578018156683, 37.03381915506177], [127.96576641924406, 37.03156563473577], [127.96576641924406, 37.03156563473577], [127.96576641924406, 37.03156563473577], [127.96857723206179, 37.03155456835801], [127.96856338823326, 37.02930104806938], [127.96856338823326, 37.02930104806938], [127.96854954594441, 37.02704752691842], [127.96573889919023, 37.02705859149692], [127.96575265845192, 37.029312113547476], [127.96575265845192, 37.029312113547476], [127.96573889919023, 37.027058591496925], [127.96292825090579, 37.02706958950786], [127.96292825090579, 37.02706958950785], [127.96573889919023, 37.02705859149692], [127.96572514145886, 37.024805068584115], [127.96572514145886, 37.024805068584115], [127.96573889919023, 37.02705859149692], [127.96854954594441, 37.02704752691842], [127.96853570519507, 37.024794004905175], [127.96853570519507, 37.024794004905175], [127.96854954594441, 37.02704752691842], [127.97136019115906, 37.027036395772484], [127.97134626739197, 37.0247828746642], [127.96853570519507, 37.024794004905175], [127.96852186598505, 37.022540482029655], [127.96571138525755, 37.022551544809076], [127.96571138525755, 37.022551544809076], [127.96569763058618, 37.02029802017183], [127.96288723132841, 37.02030901550048], [127.96290090300013, 37.02256254103177], [127.960090419222, 37.0225734706976], [127.960090419222, 37.02257347069761], [127.95727993393241, 37.0225843338065], [127.95727993393241, 37.02258433380649], [127.95446944714058, 37.02259513035829], [127.95448287130526, 37.02484865767724]], [[127.96291457619252, 37.024816065700904], [127.96010400940534, 37.02482699625543], [127.96010400940534, 37.02482699625542], [127.96291457619252, 37.0248160657009], [127.96291457619252, 37.024816065700904]], [[127.96291457619252, 37.0248160657009], [127.96291457619252, 37.0248160657009], [127.96290090300013, 37.02256254103177], [127.96290090300013, 37.02256254103177], [127.96291457619252, 37.0248160657009]], [[127.96294192714012, 37.02932311245262], [127.96294192714012, 37.02932311245262], [127.96294192714012, 37.02932311245262], [127.96575265845192, 37.029312113547476], [127.96575265845192, 37.02931211354749], [127.96294192714012, 37.02932311245262]]], [[[127.96856338823326, 37.02930104806938], [127.96856338823326, 37.02930104806938], [127.96857723206179, 37.03155456835801], [127.96857723206179, 37.03155456835801], [127.96859107743023, 37.033808087784294], [127.97140197175356, 37.03379695392312], [127.97138804333969, 37.031543435401964], [127.97138804333969, 37.031543435401964], [127.9713741164749, 37.02928991601841], [127.9713741164749, 37.02928991601841], [127.97138804333969, 37.031543435401964], [127.97419885306847, 37.03153223586777], [127.97418484316762, 37.0292787173947], [127.9713741164749, 37.02928991601841], [127.97136019115906, 37.02703639577249], [127.96854954594441, 37.02704752691843], [127.96856338823326, 37.02930104806938]]], [[[127.96015838525682, 37.03384108986525], [127.9629692841726, 37.03383015575547], [127.96295560489565, 37.03157663453516], [127.96014478902589, 37.031587567756056], [127.96015838525682, 37.03384108986525]]], [[[127.95745564443322, 37.05188011029331], [127.96026720956338, 37.051869235697886], [127.96026720956338, 37.051869235697886], [127.96307877317977, 37.051858294475124], [127.96306508172528, 37.049604780153395], [127.96025360122879, 37.04961572048685], [127.96025360122879, 37.04961572048685], [127.95744211921874, 37.04962659419839], [127.95745564443322, 37.05188011029331]]], [[[127.94904749618944, 37.056419369156174], [127.95185923207434, 37.05640869270797], [127.95184587012841, 37.05415517658595], [127.94903421738262, 37.0541658521664], [127.94904749618944, 37.056419369156174]]], [[[127.9546709664729, 37.056397949621285], [127.9546709664729, 37.05639794962129], [127.9546844130534, 37.058651464007845], [127.95749622910436, 37.05864065340414], [127.95748269937586, 37.056387139896216], [127.95748269937586, 37.05638713989621], [127.95746917115221, 37.05413362552592], [127.95465752138801, 37.05414443437242], [127.9546709664729, 37.056397949621285]]]]}}, {"type": "Feature", "properties": {"rank": 2, "method": "BFS+Zoning", "n_grids": 703, "avg_micro": 78.3642813238711, "cluster_score": 155.4368648759068, "buildable_ha": 1721.875, "final_score": 118.79547871392336, "avg_bcr": 0.3918918918918919, "center_lat": 36.989014947056766, "center_lon": 127.78285888031499}, "geometry": {"type": "MultiPolygon", "coordinates": [[[[127.74074082262779, 36.98265636034213], [127.74074082262779, 36.982656360342126], [127.74354990380218, 36.98265063079539], [127.74354990380218, 36.98265063079539], [127.74635898417768, 36.98264483478247], [127.74635171848841, 36.98039124119987], [127.74635171848841, 36.98039124119987], [127.74634445360714, 36.97813764675852], [127.74353553891079, 36.978143441828564], [127.7435427209571, 36.98039703674134], [127.7435427209571, 36.98039703674134], [127.7435427209571, 36.98039703674134], [127.74073372262697, 36.980402765822035], [127.74073372262697, 36.980402765822035], [127.73792472350726, 36.98040842844191], [127.73793174066371, 36.98266202342264], [127.73793174066368, 36.98266202342264], [127.73793875860059, 36.984915617544694], [127.74074792341827, 36.98490995400353], [127.74074082262779, 36.98265636034213], [127.74074082262779, 36.98265636034213]]], [[[127.73512959300236, 36.98492121461417], [127.73513652885693, 36.987174808332796], [127.73513652885693, 36.9871748083328], [127.73514346548293, 36.989428401192754], [127.73795279681619, 36.9894228032127], [127.73794577731806, 36.987169210808055], [127.73794577731806, 36.987169210808055], [127.73793875860059, 36.9849156175447], [127.73512959300236, 36.98492121461417]]], [[[127.73234098789429, 36.99168752514142], [127.72953157214573, 36.99169299060079], [127.72953834453351, 36.99394658263782], [127.73234784317279, 36.99394111673391], [127.73234784317279, 36.99394111673391], [127.73515734104959, 36.99393558433655], [127.73515734104961, 36.99393558433655], [127.73515734104961, 36.99393558433655], [127.73515734104961, 36.99393558433655], [127.73234784317279, 36.99394111673391], [127.73235469921377, 36.996194707467666], [127.73235469921377, 36.996194707467666], [127.73236155601731, 36.99844829734269], [127.73236155601731, 36.99844829734269], [127.73235469921377, 36.996194707467666], [127.73235469921377, 36.996194707467666], [127.73234784317279, 36.99394111673391], [127.72953834453348, 36.99394658263782], [127.72954511767452, 36.99620017381615], [127.72954511767452, 36.99620017381615], [127.72953834453348, 36.99394658263782], [127.72672884514094, 36.99395198204823], [127.72672884514094, 36.99395198204823], [127.72391934500435, 36.99395731496509], [127.72392595234524, 36.99621090701632], [127.72111636857362, 36.996216173867914], [127.72112289373999, 36.998469765488885], [127.72393256042103, 36.99846449820892], [127.72393256042103, 36.99846449820893], [127.72112289373999, 36.99846976548889], [127.72112289373999, 36.99846976548889], [127.71831322633317, 36.99847496626437], [127.71831966930658, 37.00072855744967], [127.72112941963213, 37.0007233562512], [127.72112941963213, 37.0007233562512], [127.72393916923181, 37.00071808854284], [127.72393916923181, 37.00071808854284], [127.72393916923181, 37.00071808854284], [127.72393916923181, 37.00071808854285], [127.72112941963213, 37.00072335625121], [127.72112941963213, 37.0007233562512], [127.71831966930658, 37.00072855744967], [127.71832611299662, 37.002982147776315], [127.72113594625013, 37.00297694615484], [127.72113594625013, 37.00297694615484], [127.72394577877769, 37.002971678018056], [127.72394577877769, 37.00297167801806], [127.72113594625013, 37.002976946154845], [127.72114247359406, 37.00523053519976], [127.72114247359406, 37.00523053519976], [127.72113594625013, 37.002976946154845], [127.71832611299662, 37.00298214777632], [127.71832611299662, 37.00298214777632], [127.71551627902642, 37.002987282882444], [127.71551627902642, 37.002987282882444], [127.71832611299662, 37.002982147776315], [127.71831966930658, 37.00072855744967], [127.7155099182644, 37.00073369213818], [127.71550355820979, 36.998480100535325], [127.7126938893791, 36.99848516830168], [127.7127001665148, 37.00073876031672], [127.7155099182644, 37.00073369213819], [127.71551627902642, 37.002987282882444], [127.71270644434871, 37.002992351473154], [127.71271272288088, 37.00524594177097], [127.71552264049592, 37.005240872768034], [127.71552264049592, 37.005240872768034], [127.71552264049592, 37.00524087276805], [127.71552900267301, 37.00749446179498], [127.71833900252697, 37.00748932585357], [127.71833255740339, 37.00523573724429], [127.71833255740339, 37.00523573724429], [127.71833900252697, 37.00748932585357], [127.72114900166405, 37.00748412338599], [127.72114247359406, 37.00523053519978], [127.72395238905872, 37.00522526663455], [127.72395900007501, 37.00747885439231], [127.72676899775063, 37.007473518872544], [127.72676899775063, 37.007473518872544], [127.72395900007501, 37.00747885439231], [127.72396561182664, 37.00973244129131], [127.72396561182664, 37.00973244129131], [127.72397222431366, 37.011986027331545], [127.72678238790945, 37.01198069094394], [127.72677569245771, 37.009727105337646], [127.72677569245771, 37.009727105337646], [127.72677569245771, 37.00972710533764], [127.72958577234415, 37.00972170285256], [127.72957899468172, 37.00746811682677], [127.72957899468172, 37.00746811682677], [127.73238899085898, 37.00746264825505], [127.73238899085898, 37.00746264825506], [127.72957899468172, 37.00746811682678], [127.72958577234415, 37.00972170285256], [127.72677569245771, 37.00972710533764], [127.72678238790945, 37.01198069094394], [127.72959255076049, 37.011975288019514], [127.72959255076049, 37.011975288019514], [127.73240271285755, 37.01196981855831], [127.73240271285755, 37.01196981855831], [127.73521287419142, 37.01196428256039], [127.73521287419142, 37.01196428256039], [127.73802303475289, 37.011958680025806], [127.73801600744332, 37.00970509620934], [127.73520592984617, 37.00971069828835], [127.73520592984617, 37.00971069828835], [127.73239585147672, 37.00971623383611], [127.73239585147672, 37.00971623383611], [127.73520592984617, 37.009710698288345], [127.73519898627325, 37.00745711315742], [127.73238899085898, 37.00746264825505], [127.73238899085898, 37.00746264825504], [127.73519898627325, 37.00745711315742], [127.73519204347258, 37.00520352716764], [127.73519204347258, 37.00520352716764], [127.73519898627325, 37.00745711315742], [127.73800898091528, 37.007451511533944], [127.73800195516874, 37.00519792599969], [127.73800195516874, 37.00519792599969], [127.7408118660835, 37.00519225831137], [127.74081897477586, 37.0074458433847], [127.74362896784572, 37.00744010870971], [127.74362177620769, 37.005186524102726], [127.74362177620769, 37.005186524102726], [127.74362896784572, 37.00744010870971], [127.7464389601157, 37.00743430750906], [127.7464389601157, 37.007434307509065], [127.7464389601157, 37.007434307509065], [127.74644623550849, 37.00968789078535], [127.74925630992404, 37.00968202258191], [127.74924895157652, 37.00742843978281], [127.74924895157652, 37.00742843978281], [127.74924159404736, 37.005174856124746], [127.74924159404736, 37.005174856124746], [127.74923423733647, 37.002921271607676], [127.75204406209731, 37.002915338320975], [127.75205150174439, 37.00516892235549], [127.75205150174439, 37.00516892235549], [127.75205894221895, 37.00742250553101], [127.75486893203382, 37.00741650475371], [127.75486893203382, 37.00741650475371], [127.75767892101186, 37.00741043745099], [127.75767131464674, 37.00515685525685], [127.75767131464674, 37.00515685525685], [127.75767892101186, 37.00741043745099], [127.76048890914386, 37.007404303622906], [127.76048890914386, 37.007404303622906], [127.7632988964206, 37.00739810326954], [127.7632988964206, 37.00739810326954], [127.76610888283282, 37.00739183639091], [127.76610888283282, 37.00739183639091], [127.76610888283282, 37.00739183639091], [127.76610888283282, 37.007391836390916], [127.7632988964206, 37.007398103269544], [127.76330666954036, 37.009651683601554], [127.76330666954036, 37.009651683601554], [127.7633144435247, 37.011905263074404], [127.76612459585446, 37.011898995176466], [127.76611673890675, 37.00964541621329], [127.76611673890675, 37.00964541621329], [127.76611673890675, 37.00964541621329], [127.7689268073993, 37.009639082294434], [127.7689268073993, 37.00963908229443], [127.7689268073993, 37.00963908229443], [127.7689268073993, 37.009639082294434], [127.76611673890675, 37.00964541621329], [127.76612459585446, 37.011898995176466], [127.76612459585446, 37.011898995176466], [127.76613245367612, 37.01415257328045], [127.76613245367612, 37.01415257328045], [127.76612459585446, 37.011898995176466], [127.7633144435247, 37.01190526307441], [127.7633144435247, 37.01190526307441], [127.76050429033025, 37.011911464436295], [127.76049659930936, 37.00965788445918], [127.75768652822303, 37.00966401878607], [127.75768652822303, 37.00966401878607], [127.75487645629055, 37.00967008658221], [127.75488398138418, 37.01192366755164], [127.75769413628034, 37.011917599262055], [127.75769413628034, 37.011917599262055], [127.76050429033025, 37.011911464436295], [127.76050429033025, 37.011911464436295], [127.75769413628034, 37.011917599262055], [127.75770174518387, 37.01417117887891], [127.76051198220658, 37.014165043554264], [127.7605196749385, 37.01641862181306], [127.76332999408758, 37.01641241944257], [127.76332221837376, 37.014158841688094], [127.76332221837376, 37.014158841688094], [127.76332999408761, 37.01641241944257], [127.76332999408761, 37.016412419442574], [127.76333777066634, 37.01866599633783], [127.76333777066634, 37.01866599633783], [127.7633455481101, 37.02091957237388], [127.76615603238564, 37.02091330243693], [127.76614817194161, 37.01865972691069], [127.76614817194161, 37.01865972691069], [127.76614817194161, 37.018659726910684], [127.76895857234261, 37.01865339093131], [127.76895857234261, 37.01865339093132], [127.7717689718602, 37.01864698839979], [127.77176094630856, 37.01639341305004], [127.77176094630856, 37.01639341305004], [127.77175292164954, 37.014139836841], [127.77175292164954, 37.014139836841], [127.77456315430213, 37.01413336880934], [127.77455504756327, 37.011879792266946], [127.77174489788297, 37.011886259772666], [127.7689347473103, 37.01189266074253], [127.7689347473103, 37.01189266074253], [127.7689347473103, 37.01189266074253], [127.7689347473103, 37.01189266074252], [127.77174489788297, 37.01188625977266], [127.77174489788297, 37.011886259772666], [127.77455504756327, 37.011879792266946], [127.77454694172603, 37.009626214865264], [127.7717368750088, 37.00963268184507], [127.7717368750088, 37.00963268184506], [127.77454694172603, 37.00962621486526], [127.77454694172603, 37.00962621486526], [127.77735700754178, 37.00961968135504], [127.77734881965229, 37.007366103625365], [127.77734881965229, 37.007366103625365], [127.77735700754178, 37.00961968135504], [127.78016707244677, 37.00961308131452], [127.78015880160368, 37.00735950412154], [127.78015880160365, 37.00735950412154], [127.7801505316804, 37.00510592606923], [127.77734063267343, 37.005112525036395], [127.77734881965229, 37.007366103625365], [127.7745388367903, 37.00737263660428], [127.7745388367903, 37.00737263660428], [127.77172885302691, 37.00737910305823], [127.7717368750088, 37.00963268184506], [127.7717368750088, 37.00963268184506], [127.77172885302691, 37.00737910305822], [127.77172885302691, 37.00737910305822], [127.7745388367903, 37.00737263660427], [127.7745388367903, 37.00737263660428], [127.77734881965229, 37.007366103625365], [127.77734063267343, 37.005112525036395], [127.7801505316804, 37.00510592606923], [127.78014226267689, 37.00285234715764], [127.78014226267689, 37.00285234715764], [127.7801505316804, 37.00510592606923], [127.7801505316804, 37.00510592606923], [127.78015880160368, 37.00735950412153], [127.7829687826352, 37.00735283809286], [127.78296042976763, 37.00509926058264], [127.78577032692588, 37.005092528576675], [127.78576189205234, 37.00283895075458], [127.7857618920523, 37.00283895075458], [127.78575345811683, 37.000585372073125], [127.78294372681928, 37.0005921029842], [127.78294372681928, 37.0005921029842], [127.78013399459299, 37.00059876738675], [127.78013399459299, 37.000598767386755], [127.77732426144719, 37.00060536528068], [127.77733244660509, 37.00285894558815], [127.77733244660509, 37.00285894558815], [127.77732426144719, 37.00060536528068], [127.77451452739106, 37.00061189666592], [127.77451452739106, 37.00061189666592], [127.77170479243384, 37.000618361542415], [127.77170479243384, 37.000618361542415], [127.76889505658477, 37.00062475991011], [127.76890299296419, 37.002878341794954], [127.76890299296419, 37.002878341794954], [127.76889505658477, 37.00062475991011], [127.76608531985305, 37.00063109176891], [127.7660931733061, 37.00288467416871], [127.76609317330607, 37.00288467416871], [127.76609317330607, 37.00288467416871], [127.76328335277448, 37.002890940028124], [127.76047353137858, 37.00289713937312], [127.76047353137858, 37.00289713937312], [127.76047353137858, 37.00289713937312], [127.76047353137858, 37.00289713937312], [127.76328335277448, 37.002890940028124], [127.76328335277448, 37.00289094002812], [127.76609317330607, 37.0028846741687], [127.76608531985305, 37.0006310917689], [127.76608531985305, 37.0006310917689], [127.7660774672734, 36.99837750850999], [127.7660774672734, 36.99837750850999], [127.76608531985305, 37.0006310917689], [127.76889505658477, 37.000624759910096], [127.76888712108799, 36.99837117716612], [127.76888712108799, 36.99837117716612], [127.76887918647373, 36.99611759356303], [127.76887918647373, 36.99611759356303], [127.76887125274192, 36.993864009100825], [127.76887125274192, 36.993864009100825], [127.76887918647373, 36.996117593563014], [127.76887918647373, 36.99611759356302], [127.76888712108799, 36.99837117716611], [127.77169677402, 36.99836477931877], [127.77168875649794, 36.99611119623599], [127.77168875649794, 36.99611119623598], [127.77168073986752, 36.993857612294086], [127.77168073986752, 36.993857612294086], [127.77168875649794, 36.99611119623598], [127.77449832563047, 36.99610473241096], [127.77449832563047, 36.99610473241096], [127.77449832563047, 36.99610473241096], [127.77450642606028, 36.99835831496804], [127.77731607719956, 36.99835178411396], [127.77731607719956, 36.99835178411396], [127.77450642606028, 36.998358314968044], [127.77451452739106, 37.00061189666592], [127.77732426144719, 37.00060536528068], [127.77732426144719, 37.00060536528068], [127.78013399459299, 37.00059876738675], [127.78013399459299, 37.00059876738674], [127.78294372681928, 37.0005921029842], [127.78575345811683, 37.000585372073125], [127.78574502511934, 36.99833179253234], [127.78574502511934, 36.99833179253234], [127.78574502511934, 36.99833179253234], [127.78855467256251, 36.99832499566558], [127.78854615759566, 36.996071415818264], [127.79135572118464, 36.996064553006676], [127.79136431905856, 36.99831813229582], [127.78855467256251, 36.99832499566558], [127.78856318847642, 37.00057857465355], [127.78856318847642, 37.00057857465355], [127.78575345811683, 37.000585372073125], [127.78576189205234, 37.00283895075457], [127.78857170533753, 37.00283215278218], [127.79138151767543, 37.00282528829597], [127.79138151767543, 37.00282528829598], [127.78857170533753, 37.00283215278219], [127.78857170533753, 37.00283215278219], [127.78576189205234, 37.00283895075458], [127.78577032692588, 37.005092528576675], [127.78858022314596, 37.005085730051434], [127.78858874190179, 37.00733930646127], [127.7913987201184, 37.00733244085849], [127.7913987201184, 37.0073324408585], [127.78858874190179, 37.00733930646127], [127.78859726160515, 37.009592882011724], [127.79140732277496, 37.0095860158506], [127.7913987201184, 37.0073324408585], [127.79420869737828, 37.00732550873116], [127.79420001273459, 37.00507193344332], [127.7913901184186, 37.00507886500695], [127.7913901184186, 37.00507886500694], [127.79420001273459, 37.00507193344331], [127.7941913290568, 37.00281835729602], [127.79138151767543, 37.00282528829597], [127.7913729178888, 37.0005717107256], [127.7913729178888, 37.0005717107256], [127.79136431905857, 36.99831813229582], [127.79417396459831, 36.99831120242313], [127.79416528381745, 36.99605762369757], [127.79135572118464, 36.996064553006676], [127.79134712426693, 36.993810972858185], [127.79134712426693, 36.993810972858185], [127.79134712426693, 36.993810972858185], [127.79415660400197, 36.99380404411263], [127.7941479251518, 36.991550463668325], [127.79133852830532, 36.991557391850364], [127.79133852830532, 36.99155739185036], [127.79133852830532, 36.99155739185036], [127.79133852830532, 36.99155739185036], [127.7941479251518, 36.99155046366831], [127.7941479251518, 36.99155046366831], [127.7941479251518, 36.991550463668325], [127.79415660400197, 36.99380404411263], [127.79415660400197, 36.99380404411263], [127.79416528381745, 36.99605762369757], [127.79697484548483, 36.99605062789102], [127.79697484548483, 36.99605062789103], [127.79697484548483, 36.99605062789103], [127.79697484548483, 36.99605062789103], [127.79416528381745, 36.996057623697574], [127.79417396459831, 36.99831120242314], [127.79417396459834, 36.99831120242314], [127.79418264634475, 37.00056478028929], [127.79699237383507, 37.000557783344725], [127.79699237383507, 37.000557783344725], [127.79980210035052, 37.00055071989197], [127.79980210035052, 37.00055071989197], [127.8026118258819, 37.000543589931084], [127.80260289538757, 36.998290013788214], [127.80260289538757, 36.998290013788214], [127.80259396588646, 36.99603643678586], [127.80259396588646, 36.99603643678586], [127.80258503737842, 36.99378285892401], [127.80258503737842, 36.993782858924], [127.80257610986332, 36.9915292802027], [127.80257610986332, 36.9915292802027], [127.80258503737842, 36.99378285892402], [127.80258503737842, 36.99378285892402], [127.80259396588646, 36.99603643678586], [127.80259396588646, 36.99603643678586], [127.80260289538757, 36.998290013788214], [127.8054125370099, 36.99828281790454], [127.80540352460227, 36.9960292414874], [127.80540352460227, 36.9960292414874], [127.8054125370099, 36.99828281790454], [127.80822217762982, 36.9982755555183], [127.80822217762982, 36.9982755555183], [127.80822217762982, 36.9982755555183], [127.80823127395549, 37.000529130485255], [127.81104099647926, 37.00052180100045], [127.81104099647926, 37.00052180100045], [127.80823127395549, 37.000529130485255], [127.80824037129291, 37.002782704592626], [127.8110501767414, 37.002775374511714], [127.81105935802466, 37.00502894716333], [127.81386924538589, 37.005021549967665], [127.81667913171673, 37.00501408625341], [127.81666978456595, 37.002760514810284], [127.81666978456595, 37.002760514810284], [127.81667913171673, 37.00501408625341], [127.81948901700788, 37.00500655602067], [127.81947958692349, 37.002752985189915], [127.8222893882323, 37.00274538905655], [127.82227987627245, 37.00049181798378], [127.81947015788788, 37.00049941349942], [127.81666043845469, 37.000506942507464], [127.81666043845469, 37.000506942507464], [127.81666043845469, 37.000506942507464], [127.81665109338287, 36.99825336934492], [127.81384145582551, 36.99826083123842], [127.81385071798208, 37.000514405007834], [127.81104099647926, 37.00052180100045], [127.8110318172381, 36.99826822662956], [127.81384145582551, 36.99826083123842], [127.81384145582552, 36.99826083123842], [127.81665109338287, 36.99825336934492], [127.81664174935032, 36.99599979532272], [127.81383219469903, 36.99600725660936], [127.81383219469903, 36.99600725660936], [127.81383219469903, 36.99600725660935], [127.81664174935032, 36.99599979532272], [127.81664174935032, 36.99599979532272], [127.81664174935032, 36.99599979532272], [127.81665109338287, 36.998253369344916], [127.81946072990092, 36.998245840949174], [127.81945130296246, 36.995992267539215], [127.81945130296246, 36.995992267539215], [127.81944187707239, 36.993738693269584], [127.82225134673955, 36.99373109960695], [127.8222418390104, 36.99147752509522], [127.81943245223061, 36.991485118140275], [127.81943245223061, 36.99148511814027], [127.81943245223061, 36.99148511814027], [127.81942302843699, 36.989231542151295], [127.81661372348732, 36.98923906809822], [127.81661372348732, 36.98923906809822], [127.81380441749883, 36.98924652756453], [127.81381367553583, 36.991500104772406], [127.81662306440269, 36.99149264469936], [127.81662306440269, 36.99149264469936], [127.81662306440269, 36.99149264469936], [127.81663240635699, 36.993746220440855], [127.8138229346025, 36.99375368112068], [127.81381367553583, 36.991500104772406], [127.8138136755358, 36.991500104772406], [127.81380441749883, 36.989246527564546], [127.81099511048075, 36.98925392055015], [127.81100428563921, 36.99150749835935], [127.81100428563921, 36.99150749835935], [127.81100428563921, 36.99150749835935], [127.80819489472213, 36.991514825460094], [127.80819489472213, 36.991514825460094], [127.80538550279377, 36.991522086074575], [127.80539451319692, 36.99377566421074], [127.80820398801326, 36.99376840300571], [127.80821308231577, 36.99602197969176], [127.80540352460227, 36.99602924148739], [127.80539451319692, 36.99377566421073], [127.80539451319692, 36.99377566421073], [127.80538550279377, 36.99152208607457], [127.80819489472213, 36.991514825460094], [127.80819489472213, 36.991514825460094], [127.81100428563921, 36.99150749835935], [127.81099511048075, 36.98925392055014], [127.80818580244228, 36.989261247054955], [127.80818580244228, 36.98926124705496], [127.80537649339266, 36.98926850707891], [127.80537649339266, 36.98926850707891], [127.80256718334108, 36.98927570062194], [127.80257610986332, 36.9915292802027], [127.79976671594004, 36.991536407844414], [127.79976671594004, 36.99153640784441], [127.79975787229678, 36.989282827683944], [127.79975787229678, 36.989282827683944], [127.79975787229678, 36.989282827683944], [127.80256718334108, 36.989275700621924], [127.80256718334108, 36.989275700621924], [127.80537649339266, 36.989268507078904], [127.80537649339266, 36.989268507078904], [127.80818580244228, 36.98926124705495], [127.80818580244228, 36.98926124705495], [127.81099511048075, 36.989253920550134], [127.81098593634268, 36.987000341881405], [127.81098593634268, 36.987000341881405], [127.81099511048075, 36.98925392055014], [127.81380441749883, 36.98924652756453], [127.81380441749883, 36.989246527564525], [127.81661372348732, 36.98923906809822], [127.81660438361077, 36.98698549063751], [127.81941360569138, 36.98697796530268], [127.81940418399368, 36.98472438759446], [127.81659504477291, 36.98473191231721], [127.81658570697364, 36.98247833313735], [127.81658570697364, 36.98247833313735], [127.81657637021281, 36.98022475309794], [127.81376739564574, 36.98023221013762], [127.81376739564574, 36.980232210137615], [127.81376739564574, 36.980232210137615], [127.81375814275555, 36.97797862863212], [127.81094924999178, 36.97798601861157], [127.81094924999178, 36.97798601861157], [127.80814035620821, 36.97799334213725], [127.80814035620821, 36.97799334213725], [127.80814035620821, 36.97799334213725], [127.8081312699936, 36.975739758575465], [127.8081312699936, 36.975739758575465], [127.80814035620821, 36.97799334213725], [127.81094924999178, 36.97798601861157], [127.81094008095381, 36.97573243564548], [127.81374889089436, 36.975725046267165], [127.81373964006207, 36.97347146304275], [127.81093091293553, 36.97347885181998], [127.81093091293553, 36.97347885181998], [127.80812218478945, 36.97348617415427], [127.80812218478945, 36.97348617415426], [127.81093091293553, 36.973478851819976], [127.81092174593681, 36.97122526713507], [127.81091257995752, 36.96897168159079], [127.80810401741206, 36.9689790027338], [127.80811310059563, 36.971232588873704], [127.80811310059563, 36.97123258887371], [127.80530445424425, 36.97123984417473], [127.80530445424425, 36.971239844174725], [127.80249580689184, 36.97124703303806], [127.80249580689184, 36.97124703303806], [127.79968715854763, 36.97125415546364], [127.79969599432594, 36.973507742498725], [127.80250472547546, 36.973500619493706], [127.80250472547546, 36.973500619493706], [127.80531345563301, 36.97349343004553], [127.80531345563301, 36.97349343004554], [127.80250472547546, 36.97350061949371], [127.802513645051, 36.97575420509006], [127.802513645051, 36.97575420509006], [127.80252256561856, 36.97800778982709], [127.80252256561856, 36.97800778982709], [127.8025314871783, 36.9802613737048], [127.79972250755773, 36.98026849844832], [127.79972250755773, 36.98026849844832], [127.79691352695411, 36.9802755567324], [127.79692228382179, 36.98252914090448], [127.79973134726764, 36.98252208204626], [127.79973134726764, 36.98252208204625], [127.80254040973031, 36.98251495672315], [127.80254040973031, 36.98251495672316], [127.8053494712006, 36.98250776493527], [127.8053404658066, 36.98025418250188], [127.80814944343342, 36.980246924839676], [127.80814944343342, 36.980246924839676], [127.8109584200495, 36.98023960071823], [127.8109584200495, 36.98023960071823], [127.81095842004953, 36.98023960071823], [127.81096759112718, 36.98249318196543], [127.81377664956503, 36.982485790783635], [127.81377664956503, 36.982485790783635], [127.81377664956503, 36.982485790783635], [127.81377664956503, 36.982485790783635], [127.81096759112718, 36.98249318196543], [127.81096759112718, 36.98249318196543], [127.8109584200495, 36.980239600718235], [127.80814944343342, 36.98024692483968], [127.80814944343342, 36.98024692483968], [127.8053404658066, 36.98025418250189], [127.8053494712006, 36.98250776493528], [127.80815853166929, 36.98250050668268], [127.808167620916, 36.98475408766623], [127.81097676322484, 36.98474676235316], [127.81097676322484, 36.98474676235316], [127.808167620916, 36.98475408766623], [127.80815853166929, 36.98250050668268], [127.8053494712006, 36.982507764935285], [127.8053494712006, 36.98250776493528], [127.80254040973031, 36.982514956723165], [127.80254040973031, 36.982514956723165], [127.79973134726764, 36.98252208204626], [127.79974018796068, 36.98477566478485], [127.79974018796068, 36.98477566478485], [127.79973134726764, 36.98252208204626], [127.79692228382177, 36.98252914090449], [127.7969310416634, 36.98478272421729], [127.7969310416634, 36.98478272421729], [127.79692228382177, 36.98252914090449], [127.79411321940196, 36.982536133297806], [127.79412189439202, 36.98478971717938], [127.79412189439202, 36.98478971717938], [127.79413057034695, 36.98704330020167], [127.79413057034695, 36.98704330020167], [127.79413924726686, 36.98929688236465], [127.79694856026896, 36.98928988826487], [127.79694856026896, 36.98928988826488], [127.79694856026896, 36.98928988826488], [127.79695732103315, 36.991543468999645], [127.79696608277172, 36.993797048875024], [127.79696608277172, 36.993797048875024], [127.79695732103315, 36.991543468999645], [127.79695732103315, 36.991543468999645], [127.79694856026896, 36.98928988826488], [127.79413924726686, 36.989296882364656], [127.79413924726686, 36.98929688236465], [127.79132993329965, 36.989303809983205], [127.79132993329965, 36.989303809983205], [127.78852061837658, 36.98931067112047], [127.78852913050281, 36.9915642535457], [127.78852913050281, 36.9915642535457], [127.78852061837658, 36.98931067112048], [127.78571130250688, 36.98931746577637], [127.78571973175359, 36.99157104875427], [127.78571973175359, 36.99157104875427], [127.78571130250688, 36.98931746577637], [127.78290198569974, 36.98932419395082], [127.78290198569974, 36.98932419395082], [127.78571130250688, 36.98931746577637], [127.78570287419761, 36.98706388193925], [127.78289364026091, 36.98707060956648], [127.78289364026091, 36.98707060956647], [127.78570287419761, 36.98706388193924], [127.78570287419761, 36.98706388193924], [127.78570287419761, 36.98706388193924], [127.78571130250688, 36.98931746577636], [127.78852061837658, 36.98931067112047], [127.78852061837658, 36.98931067112047], [127.79132993329962, 36.989303809983205], [127.79132133924985, 36.98705022725676], [127.79132133924985, 36.98705022725676], [127.79132133924985, 36.98705022725676], [127.79413057034695, 36.98704330020166], [127.79412189439202, 36.98478971717938], [127.79412189439202, 36.98478971717938], [127.79411321940196, 36.982536133297806], [127.79411321940196, 36.982536133297806], [127.79411321940196, 36.982536133297806], [127.79692228382177, 36.98252914090449], [127.79691352695411, 36.98027555673241], [127.79410454537664, 36.98028254855695], [127.79410454537664, 36.98028254855695], [127.79129556283453, 36.9802894739219], [127.79129556283453, 36.9802894739219], [127.79410454537664, 36.98028254855695], [127.79409587231595, 36.97802896295684], [127.7912869726071, 36.97803588775847], [127.7912869726071, 36.978035887758466], [127.79409587231595, 36.97802896295684], [127.79408720021978, 36.975775376497516], [127.79408720021978, 36.975775376497516], [127.79407852908803, 36.973521789178974], [127.79126979501801, 36.973528712854055], [127.79126979501801, 36.973528712854055], [127.78846105999291, 36.973535570085694], [127.78846105999291, 36.973535570085694], [127.78565232402194, 36.9735423608738], [127.7856607467089, 36.97579594986588], [127.7856607467089, 36.97579594986588], [127.78565232402194, 36.9735423608738], [127.78846105999291, 36.973535570085694], [127.78846105999291, 36.97353557008569], [127.79126979501801, 36.97352871285405], [127.79126120765616, 36.97127512411309], [127.78845255543678, 36.971281980786905], [127.78845255543678, 36.97128198078691], [127.78564390227162, 36.97128877102261], [127.78564390227162, 36.9712887710226], [127.78845255543678, 36.971281980786905], [127.78844405182642, 36.96902839062902], [127.78844405182642, 36.96902839062902], [127.7884355491617, 36.96677479961204], [127.78843554916173, 36.96677479961204], [127.78844405182642, 36.96902839062901], [127.7912526212493, 36.96902153451298], [127.79124403579729, 36.96676794405376], [127.79124403579729, 36.96676794405376], [127.79123545130004, 36.964514352735456], [127.79123545130004, 36.964514352735456], [127.79122686775743, 36.96226076055805], [127.78841854666885, 36.96226761500091], [127.78842704744255, 36.96452120773601], [127.78842704744255, 36.96452120773601], [127.7884355491617, 36.96677479961204], [127.7856270615806, 36.96678158874302], [127.7856270615806, 36.96678158874302], [127.7884355491617, 36.96677479961204], [127.78842704744255, 36.96452120773601], [127.78842704744255, 36.96452120773601], [127.78841854666885, 36.96226761500091], [127.78561022463492, 36.96227440302729], [127.78561022463492, 36.96227440302729], [127.78280190166491, 36.96228112463708], [127.78280190166491, 36.96228112463708], [127.77999357776795, 36.962287779830234], [127.78000183023433, 36.96454137420598], [127.78000183023433, 36.96454137420598], [127.78001008361855, 36.96679496772275], [127.78001008361855, 36.96679496772275], [127.7800183379207, 36.96904856038055], [127.78282691015292, 36.969041903562875], [127.78282691015292, 36.96904190356288], [127.7856354814579, 36.96903518031233], [127.7856354814579, 36.96903518031233], [127.78282691015292, 36.96904190356288], [127.78283524816993, 36.97129549482012], [127.7828352481699, 36.97129549482012], [127.78282691015292, 36.969041903562875], [127.7800183379207, 36.96904856038055], [127.78002659314085, 36.97130215217936], [127.7828352481699, 36.97129549482012], [127.78284358711427, 36.97354908521831], [127.78284358711427, 36.97354908521831], [127.7828352481699, 36.97129549482012], [127.78002659314085, 36.971302152179376], [127.78002659314085, 36.97130215217936], [127.78001833792067, 36.96904856038055], [127.7772097647704, 36.969055150765314], [127.7772097647704, 36.969055150765314], [127.77440119071132, 36.969061674717096], [127.7744092803375, 36.97131526758284], [127.77721793719364, 36.971308743100295], [127.77721793719364, 36.9713087431003], [127.7744092803375, 36.971315267582845], [127.7744092803375, 36.971315267582845], [127.77160062258163, 36.971321725626915], [127.77160062258163, 36.971321725626915], [127.76879196393526, 36.97132811723247], [127.76879196393526, 36.97132811723246], [127.76598330440754, 36.971334442399424], [127.76599114651407, 36.973588035966166], [127.76879988884835, 36.97358171028462], [127.76879988884835, 36.97358171028463], [127.76879988884832, 36.97358171028463], [127.76879988884832, 36.97358171028463], [127.76599114651407, 36.973588035966166], [127.76599114651407, 36.973588035966166], [127.76599114651407, 36.973588035966166], [127.76598330440754, 36.971334442399424], [127.76317464400775, 36.97134070112774], [127.76317464400775, 36.97134070112772], [127.76036598274504, 36.971346893417305], [127.76037365923814, 36.97360048799699], [127.7631824033076, 36.97359429520364], [127.7631824033076, 36.97359429520364], [127.7631824033076, 36.97359429520364], [127.76319016347044, 36.975847888420695], [127.76319016347044, 36.975847888420695], [127.76319792449637, 36.978101480778875], [127.7631979244964, 36.978101480778875], [127.76320568638552, 36.98035507227817], [127.76601467806724, 36.980348811513004], [127.76601467806724, 36.98034881151302], [127.76882366887646, 36.98034248428756], [127.76882366887646, 36.98034248428756], [127.77163265880397, 36.980336090601895], [127.77163265880397, 36.980336090601895], [127.76882366887646, 36.98034248428756], [127.76882366887646, 36.98034248428757], [127.76601467806724, 36.98034881151302], [127.76601467806724, 36.98034881151302], [127.76320568638552, 36.98035507227818], [127.76320568638552, 36.98035507227818], [127.76320568638552, 36.98035507227817], [127.76319792449637, 36.978101480778875], [127.76038901478577, 36.97810767457986], [127.76039669384048, 36.98036126658302], [127.76039669384048, 36.980361266583024], [127.76039669384048, 36.98036126658303], [127.75758770044139, 36.98036739442746], [127.75759529750648, 36.98262098607021], [127.76040437374931, 36.982614857727306], [127.76041205451229, 36.984868448012676], [127.76322121275375, 36.98486225270005], [127.76322121275375, 36.98486225270005], [127.76041205451229, 36.984868448012676], [127.76041973612955, 36.98712203743914], [127.7604274186012, 36.98937562600668], [127.76323674257597, 36.98936942968613], [127.76323674257597, 36.98936942968613], [127.76604606568704, 36.98936316688362], [127.76604606568704, 36.98936316688362], [127.7688553879252, 36.98935683759919], [127.76884745684008, 36.9871032505598], [127.76884745684008, 36.9871032505598], [127.76884745684008, 36.9871032505598], [127.76884745684008, 36.9871032505598], [127.7688553879252, 36.98935683759919], [127.77166470928123, 36.98935044183293], [127.77166470928123, 36.98935044183293], [127.7688553879252, 36.98935683759919], [127.7688553879252, 36.98935683759919], [127.76604606568704, 36.98936316688362], [127.76605391477402, 36.991616753578775], [127.76605391477402, 36.991616753578775], [127.766061764734, 36.99387033941491], [127.766061764734, 36.99387033941491], [127.76605391477402, 36.991616753578775], [127.76605391477402, 36.991616753578775], [127.76604606568704, 36.98936316688362], [127.76323674257597, 36.98936942968613], [127.76324450878256, 36.9916230168907], [127.76324450878256, 36.9916230168907], [127.76323674257597, 36.98936942968613], [127.7604274186012, 36.98937562600668], [127.7604274186012, 36.98937562600668], [127.75761809377198, 36.98938175584519], [127.75761809377198, 36.98938175584519], [127.75761809377198, 36.98938175584519], [127.75761809377198, 36.98938175584518], [127.7604274186012, 36.98937562600666], [127.76041973612955, 36.98712203743914], [127.76041973612955, 36.98712203743914], [127.76041205451229, 36.984868448012676], [127.75760289541655, 36.9848745768541], [127.75761049417167, 36.98712816677909], [127.75761049417167, 36.98712816677909], [127.75761049417167, 36.98712816677909], [127.75761049417167, 36.98712816677909], [127.75760289541655, 36.984874576854104], [127.75479373547573, 36.98488063922424], [127.75479373547573, 36.98488063922424], [127.75479373547573, 36.98488063922424], [127.75478622041868, 36.98262704794725], [127.75197714249516, 36.982633043358334], [127.75197714249516, 36.982633043358334], [127.74916806374509, 36.982638972303434], [127.74916071521172, 36.98038537919768], [127.74635171848841, 36.98039124119987], [127.7463589841777, 36.98264483478248], [127.74635898417768, 36.98264483478248], [127.74636625067508, 36.98489842750633], [127.74636625067508, 36.98489842750633], [127.74635898417768, 36.98264483478248], [127.74354990380218, 36.98265063079539], [127.74354990380218, 36.98265063079539], [127.74074082262779, 36.98265636034213], [127.74074792341827, 36.98490995400353], [127.74074792341827, 36.98490995400354], [127.74075502499855, 36.9871635468062], [127.74356427188914, 36.98715781632729], [127.74356427188914, 36.98715781632729], [127.74356427188914, 36.98715781632729], [127.74356427188914, 36.9871578163273], [127.74075502499855, 36.98716354680621], [127.74075502499855, 36.9871635468062], [127.73794577731806, 36.987169210808055], [127.73795279681619, 36.9894228032127], [127.74076212736867, 36.98941713875015], [127.74076212736867, 36.98941713875015], [127.74076212736867, 36.98941713875015], [127.74076923052877, 36.991670729835306], [127.74076923052877, 36.991670729835306], [127.7407763344789, 36.993924320061716], [127.74358583001293, 36.99391858818436], [127.74358583001293, 36.993918588184364], [127.7407763344789, 36.993924320061716], [127.74078343921917, 36.996177909429306], [127.74078343921917, 36.996177909429306], [127.74078343921917, 36.9961779094293], [127.74078343921917, 36.9961779094293], [127.7407763344789, 36.993924320061716], [127.7407763344789, 36.993924320061716], [127.74076923052874, 36.991670729835306], [127.73795981709502, 36.99167639475863], [127.73795981709502, 36.99167639475863], [127.73795279681619, 36.9894228032127], [127.73514346548293, 36.989428401192754], [127.73514346548293, 36.989428401192754], [127.73513652885693, 36.987174808332796], [127.73232727962437, 36.98718033938039], [127.73233413337817, 36.98943393269024], [127.73233413337817, 36.98943393269024], [127.73234098789429, 36.99168752514142], [127.73234098789429, 36.99168752514142], [127.73234098789429, 36.99168752514142]], [[127.77734063267343, 37.005112525036395], [127.77733244660509, 37.00285894558816], [127.77733244660509, 37.00285894558816], [127.77734063267343, 37.005112525036395], [127.77734063267343, 37.005112525036395]], [[127.8110318172381, 36.99826822662956], [127.81102263901776, 36.99601465139908], [127.81102263901776, 36.99601465139908], [127.8110318172381, 36.99826822662956], [127.8110318172381, 36.99826822662956]], [[127.7491754130958, 36.98489256455041], [127.7491754130958, 36.98489256455041], [127.74916806374509, 36.982638972303434], [127.74916806374509, 36.982638972303434], [127.7491754130958, 36.98489256455041]], [[127.77447402974592, 36.989343979584895], [127.77447402974592, 36.989343979584895], [127.77446593291899, 36.9870903935913], [127.77446593291899, 36.9870903935913], [127.77447402974592, 36.989343979584895], [127.77728334931005, 36.98933745085516], [127.77727516961237, 36.98708386539257], [127.77446593291899, 36.9870903935913], [127.77446593291899, 36.9870903935913], [127.77727516961237, 36.98708386539257], [127.77726699082437, 36.98483027907088], [127.77726699082437, 36.98483027907088], [127.77726699082437, 36.98483027907088], [127.77727516961237, 36.98708386539257], [127.77727516961237, 36.98708386539257], [127.77728334931005, 36.98933745085516], [127.7800926679644, 36.98933085564378], [127.7800926679644, 36.98933085564378], [127.78290198569974, 36.98932419395082], [127.78290198569974, 36.98932419395082], [127.7800926679644, 36.98933085564378], [127.7800926679644, 36.98933085564378], [127.77728334931005, 36.98933745085516], [127.77447402974592, 36.989343979584895], [127.7744821274734, 36.99159756471939], [127.7744821274734, 36.99159756471939], [127.77447402974592, 36.989343979584895]], [[127.77445783699254, 36.98483680673862], [127.77444974196641, 36.982583219026886], [127.77444974196641, 36.982583219026886], [127.77445783699254, 36.98483680673862], [127.77445783699254, 36.98483680673862], [127.77445783699254, 36.98483680673862], [127.77445783699254, 36.98483680673862]], [[127.77725063597698, 36.9803231038502], [127.77444164784056, 36.9803296304561], [127.77444974196641, 36.982583219026886], [127.77164067008663, 36.9825896796982], [127.77164067008663, 36.9825896796982], [127.76883159731582, 36.98259607390397], [127.76883159731582, 36.98259607390397], [127.77164067008663, 36.9825896796982], [127.77164067008663, 36.9825896796982], [127.77444974196641, 36.98258321902688], [127.77444164784056, 36.98032963045608], [127.77444164784056, 36.98032963045608], [127.77443355461483, 36.97807604102627], [127.77443355461483, 36.97807604102627], [127.77444164784056, 36.98032963045608], [127.77725063597698, 36.980323103850196], [127.77725063597698, 36.9803231038502], [127.77725063597698, 36.9803231038502], [127.77725881294595, 36.982576691890074], [127.77725881294595, 36.982576691890074], [127.77725063597698, 36.9803231038502]], [[127.78006788301602, 36.98257009828785], [127.78005962320407, 36.98031651078429], [127.78005962320407, 36.98031651078429], [127.78005962320407, 36.98031651078429], [127.78005962320407, 36.98031651078429], [127.78006788301602, 36.982570098287844], [127.78006788301602, 36.982570098287844], [127.78007614374665, 36.984823684932294], [127.78288529575016, 36.98481702432295], [127.78288529575016, 36.98481702432295], [127.78007614374665, 36.984823684932294], [127.78008440539608, 36.9870772707176], [127.78008440539608, 36.9870772707176], [127.78007614374665, 36.984823684932294], [127.78007614374665, 36.984823684932294], [127.78006788301602, 36.98257009828785], [127.78006788301602, 36.98257009828785]], [[127.78567759489329, 36.98030312527271], [127.78286860951258, 36.980309851258454], [127.78286860951258, 36.98030985125844], [127.78286860951258, 36.98030985125844], [127.78286026778551, 36.978056263437495], [127.78005136431067, 36.97806292242166], [127.78005136431067, 36.97806292242166], [127.77724245991739, 36.978069514951265], [127.77724245991739, 36.97806951495126], [127.77724245991737, 36.97806951495126], [127.77723428476702, 36.975815925193295], [127.77723428476703, 36.975815925193295], [127.77724245991739, 36.97806951495126], [127.78005136431067, 36.97806292242165], [127.78005136431067, 36.97806292242165], [127.78286026778551, 36.97805626343749], [127.78285192698611, 36.97580267475744], [127.78285192698611, 36.97580267475744], [127.78286026778551, 36.97805626343749], [127.78286026778551, 36.97805626343749], [127.78286860951258, 36.98030985125844], [127.78567759489329, 36.98030312527271], [127.78567759489329, 36.98030312527271], [127.78848657933703, 36.980296332827166], [127.78847807194293, 36.97804274610583], [127.78566917033267, 36.97804953799886], [127.78566917033267, 36.97804953799886], [127.7856607467089, 36.97579594986589], [127.7856607467089, 36.97579594986589], [127.78566917033267, 36.97804953799886], [127.78847807194293, 36.97804274610583], [127.78847807194293, 36.97804274610583], [127.78847807194293, 36.97804274610583], [127.78848657933703, 36.980296332827166], [127.79129556283453, 36.9802894739219], [127.79129556283453, 36.9802894739219], [127.78848657933703, 36.98029633282717], [127.78848657933703, 36.98029633282717], [127.78567759489329, 36.98030312527271], [127.78567759489329, 36.98030312527271]], [[127.78565232402194, 36.97354236087379], [127.78564390227162, 36.97128877102261], [127.78564390227162, 36.97128877102261], [127.78565232402194, 36.97354236087379], [127.78565232402194, 36.97354236087379]], [[127.75486140861393, 37.00516292206617], [127.75485388603074, 37.002909338519615], [127.75204406209731, 37.002915338320975], [127.75203662327766, 37.00066175342748], [127.74922688144378, 37.00066768623166], [127.74922688144378, 37.00066768623166], [127.74922688144378, 37.00066768623166], [127.74922688144378, 37.00066768623166], [127.75203662327766, 37.00066175342747], [127.75203662327766, 37.00066175342747], [127.75484636428422, 37.00065575411403], [127.75483884337422, 36.998402168849445], [127.75483884337422, 36.998402168849445], [127.75483132330062, 36.99614858272591], [127.75482380406336, 36.9938949957434], [127.75482380406336, 36.9938949957434], [127.75481628566233, 36.991641407901966], [127.75481628566233, 36.991641407901966], [127.75480876809746, 36.98938781920161], [127.75480125136862, 36.98713422964236], [127.75480125136862, 36.98713422964236], [127.75480876809746, 36.98938781920161], [127.75480876809746, 36.98938781920161], [127.75481628566233, 36.991641407901966], [127.75481628566233, 36.991641407901966], [127.75482380406336, 36.9938949957434], [127.75482380406336, 36.99389499574342], [127.75483132330062, 36.99614858272591], [127.75483132330062, 36.99614858272591], [127.75483884337422, 36.998402168849445], [127.75764850062671, 36.99839610352011], [127.75765610445428, 37.000649688291375], [127.76046584377859, 37.000643555959606], [127.76046584377859, 37.000643555959606], [127.76046584377859, 37.000643555959606], [127.75765610445428, 37.000649688291375], [127.7576637091276, 37.00290327220364], [127.7576637091276, 37.00290327220364], [127.75767131464677, 37.00515685525684], [127.75767131464677, 37.00515685525684], [127.7576637091276, 37.00290327220364], [127.7576637091276, 37.00290327220364], [127.75765610445428, 37.00064968829139], [127.75484636428423, 37.000655754114035], [127.75485388603077, 37.002909338519615], [127.75485388603077, 37.002909338519615], [127.75486140861395, 37.00516292206617], [127.75486140861393, 37.00516292206617], [127.75486140861393, 37.00516292206617]], [[127.75764850062671, 36.99839610352011], [127.76045815703355, 36.99838997168705], [127.76045815703355, 36.99838997168705], [127.75764850062671, 36.99839610352011], [127.75764850062671, 36.99839610352011]], [[127.75763329550844, 36.993888931400576], [127.75762569421752, 36.991635344052355], [127.75762569421752, 36.991635344052355], [127.75763329550844, 36.993888931400576], [127.75763329550844, 36.993888931400576], [127.75764089764479, 36.99614251788983], [127.75764089764479, 36.99614251788983], [127.75764089764479, 36.99614251788983], [127.75764089764479, 36.99614251788983], [127.75763329550844, 36.993888931400576], [127.75763329550844, 36.993888931400576]], [[127.73799493020354, 37.002944339606564], [127.73798790601963, 37.0006907523546], [127.73517816018756, 37.00069635261159], [127.73517816018756, 37.00069635261159], [127.73798790601963, 37.0006907523546], [127.73798790601963, 37.0006907523546], [127.7407976510705, 37.00068508558805], [127.7407976510705, 37.00068508558805], [127.73798790601963, 37.0006907523546], [127.73799493020354, 37.002944339606564], [127.73799493020354, 37.002944339606564]], [[127.73798088261692, 36.99843716424379], [127.74079054474967, 36.99843149793809], [127.74079054474967, 36.9984314979381], [127.74360020609211, 36.99842576512831], [127.7435930176528, 36.99617217708576], [127.74359301765281, 36.99617217708576], [127.74358583001293, 36.993918588184364], [127.74358583001293, 36.993918588184364], [127.74359301765281, 36.996172177085754], [127.74640259528698, 36.99616637824358], [127.74640259528698, 36.99616637824358], [127.7492121721125, 36.99616051290283], [127.74921952636913, 36.998414099996694], [127.75202918528528, 36.998408167674995], [127.75202174812011, 36.99615458106358], [127.75202174812011, 36.99615458106358], [127.75201431178206, 36.99390099359326], [127.75201431178206, 36.99390099359326], [127.75202174812011, 36.99615458106358], [127.75202918528528, 36.998408167675], [127.75202918528528, 36.998408167675], [127.75202918528528, 36.998408167675], [127.74921952636913, 36.9984140999967], [127.74921952636913, 36.99841409999671], [127.74921952636913, 36.99841409999671], [127.7492121721125, 36.99616051290284], [127.74640259528698, 36.99616637824358], [127.74640259528698, 36.99616637824358], [127.74359301765281, 36.99617217708576], [127.74360020609211, 36.99842576512831], [127.74360020609211, 36.99842576512831], [127.74360739533097, 37.00067935231201], [127.74360739533097, 37.00067935231201], [127.74360020609211, 36.99842576512831], [127.74079054474967, 36.9984314979381], [127.74079054474967, 36.9984314979381], [127.73798088261692, 36.99843716424379], [127.73798088261692, 36.99843716424379]], [[127.72955866621675, 37.00070735359667], [127.72674891809643, 37.00071275432465], [127.72675561057008, 37.002966343366026], [127.72956544161809, 37.00296094219882], [127.72957221777304, 37.00521452994218], [127.72957221777304, 37.00521452994218], [127.72676230378812, 37.00521993154866], [127.72675561057008, 37.002966343366026], [127.72675561057008, 37.002966343366026], [127.72674891809643, 37.000712754324645], [127.72674891809643, 37.000712754324645], [127.72955866621675, 37.00070735359667], [127.72955866621675, 37.00070735359667]], [[127.73236841358353, 37.00070188635897], [127.73236841358353, 37.00070188635897], [127.73517816018756, 37.0006963526116], [127.73517816018756, 37.0006963526116], [127.73236841358353, 37.00070188635897]], [[127.73518510144403, 37.00294994031902], [127.73518510144403, 37.00294994031902], [127.73518510144403, 37.00294994031902], [127.73518510144403, 37.00294994031902], [127.73519204347258, 37.00520352716764], [127.73519204347258, 37.00520352716764], [127.73518510144403, 37.00294994031902]], [[127.73516427999044, 36.99618917462032], [127.73517121970306, 36.99844276404535], [127.73517121970306, 36.99844276404535], [127.73516427999044, 36.99618917462032], [127.73516427999044, 36.99618917462032]], [[127.72393256042103, 36.99846449820893], [127.72393256042103, 36.99846449820893], [127.72674222636708, 36.99845916442453], [127.72674222636708, 36.99845916442453], [127.72393256042103, 36.99846449820893]], [[127.72395238905872, 37.00522526663455], [127.72395238905872, 37.00522526663455], [127.72676230378812, 37.00521993154866], [127.72676899775063, 37.007473518872544], [127.72676899775063, 37.007473518872544], [127.72676230378812, 37.00521993154866], [127.72395238905872, 37.00522526663455]], [[127.74636625067508, 36.98489842750633], [127.74637351798069, 36.9871520193714], [127.74637351798069, 36.9871520193714], [127.74638078609458, 36.98940561037769], [127.74919011424957, 36.98939974646792], [127.74919011424957, 36.98939974646792], [127.75199944158692, 36.989393816075875], [127.75199944158692, 36.989393816075875], [127.75199944158692, 36.98939381607589], [127.74919011424957, 36.989399746467925], [127.7491974660528, 36.99165333613842], [127.7491974660528, 36.99165333613842], [127.7491974660528, 36.99165333613842], [127.7491974660528, 36.99165333613842], [127.74919011424957, 36.989399746467925], [127.74638078609458, 36.989405610377695], [127.74638078609458, 36.989405610377695], [127.74357145713122, 36.98941140780512], [127.74357145713122, 36.989411407805115], [127.74357145713122, 36.989411407805115], [127.74638078609458, 36.98940561037769], [127.74637351798069, 36.9871520193714], [127.74637351798069, 36.9871520193714], [127.74636625067508, 36.98489842750633], [127.74636625067508, 36.98489842750633]], [[127.74918276326393, 36.98714615593857], [127.74918276326393, 36.98714615593857], [127.7491754130958, 36.98489256455041], [127.7491754130958, 36.98489256455041], [127.74918276326393, 36.98714615593857]], [[127.74639532474765, 36.99391278981379], [127.74639532474762, 36.99391278981379], [127.74638805501687, 36.99165920052516], [127.74638805501687, 36.99165920052516], [127.74638805501687, 36.99165920052516], [127.74638805501687, 36.99165920052516], [127.74639532474765, 36.99391278981379], [127.74639532474765, 36.99391278981379], [127.74639532474765, 36.99391278981379]], [[127.7408118660835, 37.00519225831136], [127.7408118660835, 37.00519225831136], [127.74080475818177, 37.002938672379145], [127.74080475818177, 37.002938672379145], [127.7408118660835, 37.00519225831136]], [[127.746409866635, 36.9984199658145], [127.7464171387918, 37.000673552526514], [127.7464171387918, 37.000673552526514], [127.74642441175746, 37.00292713837964], [127.74923423733647, 37.002921271607676], [127.74923423733647, 37.002921271607676], [127.74642441175746, 37.00292713837965], [127.74643168553204, 37.005180723373826], [127.74643168553204, 37.005180723373826], [127.74643168553204, 37.00518072337382], [127.74362177620769, 37.00518652410272], [127.74361458536947, 37.00293293863681], [127.74361458536947, 37.00293293863681], [127.74360739533097, 37.00067935231201], [127.7464171387918, 37.00067355252652], [127.746409866635, 36.9984199658145], [127.746409866635, 36.9984199658145], [127.746409866635, 36.9984199658145], [127.746409866635, 36.9984199658145]], [[127.76881574131883, 36.97808889381219], [127.76600683334382, 36.978095220522974], [127.76600683334382, 36.978095220522974], [127.76881574131883, 36.97808889381219], [127.76881574131883, 36.97808889381219]], [[127.77163265880397, 36.980336090601895], [127.77162464841226, 36.9780825006466], [127.77162464841226, 36.9780825006466], [127.77163265880397, 36.980336090601895], [127.77163265880397, 36.980336090601895]], [[127.77443355461483, 36.97807604102627], [127.77443355461483, 36.97807604102627], [127.77442546228916, 36.975822450737446], [127.77442546228916, 36.975822450737446], [127.77443355461483, 36.97807604102627]], [[127.77441737086342, 36.973568859589626], [127.77441737086342, 36.973568859589626], [127.7716086303012, 36.97357531815909], [127.7716086303012, 36.97357531815909], [127.77441737086342, 36.973568859589626]], [[127.7659989894928, 36.975841628674026], [127.7659989894928, 36.975841628674026], [127.76600683334382, 36.97809522052297], [127.76600683334382, 36.97809522052297], [127.7659989894928, 36.97584162867402], [127.7659989894928, 36.97584162867402], [127.7659989894928, 36.975841628674026]], [[127.76880781464283, 36.975835302477876], [127.77161663891134, 36.97582890983232], [127.77161663891134, 36.97582890983233], [127.76880781464283, 36.97583530247788], [127.76880781464283, 36.975835302477876]], [[127.76322897723307, 36.98711584162256], [127.76603821747297, 36.98710957932943], [127.76603821747297, 36.98710957932943], [127.76603821747297, 36.98710957932943], [127.76322897723307, 36.98711584162257], [127.76322897723307, 36.98711584162256]], [[127.76602252366318, 36.982602401644115], [127.76602252366318, 36.98260240164412], [127.76602252366318, 36.98260240164412], [127.76603037013173, 36.984855990916266], [127.76603037013173, 36.984855990916266], [127.76603037013173, 36.984855990916266], [127.76602252366318, 36.982602401644115], [127.76602252366318, 36.982602401644115]], [[127.76040437374931, 36.9826148577273], [127.76040437374931, 36.98261485772729], [127.76321344913794, 36.98260866291857], [127.76321344913794, 36.98260866291858], [127.76321344913794, 36.98260866291858], [127.76321344913794, 36.98260866291858], [127.76040437374931, 36.9826148577273]], [[127.76606961556709, 36.99612392439197], [127.76606961556709, 36.99612392439198], [127.76606961556709, 36.99612392439198], [127.7660774672734, 36.99837750850998], [127.7660774672734, 36.99837750850998], [127.76606961556709, 36.99612392439197], [127.76606961556709, 36.99612392439197]], [[127.76043510192734, 36.99162921371525], [127.76044278610804, 36.99388280056483], [127.76044278610804, 36.99388280056483], [127.76043510192734, 36.99162921371525], [127.76043510192734, 36.99162921371525]], [[127.76326781258553, 36.99838377335031], [127.76326781258553, 36.99838377335031], [127.76326781258553, 36.99838377335031], [127.76326781258553, 36.99838377335031], [127.76326781258553, 36.99838377335031]], [[127.76045047114341, 36.99613638655545], [127.76045047114341, 36.99613638655545], [127.76045047114341, 36.99613638655545], [127.76045047114341, 36.996136386555435], [127.76326004378724, 36.996130188722795], [127.76326004378724, 36.9961301887228], [127.76326004378724, 36.9961301887228], [127.76326004378724, 36.9961301887228], [127.76045047114341, 36.99613638655545]], [[127.77165669532515, 36.98709685531374], [127.77164868226032, 36.98484326793548], [127.76883952663698, 36.98484966266139], [127.76883952663698, 36.98484966266139], [127.77164868226032, 36.98484326793548], [127.77164868226032, 36.98484326793548], [127.77164868226032, 36.98484326793548], [127.77165669532515, 36.98709685531374], [127.77165669532515, 36.98709685531374]], [[127.77166470928123, 36.98935044183293], [127.77166470928123, 36.98935044183293], [127.77167272412865, 36.99160402749304], [127.77167272412865, 36.99160402749304], [127.77167272412865, 36.99160402749305], [127.77167272412865, 36.99160402749305], [127.77166470928123, 36.98935044183293]], [[127.78003484927916, 36.97355574311917], [127.78003484927916, 36.97355574311917], [127.78004310633575, 36.97580933319993], [127.78004310633575, 36.97580933319993], [127.78004310633575, 36.97580933319993], [127.78004310633575, 36.97580933319993], [127.78003484927916, 36.97355574311917], [127.77722611052582, 36.9735623345763], [127.77722611052582, 36.9735623345763], [127.77722611052582, 36.97356233457629], [127.78003484927916, 36.973555743119164], [127.78003484927916, 36.97355574311917]], [[127.76891093022633, 37.00513192282061], [127.76891093022633, 37.00513192282061], [127.76890299296416, 37.002878341794954], [127.76890299296419, 37.002878341794954], [127.76891093022633, 37.00513192282061]], [[127.79977556056693, 36.99378998714547], [127.79978440617757, 36.99604356558709], [127.79978440617757, 36.99604356558709], [127.79977556056693, 36.99378998714547], [127.79977556056693, 36.99378998714547], [127.79977556056693, 36.99378998714547]], [[127.81098593634268, 36.9870003418814], [127.81379516049145, 36.98699294949711], [127.81379516049145, 36.98699294949711], [127.81098593634268, 36.987000341881405], [127.81098593634268, 36.9870003418814]], [[127.81378590451357, 36.98473937057013], [127.81378590451357, 36.98473937057013], [127.81378590451357, 36.98473937057013], [127.81659504477291, 36.98473191231721], [127.81660438361077, 36.9869854906375], [127.81379516049145, 36.98699294949711], [127.81378590451357, 36.98473937057013]], [[127.78292702758598, 36.9960849419486], [127.78293537673832, 36.99833852289603], [127.78293537673832, 36.99833852289603], [127.78292702758598, 36.9960849419486], [127.78292702758598, 36.9960849419486]], [[127.78010919585812, 36.99383802291861], [127.78010919585812, 36.993838022918595], [127.7801009314517, 36.99158443971078], [127.7801009314517, 36.99158443971078], [127.7829103320668, 36.991577777475975], [127.7829103320668, 36.99157777747598], [127.7801009314517, 36.991584439710785], [127.78010919585812, 36.99383802291861], [127.78010919585812, 36.99383802291861]], [[127.78569444682566, 36.984810297242916], [127.78569444682566, 36.984810297242916], [127.78569444682566, 36.984810297242916], [127.78568602039093, 36.98255671168741], [127.78568602039093, 36.98255671168741], [127.78569444682566, 36.984810297242916]], [[127.77729971143481, 36.993844619202896], [127.77729971143481, 36.9938446192029], [127.77730789386214, 36.99609820208802], [127.7801174611837, 36.99609160526721], [127.7801174611837, 36.99609160526722], [127.78011746118374, 36.99609160526722], [127.78012572742865, 36.998345186756595], [127.78012572742865, 36.998345186756595], [127.7801174611837, 36.99609160526722], [127.77730789386214, 36.99609820208802], [127.77730789386214, 36.99609820208802], [127.77730789386214, 36.99609820208802], [127.77729971143481, 36.993844619202896], [127.77729971143481, 36.993844619202896], [127.7772915299175, 36.991591035458605], [127.7772915299175, 36.991591035458605], [127.77729971143481, 36.993844619202896]], [[127.7913127461558, 36.98479664367107], [127.78850359696396, 36.98480350369227], [127.78850359696396, 36.98480350369227], [127.7913127461558, 36.98479664367107], [127.7913127461558, 36.98479664367107]], [[127.7969310416634, 36.98478272421729], [127.7969310416634, 36.98478272421729], [127.7969398004791, 36.987036306670745], [127.79974902963703, 36.98702924666408], [127.79974902963703, 36.98702924666409], [127.7969398004791, 36.987036306670745], [127.7969398004791, 36.98703630667074], [127.7969398004791, 36.98703630667074], [127.7969310416634, 36.98478272421729]], [[127.78853764357581, 36.99381783511163], [127.78853764357581, 36.99381783511163], [127.78852913050281, 36.991564253545704], [127.78852913050281, 36.991564253545704], [127.78853764357581, 36.99381783511163]], [[127.78854615759566, 36.996071415818264], [127.78854615759566, 36.996071415818264], [127.78853764357581, 36.99381783511164], [127.78853764357581, 36.99381783511164], [127.78854615759566, 36.996071415818264]], [[127.8025493332747, 36.98476853888215], [127.8025493332747, 36.98476853888215], [127.8025493332747, 36.98476853888215], [127.79974018796068, 36.984775664784856], [127.79974018796068, 36.984775664784856], [127.8025493332747, 36.98476853888215]], [[127.80531345563301, 36.97349343004554], [127.80812218478945, 36.97348617415427], [127.80812218478945, 36.97348617415427], [127.80531345563301, 36.973493430045544], [127.80531345563301, 36.97349343004554]], [[127.8025314871783, 36.9802613737048], [127.8053404658066, 36.98025418250189], [127.80533146141406, 36.978000599209125], [127.80533146141408, 36.978000599209125], [127.8053404658066, 36.98025418250189], [127.8025314871783, 36.9802613737048], [127.8025314871783, 36.9802613737048]], [[127.80533146141406, 36.978000599209125], [127.80532245802291, 36.975747015057], [127.80532245802291, 36.975747015057], [127.80533146141406, 36.978000599209125], [127.80533146141406, 36.978000599209125]], [[127.81385071798208, 37.000514405007834], [127.81385071798208, 37.000514405007834], [127.81385998116883, 37.002767977917586], [127.81666978456595, 37.002760514810284], [127.81666978456595, 37.002760514810284], [127.81385998116883, 37.002767977917586], [127.8110501767414, 37.002775374511714], [127.8110501767414, 37.002775374511714], [127.81385998116883, 37.002767977917586], [127.81385071798208, 37.000514405007834]], [[127.78295207782902, 37.00284568221308], [127.78295207782902, 37.00284568221308], [127.78295207782905, 37.00284568221308], [127.78296042976763, 37.00509926058263], [127.78296042976763, 37.00509926058263], [127.78295207782902, 37.00284568221308], [127.78295207782902, 37.00284568221308]]], [[[127.71268133720191, 36.99397798169586], [127.7126876129415, 36.99623157542805], [127.71549719886251, 36.99622650807384], [127.71549084022247, 36.993972914753776], [127.71268133720191, 36.99397798169586]]], [[[127.71831322633317, 36.99847496626436], [127.72112289373999, 36.998469765488885], [127.7211163685736, 36.996216173867914], [127.7183067840763, 36.99622137422045], [127.71831322633317, 36.99847496626436]]], [[[127.71831322633315, 36.99847496626437], [127.71830678407628, 36.99622137422046], [127.71549719886251, 36.996226508073846], [127.71549719886251, 36.99622650807384], [127.7126876129415, 36.99623157542805], [127.7126938893791, 36.99848516830168], [127.71550355820979, 36.99848010053531], [127.71550355820979, 36.998480100535325], [127.71550355820979, 36.998480100535325], [127.7155099182644, 37.00073369213818], [127.71831966930658, 37.00072855744967], [127.71831322633317, 36.99847496626437], [127.71831322633315, 36.99847496626437]]], [[[127.73803709171709, 37.01646584508195], [127.73803006284412, 37.01421226298336], [127.7352198193091, 37.01421786597354], [127.73521287419142, 37.0119642825604], [127.73240271285755, 37.01196981855831], [127.73240271285755, 37.01196981855831], [127.72959255076049, 37.01197528801952], [127.72959255076049, 37.01197528801952], [127.72678238790945, 37.01198069094394], [127.72678908410589, 37.01423427569144], [127.72959932993075, 37.01422887232764], [127.72959932993075, 37.01422887232764], [127.73240957500157, 37.014223402421656], [127.73241643790888, 37.016476985426095], [127.73522676519927, 37.01647144852777], [127.73522676519927, 37.01647144852777], [127.73803709171709, 37.01646584508195]]], [[[127.72678908410589, 37.01423427569144], [127.72678908410589, 37.01423427569144], [127.72678238790945, 37.01198069094394], [127.72397222431366, 37.011986027331545], [127.72397883753622, 37.01423961251298], [127.7239788375362, 37.01423961251298], [127.72398545149434, 37.01649319683561], [127.72679578104717, 37.016487859580074], [127.72678908410589, 37.01423427569144]]], [[[127.72116859023093, 37.01424488279224], [127.72117512120586, 37.01649846754343], [127.72117512120586, 37.01649846754343], [127.7211816529072, 37.01875205143582], [127.72399206618816, 37.018746780299395], [127.72398545149434, 37.016493196835604], [127.72398545149434, 37.016493196835604], [127.7239788375362, 37.014239612512974], [127.72116859023093, 37.01424488279224]]], [[[127.75471862250251, 36.96234468780883], [127.75752695432757, 36.96233863036842], [127.75752695432757, 36.96233863036842], [127.75471862250251, 36.96234468780883], [127.75472613004128, 36.96459828681469], [127.75472613004128, 36.96459828681469], [127.75473363841502, 36.96685188496185], [127.75754213578958, 36.96684582653573], [127.75754972778694, 36.9690994233313], [127.75754972778694, 36.9690994233313], [127.75755732062866, 36.971353019268115], [127.76036598274504, 36.971346893417305], [127.76036598274504, 36.971346893417305], [127.76317464400775, 36.971340701127716], [127.76316688557078, 36.96908710619298], [127.76316688557078, 36.96908710619298], [127.76315912799663, 36.96683351039943], [127.76315912799663, 36.96683351039943], [127.76315912799663, 36.96683351039943], [127.76316688557078, 36.96908710619298], [127.76597546317313, 36.96908084797383], [127.76597546317313, 36.969080847973814], [127.76878403990347, 36.969074523321396], [127.76878403990347, 36.9690745233214], [127.76597546317313, 36.96908084797383], [127.76598330440754, 36.971334442399424], [127.76879196393526, 36.97132811723246], [127.76879196393526, 36.97132811723245], [127.77160062258163, 36.97132172562691], [127.77160062258163, 36.971321725626915], [127.7744092803375, 36.97131526758284], [127.77440119071132, 36.969061674717096], [127.7715926157526, 36.969068132235805], [127.7715926157526, 36.969068132235805], [127.77440119071132, 36.969061674717096], [127.77440119071132, 36.969061674717096], [127.7772097647704, 36.969055150765314], [127.77720159325601, 36.96680155757137], [127.77720159325601, 36.96680155757137], [127.77719342265034, 36.9645479635185], [127.77719342265034, 36.9645479635185], [127.77719342265034, 36.9645479635185], [127.78000183023433, 36.96454137420598], [127.77999357776795, 36.962287779830234], [127.78280190166491, 36.96228112463708], [127.78279356735622, 36.96002752994386], [127.77998532621928, 36.96003418459557], [127.77999357776795, 36.962287779830234], [127.77718525295329, 36.96229436860669], [127.77718525295329, 36.96229436860669], [127.7743769272301, 36.96230089096636], [127.77438501415772, 36.96455448640884], [127.77438501415772, 36.96455448640884], [127.77439310198474, 36.96680808099242], [127.77439310198474, 36.96680808099242], [127.77438501415772, 36.964554486408844], [127.77438501415772, 36.964554486408844], [127.77437692723008, 36.96230089096636], [127.77156860060758, 36.962307346909206], [127.77156860060758, 36.962307346909206], [127.77437692723008, 36.96230089096636], [127.77436884120176, 36.960047294665], [127.7715605973396, 36.9600537500826], [127.7715605973396, 36.960053750082615], [127.76875235258743, 36.96006013908871], [127.76875235258743, 36.960060139088704], [127.76594410695445, 36.96006646168321], [127.76595194470147, 36.96232005954406], [127.76876027309497, 36.96231373643512], [127.76876819448344, 36.96456733292272], [127.76876819448344, 36.96456733292272], [127.76876027309497, 36.96231373643513], [127.76595194470147, 36.96232005954407], [127.76595978332018, 36.96457365654613], [127.76595978332018, 36.96457365654613], [127.76595194470147, 36.96232005954407], [127.76314361543626, 36.96232631623598], [127.76314361543626, 36.96232631623598], [127.76033528530857, 36.96233250651079], [127.76033528530857, 36.96233250651079], [127.75752695432757, 36.96233863036842], [127.75751936486277, 36.960085030996716], [127.75471111579863, 36.960091087944306], [127.75471862250251, 36.96234468780883]], [[127.76595978332018, 36.964573656546136], [127.7659597833202, 36.964573656546136], [127.76596762281072, 36.966827252689384], [127.76596762281072, 36.966827252689384], [127.76596762281072, 36.966827252689384], [127.76596762281069, 36.966827252689384], [127.76595978332018, 36.964573656546136]], [[127.75754213578958, 36.96684582653573], [127.75754213578958, 36.96684582653573], [127.75753454463648, 36.964592228881436], [127.75753454463648, 36.964592228881436], [127.75754213578958, 36.96684582653573]], [[127.77439310198474, 36.96680808099242], [127.77439310198474, 36.96680808099242], [127.77158460981398, 36.96681453798581], [127.77158460981398, 36.96681453798581], [127.77439310198474, 36.96680808099242]], [[127.77157660476567, 36.964560942876936], [127.77157660476567, 36.964560942876936], [127.77156860060758, 36.962307346909206], [127.77156860060758, 36.962307346909206], [127.77157660476567, 36.964560942876936]]], [[[127.75472613004128, 36.9645982868147], [127.75471862250251, 36.96234468780883], [127.75191028984256, 36.96235067883196], [127.75191771461108, 36.96460427832525], [127.75191771461108, 36.96460427832525], [127.75192514020539, 36.966857876959885], [127.75473363841502, 36.96685188496185], [127.75472613004128, 36.9645982868147], [127.75472613004128, 36.9645982868147]]], [[[127.7547486576678, 36.971359078680074], [127.75475616854708, 36.97361267425107], [127.7575649143149, 36.97360661434617], [127.7575649143149, 36.97360661434617], [127.76037365923814, 36.973600487997], [127.76036598274504, 36.97134689341731], [127.75755732062866, 36.97135301926812], [127.75755732062866, 36.971353019268115], [127.7547486576678, 36.971359078680074]]], [[[127.75196971111777, 36.98037945073483], [127.74916071521172, 36.98038537919767], [127.74916806374509, 36.982638972303434], [127.75197714249516, 36.98263304335833], [127.75197714249516, 36.98263304335833], [127.75478622041868, 36.98262704794724], [127.75477870619741, 36.98037345581141], [127.75196971111777, 36.98037945073483], [127.75196228056684, 36.97812585725254], [127.74915336749557, 36.978131785233145], [127.74915336749557, 36.978131785233145], [127.74634445360714, 36.97813764675851], [127.74635171848841, 36.98039124119986], [127.74916071521172, 36.98038537919767], [127.74916071521172, 36.98038537919767], [127.75196971111777, 36.98037945073483], [127.75196971111777, 36.98037945073483]]], [[[127.76049659930936, 37.00965788445917], [127.76049659930936, 37.00965788445917], [127.76049659930936, 37.00965788445917], [127.76050429033025, 37.01191146443628], [127.7633144435247, 37.011905263074404], [127.76330666954036, 37.00965168360154], [127.76330666954033, 37.00965168360154], [127.7632988964206, 37.00739810326954], [127.76048890914386, 37.007404303622906], [127.76048890914386, 37.007404303622906], [127.75767892101186, 37.007410437451], [127.75767892101186, 37.007410437451], [127.75486893203382, 37.00741650475372], [127.75487645629055, 37.00967008658221], [127.75768652822303, 37.00966401878607], [127.75768652822303, 37.00966401878607], [127.76049659930936, 37.00965788445917]]], [[[127.74081897477586, 37.00744584338471], [127.7408260842589, 37.00969942759912], [127.74363616028369, 37.00969369245778], [127.74362896784572, 37.00744010870972], [127.74081897477586, 37.00744584338471]]], [[[127.75486893203382, 37.00741650475373], [127.75205894221898, 37.00742250553102], [127.75206638352113, 37.00967608784751], [127.75206638352113, 37.00967608784751], [127.752073825651, 37.01192966930496], [127.75488398138415, 37.011923667551635], [127.75487645629055, 37.00967008658221], [127.75487645629053, 37.00967008658221], [127.75486893203382, 37.00741650475373]]], [[[127.73802303475289, 37.011958680025806], [127.74083319453273, 37.01195301095462], [127.7408260842589, 37.00969942759913], [127.73801600744332, 37.00970509620934], [127.73802303475289, 37.011958680025806]]], [[[127.76312035306418, 36.95556551855017], [127.76312810632588, 36.95781911863749], [127.76593627007902, 36.95781286296359], [127.76592843407511, 36.955559263385254], [127.76312035306418, 36.95556551855017]]], [[[127.76313586044988, 36.960072717866105], [127.76594410695445, 36.96006646168321], [127.76593627007902, 36.95781286296359], [127.76312810632588, 36.957819118637495], [127.76313586044988, 36.960072717866105]]], [[[127.75752695432757, 36.96233863036842], [127.76033528530857, 36.96233250651079], [127.76033528530857, 36.96233250651079], [127.76314361543626, 36.96232631623598], [127.76313586044988, 36.960072717866105], [127.76032761308292, 36.96007890763729], [127.76032761308292, 36.96007890763729], [127.75751936486277, 36.960085030996716], [127.75752695432757, 36.96233863036842]]], [[[127.76314361543626, 36.96232631623598], [127.76595194470147, 36.96232005954406], [127.76594410695445, 36.96006646168321], [127.76313586044988, 36.960072717866105], [127.76314361543626, 36.96232631623598]]], [[[127.76317464400775, 36.97134070112772], [127.76598330440754, 36.971334442399424], [127.76597546317313, 36.96908084797383], [127.76316688557078, 36.96908710619298], [127.76317464400775, 36.97134070112772]]], [[[127.75478622041871, 36.98262704794724], [127.75759529750648, 36.9826209860702], [127.75758770044139, 36.980367394427454], [127.75477870619741, 36.98037345581141], [127.75478622041871, 36.98262704794724]]], [[[127.75483884337422, 36.998402168849445], [127.75484636428423, 37.00065575411403], [127.75765610445428, 37.00064968829138], [127.75764850062671, 36.99839610352011], [127.75483884337422, 36.998402168849445]]], [[[127.76052736852607, 37.018672199212695], [127.76053506296942, 37.020925775753106], [127.76334554811007, 37.02091957237388], [127.76333777066634, 37.01866599633783], [127.76052736852607, 37.018672199212695]]], [[[127.76874443296064, 36.95780654088348], [127.76874443296067, 36.95780654088348], [127.76873651421461, 36.9555529418195], [127.76592843407511, 36.955559263385254], [127.76593627007902, 36.95781286296359], [127.76593627007902, 36.95781286296359], [127.76594410695445, 36.96006646168321], [127.76875235258743, 36.96006013908869], [127.76874443296064, 36.95780654088348]]], [[[127.77449832563047, 36.99610473241096], [127.77168875649794, 36.99611119623599], [127.77169677402, 36.99836477931878], [127.76888712108799, 36.99837117716612], [127.76889505658477, 37.000624759910096], [127.77170479243384, 37.000618361542415], [127.77451452739106, 37.000611896665916], [127.77450642606028, 36.99835831496804], [127.77450642606028, 36.99835831496804], [127.77449832563047, 36.99610473241096]]], [[[127.7717769983045, 37.020900562890205], [127.77458747992935, 37.02089409328055], [127.77458747992938, 37.02089409328055], [127.7773979606522, 37.020887557113454], [127.77738976820802, 37.0186339836805], [127.77457937048506, 37.01864051931616], [127.77457937048506, 37.01864051931616], [127.7745712619427, 37.01638694449242], [127.7745712619427, 37.01638694449242], [127.77456315430213, 37.01413336880934], [127.77175292164954, 37.014139836841], [127.77176094630858, 37.01639341305004], [127.77176094630856, 37.01639341305004], [127.7717689718602, 37.01864698839979], [127.7717689718602, 37.01864698839979], [127.7717769983045, 37.020900562890205]]], [[[127.77720159325601, 36.96680155757137], [127.77720976477043, 36.96905515076531], [127.7800183379207, 36.96904856038054], [127.78001008361855, 36.96679496772275], [127.77720159325601, 36.96680155757137]]], [[[127.77456315430213, 37.01413336880933], [127.77737338605301, 37.01412683423646], [127.77736519634198, 37.01187325822542], [127.77455504756327, 37.011879792266946], [127.77456315430213, 37.01413336880933]]], [[[127.79406118971731, 36.96901461196431], [127.79686975722122, 36.96900762298307], [127.79686100619494, 36.96675403365557], [127.79405252147811, 36.96676102206824], [127.79405252147811, 36.96676102206824], [127.79405252147811, 36.96676102206824], [127.79404385420287, 36.964507431313045], [127.79404385420287, 36.964507431313045], [127.79403518789147, 36.96225383969875], [127.79122686775743, 36.96226076055805], [127.79123545130004, 36.964514352735456], [127.79123545130004, 36.964514352735456], [127.79124403579729, 36.96676794405376], [127.79124403579729, 36.96676794405376], [127.7912526212493, 36.96902153451298], [127.79406118971731, 36.96901461196431], [127.79406118971731, 36.96901461196431]]], [[[127.79407852908803, 36.97352178917896], [127.79406985892057, 36.97126820100123], [127.79406985892057, 36.97126820100123], [127.79406985892057, 36.97126820100123], [127.79687850922079, 36.971261211451385], [127.79686975722122, 36.96900762298307], [127.79406118971731, 36.96901461196431], [127.79406118971731, 36.96901461196431], [127.7912526212493, 36.96902153451299], [127.79126120765616, 36.97127512411309], [127.79126120765616, 36.97127512411309], [127.79126979501801, 36.97352871285405], [127.79407852908803, 36.97352178917896]]], [[[127.78845255543678, 36.971281980786905], [127.79126120765616, 36.97127512411309], [127.7912526212493, 36.96902153451299], [127.78844405182642, 36.96902839062902], [127.78845255543678, 36.971281980786905]]], [[[127.79407852908803, 36.973521789178974], [127.79688726219375, 36.9735147990605], [127.79688726219375, 36.9735147990605], [127.79969599432594, 36.97350774249873], [127.79968715854763, 36.971254155463654], [127.79687850922079, 36.97126121145139], [127.79687850922079, 36.97126121145139], [127.79406985892057, 36.97126820100124], [127.79407852908803, 36.973521789178974]]], [[[127.79410454537664, 36.98028254855694], [127.79691352695411, 36.9802755567324], [127.79690477106031, 36.97802197170102], [127.79409587231595, 36.97802896295684], [127.79410454537664, 36.98028254855694]]], [[[127.79132993329965, 36.989303809983205], [127.79413924726686, 36.98929688236465], [127.79413057034695, 36.98704330020166], [127.79132133924985, 36.98705022725676], [127.79132993329965, 36.989303809983205]]], [[[127.79420001273462, 37.00507193344331], [127.79420869737828, 37.00732550873116], [127.79701867367217, 37.00731851007932], [127.79700990608475, 37.005064935360615], [127.79700990608475, 37.005064935360615], [127.7998197984598, 37.00505787075888], [127.79982864899085, 37.007311444903074], [127.80263862332512, 37.00730431320246], [127.80263862332512, 37.00730431320246], [127.80544859666573, 37.00729711497758], [127.80543958024775, 37.00504354199869], [127.80262968985056, 37.00505073963823], [127.8026207573695, 37.00279716521443], [127.79981094891308, 37.0028042957552], [127.79981094891308, 37.00280429575519], [127.79981094891308, 37.00280429575519], [127.79981094891308, 37.00280429575519], [127.8026207573695, 37.00279716521443], [127.8026118258819, 37.00054358993109], [127.79980210035052, 37.00055071989198], [127.79980210035052, 37.00055071989198], [127.79699237383507, 37.00055778334473], [127.79700113947243, 37.0028113597824], [127.79700113947243, 37.0028113597824], [127.79699237383507, 37.00055778334473], [127.79418264634475, 37.0005647802893], [127.7941913290568, 37.00281835729602], [127.7941913290568, 37.00281835729602], [127.79420001273462, 37.00507193344331], [127.79420001273462, 37.00507193344331]]], [[[127.79139872011841, 37.0073324408585], [127.79140732277496, 37.0095860158506], [127.79421738298791, 37.00957908315951], [127.79420869737828, 37.00732550873116], [127.79139872011841, 37.0073324408585]]], [[[127.78859726160515, 37.009592882011724], [127.78860578225613, 37.01184645670272], [127.79141592638837, 37.01183958998324], [127.79140732277496, 37.0095860158506], [127.78859726160515, 37.009592882011724]]], [[[127.81090341499755, 36.96671809518715], [127.8080949352386, 36.96672541573459], [127.80810401741206, 36.9689790027338], [127.81091257995752, 36.96897168159079], [127.81092174593681, 36.97122526713507], [127.81373039025854, 36.97121787895889], [127.81372114148367, 36.968964294015635], [127.81091257995752, 36.96897168159079], [127.81090341499755, 36.96671809518715]]], [[[127.81092174593681, 36.97122526713507], [127.81093091293553, 36.973478851819976], [127.81373964006207, 36.97347146304275], [127.81373039025854, 36.97121787895889], [127.81092174593681, 36.97122526713507]]], [[[127.80826766937685, 37.00954342175698], [127.80826766937685, 37.00954342175698], [127.80827677076246, 37.011796992425786], [127.81108690800211, 37.01178965996014], [127.8110960933709, 37.014043229172984], [127.81390631255971, 37.01403582957077], [127.8138970442202, 37.0117822609596], [127.81388777691146, 37.00952869148869], [127.81669782913738, 37.00952122656043], [127.81668847990714, 37.0072676568368], [127.81668847990714, 37.0072676568368], [127.81669782913738, 37.00952122656043], [127.81950788032339, 37.009513695102854], [127.81949844814113, 37.007260125991664], [127.81668847990714, 37.0072676568368], [127.81667913171673, 37.00501408625341], [127.81386924538589, 37.005021549967665], [127.8138785106334, 37.00727512115804], [127.8138785106334, 37.00727512115804], [127.8138785106334, 37.00727512115804], [127.81386924538589, 37.005021549967665], [127.81105935802466, 37.00502894716333], [127.81105935802466, 37.00502894716333], [127.80824946964219, 37.005036277840375], [127.80825856900347, 37.0072898502285], [127.8110685403291, 37.0072825189553], [127.8110685403291, 37.0072825189553], [127.8110685403291, 37.0072825189553], [127.8110685403291, 37.0072825189553], [127.80825856900347, 37.00728985022851], [127.80826766937685, 37.00954342175698]]], [[[127.83337121560464, 36.966657139451904], [127.83337121560464, 36.966657139451904], [127.8333613894498, 36.96440355714786], [127.83055300087854, 36.96441140846818], [127.83056274425704, 36.96666499141101], [127.83056274425704, 36.96666499141101], [127.83057248871921, 36.96891857349424], [127.83338104285232, 36.96891072089632], [127.83337121560464, 36.966657139451904]]], [[[127.82775427182581, 36.96667277694391], [127.82775427182581, 36.96667277694391], [127.82494579832017, 36.96668049605057], [127.82494579832017, 36.96668049605057], [127.82213732374926, 36.96668814873088], [127.82214681985407, 36.96894173269815], [127.82495537721087, 36.96893407939523], [127.82495537721087, 36.96893407939524], [127.82776393350231, 36.96892635966058], [127.82776393350231, 36.96892635966058], [127.83057248871921, 36.96891857349424], [127.83056274425704, 36.96666499141101], [127.82775427182581, 36.96667277694391]]], [[[127.82215631701503, 36.97119531580592], [127.81934767580685, 36.97120290329424], [127.81935709121964, 36.97345648615976], [127.82216581523227, 36.97344889805417], [127.82215631701503, 36.97119531580592], [127.82496495716694, 36.971187661880364], [127.82495537721087, 36.96893407939524], [127.82214681985407, 36.96894173269815], [127.82214681985407, 36.96894173269815], [127.81933826144116, 36.96894931956924], [127.81933826144113, 36.96894931956924], [127.81652970198127, 36.96895684000844], [127.81653903355163, 36.97121042434526], [127.81934767580685, 36.97120290329424], [127.81934767580688, 36.97120290329424], [127.82215631701503, 36.97119531580592], [127.82215631701503, 36.97119531580592]]], [[[127.83619950702774, 36.97115638180743], [127.83618959589248, 36.9689028018669], [127.83338104285232, 36.968910720896325], [127.83338104285232, 36.968910720896325], [127.83057248871921, 36.96891857349424], [127.83058223426512, 36.97117215471788], [127.83339087119299, 36.97116430148112], [127.83339087119299, 36.97116430148112], [127.83619950702774, 36.97115638180743]]], [[[127.82776393350231, 36.968926359660585], [127.82777359625338, 36.97117994151766], [127.83058223426512, 36.971172154717884], [127.83057248871921, 36.96891857349426], [127.82776393350231, 36.968926359660585]]], [[[127.81934767580685, 36.97120290329425], [127.81653903355163, 36.971210424345266], [127.81653903355163, 36.97121042434526], [127.81373039025854, 36.97121787895889], [127.81373964006207, 36.97347146304275], [127.81654836615984, 36.973464007822656], [127.81654836615984, 36.973464007822656], [127.81935709121964, 36.97345648615977], [127.81934767580685, 36.97120290329425]]], [[[127.81938534374157, 36.98021722959924], [127.82219431622276, 36.980209639641615], [127.82219431622276, 36.980209639641615], [127.82219431622276, 36.980209639641615], [127.8222038186663, 36.982463218451606], [127.8222038186663, 36.982463218451606], [127.82219431622276, 36.98020963964162], [127.81938534374157, 36.98021722959925], [127.81938534374157, 36.98021722959925], [127.81657637021281, 36.98022475309794], [127.81658570697364, 36.98247833313735], [127.8193947633438, 36.98247080902665], [127.8193947633438, 36.98247080902665], [127.8193947633438, 36.98247080902665], [127.81940418399371, 36.98472438759446], [127.81940418399368, 36.98472438759446], [127.81941360569138, 36.98697796530268], [127.82222282672409, 36.98697037349271], [127.82222282672409, 36.98697037349271], [127.82503204669969, 36.98696271520767], [127.82502245928268, 36.98470913873983], [127.82502245928268, 36.98470913873983], [127.82783159533247, 36.9847014146081], [127.82783159533247, 36.98470141460809], [127.8306407303068, 36.98469362400686], [127.8306407303068, 36.984693624006866], [127.8334498641965, 36.984685766936195], [127.83344002929533, 36.98243219150969], [127.83344002929533, 36.98243219150969], [127.83343019548789, 36.98017861522342], [127.830621227289, 36.980186471015976], [127.83063097825563, 36.98244004794127], [127.82782192613142, 36.98244783790884], [127.82782192613142, 36.98244783790884], [127.82782192613142, 36.98244783790884], [127.8278122580057, 36.980194260349904], [127.82500328764723, 36.98020198322514], [127.82500328764723, 36.98020198322514], [127.82500328764723, 36.98020198322514], [127.82500328764723, 36.98020198322514], [127.8278122580057, 36.980194260349904], [127.82780259095514, 36.977940681931294], [127.8249937034285, 36.97794840417834], [127.82498412027563, 36.97569482427194], [127.82498412027563, 36.97569482427194], [127.82497453818848, 36.97344124350594], [127.82216581523227, 36.97344889805418], [127.82216581523227, 36.97344889805419], [127.81935709121964, 36.97345648615977], [127.8193665076796, 36.975710068165796], [127.8193665076796, 36.975710068165796], [127.81937592518688, 36.97796364931229], [127.81937592518688, 36.97796364931229], [127.81938534374157, 36.98021722959924]], [[127.82218481483602, 36.97795605997204], [127.8249937034285, 36.97794840417834], [127.8249937034285, 36.97794840417834], [127.82218481483602, 36.97795605997204], [127.82218481483602, 36.97795605997204]], [[127.82221332216669, 36.984716796401976], [127.82221332216669, 36.984716796401976], [127.82221332216669, 36.984716796401976], [127.82221332216669, 36.984716796401976], [127.82221332216669, 36.984716796401976]], [[127.82501287293192, 36.982455561412316], [127.8222038186663, 36.98246321845161], [127.8222038186663, 36.982463218451606], [127.82501287293192, 36.98245556141231], [127.82501287293192, 36.982455561412316]]], [[[127.83343019548789, 36.980178615223416], [127.83623916259319, 36.98017069297233], [127.83622924704792, 36.97791711647073], [127.83622924704792, 36.97791711647073], [127.83621933260534, 36.97566353910937], [127.83621933260534, 36.97566353910937], [127.83620941926533, 36.97340996088827], [127.83340070062675, 36.97341788120625], [127.83341053115373, 36.97567146007167], [127.83341053115373, 36.97567146007167], [127.83060172860877, 36.97567931458626], [127.83061147740676, 36.97793289323095], [127.83061147740676, 36.97793289323095], [127.830621227289, 36.98018647101596], [127.83343019548789, 36.980178615223416], [127.83343019548789, 36.980178615223416]]], [[[127.830621227289, 36.98018647101596], [127.83061147740673, 36.97793289323095], [127.83061147740673, 36.97793289323094], [127.83060172860877, 36.97567931458626], [127.82779292497969, 36.97568710265305], [127.82780259095514, 36.977940681931294], [127.82780259095514, 36.9779406819313], [127.8278122580057, 36.980194260349904], [127.830621227289, 36.98018647101596]]], [[[127.81376739564574, 36.980232210137615], [127.81657637021281, 36.980224753097936], [127.81656703449032, 36.977971172199], [127.81375814275555, 36.97797862863212], [127.81376739564574, 36.980232210137615]]], [[[127.83349905511275, 36.99595363117165], [127.83350889657899, 36.998207201439186], [127.83069926539574, 36.99821506234509], [127.83070902504208, 37.000468632392064], [127.83351873913985, 37.00046077084685], [127.83351873913985, 37.00046077084685], [127.8363284521429, 37.00045284279442], [127.83631852666763, 36.998199274031506], [127.83631852666763, 36.998199274031506], [127.83630860229621, 36.99594570440867], [127.83630860229621, 36.99594570440867], [127.8362986790285, 36.993692133925926], [127.83629867902853, 36.993692133925926], [127.83628875686442, 36.99143856258329], [127.83347937546367, 36.99144648805697], [127.83348921474105, 36.99370006004424], [127.83348921474102, 36.99370006004424], [127.83347937546367, 36.99144648805697], [127.83066999296868, 36.99145434704508], [127.83066999296868, 36.99145434704507], [127.83347937546367, 36.99144648805696], [127.83346953728054, 36.98919291520985], [127.83066023766318, 36.98920077355878], [127.83066999296868, 36.99145434704507], [127.82786060938865, 36.991462139547544], [127.82787028289216, 36.99371571280786], [127.82787028289216, 36.99371571280786], [127.82787995747158, 36.99596928520839], [127.82787995747158, 36.99596928520839], [127.82788963312709, 36.99822285674912], [127.82788963312709, 36.99822285674912], [127.82789930985878, 37.00047642743004], [127.83070902504208, 37.00046863239208], [127.83069926539574, 36.998215062345096], [127.83069926539574, 36.998215062345096], [127.83068950683482, 36.99596149143825], [127.83349905511275, 36.99595363117165], [127.83349905511275, 36.99595363117165], [127.83349905511275, 36.99595363117165]], [[127.83067974935916, 36.99370791967157], [127.83067974935916, 36.99370791967157], [127.83067974935916, 36.99370791967157], [127.83067974935916, 36.99370791967157], [127.83067974935916, 36.99370791967157]]], [[[127.82505122473282, 36.99146986556429], [127.8250608153492, 36.99372343945301], [127.82787028289216, 36.99371571280786], [127.82786060938865, 36.991462139547544], [127.82505122473282, 36.99146986556429]]], [[[127.82225134673955, 36.99373109960695], [127.8250608153492, 36.99372343945301], [127.82505122473282, 36.99146986556429], [127.8222418390104, 36.99147752509522], [127.82225134673955, 36.99373109960695]]], [[[127.81946072990092, 36.998245840949174], [127.82227036537046, 36.99823824605124], [127.8222608555262, 36.995984673258945], [127.81945130296246, 36.99599226753922], [127.81946072990092, 36.998245840949174]]], [[[127.82507999978225, 36.998230584651196], [127.82788963312709, 36.99822285674912], [127.82787995747158, 36.99596928520839], [127.82507040703231, 36.99597701248199], [127.82507999978225, 36.998230584651196]]], [[[127.82230841532609, 37.0072525286227], [127.82230841532609, 37.0072525286227], [127.82229890125016, 37.004998959269535], [127.81948901700788, 37.005006556020675], [127.81949844814113, 37.007260125991664], [127.81949844814113, 37.007260125991664], [127.81950788032339, 37.009513695102854], [127.82231793046027, 37.00950609711606], [127.82230841532609, 37.0072525286227]]], [[[127.8586474074501, 36.96658348265521], [127.8586474074501, 36.96658348265521], [127.85865797976174, 36.96883705810711], [127.86146652255081, 36.96882854119785], [127.86146652255081, 36.968828541197865], [127.86427506415487, 36.96881995785794], [127.86427506415487, 36.96881995785794], [127.86708360456463, 36.96881130808744], [127.86708360456463, 36.96881130808744], [127.86989214377095, 36.96880259188645], [127.86988124032327, 36.9665490192384], [127.86707278390074, 36.96655773473031], [127.86707278390074, 36.96655773473031], [127.86707278390074, 36.96655773473031], [127.86706196444017, 36.96430416051311], [127.86706196444017, 36.96430416051311], [127.86705114618277, 36.96205058543581], [127.86424285409721, 36.962059233095445], [127.86424285409721, 36.962059233095445], [127.8614345608178, 36.96206781434071], [127.86144521354399, 36.96432139081976], [127.85863683631415, 36.96432990634334], [127.8586474074501, 36.96658348265521]]], [[[127.8333613894498, 36.96440355714786], [127.8333613894498, 36.96440355714786], [127.83337121560464, 36.966657139451904], [127.83337121560464, 36.966657139451904], [127.83338104285232, 36.968910720896325], [127.83618959589248, 36.9689028018669], [127.83617968585938, 36.966649221066696], [127.83617968585938, 36.966649221066696], [127.83618959589248, 36.9689028018669], [127.83899814783045, 36.968894816406056], [127.83899814783045, 36.968894816406056], [127.84180669865701, 36.96888676451386], [127.84180669865701, 36.96888676451386], [127.844615248363, 36.9688786461904], [127.844615248363, 36.9688786461904], [127.84742379693917, 36.968870461435756], [127.84741355576574, 36.966616883266475], [127.84741355576574, 36.966616883266475], [127.8474033157312, 36.96436330423738], [127.84459493271558, 36.96437148766039], [127.84459493271558, 36.96437148766039], [127.84178654857044, 36.964379604663016], [127.84178654857044, 36.964379604663016], [127.83897816330496, 36.9643876552452], [127.83897816330496, 36.96438765524519], [127.83897816330496, 36.96438765524519], [127.83896817270899, 36.96213407337523], [127.83615986909923, 36.96214205688733], [127.83615986909923, 36.962142056887316], [127.83335156438768, 36.9621499739842], [127.8333613894498, 36.96440355714786]], [[127.83616977692834, 36.96439563940684], [127.83617968585938, 36.966649221066696], [127.83617968585938, 36.966649221066696], [127.83616977692834, 36.96439563940684], [127.83616977692834, 36.96439563940684]]], [[[127.8530304839225, 36.96660031581189], [127.85022202041817, 36.96660863275198], [127.85023234437635, 36.96886221025003], [127.8530408906653, 36.96885389263329], [127.8530408906653, 36.968853892633284], [127.85584943579684, 36.968845508585616], [127.85584943579684, 36.968845508585616], [127.85865797976174, 36.96883705810711], [127.8586474074501, 36.96658348265521], [127.8586474074501, 36.96658348265521], [127.85863683631415, 36.96432990634334], [127.85582845790873, 36.964338355446976], [127.85582845790873, 36.964338355446976], [127.85302007833698, 36.964346738130594], [127.8530304839225, 36.96660031581188], [127.85583894626954, 36.966591932446256], [127.85583894626954, 36.966591932446256], [127.8530304839225, 36.96660031581188], [127.8530304839225, 36.96660031581189]]], [[[127.84741355576574, 36.966616883266475], [127.84742379693917, 36.96887046143575], [127.85023234437635, 36.96886221025003], [127.85022202041817, 36.96660863275198], [127.84741355576574, 36.966616883266475]]], [[[127.86988124032327, 36.9665490192384], [127.86989214377095, 36.96880259188645], [127.87270068176461, 36.96879380925506], [127.87268969553327, 36.966540237321475], [127.86988124032327, 36.9665490192384]]], [[[127.83339087119299, 36.97116430148112], [127.83340070062675, 36.97341788120624], [127.83620941926533, 36.97340996088827], [127.83619950702774, 36.97115638180744], [127.83339087119299, 36.97116430148112]]], [[[127.83343019548789, 36.980178615223416], [127.83344002929533, 36.98243219150968], [127.8362490792413, 36.98242426861415], [127.83623916259319, 36.98017069297234], [127.83343019548789, 36.980178615223416]]], [[[127.84188734383747, 36.9869153695254], [127.83907813039816, 36.98692342665919], [127.83906812868508, 36.98466985338692], [127.84187725926556, 36.98466179690846], [127.84186717581515, 36.982408223431605], [127.8390581280843, 36.98241627925478], [127.83906812868508, 36.984669853386904], [127.83625899699234, 36.98467784339618], [127.8362490792413, 36.98242426861415], [127.83344002929533, 36.98243219150968], [127.8334498641965, 36.984685766936195], [127.83625899699234, 36.98467784339618], [127.83626891584646, 36.98693141731838], [127.83626891584646, 36.98693141731838], [127.83626891584646, 36.98693141731838], [127.83345970019153, 36.98693934150292], [127.83346953728054, 36.98919291520985], [127.83346953728054, 36.98919291520985], [127.83347937546367, 36.99144648805696], [127.83628875686442, 36.991438562583284], [127.83628875686442, 36.991438562583284], [127.83629867902853, 36.993692133925926], [127.83629867902853, 36.993692133925926], [127.83630860229621, 36.99594570440868], [127.83911814837596, 36.995937711149395], [127.83912815565243, 36.99819128012212], [127.84193778352413, 36.998183219711095], [127.84193778352413, 36.99818321971109], [127.84193778352413, 36.99818321971109], [127.8419478748278, 37.00043678716828], [127.84475758449126, 37.000428659594746], [127.8447474102736, 36.998175092798526], [127.84474741027357, 36.998175092798526], [127.84473723718742, 36.99592152514227], [127.84473723718742, 36.99592152514227], [127.84473723718742, 36.99592152514227], [127.84754677990068, 36.99591333239458], [127.84754677990068, 36.99591333239458], [127.85035632147336, 36.99590507315092], [127.8503459837278, 36.993651505972636], [127.84753652505043, 36.99365976454458], [127.84753652505043, 36.99365976454458], [127.84472706523262, 36.99366795662596], [127.84472706523262, 36.99366795662596], [127.84753652505046, 36.99365976454458], [127.84752627134068, 36.99140619583454], [127.84752627134068, 36.991406195834536], [127.84751601877122, 36.98915262626448], [127.8447067247166, 36.989160817013385], [127.84471689440906, 36.99141438724966], [127.84471689440906, 36.99141438724966], [127.84471689440906, 36.99141438724966], [127.8447067247166, 36.98916081701337], [127.84189742953102, 36.98916894128245], [127.84190751634632, 36.991422512179554], [127.84190751634632, 36.991422512179554], [127.84189742953102, 36.98916894128245], [127.83908813322365, 36.98917699907161], [127.83908813322365, 36.9891769990716], [127.83627883580377, 36.98918499038076], [127.83627883580377, 36.98918499038076], [127.83627883580377, 36.98918499038076], [127.83908813322365, 36.9891769990716], [127.83908813322365, 36.9891769990716], [127.84189742953102, 36.98916894128245], [127.84189742953102, 36.98916894128245], [127.8447067247166, 36.98916081701337], [127.84469655615513, 36.9869072459171], [127.84469655615513, 36.9869072459171], [127.8447067247166, 36.98916081701337], [127.84751601877122, 36.98915262626448], [127.84750576734197, 36.98689905583439], [127.84750576734197, 36.98689905583439], [127.84749551705278, 36.98464548454433], [127.84468638872454, 36.9846536739609], [127.84467622242464, 36.98240010114475], [127.84186717581515, 36.982408223431605], [127.84187725926556, 36.984661796908455], [127.84187725926556, 36.984661796908455], [127.84188734383747, 36.9869153695254], [127.84188734383747, 36.9869153695254], [127.84188734383747, 36.9869153695254]], [[127.84191760428354, 36.99367608221672], [127.84192769334278, 36.99592965139388], [127.84192769334278, 36.99592965139388], [127.84191760428354, 36.99367608221672], [127.84191760428354, 36.99367608221672]]], [[[127.84755703589151, 36.998166899384515], [127.85036666036873, 36.99815863946911], [127.85035632147336, 36.99590507315092], [127.84754677990068, 36.99591333239458], [127.84755703589151, 36.998166899384515]]], [[[127.83913816404193, 37.00044484823488], [127.8419478748278, 37.00043678716828], [127.84193778352413, 36.998183219711095], [127.83912815565243, 36.99819128012212], [127.83913816404193, 37.00044484823488]]], [[[127.83352858279544, 37.00271433939457], [127.83633837872212, 37.00270641069737], [127.8363284521429, 37.00045284279442], [127.83351873913985, 37.00046077084685], [127.83352858279544, 37.00271433939457]]], [[[127.84195796725389, 37.00269035376545], [127.8419478748278, 37.00043678716828], [127.83913816404196, 37.00044484823488], [127.83913816404193, 37.00044484823488], [127.8363284521429, 37.00045284279442], [127.83633837872212, 37.00270641069737], [127.83914817354466, 37.00269841548764], [127.83914817354467, 37.00269841548764], [127.84195796725389, 37.00269035376545]]], [[[127.83634830640543, 37.00495997774035], [127.8391581841607, 37.00495198188038], [127.83914817354466, 37.00269841548764], [127.83633837872209, 37.00270641069737], [127.83634830640543, 37.00495997774035]]]]}}, {"type": "Feature", "properties": {"rank": 3, "method": "BFS+Zoning", "n_grids": 148, "avg_micro": 77.32260677918973, "cluster_score": 135.3603326630097, "buildable_ha": 374.3749999999999, "final_score": 104.7419061648954, "avg_bcr": 0.40472972972972965, "center_lat": 37.07736492724794, "center_lon": 127.94267166436457}, "geometry": {"type": "MultiPolygon", "coordinates": [[[[127.92657878829634, 37.06100942663081], [127.92656617180211, 37.058755904617676], [127.92375433980628, 37.05876598213357], [127.9237668731414, 37.0610195049658], [127.92657878829634, 37.06100942663081]]], [[[127.92659140619402, 37.0632629477821], [127.92660402549534, 37.065516468071515], [127.92941610559247, 37.06550632143706], [127.92941610559247, 37.06550632143706], [127.92941610559247, 37.06550632143706], [127.92941610559247, 37.06550632143706], [127.92660402549534, 37.06551646807152], [127.92660402549534, 37.06551646807152], [127.92379194399442, 37.06552654804485], [127.92380448151263, 37.06778006829164], [127.92661664620043, 37.067769987499084], [127.92661664620043, 37.067769987499084], [127.92661664620043, 37.067769987499084], [127.92662926830944, 37.07002350606473], [127.92662926830944, 37.07002350606473], [127.92664189182258, 37.07227702376845], [127.92382956073327, 37.07228710619964], [127.92384210243603, 37.07454062386083], [127.92665451673997, 37.074530540610255], [127.92665451673997, 37.074530540610255], [127.92946692963947, 37.074520390676874], [127.92947963918502, 37.076773905831885], [127.93229213389439, 37.07676368838554], [127.9322793411253, 37.07451017406081], [127.9322793411253, 37.07451017406081], [127.93229213389439, 37.07676368838554], [127.93510462718066, 37.0767534042512], [127.93510462718066, 37.0767534042512], [127.93229213389439, 37.07676368838554], [127.93230492808662, 37.07901720184822], [127.93511750460554, 37.07900691687813], [127.93511750460554, 37.07900691687813], [127.93793007969191, 37.07899656521472], [127.93791711903457, 37.07674305342895], [127.94072960944683, 37.076732635918894], [127.94354209840823, 37.07672215172115], [127.94354209840823, 37.07672215172115], [127.94635458590949, 37.07671160083582], [127.94635458590949, 37.07671160083582], [127.94916707194135, 37.07670098326304], [127.94915377983436, 37.074447474033704], [127.94915377983436, 37.074447474033704], [127.94914048920589, 37.07219396394202], [127.94632816960986, 37.072204579789314], [127.94631496366372, 37.06995106797263], [127.94350272580287, 37.06996161628602], [127.94350272580287, 37.06996161628602], [127.94350272580287, 37.06996161628602], [127.94348960452056, 37.067708102749876], [127.94067744839522, 37.06771858354014], [127.9406904864824, 37.069972097928094], [127.9406904864824, 37.069972097928094], [127.94070352601995, 37.07222561145386], [127.94070352601995, 37.07222561145386], [127.94071656700802, 37.07447912411748], [127.94352897274653, 37.074468640771684], [127.94352897274653, 37.074468640771684], [127.94071656700802, 37.07447912411748], [127.93790415981881, 37.07448954078101], [127.93790415981881, 37.07448954078101], [127.93509175118815, 37.074499890762155], [127.93509175118815, 37.074499890762155], [127.9322793411253, 37.07451017406081], [127.9322793411253, 37.074510174060805], [127.93509175118815, 37.07449989076214], [127.93509175118815, 37.074499890762155], [127.93790415981881, 37.07448954078101], [127.93789120204454, 37.07223602727092], [127.94070352601995, 37.07222561145386], [127.9406904864824, 37.06997209792809], [127.93787824571153, 37.06998251289871], [127.93789120204453, 37.07223602727092], [127.93507887662786, 37.072246376411016], [127.93507887662786, 37.07224637641101], [127.93226654977911, 37.07225665887403], [127.93226654977911, 37.07225665887403], [127.93226654977911, 37.07225665887403], [127.93225375985571, 37.07000314282523], [127.93506600349957, 37.06999286119779], [127.93505313180314, 37.06773934512251], [127.93224097135491, 37.0677496259144], [127.93225375985571, 37.07000314282523], [127.93225375985571, 37.07000314282523], [127.93224097135491, 37.0677496259144], [127.92942880948428, 37.06775984003996], [127.92942880948428, 37.06775984003996], [127.92942880948428, 37.06775984003996], [127.92942880948428, 37.067759840039955], [127.93224097135491, 37.0677496259144], [127.9322281842766, 37.06549610814157], [127.9322281842766, 37.06549610814157], [127.93221539862053, 37.063242589506785], [127.92940340311371, 37.06325280197225], [127.92940340311371, 37.06325280197224], [127.92939070204781, 37.06099928164552], [127.92657878829634, 37.06100942663081], [127.92657878829634, 37.06100942663081], [127.9237668731414, 37.061019504965806], [127.92377940787074, 37.06327302693622], [127.92659140619402, 37.0632629477821]], [[127.9294542215076, 37.07226687465988], [127.9294542215076, 37.07226687465988], [127.92944151478925, 37.07001335778091], [127.92944151478925, 37.07001335778091], [127.9294542215076, 37.07226687465988], [127.9294542215076, 37.07226687465988], [127.92946692963947, 37.074520390676874], [127.92946692963947, 37.074520390676874], [127.9294542215076, 37.07226687465988]], [[127.9435158485448, 37.07221512895996], [127.9435158485448, 37.07221512895996], [127.9435158485448, 37.07221512895996], [127.9435158485448, 37.07221512895996], [127.9435158485448, 37.07221512895996]], [[127.94634137702505, 37.074458090743725], [127.94634137702505, 37.074458090743725], [127.94632816960986, 37.07220457978932], [127.94632816960986, 37.07220457978932], [127.94634137702505, 37.074458090743725], [127.94634137702505, 37.074458090743725]]], [[[127.90973151575696, 37.065575947990965], [127.90691942602768, 37.06558562799537], [127.90691942602768, 37.06558562799537], [127.90410733495936, 37.065595241337945], [127.90411929016501, 37.06784876716772], [127.90693146442129, 37.067839153043835], [127.90693146442129, 37.067839153043835], [127.90974363733841, 37.0678294722527], [127.90973151575696, 37.065575947990965]]], [[[127.90411929016501, 37.067848767167725], [127.90410733495936, 37.06559524133796], [127.9012952425613, 37.06560478801858], [127.90130711457881, 37.06785831462426], [127.90411929016501, 37.067848767167725]]], [[[127.89851851926477, 37.0723748475813], [127.89851851926477, 37.0723748475813], [127.89853031202867, 37.07462837237309], [127.89853031202867, 37.07462837237309], [127.89854210610441, 37.076881896303384], [127.89854210610441, 37.076881896303384], [127.8985539014922, 37.07913541937218], [127.90136649447932, 37.07912593473003], [127.90135461585697, 37.07687241243194], [127.90135461585697, 37.07687241243194], [127.90134273855591, 37.07461888927231], [127.90134273855591, 37.07461888927231], [127.90133086257597, 37.07236536525114], [127.90133086257597, 37.07236536525114], [127.90131898791698, 37.070111840368455], [127.90413124670057, 37.07010229213597], [127.90411929016501, 37.067848767167725], [127.90130711457881, 37.06785831462426], [127.90130711457881, 37.06785831462426], [127.89849493767196, 37.06786779541334], [127.89850672781259, 37.07012132192805], [127.90131898791698, 37.070111840368455], [127.90131898791698, 37.070111840368455], [127.89850672781259, 37.07012132192805], [127.89851851926477, 37.0723748475813]]], [[[127.9153802684417, 37.07006343247933], [127.91256801503391, 37.070073247402306], [127.91258022251853, 37.072326769148525], [127.91258022251853, 37.072326769148525], [127.91259243136115, 37.07458029003305], [127.91540485119025, 37.07457047351471], [127.91540485119025, 37.07457047351471], [127.91540485119025, 37.07457047351471], [127.91541714461555, 37.07682399273977], [127.91822964630158, 37.076814108735036], [127.91822964630158, 37.07681410873502], [127.92104214661083, 37.07680415804178], [127.92102968673694, 37.07455064042849], [127.92102968673694, 37.07455064042849], [127.92384210243603, 37.074540623860834], [127.92385464553398, 37.076794140660105], [127.92666714306179, 37.07678405659011], [127.92665451673997, 37.074530540610255], [127.92384210243603, 37.07454062386083], [127.92382956073327, 37.07228710619965], [127.92101722824899, 37.07229712195335], [127.92101722824899, 37.07229712195335], [127.91820489437893, 37.07230707102946], [127.91821726965193, 37.074560590313155], [127.91821726965193, 37.074560590313155], [127.9182048943789, 37.07230707102946], [127.9182048943789, 37.07230707102946], [127.91819252048239, 37.070053550884], [127.9181925204824, 37.070053550884], [127.91818014796225, 37.06780002987673], [127.91536797911814, 37.06780991066904], [127.9153802684417, 37.07006343247933], [127.9153802684417, 37.07006343247933], [127.9153802684417, 37.07006343247933]]], [[[127.90974363733841, 37.06782947225271], [127.90693146442129, 37.06783915304385], [127.90693146442129, 37.06783915304385], [127.90411929016501, 37.067848767167725], [127.90413124670057, 37.07010229213597], [127.90694350415409, 37.07009267723073], [127.90694350415409, 37.07009267723073], [127.9097557602683, 37.070082995652804], [127.90974363733841, 37.06782947225271]]], [[[127.90414320456621, 37.07235581624266], [127.90133086257597, 37.07236536525114], [127.90134273855591, 37.07461888927231], [127.90134273855591, 37.07461888927231], [127.90135461585697, 37.076872412431946], [127.90416712428829, 37.076862861871376], [127.90415516376206, 37.07460933948781], [127.90415516376206, 37.07460933948781], [127.90416712428829, 37.07686286187137], [127.90697963138904, 37.07685324462176], [127.90697963138904, 37.07685324462176], [127.90979213714999, 37.07684356068322], [127.90979213714999, 37.07684356068322], [127.91260464156193, 37.07683381005586], [127.91259243136115, 37.07458029003305], [127.91259243136115, 37.07458029003305], [127.91258022251853, 37.072326769148525], [127.90976788454674, 37.07233651819126], [127.90976788454674, 37.07233651819126], [127.90695554522621, 37.072346200556005], [127.90695554522621, 37.072346200556005], [127.90414320456621, 37.07235581624266], [127.90414320456621, 37.07235581624266]]], [[[127.92947963918502, 37.076773905831885], [127.92946692963947, 37.07452039067689], [127.92665451673997, 37.074530540610255], [127.92666714306179, 37.07678405659011], [127.92947963918502, 37.076773905831885]]], [[[127.91541714461555, 37.07682399273977], [127.91540485119025, 37.07457047351472], [127.91259243136115, 37.074580290033055], [127.91260464156193, 37.076833810055874], [127.91541714461555, 37.07682399273977]]], [[[127.91822964630158, 37.07681410873504], [127.91541714461555, 37.07682399273977], [127.91542943940841, 37.07907751110304], [127.9182420243281, 37.0790676262951], [127.91822964630158, 37.07681410873504]]], [[[127.9463677962633, 37.078965110065624], [127.94635458590949, 37.07671160083582], [127.94354209840823, 37.07672215172115], [127.94355522553008, 37.07897566180837], [127.9463677962633, 37.078965110065624]]], [[[127.93511750460554, 37.079006916878136], [127.93230492808662, 37.07901720184822], [127.93231772370213, 37.08127071444878], [127.93513038346295, 37.08126042864292], [127.93511750460554, 37.079006916878136]]], [[[127.9435946156581, 37.08573618689617], [127.94078179371255, 37.0857466745022], [127.94079484340745, 37.088000181992335], [127.94360774862218, 37.087989693534126], [127.94360774862218, 37.087989693534126], [127.94642065237596, 37.08797913836124], [127.94640743614285, 37.0857256325809], [127.94640743614285, 37.0857256325809], [127.9463942213798, 37.08347212593819], [127.94358148415483, 37.08348267939589], [127.9435946156581, 37.08573618689617], [127.9435946156581, 37.08573618689617], [127.94358148415483, 37.08348267939589], [127.94076874546921, 37.08349316614976], [127.94078179371255, 37.0857466745022], [127.9435946156581, 37.08573618689617], [127.9435946156581, 37.08573618689617]]], [[[127.94923355465947, 37.08796851647378], [127.94923355465947, 37.08796851647378], [127.95204645546347, 37.08795782787186], [127.95204645546347, 37.08795782787186], [127.95485935477869, 37.087947072555586], [127.95485935477869, 37.08794707255559], [127.95204645546347, 37.08795782787187], [127.95205983972288, 37.090211331058185], [127.95487282231586, 37.09020057486799], [127.95487282231586, 37.09020057486799], [127.95205983972288, 37.09021133105819], [127.95204645546347, 37.08795782787187], [127.94923355465947, 37.08796851647379], [127.94923355465947, 37.08796851647379], [127.94642065237596, 37.08797913836125], [127.94643387007933, 37.09023264327915], [127.94924685564094, 37.09022202052862], [127.94924685564094, 37.09022202052862], [127.95205983972288, 37.09021133105819], [127.95207322547124, 37.092464833381996], [127.95207322547124, 37.092464833381996], [127.95208661270873, 37.094718334843236], [127.95489976188504, 37.09470757690503], [127.95489976188504, 37.09470757690503], [127.9577129095628, 37.094696752236324], [127.9577129095628, 37.09469675223631], [127.96052605573273, 37.09468586083721], [127.9605124186069, 37.09243236201431], [127.9605124186069, 37.09243236201431], [127.96049878299794, 37.0901788623287], [127.96049878299794, 37.0901788623287], [127.96049878299794, 37.0901788623287], [127.96049878299794, 37.0901788623287], [127.9605124186069, 37.09243236201431], [127.96332547996397, 37.0924214047752], [127.96331176106851, 37.09016790597984], [127.96331176106854, 37.09016790597984], [127.96332547996397, 37.0924214047752], [127.96613853979485, 37.09241038081136], [127.9661247376131, 37.09015688291164], [127.96612473761307, 37.09015688291164], [127.96611093696657, 37.08790338414913], [127.96611093696657, 37.08790338414913], [127.96609713785516, 37.08564988452385], [127.96609713785516, 37.08564988452385], [127.96608334027866, 37.08339638403582], [127.9632706135375, 37.08340740441735], [127.9632706135375, 37.08340740441734], [127.96045788527088, 37.083418358095805], [127.96045788527088, 37.0834183580958], [127.9632706135375, 37.083407404417336], [127.963256900745, 37.08115390217113], [127.96044425572785, 37.08116485495957], [127.96044425572785, 37.08116485495957], [127.96044425572785, 37.08116485495957], [127.96043062770083, 37.07891135096072], [127.96043062770083, 37.07891135096072], [127.96041700118971, 37.076657846099266], [127.957604521128, 37.07666873042088], [127.957604521128, 37.07666873042087], [127.95479203955986, 37.076679548055445], [127.95479203955986, 37.07667954805545], [127.95197955649458, 37.07669029900287], [127.95199293331183, 37.07894380650158], [127.95199293331183, 37.07894380650158], [127.95200631161718, 37.081197313137864], [127.95481896115467, 37.081186560443044], [127.95483242419826, 37.08344006534308], [127.95201969141078, 37.083450818911665], [127.95203307269283, 37.085704323823], [127.95203307269283, 37.085704323823], [127.95203307269283, 37.085704323823], [127.9492202551575, 37.08571501155647], [127.9492202551575, 37.08571501155647], [127.94640743614285, 37.0857256325809], [127.94642065237596, 37.08797913836124], [127.94923355465947, 37.08796851647378]], [[127.96048514890575, 37.0879253617804], [127.96047151633013, 37.08567186036943], [127.9576587032884, 37.08568274822938], [127.9576587032884, 37.08568274822938], [127.95484588873954, 37.08569356938062], [127.95484588873954, 37.0856935693806], [127.9576587032884, 37.085682748229374], [127.9576587032884, 37.08568274822937], [127.96047151633013, 37.08567186036942], [127.96047151633013, 37.08567186036942], [127.96328432785546, 37.08566090580089], [127.96328432785546, 37.08566090580089], [127.96328432785546, 37.08566090580089], [127.96329804369908, 37.08791440632172], [127.96329804369908, 37.08791440632172], [127.96331176106851, 37.09016790597984], [127.96331176106851, 37.09016790597984], [127.96329804369908, 37.08791440632172], [127.96048514890575, 37.0879253617804]], [[127.95484588873954, 37.0856935693806], [127.95483242419826, 37.08344006534308], [127.95483242419826, 37.08344006534308], [127.95484588873954, 37.0856935693806], [127.95484588873954, 37.0856935693806]], [[127.95763160919464, 37.081175741050245], [127.95763160919464, 37.081175741050245], [127.95764515548804, 37.08342924507108], [127.95764515548804, 37.08342924507108], [127.95763160919464, 37.08117574105025], [127.95763160919464, 37.08117574105025], [127.95763160919464, 37.081175741050245]], [[127.9548054996086, 37.07893305468049], [127.95761806440801, 37.07892223616683], [127.95761806440801, 37.07892223616683], [127.9548054996086, 37.0789330546805], [127.9548054996086, 37.07893305468049]], [[127.95768580341064, 37.09018975195812], [127.95487282231588, 37.09020057486799], [127.95485935477869, 37.08794707255559], [127.95767225259587, 37.08793625052507], [127.95768580341064, 37.09018975195812], [127.95768580341064, 37.09018975195812], [127.95768580341064, 37.09018975195812]]], [[[127.9547785810083, 37.07442604056792], [127.9547785810083, 37.07442604056792], [127.95759097935438, 37.07441522381238], [127.95759097935438, 37.074415223812395], [127.96040337619425, 37.07440434037524], [127.96040337619425, 37.07440434037524], [127.96321577151856, 37.074393390256596], [127.96321577151856, 37.074393390256596], [127.96602816531815, 37.07438237345654], [127.96601437541351, 37.07212886865502], [127.96601437541351, 37.07212886865502], [127.96600058704273, 37.0698753629909], [127.96600058704273, 37.0698753629909], [127.96598680020561, 37.06762185646413], [127.96317465601501, 37.06763287057863], [127.96317465601501, 37.06763287057861], [127.96036251030019, 37.06764381802795], [127.96037613074967, 37.069897326339586], [127.96037613074967, 37.069897326339586], [127.96037613074967, 37.069897326339586], [127.95756390032575, 37.06990820800797], [127.95757743908705, 37.07216171634141], [127.95757743908705, 37.07216171634141], [127.95757743908705, 37.07216171634141], [127.95476512395372, 37.072172532217955], [127.95476512395372, 37.072172532217955], [127.9519528073236, 37.0721832814182], [127.9519528073236, 37.0721832814182], [127.95195280732356, 37.0721832814182], [127.95193943496952, 37.06992977133231], [127.94912720005568, 37.06994045298803], [127.94914048920589, 37.07219396394203], [127.94914048920589, 37.07219396394203], [127.94915377983439, 37.074447474033704], [127.9519661811652, 37.074436790641734], [127.9519661811652, 37.074436790641734], [127.9547785810083, 37.07442604056792]]], [[[127.95479203955986, 37.07667954805544], [127.95479203955986, 37.07667954805544], [127.957604521128, 37.07666873042087], [127.9575909793544, 37.074415223812395], [127.9547785810083, 37.07442604056792], [127.9547785810083, 37.07442604056792], [127.9519661811652, 37.074436790641734], [127.95197955649458, 37.07669029900286], [127.95479203955986, 37.07667954805544]]], [[[127.94918036552697, 37.07895449162999], [127.95199293331183, 37.07894380650157], [127.95197955649458, 37.07669029900287], [127.95197955649458, 37.07669029900286], [127.9519661811652, 37.07443679064174], [127.94915377983436, 37.07444747403371], [127.94916707194135, 37.07670098326304], [127.94916707194135, 37.07670098326304], [127.94918036552697, 37.07895449162999]]], [[[127.96041700118971, 37.076657846099266], [127.96041700118971, 37.076657846099266], [127.96041700118971, 37.076657846099266], [127.96043062770083, 37.07891135096072], [127.96324318947781, 37.078900399062256], [127.96322947973573, 37.076646895090725], [127.96322947973573, 37.076646895090725], [127.96321577151856, 37.074393390256596], [127.96040337619425, 37.074404340375246], [127.96040337619425, 37.074404340375246], [127.9575909793544, 37.074415223812395], [127.957604521128, 37.07666873042087], [127.96041700118971, 37.076657846099266]]], [[[127.9633803708093, 37.10143539132893], [127.9633803708093, 37.10143539132893], [127.96339409733743, 37.10368888581031], [127.96620757373896, 37.10367785736739], [127.96620757373896, 37.10367785736739], [127.96902104860415, 37.10366676217272], [127.96900715541088, 37.101413269488596], [127.96900715541088, 37.101413269488596], [127.96899326376304, 37.09915977594152], [127.96617995555354, 37.09917086933357], [127.96619376387818, 37.10142436378191], [127.96619376387815, 37.10142436378191], [127.96619376387815, 37.10142436378191], [127.96619376387815, 37.10142436378191], [127.96617995555354, 37.09917086933357], [127.96617995555354, 37.09917086933357], [127.96616614876491, 37.09691737402235], [127.96616614876491, 37.09691737402235], [127.96615234351208, 37.09466387784828], [127.96333920038558, 37.09467490270784], [127.96335292233356, 37.096928399777674], [127.96335292233356, 37.096928399777674], [127.96336664580807, 37.099181895984714], [127.96336664580807, 37.099181895984714], [127.96335292233356, 37.09692839977768], [127.96053969437567, 37.09693935879741], [127.96055333453589, 37.099192855894835], [127.96055333453589, 37.099192855894835], [127.96056697621356, 37.10144635212951], [127.9633803708093, 37.101435391328934], [127.9633803708093, 37.10143539132893]]], [[[127.96872961584667, 37.05634323461421], [127.9687157550697, 37.05408972381238], [127.96590411137971, 37.05410079918967], [127.96591788901861, 37.056354310891734], [127.96872961584667, 37.05634323461421]]], [[[127.96594544889437, 37.06086133170834], [127.9659592311316, 37.063114840822834], [127.9659592311316, 37.063114840822834], [127.96597301490195, 37.06536834907477], [127.96878507437474, 37.06535726919576], [127.96877120742934, 37.06310376184426], [127.96877120742934, 37.06310376184426], [127.96875734202632, 37.06085025363017], [127.96875734202632, 37.06085025363017], [127.96874347816548, 37.05859674455348], [127.96874347816548, 37.05859674455348], [127.96874347816548, 37.05859674455348], [127.97155528659884, 37.05858560073242], [127.9715413411329, 37.05633209169886], [127.96872961584667, 37.05634323461421], [127.96872961584667, 37.05634323461422], [127.96591788901861, 37.056354310891734], [127.96593166819011, 37.0586078217313], [127.96593166819011, 37.0586078217313], [127.96594544889437, 37.06086133170834], [127.96594544889437, 37.06086133170834]]], [[[127.9659592311316, 37.063114840822834], [127.96594544889437, 37.06086133170834], [127.96313355422949, 37.060872343137724], [127.96314725330073, 37.06312585314719], [127.96314725330073, 37.06312585314719], [127.96316095389584, 37.06537936229416], [127.96597301490195, 37.06536834907477], [127.9659592311316, 37.063114840822834], [127.9659592311316, 37.063114840822834]]], [[[127.96597301490195, 37.06536834907477], [127.96316095389587, 37.06537936229416], [127.96317465601501, 37.06763287057861], [127.96598680020561, 37.06762185646413], [127.96597301490195, 37.06536834907477]]], [[[127.96884055758373, 37.074371289975204], [127.96882668446702, 37.07211778607435], [127.96601437541354, 37.07212886865502], [127.96602816531815, 37.07438237345654], [127.96884055758373, 37.074371289975204]]], [[[127.96604195675683, 37.076635877395375], [127.96322947973573, 37.076646895090725], [127.96324318947781, 37.07890039906225], [127.96605574972966, 37.078889380471566], [127.96604195675683, 37.076635877395375]]], [[[127.96613853979485, 37.09241038081137], [127.96895159809031, 37.09239929012287], [127.96895159809031, 37.09239929012287], [127.97176465484102, 37.092388132709864], [127.97175068608715, 37.09013463661773], [127.96893771262238, 37.09014579312424], [127.96893771262238, 37.09014579312424], [127.9661247376131, 37.09015688291166], [127.96613853979485, 37.09241038081137]]], [[[127.96333920038558, 37.09467490270783], [127.96332547996397, 37.0924214047752], [127.9605124186069, 37.09243236201431], [127.96052605573273, 37.09468586083722], [127.96052605573273, 37.09468586083722], [127.96053969437567, 37.0969393587974], [127.96335292233356, 37.096928399777674], [127.96333920038558, 37.09467490270783], [127.96333920038558, 37.09467490270783]]]]}}, {"type": "Feature", "properties": {"rank": 4, "method": "BFS+Zoning", "n_grids": 45, "avg_micro": 75.93400238085644, "cluster_score": 119.54261211832372, "buildable_ha": 108.74999999999997, "final_score": 93.6695017836152, "avg_bcr": 0.38666666666666655, "center_lat": 37.09334818022047, "center_lon": 127.92304036384154}, "geometry": {"type": "MultiPolygon", "coordinates": [[[[127.90982852617314, 37.08360411795842], [127.90982852617314, 37.08360411795842], [127.90982852617314, 37.08360411795842], [127.9070157706821, 37.08361380425799], [127.90702781979343, 37.08586732241336], [127.90984065854636, 37.0858576353267], [127.90984065854636, 37.0858576353267], [127.91265349594963, 37.08584788152953], [127.91264128031469, 37.08359436495379], [127.91264128031469, 37.08359436495379], [127.91262906603853, 37.08134084751625], [127.90981639514946, 37.081350599728424], [127.90981639514946, 37.081350599728424], [127.90700372291104, 37.081360285240926], [127.9070157706821, 37.08361380425799], [127.90982852617314, 37.08360411795842], [127.90982852617314, 37.08360411795842]]], [[[127.91546633199395, 37.085838061021946], [127.91547863225867, 37.088091575937895], [127.91829155020547, 37.088081687916606], [127.91829155020547, 37.088081687916606], [127.92110446677464, 37.08807173317968], [127.92109199996875, 37.08581821987596], [127.91827916667009, 37.08582817380407], [127.91827916667009, 37.08582817380407], [127.91826678451218, 37.083574658829626], [127.91545403309746, 37.08358454524415], [127.91545403309746, 37.08358454524414], [127.91264128031469, 37.08359436495379], [127.91265349594963, 37.08584788152953], [127.91546633199395, 37.08583806102194], [127.91546633199395, 37.085838061021946], [127.91546633199395, 37.085838061021946]]], [[[127.90984065854636, 37.085857635326704], [127.90702781979343, 37.085867322413364], [127.90703987024516, 37.088120839706995], [127.90985279226923, 37.088111151833196], [127.90985279226923, 37.088111151833196], [127.91266571294351, 37.088101397243456], [127.91265349594963, 37.08584788152953], [127.90984065854636, 37.085857635326704], [127.90984065854636, 37.085857635326704]]], [[[127.91266571294351, 37.088101397243456], [127.91547863225867, 37.088091575937895], [127.91546633199395, 37.085838061021946], [127.91265349594963, 37.08584788152953], [127.91266571294351, 37.088101397243456]]], [[[127.90986492734197, 37.09036466747791], [127.91267793129647, 37.090354912095556], [127.91266571294351, 37.088101397243456], [127.90985279226926, 37.088111151833196], [127.90986492734197, 37.09036466747791]]], [[[127.90987706376465, 37.092618182260786], [127.90986492734197, 37.09036466747791], [127.90986492734197, 37.09036466747791], [127.90985279226923, 37.088111151833196], [127.90703987024516, 37.088120839706995], [127.9042269468805, 37.088130460864775], [127.90423891539224, 37.09038397807846], [127.90705192203745, 37.0903743561389], [127.90706397517047, 37.09262787170903], [127.90987706376465, 37.092618182260786]]], [[[127.91831632140924, 37.092588713555855], [127.92112940454723, 37.09257875720114], [127.92111693496743, 37.0903252456214], [127.91830393511846, 37.0903352011672], [127.91831632140924, 37.092588713555855]]], [[[127.92109199996875, 37.08581821987596], [127.92109199996875, 37.08581821987596], [127.92110446677464, 37.088071733179675], [127.92111693496743, 37.0903252456214], [127.92112940454723, 37.09257875720113], [127.92394248629803, 37.09256873412004], [127.92394248629803, 37.09256873412004], [127.92394248629803, 37.09256873412004], [127.92395504056319, 37.094822244023376], [127.92676820421548, 37.09481215339621], [127.92678084318453, 37.097065661617606], [127.92959408873801, 37.09705550343357], [127.92958136646189, 37.09480199603747], [127.92958136646189, 37.09480199603747], [127.92958136646189, 37.09480199603747], [127.93239452729313, 37.09479177194724], [127.93238172313451, 37.09253826451961], [127.93238172313451, 37.09253826451961], [127.93236892040014, 37.0902847562298], [127.93236892040017, 37.0902847562298], [127.9323561190899, 37.08803124707778], [127.92954320812385, 37.08804146867618], [127.92955592615496, 37.09029497865875], [127.92955592615496, 37.09029497865875], [127.92954320812383, 37.08804146867618], [127.92673029574308, 37.088051623559366], [127.92673029574308, 37.088051623559366], [127.92391738195695, 37.08806171172723], [127.92392993342933, 37.09031522335466], [127.92392993342933, 37.09031522335466], [127.92392993342933, 37.09031522335466], [127.92391738195695, 37.08806171172723], [127.92390483188072, 37.08580819923776], [127.92390483188072, 37.08580819923776], [127.92389228320046, 37.083554685886305], [127.92107953454959, 37.083564705710316], [127.92109199996875, 37.08581821987596]]], [[[127.92114187551425, 37.094832267918854], [127.92395504056319, 37.09482224402338], [127.92394248629803, 37.09256873412005], [127.92112940454723, 37.09257875720114], [127.92114187551425, 37.094832267918854]]], [[[127.92678084318453, 37.097065661617606], [127.92679348355965, 37.099319168976855], [127.92960681242948, 37.0993090099675], [127.92960681242948, 37.0993090099675], [127.9324201398838, 37.09929878421582], [127.93240733287617, 37.09704527851266], [127.92959408873801, 37.09705550343357], [127.92959408873801, 37.09705550343357], [127.92678084318453, 37.097065661617606]]], [[[127.92968318430943, 37.11283003106381], [127.93249701185553, 37.1128198003266], [127.93248419629681, 37.1105662997973], [127.93248419629681, 37.1105662997973], [127.9324713821637, 37.10831279840564], [127.93528504155005, 37.108302502566566], [127.93527214548925, 37.10604900114895], [127.932458569456, 37.10605929615165], [127.932458569456, 37.10605929615164], [127.93527214548925, 37.10604900114894], [127.93525925086298, 37.10379549886894], [127.93244575817359, 37.103805793035335], [127.93244575817359, 37.103805793035335], [127.93525925086298, 37.10379549886894], [127.93524635767109, 37.10154199572659], [127.93524635767108, 37.10154199572659], [127.93523346591338, 37.09928849172193], [127.9324201398838, 37.09929878421582], [127.9324201398838, 37.09929878421582], [127.92960681242948, 37.0993090099675], [127.92961953753644, 37.10156251563919], [127.92961953753644, 37.10156251563919], [127.92963226405907, 37.10381602044865], [127.92963226405907, 37.10381602044865], [127.92964499199749, 37.10606952439586], [127.932458569456, 37.10605929615164], [127.932458569456, 37.10605929615164], [127.92964499199749, 37.10606952439586], [127.92965772135194, 37.108323027480814], [127.9324713821637, 37.10831279840564], [127.9324713821637, 37.10831279840564], [127.92965772135194, 37.108323027480814], [127.92967045212251, 37.110576529703465], [127.92967045212251, 37.110576529703465], [127.92968318430943, 37.11283003106381]]], [[[127.92958136646189, 37.09480199603747], [127.92959408873801, 37.09705550343357], [127.93240733287617, 37.09704527851266], [127.93239452729313, 37.09479177194724], [127.92958136646189, 37.09480199603747]]], [[[127.93524635767109, 37.1015419957266], [127.93525925086298, 37.10379549886895], [127.93807274211802, 37.10378513794961], [127.93805976559175, 37.101531635648946], [127.93524635767109, 37.1015419957266]]]]}}, {"type": "Feature", "properties": {"rank": 5, "method": "BFS+Zoning", "n_grids": 31, "avg_micro": 74.99036827144269, "cluster_score": 113.97489002381955, "buildable_ha": 76.25000000000003, "final_score": 89.7720963174623, "avg_bcr": 0.3935483870967743, "center_lat": 36.94597045741594, "center_lon": 127.77862055039049}, "geometry": {"type": "MultiPolygon", "coordinates": [[[[127.77148061359283, 36.93751773458457], [127.77148061359283, 36.93751773458457], [127.7714726201092, 36.93526412831198], [127.76866528511462, 36.935270511601914], [127.76867319593897, 36.937524118393995], [127.76867319593897, 36.937524118393995], [127.76868110764315, 36.9397777243275], [127.76587360644098, 36.939784042293496], [127.76588143634726, 36.94203764788253], [127.76868902022719, 36.94203132940237], [127.76868110764315, 36.9397777243275], [127.76868110764315, 36.9397777243275], [127.76868902022719, 36.94203132940237], [127.7714966032271, 36.94202494455385], [127.77150459937796, 36.94427854825049], [127.77431226417544, 36.94427209650868], [127.77431226417544, 36.944272096508676], [127.77431226417544, 36.944272096508676], [127.77432034391153, 36.94652569882161], [127.77712809050635, 36.94651918017576], [127.77711992807446, 36.94426557839325], [127.77711992807446, 36.94426557839325], [127.77711176655023, 36.942011975752], [127.77711176655023, 36.942011975752], [127.77711176655023, 36.942011975752], [127.77711176655023, 36.942011975752], [127.77711992807446, 36.94426557839325], [127.77711992807446, 36.94426557839325], [127.77712809050635, 36.94651918017576], [127.77993583619342, 36.946512595150956], [127.77992759106579, 36.94425899390428], [127.77992759106579, 36.94425899390426], [127.77991934685507, 36.94200539179881], [127.77991934685507, 36.94200539179881], [127.77991110356106, 36.93975178883459], [127.77710360593359, 36.93975837225201], [127.7770954462244, 36.93750476789332], [127.77428803035771, 36.93751128441766], [127.77428803035771, 36.93751128441766], [127.7770954462244, 36.93750476789332], [127.77708728742257, 36.93525116267592], [127.77427995421492, 36.935257678669956], [127.77427995421492, 36.935257678669956], [127.77427995421492, 36.935257678669956], [127.77427187897018, 36.93300407206362], [127.77146462751443, 36.93301052118076], [127.7714726201092, 36.93526412831198], [127.7714726201092, 36.93526412831198], [127.77148061359283, 36.93751773458457]], [[127.77148061359283, 36.937517734584574], [127.77148860796541, 36.93977133999853], [127.77148860796541, 36.93977133999853], [127.77148061359283, 36.937517734584574], [127.77148061359283, 36.937517734584574]], [[127.77428803035771, 36.93751128441766], [127.77429610739864, 36.93976488930668], [127.77429610739864, 36.93976488930668], [127.77428803035768, 36.93751128441766], [127.77428803035771, 36.93751128441766]]], [[[127.77992759106581, 36.944258993904285], [127.77993583619342, 36.94651259515096], [127.77993583619342, 36.94651259515096], [127.77993583619342, 36.946512595150956], [127.77712809050635, 36.94651918017576], [127.77713625384601, 36.94877278109949], [127.779944082238, 36.94876619553884], [127.779944082238, 36.94876619553884], [127.779944082238, 36.94876619553884], [127.77995232919967, 36.95101979506791], [127.78276023938858, 36.951013142581665], [127.78275190971291, 36.94875954359389], [127.78275190971289, 36.94875954359389], [127.7827435809635, 36.94650594374727], [127.7827435809635, 36.94650594374727], [127.78273525314029, 36.94425234304181], [127.77992759106581, 36.944258993904285]]], [[[127.78276856999067, 36.95326674071056], [127.78276856999067, 36.95326674071056], [127.78277690151921, 36.95552033798059], [127.78558497623712, 36.95551361801124], [127.78558497623712, 36.95551361801124], [127.78558497623712, 36.95551361801124], [127.78558497623712, 36.95551361801124], [127.78277690151921, 36.95552033798059], [127.78278523397437, 36.957773934391675], [127.78278523397437, 36.957773934391675], [127.78279356735622, 36.96002752994385], [127.78560180756635, 36.960020808880905], [127.78559339143378, 36.95776721387556], [127.78559339143378, 36.95776721387556], [127.78559339143378, 36.957767213875556], [127.7884015479573, 36.95776042695365], [127.7884015479573, 36.95776042695365], [127.7912097035357, 36.95775357362606], [127.79120112285636, 36.95549997887153], [127.78839305001925, 36.95550683164152], [127.7883845530262, 36.95325323547043], [127.78557656197628, 36.95326002128798], [127.78557656197628, 36.953260021287974], [127.7883845530262, 36.95325323547042], [127.78837605697804, 36.95099963844036], [127.78556814865111, 36.95100642370579], [127.78557656197628, 36.953260021287974], [127.78557656197628, 36.953260021287974], [127.78556814865111, 36.95100642370579], [127.78556814865111, 36.95100642370579], [127.78555973626153, 36.94875282526471], [127.78275190971291, 36.948759543593894], [127.78276023938858, 36.951013142581665], [127.78276023938858, 36.951013142581665], [127.78276856999067, 36.95326674071056]]], [[[127.78559339143378, 36.95776721387556], [127.78560180756637, 36.960020808880905], [127.78841004684047, 36.96001402140679], [127.7884015479573, 36.957760426953655], [127.78559339143378, 36.95776721387556]]]]}}, {"type": "Feature", "properties": {"rank": 6, "method": "BFS+Zoning", "n_grids": 25, "avg_micro": 78.86265626301024, "cluster_score": 117.40397836546401, "buildable_ha": 51.24999999999999, "final_score": 92.17245815661342, "avg_bcr": 0.32799999999999996, "center_lat": 36.97531914897157, "center_lon": 127.95334552763568}, "geometry": {"type": "MultiPolygon", "coordinates": [[[[127.95131260912271, 36.964013824888006], [127.94850427437078, 36.96402446580003], [127.94851749423368, 36.9662780172616], [127.95132591175572, 36.96626737548385], [127.95131260912271, 36.964013824888006]]], [[[127.94854393837052, 36.970785117600485], [127.94854393837052, 36.970785117600485], [127.94855716264476, 36.97303866647776], [127.95136582853229, 36.97302802210252], [127.95136582853229, 36.973028022102525], [127.95417449293984, 36.973017311288956], [127.95417449293984, 36.973017311288956], [127.95698315585818, 36.97300653403718], [127.95696968319135, 36.970752987773764], [127.95416110307035, 36.97076376414886], [127.95416110307035, 36.97076376414886], [127.95135252146035, 36.97077447409114], [127.95135252146035, 36.97077447409112], [127.95416110307035, 36.97076376414885], [127.95416110307035, 36.97076376414885], [127.95696968319135, 36.97075298777376], [127.95695621202273, 36.968499440648735], [127.9541477146899, 36.96851021614718], [127.9541477146899, 36.96851021614718], [127.95133921586822, 36.968520925218236], [127.95133921586822, 36.968520925218236], [127.95132591175572, 36.96626737548385], [127.94851749423368, 36.9662780172616], [127.94853071556689, 36.96853156786176], [127.94853071556689, 36.96853156786176], [127.94854393837052, 36.970785117600485]]], [[[127.94855716264476, 36.97303866647776], [127.94857038838977, 36.975292214493564], [127.9513791370842, 36.97528156925239], [127.9513791370842, 36.97528156925239], [127.94857038838977, 36.975292214493564], [127.94858361560573, 36.97754576164786], [127.94858361560573, 36.97754576164786], [127.94859684429282, 36.97979930794065], [127.95140575862871, 36.97978866096746], [127.9513924471163, 36.97753511554071], [127.9513924471163, 36.97753511554071], [127.95140575862871, 36.979788660967465], [127.95140575862871, 36.979788660967465], [127.94859684429282, 36.97979930794066], [127.9486100744512, 36.98205285337192], [127.95141907162163, 36.98204220553264], [127.95141907162163, 36.98204220553264], [127.9542280673114, 36.98203149123345], [127.95421467148412, 36.97977794753975], [127.95421467148412, 36.97977794753975], [127.95421467148412, 36.97977794753975], [127.95702358284981, 36.97976716765759], [127.95702358284981, 36.979767167657606], [127.95421467148412, 36.97977794753975], [127.9542280673114, 36.98203149123345], [127.9542280673114, 36.98203149123345], [127.9542280673114, 36.98203149123345], [127.95141907162163, 36.98204220553264], [127.95143238609523, 36.98429574923623], [127.9542414646286, 36.984285034065486], [127.9542414646286, 36.98428503406548], [127.95705054167189, 36.98427425242949], [127.95703706151131, 36.98202071047441], [127.95703706151131, 36.98202071047441], [127.95703706151131, 36.982020710474394], [127.95984605421211, 36.98200986325565], [127.95983249271657, 36.97975632132114], [127.95702358284981, 36.97976716765759], [127.95701010568725, 36.97751362397912], [127.95701010568725, 36.97751362397912], [127.95699663002341, 36.975260079438975], [127.95699663002341, 36.975260079438975], [127.95698315585818, 36.97300653403718], [127.95417449293984, 36.97301731128896], [127.95417449293981, 36.97301731128896], [127.95136582853229, 36.97302802210253], [127.95136582853229, 36.973028022102525], [127.94855716264476, 36.97303866647776]]], [[[127.95695621202273, 36.968499440648735], [127.95696968319135, 36.97075298777376], [127.95977826181412, 36.970742144965975], [127.95976470785752, 36.968488598723], [127.95695621202273, 36.968499440648735]]], [[[127.95701010568725, 36.97751362397911], [127.95702358284981, 36.979767167657585], [127.95983249271657, 36.97975632132114], [127.9598189327292, 36.9775027785249], [127.95701010568725, 36.97751362397911]]]]}}, {"type": "Feature", "properties": {"rank": 7, "method": "BFS+Zoning", "n_grids": 15, "avg_micro": 76.69666219159862, "cluster_score": 108.59390728547771, "buildable_ha": 37.500000000000014, "final_score": 86.005408400623, "avg_bcr": 0.40000000000000013, "center_lat": 36.88048394038365, "center_lon": 127.96961631920145}, "geometry": {"type": "MultiPolygon", "coordinates": [[[[127.96483416288481, 36.87832423066448], [127.9620289740417, 36.87833516977292], [127.96204255026419, 36.880588749580674], [127.96204255026419, 36.880588749580674], [127.9620561279963, 36.88284232852753], [127.9648614816891, 36.88283138763748], [127.96484782152757, 36.88057780958147], [127.96484782152757, 36.88057780958147], [127.96484782152757, 36.88057780958148], [127.9648614816891, 36.88283138763748], [127.96766683386288, 36.88282038052559], [127.96765309127214, 36.88056680336581], [127.96765309127214, 36.88056680336581], [127.96766683386288, 36.88282038052559], [127.97047218450852, 36.88280930719198], [127.97047218450852, 36.88280930719198], [127.97327753361687, 36.88279816763675], [127.97327753361687, 36.88279816763675], [127.97047218450852, 36.88280930719198], [127.97047218450852, 36.88280930719198], [127.96766683386288, 36.88282038052559], [127.96768057798177, 36.88507395682435], [127.97048601106563, 36.885062882589054], [127.97048601106563, 36.885062882589054], [127.97329144261201, 36.885051742126755], [127.97327753361687, 36.88279816763675], [127.97608288117874, 36.88278696186001], [127.9760688913014, 36.88053338742125], [127.9760688913014, 36.88053338742125], [127.9760549029795, 36.878279812121306], [127.97324972026584, 36.87829101607329], [127.97324972026584, 36.87829101607329], [127.97044453600606, 36.87830215381456], [127.97044453600606, 36.878302153814566], [127.96763935020935, 36.878313225345], [127.96763935020932, 36.878313225345], [127.96483416288484, 36.87832423066449], [127.96483416288484, 36.87832423066448], [127.96763935020932, 36.878313225344996], [127.96763935020932, 36.878313225344996], [127.97044453600606, 36.87830215381456], [127.97043071406036, 36.87604857583427], [127.96762561067433, 36.87605964646319], [127.96762561067433, 36.876059646463176], [127.96482050576071, 36.87607065088654], [127.96483416288481, 36.87832423066448]]], [[[127.97886008413788, 36.878268541958725], [127.9760549029795, 36.87827981212131], [127.9760688913014, 36.88053338742125], [127.97887415487912, 36.88052211634092], [127.97886008413788, 36.878268541958725]]]]}}, {"type": "Feature", "properties": {"rank": 8, "method": "BFS+Zoning", "n_grids": 14, "avg_micro": 75.43795060943819, "cluster_score": 106.08141420723233, "buildable_ha": 35.00000000000001, "final_score": 84.24666324585124, "avg_bcr": 0.4000000000000001, "center_lat": 37.10855200169309, "center_lon": 127.73229552957356}, "geometry": {"type": "MultiPolygon", "coordinates": [[[[127.72706427044479, 37.10663051066111], [127.72706427044479, 37.10663051066111], [127.72706427044479, 37.10663051066111], [127.72425061398621, 37.106635865296624], [127.72425725817726, 37.108889414391626], [127.7270709979983, 37.1088840593211], [127.72707772630027, 37.11113760712144], [127.72707772630027, 37.11113760712144], [127.72708445535079, 37.11339115406214], [127.72989836117593, 37.11338573134087], [127.72989154874448, 37.11113218484067], [127.72989154874448, 37.11113218484067], [127.72988473707088, 37.108878637480785], [127.7326984753857, 37.10887314887076], [127.73269158110755, 37.10661960109708], [127.729877926155, 37.10662508926124], [127.729877926155, 37.10662508926123], [127.73269158110755, 37.10661960109707], [127.73268468759633, 37.10436605246374], [127.72987111599679, 37.10437154018206], [127.72987111599679, 37.10437154018207], [127.72705754363967, 37.10437696114152], [127.72706427044479, 37.10663051066111]]], [[[127.72707772630027, 37.11113760712144], [127.72426390310748, 37.111142962627014], [127.72427054877701, 37.11339651000279], [127.72708445535079, 37.113391154062136], [127.72707772630027, 37.11113760712144]]], [[[127.73269158110755, 37.10661960109708], [127.73269158110755, 37.10661960109708], [127.7326984753857, 37.10887314887076], [127.73551221293351, 37.10886759349106], [127.73551919135015, 37.11112113995373], [127.73833301149307, 37.11111551734769], [127.73832594970506, 37.10886197134176], [127.73832594970506, 37.10886197134176], [127.73831888870261, 37.10660842447609], [127.73550523529319, 37.10661404616869], [127.73551221293351, 37.10886759349106], [127.73551221293351, 37.10886759349106], [127.73550523529316, 37.10661404616868], [127.73550523529319, 37.10661404616868], [127.73549825842903, 37.1043604979866], [127.73268468759633, 37.10436605246374], [127.73269158110755, 37.10661960109708]]], [[[127.74114683085031, 37.11110982796667], [127.74114683085031, 37.11110982796667], [127.74396064941266, 37.11110407181073], [127.74395342088216, 37.10885052673457], [127.74113968569104, 37.108856282422906], [127.74113968569104, 37.108856282422906], [127.73832594970506, 37.10886197134176], [127.73833301149307, 37.11111551734769], [127.74114683085031, 37.11110982796667]]]]}}, {"type": "Feature", "properties": {"rank": 9, "method": "BFS+Zoning", "n_grids": 13, "avg_micro": 76.16430887538431, "cluster_score": 106.31460551428383, "buildable_ha": 32.50000000000001, "final_score": 84.40989716078728, "avg_bcr": 0.4000000000000001, "center_lat": 37.02297791249716, "center_lon": 127.73232814029899}, "geometry": {"type": "MultiPolygon", "coordinates": [[[[127.72961289053355, 37.018736038367244], [127.72960610985507, 37.01648245577689], [127.72679578104716, 37.016487859580074], [127.72680247873335, 37.01874144260985], [127.72680247873335, 37.01874144260985], [127.72680917716453, 37.02099502478075], [127.72961967196623, 37.02098962009871], [127.72961967196623, 37.02098962009871], [127.73243016601364, 37.02098414885825], [127.73242330157952, 37.01873056757164], [127.73242330157952, 37.01873056757164], [127.73241643790885, 37.016476985426095], [127.72960610985507, 37.01648245577688], [127.72961289053355, 37.018736038367244], [127.72961289053355, 37.018736038367244]]], [[[127.72680247873335, 37.018741442609844], [127.72399206618816, 37.01874678029939], [127.72399868161773, 37.02100036290433], [127.72680917716453, 37.02099502478075], [127.72680247873335, 37.018741442609844]]], [[[127.7324370312113, 37.02323772928591], [127.72962645415325, 37.023243200971265], [127.72963323709465, 37.02549678098487], [127.7324438971726, 37.025491308854605], [127.73245076389762, 37.027744887564324], [127.73526150624087, 37.027739348414535], [127.735268456768, 37.02999292581488], [127.7380792813764, 37.029987319634756], [127.73807224781112, 37.027733742690195], [127.73807224781112, 37.027733742690195], [127.73806521502812, 37.02548016488659], [127.73525455648685, 37.025485770155164], [127.73524760750574, 37.02323219103679], [127.7324370312113, 37.023237729285924], [127.7324438971726, 37.025491308854605], [127.7324438971726, 37.025491308854605], [127.7324370312113, 37.02323772928591]], [[127.73525455648685, 37.02548577015517], [127.7352615062409, 37.027739348414535], [127.73526150624087, 37.027739348414535], [127.73525455648682, 37.02548577015517], [127.73525455648685, 37.02548577015517]]], [[[127.73523371186205, 37.01872503022307], [127.73242330157952, 37.01873056757163], [127.73243016601364, 37.02098414885825], [127.73524065929752, 37.02097861105941], [127.73523371186205, 37.01872503022307]]], [[[127.73524065929752, 37.02097861105941], [127.73243016601364, 37.02098414885825], [127.7324370312113, 37.02323772928591], [127.73524760750574, 37.02323219103678], [127.73524065929752, 37.02097861105941]]], [[[127.7380792813764, 37.02998731963477], [127.735268456768, 37.02999292581489], [127.73527540806823, 37.03224650235617], [127.73808631572405, 37.03224089572025], [127.7380792813764, 37.02998731963477]]]]}}, {"type": "Feature", "properties": {"rank": 10, "method": "BFS+Zoning", "n_grids": 12, "avg_micro": 75.14823979159696, "cluster_score": 104.0609541967703, "buildable_ha": 30.000000000000007, "final_score": 82.83234123852782, "avg_bcr": 0.4000000000000001, "center_lat": 37.062263859228665, "center_lon": 127.9429892416963}, "geometry": {"type": "MultiPolygon", "coordinates": [[[[127.94343713398426, 37.058694039983536], [127.9406253105469, 37.05870451736712], [127.94063834283426, 37.06095803520352], [127.94063834283426, 37.06095803520352], [127.94065137657132, 37.06321155217783], [127.94346336633416, 37.06320107309101], [127.94346336633416, 37.06320107309101], [127.9462753546379, 37.06319052734909], [127.94626215456627, 37.0609370120835], [127.94626215456627, 37.0609370120835], [127.94907405823459, 37.0609264005491], [127.94906077647337, 37.05867288528375], [127.94624895596284, 37.058683495955705], [127.94624895596284, 37.058683495955705], [127.94343713398426, 37.058694039983536], [127.94343713398426, 37.058694039983536]]], [[[127.94063834283426, 37.06095803520352], [127.93782643478906, 37.060968446788934], [127.93783938535859, 37.063221964609475], [127.94065137657132, 37.06321155217783], [127.94063834283426, 37.06095803520352]]], [[[127.94066441175826, 37.065465068290045], [127.94065137657132, 37.06321155217783], [127.93783938535859, 37.063221964609475], [127.93785233736872, 37.06547548156796], [127.94066441175826, 37.065465068290045]]], [[[127.94346336633416, 37.06320107309101], [127.94065137657132, 37.06321155217783], [127.94066441175826, 37.065465068290045], [127.94347648469771, 37.06545458835152], [127.94347648469771, 37.06545458835152], [127.9462885561779, 37.06544404175251], [127.9462753546379, 37.06319052734909], [127.94346336633416, 37.06320107309101], [127.94346336633416, 37.06320107309101]]], [[[127.93783938535859, 37.06322196460948], [127.93502739270527, 37.06323231038583], [127.93504026153842, 37.06548582818518], [127.93785233736872, 37.06547548156796], [127.93783938535859, 37.06322196460948]]], [[[127.94906077647337, 37.05867288528375], [127.94904749618944, 37.056419369156174], [127.94623575882743, 37.056429978965745], [127.94624895596284, 37.058683495955705], [127.94906077647337, 37.05867288528375]]], [[[127.9462885561779, 37.06544404175251], [127.94347648469771, 37.06545458835153], [127.94348960452056, 37.067708102749876], [127.94630175918645, 37.0676975552937], [127.9462885561779, 37.06544404175251]]]]}}]}