{"type": "FeatureCollection", "features": [{"type": "Feature", "properties": {"rank": 1, "method": "BFS+Zoning", "n_grids": 734, "avg_micro": 70.8495789770267, "cluster_score": 140.98928590284598, "buildable_ha": 1795.0, "final_score": 111.22817418381345, "avg_bcr": 0.3912806539509537, "center_lat": 36.56273594549026, "center_lon": 127.52750008408997}, "geometry": {"type": "MultiPolygon", "coordinates": [[[[127.48713928574958, 36.532165017188966], [127.48713891257496, 36.534418801772624], [127.48993172143956, 36.53441907024012], [127.48993201357862, 36.53216528563451], [127.48713928574958, 36.532165017188966]]], [[[127.48434655796203, 36.53216468334981], [127.48434610375185, 36.534418467906185], [127.48713891257496, 36.534418801772624], [127.48713928574958, 36.53216501718897], [127.48434655796203, 36.53216468334981]]], [[[127.48155168888518, 36.54117941708985], [127.4815511534015, 36.54343319819875], [127.48434428640637, 36.543433597594706], [127.48434428640637, 36.543433597594706], [127.48713741946175, 36.54343393157031], [127.48713741946175, 36.54343393157031], [127.48993055255859, 36.543434200125574], [127.48993055255859, 36.543434200125574], [127.48993026025717, 36.545687980462596], [127.4927234744671, 36.54568818361413], [127.49272368568793, 36.54343440326049], [127.49272368568793, 36.54343440326049], [127.49272389688531, 36.541180622053105], [127.48993084482754, 36.541180418934786], [127.48993084482754, 36.541180418934786], [127.48713779280227, 36.541180150401466], [127.48713779280227, 36.541180150401466], [127.4871381661013, 36.53892636837889], [127.4843451951801, 36.538926034457866], [127.4843451951801, 36.538926034457866], [127.4843451951801, 36.538926034457866], [127.48434564949122, 36.53667225160888], [127.48155275967402, 36.53667185231084], [127.48155222430934, 36.53892563512719], [127.48155222430934, 36.53892563512719], [127.48155275967402, 36.53667185231084], [127.47875986991632, 36.53667138760851], [127.47875925349811, 36.53892517038688], [127.47875925349811, 36.53892517038688], [127.47875863701137, 36.54117895231155], [127.47875863701137, 36.541178952311554], [127.47875802045614, 36.54343273338247], [127.47875740383236, 36.545686513599634], [127.4815506178583, 36.545686978453894], [127.4815511534015, 36.54343319819874], [127.48155168888518, 36.54117941708984], [127.48155168888518, 36.54117941708984], [127.48155222430934, 36.53892563512719], [127.48155222430934, 36.53892563512719], [127.48155168888518, 36.54117941708984], [127.48434474081847, 36.541179816453145], [127.48434474081847, 36.54117981645315], [127.48434474081847, 36.54117981645315], [127.48434474081847, 36.54117981645316], [127.48155168888518, 36.54117941708985]]], [[[127.46758643029142, 36.54117643904858], [127.4703794818371, 36.54117716548678], [127.47038034151146, 36.538923383708145], [127.46758737102827, 36.5389226573293], [127.46758737102827, 36.5389226573293], [127.46479440064965, 36.53892186554087], [127.46479337885027, 36.54117564719543], [127.46758643029139, 36.54117643904858], [127.46758643029142, 36.54117643904858]]], [[[127.47317175477998, 36.54343160748893], [127.47317175477998, 36.54343160748893], [127.47317175477998, 36.54343160748893], [127.47037862206722, 36.54343094641168], [127.47037776220176, 36.545684726482804], [127.47317097599509, 36.54568538761408], [127.47317097599509, 36.54568538761408], [127.47596418987494, 36.54568598331969], [127.47596418987494, 36.54568598331969], [127.47596418987494, 36.54568598331969], [127.47596349209309, 36.54793976263973], [127.47875678714006, 36.547940292963], [127.47875740383236, 36.545686513599634], [127.47875740383236, 36.545686513599634], [127.47875802045611, 36.54343273338247], [127.47596488757928, 36.54343220314586], [127.47596488757928, 36.54343220314586], [127.47875802045611, 36.54343273338247], [127.47875863701137, 36.541178952311554], [127.47875863701137, 36.541178952311554], [127.47875925349811, 36.53892517038689], [127.47596628275537, 36.53892464023694], [127.47596628275537, 36.538924640236935], [127.47317331209015, 36.53892404467735], [127.47317331209015, 36.53892404467735], [127.47038034151146, 36.538923383708145], [127.4703794818371, 36.54117716548678], [127.47317253347833, 36.541177826510015], [127.47317253347833, 36.541177826510015], [127.4703794818371, 36.54117716548678], [127.47037862206722, 36.543430946411675], [127.47317175477998, 36.54343160748893], [127.47317175477998, 36.54343160748893]], [[127.4759655852061, 36.54117842211828], [127.47317253347833, 36.54117782651002], [127.47317253347833, 36.541177826510015], [127.4759655852061, 36.54117842211827], [127.4759655852061, 36.54117842211828]]], [[[127.46479133491083, 36.54568320794326], [127.467584548504, 36.54568399992586], [127.46758548944999, 36.54343021991411], [127.46758548944999, 36.54343021991411], [127.46758548944999, 36.54343021991411], [127.47037862206722, 36.543430946411675], [127.4703794818371, 36.54117716548678], [127.46758643029139, 36.54117643904858], [127.46758643029139, 36.54117643904859], [127.46479337885027, 36.54117564719544], [127.46479235693734, 36.54342942799623], [127.46479235693734, 36.54342942799623], [127.46479133491083, 36.54568320794326]]], [[[127.4815506178583, 36.54568697845391], [127.47875740383236, 36.545686513599634], [127.47875678714006, 36.547940292963], [127.48155008225558, 36.54794075785526], [127.48155008225558, 36.54794075785526], [127.48434337743063, 36.547941157316494], [127.484342922867, 36.55019493589671], [127.484342922867, 36.55019493589671], [127.48434337743063, 36.547941157316494], [127.48155008225558, 36.54794075785526], [127.48154954659334, 36.55019453640284], [127.48154954659334, 36.55019453640284], [127.48154901087157, 36.552448314096594], [127.48434246825283, 36.552448713623114], [127.484342922867, 36.55019493589671], [127.484342922867, 36.55019493589671], [127.48434246825283, 36.552448713623114], [127.48713592568464, 36.55244904770792], [127.48713629919118, 36.550195269954216], [127.48713629919118, 36.550195269954216], [127.48713667265618, 36.5479414913467], [127.48434337743063, 36.547941157316494], [127.48434383194375, 36.545687377882494], [127.48434383194375, 36.545687377882494], [127.48434383194375, 36.545687377882494], [127.48713704607971, 36.54568771188539], [127.48713741946175, 36.54343393157031], [127.48434428640637, 36.543433597594706], [127.48434428640637, 36.543433597594706], [127.4815511534015, 36.54343319819875], [127.4815506178583, 36.54568697845391], [127.4815506178583, 36.54568697845391], [127.4815506178583, 36.54568697845391]]], [[[127.47875493665192, 36.55470162593027], [127.48154847509026, 36.55470209093652], [127.48154901087157, 36.552448314096594], [127.47875555354985, 36.55244784912835], [127.47875493665192, 36.55470162593027]]], [[[127.48713592568464, 36.55244904770792], [127.48434246825283, 36.55244871362312], [127.48434201358818, 36.5547024904957], [127.48434201358818, 36.5547024904957], [127.48434155887297, 36.55695626651439], [127.48713517854705, 36.5569566006538], [127.4871355521366, 36.55470282460778], [127.4871355521366, 36.55470282460778], [127.48713592568464, 36.55244904770792]]], [[[127.47875431968544, 36.556955401878334], [127.48154793924942, 36.55695586692258], [127.48154847509026, 36.55470209093652], [127.47875493665192, 36.55470162593028], [127.47875431968544, 36.556955401878334]]], [[[127.48154847509026, 36.55470209093652], [127.48154793924942, 36.55695586692258], [127.48434155887297, 36.55695626651439], [127.48434201358818, 36.5547024904957], [127.48154847509026, 36.55470209093652]]], [[[127.4843392845388, 36.56822513379939], [127.4871333099764, 36.56822546807532], [127.4871336837736, 36.56597169629888], [127.48433973950674, 36.56597136205027], [127.4843392845388, 36.56822513379939]]], [[[127.46757513329078, 36.568221753081446], [127.47036915828966, 36.56822248023232], [127.47037001911121, 36.56596870869998], [127.467576075283, 36.56596798160853], [127.46757513329078, 36.568221753081446]]], [[[127.47036829737246, 36.57047625091067], [127.46757419119383, 36.5704755237004], [127.4675732489922, 36.57272929346532], [127.4675732489922, 36.57272929346532], [127.46757230668585, 36.57498306237622], [127.46757230668585, 36.57498306237622], [127.46757136427475, 36.57723683043305], [127.47036571404664, 36.57723755782158], [127.47036571404664, 36.57723755782158], [127.47036571404664, 36.57723755782158], [127.47036485274663, 36.579491325083765], [127.47036485274663, 36.579491325083765], [127.4703639913509, 36.581745091491875], [127.47315850365916, 36.581745753488], [127.47315850365916, 36.58174575348801], [127.47595301605415, 36.581746349972896], [127.47595371500017, 36.579492583461985], [127.47595371500017, 36.579492583461985], [127.47595301605415, 36.581746349972896], [127.47874752852681, 36.58174688094652], [127.47874814624798, 36.579493114392235], [127.47874814624798, 36.579493114392235], [127.4787487639005, 36.57723934698387], [127.4787487639005, 36.57723934698387], [127.47874814624798, 36.579493114392235], [127.47874814624798, 36.579493114392235], [127.47874752852681, 36.58174688094652], [127.47874752852681, 36.58174688094652], [127.47874691073699, 36.58400064664669], [127.4815415045122, 36.584001112147085], [127.48154204106814, 36.58174734640889], [127.48154204106814, 36.58174734640889], [127.48154257756443, 36.57949357981658], [127.48154257756443, 36.57949357981658], [127.48154257756443, 36.57949357981658], [127.48154257756443, 36.57949357981658], [127.48154204106814, 36.58174734640889], [127.48154204106814, 36.58174734640889], [127.4815415045122, 36.584001112147085], [127.48433609834706, 36.584001512130854], [127.48433609834706, 36.584001512130854], [127.48713069223253, 36.58400184659799], [127.48713069223253, 36.58400184659799], [127.48992528615953, 36.584002115548515], [127.48992528615953, 36.584002115548515], [127.48992499327281, 36.586255880514585], [127.49271966847535, 36.58625608396509], [127.49271988011913, 36.584002318982414], [127.49272009173939, 36.58174855314563], [127.49272009173939, 36.58174855314563], [127.49271988011913, 36.58400231898242], [127.49271988011913, 36.58400231898242], [127.49271966847535, 36.586256083965075], [127.49271966847535, 36.586256083965075], [127.49271945680803, 36.58850984809362], [127.49551421328607, 36.58850998603341], [127.49551421328607, 36.58850998603342], [127.4983089697786, 36.58851005844588], [127.4983089697786, 36.58851005844588], [127.4983089697786, 36.58851005844588], [127.4983089206098, 36.590763821737454], [127.50110375836883, 36.59076382862314], [127.50110375836883, 36.59076382862314], [127.4983089206098, 36.590763821737454], [127.49830887143553, 36.593017584174866], [127.49830887143553, 36.593017584174866], [127.49551395241194, 36.59301751175058], [127.49551382195314, 36.59527127332788], [127.49830882225581, 36.595271345758086], [127.49830882225581, 36.595271345758086], [127.50110382256395, 36.59527135264489], [127.5011037904646, 36.59301759106111], [127.50110375836883, 36.590763828623146], [127.50389859612427, 36.59076376997614], [127.50389859612427, 36.59076376997614], [127.50669343386711, 36.590763645796436], [127.50669323925288, 36.58850988251922], [127.50669323925288, 36.58850988251922], [127.50669304466027, 36.58625611838787], [127.50389836943042, 36.586256242547286], [127.50389848277102, 36.588510006688786], [127.50389848277102, 36.588510006688786], [127.50389848277102, 36.58851000668879], [127.50389848277102, 36.58851000668879], [127.50389836943042, 36.58625624254729], [127.50110369418796, 36.586256301184726], [127.50110369418796, 36.58625630118472], [127.50389836943042, 36.586256242547286], [127.50389825610239, 36.58400247755166], [127.50389825610239, 36.58400247755166], [127.50389814278694, 36.58174871170192], [127.50110363002136, 36.58174877032977], [127.50110366210288, 36.58400253618429], [127.50110366210288, 36.58400253618429], [127.50110366210288, 36.5840025361843], [127.49830906809984, 36.58400252930031], [127.49830906809984, 36.58400252930031], [127.49830906809984, 36.5840025293003], [127.50110366210288, 36.58400253618429], [127.50110363002136, 36.58174877032977], [127.50110363002136, 36.58174877032977], [127.50389814278694, 36.58174871170192], [127.50389802948408, 36.57949494499808], [127.50110359794341, 36.57949500362114], [127.50110356586904, 36.577241236058455], [127.49830921554069, 36.57724122917614], [127.49830921554069, 36.57724122917614], [127.49551486521777, 36.57724115679326], [127.49551473486042, 36.579494924349476], [127.49830916639918, 36.57949499673828], [127.49830911725223, 36.581748763446335], [127.49830911725223, 36.581748763446335], [127.49830911725223, 36.581748763446335], [127.49830916639918, 36.57949499673828], [127.49551473486042, 36.57949492434948], [127.49551486521777, 36.577241156793264], [127.49272051490937, 36.5772410189098], [127.49272030333614, 36.57949478645475], [127.49272030333614, 36.57949478645475], [127.49272051490937, 36.5772410189098], [127.48992616462446, 36.57724081552575], [127.48992616462446, 36.57724081552575], [127.48992645738103, 36.57498704714338], [127.48713218833552, 36.574986778280724], [127.48713218833552, 36.57498677828072], [127.48433791933155, 36.574986443922846], [127.48433791933155, 36.574986443922846], [127.48433791933155, 36.574986443922846], [127.4843383744512, 36.5727326747357], [127.48154418669561, 36.572732274915275], [127.48154365037817, 36.57498604406976], [127.4787493814844, 36.57498557872145], [127.4787493814844, 36.57498557872145], [127.47595511265926, 36.574985047877945], [127.47595441386855, 36.577238816096994], [127.47595441386855, 36.577238816096994], [127.47595371500017, 36.579492583461985], [127.47315928383006, 36.579491987025825], [127.47315928383006, 36.57949198702582], [127.47595371500017, 36.57949258346198], [127.47595441386855, 36.57723881609698], [127.47316006391425, 36.57723821970955], [127.47316006391425, 36.57723821970955], [127.47316006391425, 36.57723821970955], [127.47316084391176, 36.57498445153924], [127.47316084391176, 36.57498445153924], [127.47316162382259, 36.57273068251485], [127.47316162382259, 36.57273068251485], [127.47316162382259, 36.572730682514845], [127.47595581137229, 36.572731278804845], [127.47595651000769, 36.57047750887772], [127.47316240364674, 36.570476912636444], [127.47316318338424, 36.56822314190403], [127.47316318338424, 36.56822314190403], [127.47316396303509, 36.56596937031764], [127.47037001911121, 36.56596870869998], [127.47036915828966, 36.56822248023232], [127.47036915828966, 36.56822248023232], [127.47036829737243, 36.570476250910666], [127.47316240364674, 36.570476912636444], [127.47316240364674, 36.57047691263645], [127.47036829737246, 36.57047625091067], [127.47036829737246, 36.57047625091067]], [[127.47036657525095, 36.574983789705314], [127.47036657525095, 36.574983789705314], [127.47036743635954, 36.57273002073501], [127.47036743635954, 36.57273002073501], [127.47036657525095, 36.574983789705314]], [[127.48713106632061, 36.58174808079979], [127.48713106632061, 36.58174808079979], [127.48713106632061, 36.5817480807998], [127.48433655366908, 36.58174774635998], [127.48433655366908, 36.58174774635997], [127.48713106632061, 36.58174808079979]], [[127.4955143437014, 36.58625622189361], [127.49551447410224, 36.584002456899675], [127.49551447410224, 36.584002456899675], [127.49551460448856, 36.58174869105163], [127.49551460448856, 36.58174869105163], [127.49551460448856, 36.58174869105163], [127.49551460448856, 36.58174869105163], [127.49551447410224, 36.584002456899675], [127.4955143437014, 36.58625622189361], [127.4955143437014, 36.58625622189361]]], [[[127.47875123382431, 36.56822426881003], [127.47875061644628, 36.57047803963451], [127.47875061644628, 36.57047803963451], [127.47875061644628, 36.57047803963451], [127.47595651000769, 36.57047750887772], [127.47595581137229, 36.572731278804845], [127.47874999899966, 36.572731809604996], [127.47874999899966, 36.572731809604996], [127.48154418669561, 36.572732274915275], [127.48154418669561, 36.572732274915275], [127.4843383744512, 36.5727326747357], [127.48433882952027, 36.570478904694546], [127.48433882952027, 36.570478904694546], [127.48433882952027, 36.57047890469455], [127.48713293613764, 36.5704792389978], [127.4871333099764, 36.56822546807533], [127.4843392845388, 36.568225133799395], [127.4843392845388, 36.56822513379939], [127.4843392845388, 36.56822513379939], [127.48433973950674, 36.56597136205027], [127.48154579529043, 36.56597096232783], [127.48154525915176, 36.56822473404429], [127.47875123382431, 36.56822426881003]]], [[[127.46757513329078, 36.56822175308146], [127.46757419119383, 36.5704755237004], [127.47036829737243, 36.57047625091067], [127.47036915828966, 36.56822248023233], [127.46757513329078, 36.56822175308146]]], [[[127.49272516357676, 36.52765791688113], [127.49272516357676, 36.52765791688113], [127.48993259775936, 36.52765771386238], [127.48993230568522, 36.52991150017527], [127.49272495252016, 36.529911703210594], [127.49272474144011, 36.532165488686445], [127.49551746932505, 36.53216562634476], [127.49551746932505, 36.53216562634476], [127.49551746932505, 36.53216562634476], [127.49551733925712, 36.53441941097821], [127.49551733925712, 36.53441941097821], [127.49551720917472, 36.536673194757974], [127.49551720917472, 36.536673194757974], [127.49551720917472, 36.536673194757974], [127.49551733925712, 36.5344194109782], [127.49551733925712, 36.5344194109782], [127.49551746932505, 36.53216562634476], [127.49272474144011, 36.53216548868645], [127.49272453033659, 36.53441927330864], [127.49272453033659, 36.53441927330864], [127.49272431920964, 36.53667305707717], [127.49272431920964, 36.53667305707717], [127.49272431920964, 36.53667305707717], [127.48993142926803, 36.53667285399204], [127.48993113706403, 36.53892663689026], [127.4927241080592, 36.53892683999198], [127.49272389688531, 36.541180622053105], [127.49551694896654, 36.54118075975642], [127.49551707907787, 36.53892697768405], [127.49551707907787, 36.53892697768405], [127.49831005011096, 36.53892704996647], [127.49831009915424, 36.53667326703448], [127.49831009915424, 36.53667326703448], [127.49831005011096, 36.53892704996647], [127.49831005011096, 36.53892704996647], [127.49831000106222, 36.54118083204474], [127.50110305316338, 36.54118083891805], [127.5011030211495, 36.53892705683922], [127.5011030211495, 36.53892705683922], [127.50110298913924, 36.53667327390667], [127.50110298913924, 36.53667327390667], [127.5011029571325, 36.534419490120435], [127.49831014819209, 36.5344194832488], [127.49831019722448, 36.53216569860945], [127.49831019722448, 36.53216569860945], [127.49831014819209, 36.5344194832488], [127.5011029571325, 36.53441949012043], [127.5011029571325, 36.53441949012043], [127.50389576606936, 36.5344194315931], [127.50389565303064, 36.532165646957964], [127.50110292512933, 36.5321657054805], [127.50110292512933, 36.5321657054805], [127.49831019722448, 36.53216569860945], [127.4983102462514, 36.52991191311645], [127.49551759937857, 36.52991184085767], [127.49551759937857, 36.529911840857665], [127.49551759937857, 36.529911840857665], [127.4983102462514, 36.52991191311644], [127.49831029527289, 36.527658126769815], [127.50110286113365, 36.527658133639754], [127.50110282914116, 36.52540434643895], [127.49831034428895, 36.52540433956957], [127.49831034428895, 36.52540433956957], [127.4955178594422, 36.52540426732259], [127.4955178594422, 36.52540426732259], [127.4927253746099, 36.525404129698025], [127.4927253746099, 36.525404129698025], [127.48993288980105, 36.52540392669589], [127.48993259775936, 36.52765771386238], [127.49272516357676, 36.52765791688113]], [[127.49272516357676, 36.52765791688113], [127.49272495252016, 36.529911703210594], [127.49272495252016, 36.529911703210594], [127.49272516357676, 36.52765791688113], [127.49272516357676, 36.52765791688113]]], [[[127.48993142926803, 36.53667285399204], [127.48993142926803, 36.53667285399204], [127.48993172143956, 36.53441907024012], [127.48713891257496, 36.534418801772624], [127.48713853935888, 36.53667258550261], [127.48713853935888, 36.53667258550261], [127.48713816610133, 36.53892636837889], [127.48993113706403, 36.53892663689026], [127.48993142926803, 36.53667285399204]]], [[[127.49272389688531, 36.541180622053105], [127.49272368568793, 36.54343440326049], [127.49272368568796, 36.54343440326049], [127.49272347446711, 36.54568818361413], [127.49551668870053, 36.54568832133995], [127.49551668870053, 36.54568832133996], [127.49830990294839, 36.54568839364009], [127.49830990294839, 36.54568839364009], [127.49830990294839, 36.54568839364009], [127.49551668870053, 36.54568832133996], [127.4955166887005, 36.54568832133996], [127.49272347446711, 36.54568818361413], [127.4927232632228, 36.547941963113985], [127.49551655854582, 36.54794210085108], [127.49551655854582, 36.54794210085108], [127.4983098538833, 36.547942173157104], [127.4983098538833, 36.547942173157104], [127.4983098538833, 36.547942173157125], [127.49551655854582, 36.54794210085109], [127.49551655854582, 36.54794210085109], [127.4927232632228, 36.547941963114], [127.4927232632228, 36.547941963113985], [127.48992996792325, 36.54794175994586], [127.48992967555685, 36.55019553857532], [127.48992967555685, 36.55019553857532], [127.48713629919118, 36.55019526995422], [127.48713592568464, 36.55244904770792], [127.48992938315794, 36.55244931635099], [127.48992909072655, 36.5547030932728], [127.49272262934899, 36.554703296490736], [127.49272284066375, 36.55244951955231], [127.49272284066375, 36.55244951955231], [127.49272262934899, 36.554703296490736], [127.49551616799492, 36.55470343426159], [127.49551629819302, 36.552449657311904], [127.49551629819302, 36.552449657311904], [127.49551642837666, 36.550195879508394], [127.49551642837666, 36.550195879508394], [127.49551642837666, 36.550195879508394], [127.49551629819302, 36.552449657311904], [127.49551629819302, 36.552449657311904], [127.49551616799492, 36.55470343426159], [127.49830970665532, 36.55470350658536], [127.49830970665532, 36.55470350658536], [127.50110324532116, 36.554703513462044], [127.50110324532116, 36.554703513462044], [127.50389678398346, 36.55470345489165], [127.50389667083162, 36.55244967794029], [127.50389667083162, 36.55244967794029], [127.50389678398346, 36.55470345489165], [127.50669032263318, 36.55470333087417], [127.50669032263318, 36.554703330874176], [127.5094838612613, 36.55470314140961], [127.51227739985883, 36.554702886497964], [127.51227775640022, 36.556956662549034], [127.51507137608378, 36.55695634216413], [127.51507137608378, 36.55695634216413], [127.51227775640022, 36.556956662549034], [127.51227811298128, 36.559210437746216], [127.51227811298128, 36.559210437746216], [127.51227775640022, 36.556956662549034], [127.50948413667706, 36.55695691748151], [127.50948413667706, 36.55695691748151], [127.5094838612613, 36.55470314140961], [127.50669032263318, 36.554703330874176], [127.50669032263318, 36.554703330874176], [127.50389678398346, 36.55470345489166], [127.50110324532116, 36.55470351346205], [127.50110327735993, 36.55695728956436], [127.50110330940224, 36.55921106481277], [127.50110330940224, 36.55921106481277], [127.50110327735993, 36.55695728956436], [127.50110327735993, 36.55695728956436], [127.50110324532116, 36.55470351346206], [127.49830970665532, 36.554703506585376], [127.49830970665532, 36.55470350658537], [127.49551616799492, 36.5547034342616], [127.49551603778235, 36.55695721035743], [127.49551603778235, 36.55695721035743], [127.4955159075553, 36.55921098559938], [127.4955159075553, 36.55921098559938], [127.49551577731378, 36.56146475998743], [127.49830955937824, 36.561464832328944], [127.49830960847605, 36.55921105793497], [127.49830960847605, 36.55921105793497], [127.49830955937824, 36.561464832328944], [127.50110334144813, 36.56146483920731], [127.50110330940224, 36.559211064812786], [127.50389701032489, 36.55921100623281], [127.50389701032489, 36.55921100623281], [127.50389701032489, 36.55921100623281], [127.50389712351448, 36.56146478062256], [127.50669090556822, 36.561464656574664], [127.50669090556822, 36.561464656574664], [127.50669090556822, 36.561464656574664], [127.5066910999231, 36.56371843010038], [127.50948496310797, 36.56371824057388], [127.50948496310797, 36.56371824057388], [127.50948496310797, 36.56371824057388], [127.50948496310797, 36.56371824057388], [127.5066910999231, 36.56371843010039], [127.50669129429957, 36.565972202772144], [127.50669129429957, 36.565972202772144], [127.50669148869765, 36.56822597458996], [127.50669148869765, 36.56822597458996], [127.50669129429957, 36.565972202772144], [127.50389734993136, 36.5659723268403], [127.50389746315868, 36.56822609866825], [127.50389746315868, 36.56822609866825], [127.50389757639859, 36.570479869642234], [127.50669168311732, 36.5704797455538], [127.50669148869765, 36.56822597458996], [127.50669148869765, 36.56822597458996], [127.50669168311732, 36.57047974555382], [127.50389757639859, 36.57047986964225], [127.5038976896511, 36.57273363976225], [127.50669187755862, 36.57273351566368], [127.50669187755862, 36.57273351566368], [127.5038976896511, 36.57273363976226], [127.50389780291617, 36.574987409028246], [127.50669207202154, 36.57498728491953], [127.50669207202154, 36.57498728491953], [127.50389780291617, 36.574987409028246], [127.50389791619384, 36.57724117744018], [127.50389791619384, 36.57724117744018], [127.5038980294841, 36.57949494499808], [127.50389802948408, 36.57949494499808], [127.50389814278694, 36.58174871170191], [127.50669265553991, 36.58174858756278], [127.50669246101216, 36.579494820869094], [127.50669246101216, 36.579494820869094], [127.50669246101216, 36.579494820869094], [127.50669246101216, 36.579494820869094], [127.50669265553991, 36.581748587562785], [127.50389814278694, 36.58174871170192], [127.50389825610239, 36.58400247755165], [127.50389825610239, 36.58400247755165], [127.50389836943042, 36.586256242547286], [127.50669304466027, 36.58625611838787], [127.50669304466027, 36.58625611838787], [127.50669304466027, 36.58625611838787], [127.50669323925288, 36.58850988251922], [127.50669323925288, 36.58850988251922], [127.50669343386713, 36.590763645796436], [127.50948827158835, 36.59076345608405], [127.50948799571309, 36.58850969282234], [127.50948799571309, 36.58850969282234], [127.50948771986849, 36.58625592870647], [127.50948771986849, 36.58625592870647], [127.50948744405456, 36.584002163736486], [127.50948744405456, 36.584002163736486], [127.50948716827125, 36.581748397912385], [127.50669265553991, 36.581748587562785], [127.50669265553991, 36.581748587562785], [127.50948716827125, 36.581748397912385], [127.50948689251861, 36.579494631234176], [127.51228132399443, 36.579494376093336], [127.51228096705657, 36.5772406085819], [127.51228096705657, 36.5772406085819], [127.51228061015836, 36.574986840216425], [127.50948634110526, 36.5749870953156], [127.50948634110526, 36.574987095315585], [127.50948634110526, 36.574987095315585], [127.50948634110526, 36.57498709531558], [127.51228061015836, 36.57498684021642], [127.51228061015836, 36.574986840216425], [127.51228061015836, 36.574986840216425], [127.51228096705657, 36.5772406085819], [127.51507531727684, 36.57724028796133], [127.51507487917182, 36.57498651962205], [127.51507487917182, 36.57498651962205], [127.51507444111547, 36.57273275042872], [127.51228025329985, 36.57273307099692], [127.51228025329985, 36.572733070996904], [127.51228025329985, 36.572733070996904], [127.51227989648098, 36.570479300923374], [127.51227989648095, 36.570479300923374], [127.51227953970175, 36.56822552999585], [127.50948551421502, 36.568225785032496], [127.50948551421502, 36.568225785032496], [127.50948551421502, 36.568225785032496], [127.50948523864618, 36.56597201323018], [127.50948523864618, 36.56597201323018], [127.50948523864618, 36.56597201323018], [127.50948523864618, 36.56597201323018], [127.50948551421502, 36.568225785032496], [127.51227953970175, 36.56822552999585], [127.51227918296216, 36.56597175821436], [127.5150731272385, 36.56597143772473], [127.51507268937684, 36.56371766511547], [127.51507268937684, 36.56371766511547], [127.5150731272385, 36.56597143772474], [127.51786707146617, 36.56597105176129], [127.5178665524428, 36.56371727918356], [127.52066041545108, 36.56371682778317], [127.52065981533269, 36.56146305438837], [127.52065981533266, 36.56146305438837], [127.52065921528097, 36.55920928013966], [127.52065921528097, 36.55920928013966], [127.52065921528097, 36.559209280139655], [127.5234529159262, 36.559208763355265], [127.52345223480653, 36.55695498829489], [127.52345223480653, 36.55695498829489], [127.52345155376254, 36.55470121238064], [127.52065801537762, 36.55470172908058], [127.52065861529594, 36.55695550503706], [127.51786499571871, 36.55695595632681], [127.517864476926, 36.55470218033344], [127.51507093841673, 36.55470256613924], [127.51507093841673, 36.554702566139234], [127.51227739985883, 36.55470288649796], [127.51227704335705, 36.55244910959304], [127.51227668689488, 36.55019533183429], [127.50948331052162, 36.55019558670428], [127.50948331052162, 36.55019558670427], [127.50668993411779, 36.55019577613787], [127.50668993411779, 36.55019577613787], [127.50668993411779, 36.55019577613787], [127.50948331052162, 36.55019558670427], [127.50948331052162, 36.550195586704255], [127.51227668689488, 36.550195331834274], [127.51227668689488, 36.55019533183429], [127.51507006322852, 36.550195011527904], [127.51506962570734, 36.54794123294151], [127.51506962570734, 36.54794123294151], [127.51507006322852, 36.550195011527904], [127.51786343951353, 36.55019462578515], [127.51786395819093, 36.55244840348622], [127.52065741552592, 36.55244795227021], [127.5206568157409, 36.55019417460603], [127.5206568157409, 36.55019417460603], [127.5206568157409, 36.55019417460603], [127.52345019190163, 36.550193657990526], [127.52344951108466, 36.54793987951474], [127.52624280607114, 36.54793929751044], [127.52624204424025, 36.5456855182284], [127.52624204424025, 36.5456855182284], [127.52624280607114, 36.54793929751044], [127.52624280607114, 36.54793929751044], [127.5262435679867, 36.550193075938665], [127.52903694398707, 36.550192428450444], [127.52903694398707, 36.550192428450444], [127.52903694398707, 36.550192428450444], [127.52903778709488, 36.55244620597194], [127.53183124410914, 36.552445492989094], [127.53183124410914, 36.552445492989094], [127.52903778709488, 36.55244620597194], [127.52903778709488, 36.55244620597194], [127.52903694398707, 36.550192428450444], [127.5262435679867, 36.55019307593867], [127.52624432998691, 36.55244685351308], [127.52345087279426, 36.552447435612514], [127.52345155376254, 36.55470121238064], [127.52624509207183, 36.55470063023364], [127.52624509207183, 36.55470063023363], [127.5290386302964, 36.554699982639576], [127.52903947359161, 36.55695375845336], [127.52903947359161, 36.55695375845336], [127.52904031698057, 36.55920753341324], [127.52904031698057, 36.55920753341324], [127.52904116046324, 36.561461307519224], [127.53183494199797, 36.561460594303306], [127.53183494199797, 36.56146059430332], [127.52904116046324, 36.56146130751923], [127.52904200403967, 36.56371508077129], [127.52904200403964, 36.56371508077129], [127.52904284770985, 36.5659688531694], [127.53183679155889, 36.56596813983693], [127.53183586672704, 36.563714367497106], [127.53183586672704, 36.563714367497106], [127.53183586672704, 36.563714367497106], [127.53462972931163, 36.563713588754474], [127.53462972931163, 36.563713588754474], [127.53742359178446, 36.56371274454342], [127.53742359178446, 36.56371274454342], [127.54021745413644, 36.563711834863945], [127.5402162859495, 36.5614580618771], [127.5374225047501, 36.561458971482246], [127.5374225047501, 36.561458971482246], [127.53462872342992, 36.561459815624325], [127.53462872342992, 36.56145981562431], [127.53183494199797, 36.561460594303306], [127.53183494199797, 36.561460594303306], [127.53462872342992, 36.56145981562431], [127.53462872342992, 36.56145981562431], [127.5374225047501, 36.56145897148223], [127.53742141783655, 36.559205197567124], [127.53742141783655, 36.559205197567124], [127.53742141783655, 36.55920519756713], [127.54021511789234, 36.559204288036305], [127.54021511789234, 36.5592042880363], [127.54021511789234, 36.5592042880363], [127.5402162859495, 36.56145806187709], [127.54301006701904, 36.56145708680888], [127.54301006701904, 36.561457086808886], [127.54301006701907, 36.561457086808886], [127.54301131635863, 36.563710859716075], [127.54580517844195, 36.56370981909979], [127.5458038479498, 36.561456046277634], [127.54859762873267, 36.56145494028333], [127.54859762873267, 36.56145494028333], [127.55139140935867, 36.56145376882601], [127.55138991672729, 36.559199995335966], [127.55138991672729, 36.559199995335966], [127.55138842426177, 36.55694622099201], [127.55138842426177, 36.55694622099201], [127.5513869319621, 36.55469244579411], [127.55418046901873, 36.554691209176944], [127.5541820424439, 36.556944984273784], [127.5541820424439, 36.556944984273784], [127.5541836160439, 36.559198758516686], [127.55697731518562, 36.55919745623976], [127.55697897010403, 36.56145122952232], [127.55697897010403, 36.56145122952232], [127.55698062520634, 36.5637050019509], [127.55977448646011, 36.563703633992795], [127.55977448646011, 36.563703633992795], [127.55698062520634, 36.5637050019509], [127.55698062520634, 36.5637050019509], [127.55418676376863, 36.563706304440664], [127.55418833789335, 36.565960076121684], [127.55418833789335, 36.565960076121684], [127.55139439511913, 36.56596131324417], [127.55139588824827, 36.56821508417225], [127.55418991219304, 36.56821384694868], [127.55418991219304, 36.56821384694869], [127.55139588824827, 36.56821508417225], [127.55139738154331, 36.57046885424633], [127.55139738154331, 36.57046885424633], [127.55139738154331, 36.57046885424632], [127.54860327625298, 36.570470026086554], [127.54860468852536, 36.57272379540231], [127.55139887500434, 36.57272262346634], [127.55139887500434, 36.57272262346635], [127.54860468852536, 36.57272379540232], [127.54860610095471, 36.574977563864024], [127.55140036863135, 36.5749763918323], [127.55140036863135, 36.5749763918323], [127.55419463614196, 36.57497515430547], [127.55419621114164, 36.577228921716234], [127.55419621114164, 36.577228921716234], [127.55419778631635, 36.5794826882729], [127.55699221607426, 36.57948138503804], [127.55699221607426, 36.57948138503804], [127.55978664564807, 36.57948001629739], [127.55978490804205, 36.57722624995899], [127.56257925620712, 36.57722481582973], [127.56257925620712, 36.57722481582973], [127.55978490804205, 36.57722624995899], [127.55978664564807, 36.57948001629739], [127.56258107502879, 36.57947858205097], [127.56258107502879, 36.57947858205095], [127.56537550420731, 36.579477082298766], [127.56537550420731, 36.57947708229877], [127.56537550420731, 36.57947708229877], [127.56537550420731, 36.57947708229878], [127.56258107502879, 36.57947858205097], [127.56258289405258, 36.58173234741805], [127.56258289405258, 36.58173234741805], [127.56258107502879, 36.57947858205097], [127.55978664564807, 36.57948001629739], [127.55978838344723, 36.58173378178164], [127.55978838344723, 36.58173378178164], [127.55979012143952, 36.58398754641173], [127.56258471327854, 36.583986111930955], [127.56258471327854, 36.583986111930955], [127.55979012143952, 36.58398754641173], [127.55979185962497, 36.58624131018764], [127.55699718635006, 36.586242679263755], [127.55699718635006, 36.58624267926376], [127.55420251289098, 36.58624398281804], [127.55420408876608, 36.58849774595806], [127.55699884347693, 36.5884964422973], [127.557000500788, 36.59075020447664], [127.557000500788, 36.59075020447664], [127.557000500788, 36.59075020447665], [127.55420566481635, 36.59075150824388], [127.55420724104177, 36.59300526967549], [127.55700215828327, 36.59300396580174], [127.55700215828327, 36.59300396580174], [127.55979707534057, 36.593002596390086], [127.55979533657546, 36.59074883517684], [127.55979533657546, 36.59074883517684], [127.55979359800362, 36.58849507310935], [127.55699884347693, 36.5884964422973], [127.55699884347693, 36.5884964422973], [127.55979359800362, 36.58849507310935], [127.55979185962497, 36.58624131018764], [127.55979185962497, 36.58624131018764], [127.55979359800362, 36.58849507310935], [127.5625883523371, 36.58849363839421], [127.5625883523371, 36.58849363839421], [127.56538310646832, 36.58849213815189], [127.56538120558623, 36.58623837546992], [127.56538120558623, 36.58623837546992], [127.56537930491538, 36.58398461193372], [127.56537930491538, 36.58398461193372], [127.56537740445576, 36.58173084754334], [127.56537740445576, 36.58173084754334], [127.56537930491538, 36.58398461193372], [127.56537930491538, 36.58398461193373], [127.56538120558623, 36.58623837546992], [127.56538120558623, 36.58623837546992], [127.56538310646832, 36.588492138151885], [127.56538310646832, 36.588492138151885], [127.56538310646832, 36.58849213815189], [127.5625883523371, 36.58849363839421], [127.56259017216972, 36.590747400344505], [127.5653850075617, 36.590745899979645], [127.5653850075617, 36.59074589997964], [127.56817984274237, 36.59074433408227], [127.56817786038827, 36.588490572382426], [127.56817786038827, 36.588490572382426], [127.5681758782545, 36.58623680982835], [127.56817587825452, 36.58623680982835], [127.568173896341, 36.58398304642004], [127.568173896341, 36.58398304642004], [127.56817587825452, 36.58623680982835], [127.56817587825452, 36.58623680982835], [127.5681778603883, 36.588490572382426], [127.56817786038827, 36.588490572382426], [127.56817984274237, 36.590744334082274], [127.57097467770274, 36.59074270265242], [127.57097261408794, 36.58848894108582], [127.57097261408796, 36.58848894108582], [127.57097055070251, 36.58623517866499], [127.57097055070251, 36.58623517866499], [127.57097261408796, 36.58848894108582], [127.57097261408796, 36.58848894108582], [127.57097467770274, 36.59074270265242], [127.57376951243374, 36.59074100569009], [127.57376736755829, 36.5884872442621], [127.57656212079026, 36.58848548191127], [127.57655989490156, 36.586231719772975], [127.5737652229212, 36.58623348197986], [127.5737652229212, 36.58623348197986], [127.5737652229212, 36.58623348197986], [127.57376307852245, 36.58397971884339], [127.57376307852245, 36.58397971884339], [127.57376093436199, 36.58172595485269], [127.57376093436199, 36.58172595485269], [127.57376307852245, 36.583979718843366], [127.57376307852245, 36.583979718843366], [127.5737652229212, 36.586233481979846], [127.57655989490156, 36.586231719772975], [127.57655766926023, 36.58397795678043], [127.57655766926023, 36.58397795678043], [127.57655544386623, 36.581724192933684], [127.57655544386623, 36.581724192933684], [127.57655766926023, 36.58397795678043], [127.57655766926023, 36.58397795678043], [127.57655989490156, 36.586231719772975], [127.57935456663456, 36.586229892044365], [127.57935456663456, 36.586229892044365], [127.57655989490156, 36.586231719772975], [127.57656212079026, 36.58848548191127], [127.57376736755829, 36.5884872442621], [127.57376951243374, 36.59074100569009], [127.57656434692636, 36.590739243195294], [127.57656212079026, 36.58848548191127], [127.57935687377483, 36.588483654033354], [127.57935687377483, 36.588483654033354], [127.582151626503, 36.58848176062837], [127.58214923811116, 36.58622799879403], [127.57935456663456, 36.586229892044365], [127.57935456663456, 36.586229892044365], [127.58214923811116, 36.58622799879403], [127.58214684998475, 36.58397423610543], [127.58214684998475, 36.58397423610543], [127.58214684998475, 36.58397423610543], [127.58494143995343, 36.583972277493395], [127.58494143995343, 36.583972277493395], [127.58494143995343, 36.583972277493395], [127.58494390932235, 36.586226040022], [127.58773858025906, 36.5862240157283], [127.59053325091233, 36.58622192591293], [127.59053325091233, 36.58622192591293], [127.59332792127306, 36.58621977057592], [127.59332520817686, 36.58396600855944], [127.59332520817686, 36.58396600855944], [127.59332792127306, 36.58621977057592], [127.59053325091233, 36.58622192591293], [127.59053588305862, 36.588475687251176], [127.59333063467079, 36.588473531738124], [127.59332792127306, 36.58621977057593], [127.59612259133225, 36.586217549717325], [127.59611979699369, 36.58396378788224], [127.59611979699369, 36.58396378788224], [127.59611979699369, 36.58396378788224], [127.59891438550001, 36.58396150168879], [127.5989115102387, 36.581707739186164], [127.5961170029657, 36.58171002519284], [127.59611420924816, 36.579456261649206], [127.59331978288898, 36.57945848196363], [127.59331978288898, 36.57945848196362], [127.59052535622835, 36.57946063677248], [127.59052798749721, 36.58171440067356], [127.59332249538218, 36.581712245688664], [127.59332249538218, 36.581712245688664], [127.5961170029657, 36.58171002519284], [127.5961170029657, 36.58171002519285], [127.59332249538218, 36.58171224568867], [127.59332249538218, 36.581712245688664], [127.59052798749721, 36.58171440067356], [127.59052798749721, 36.58171440067356], [127.59052798749721, 36.58171440067356], [127.59052535622833, 36.57946063677249], [127.5877309292753, 36.57946272607578], [127.58493650203886, 36.579464749873466], [127.58493650203886, 36.579464749873466], [127.58214207452808, 36.57946670816553], [127.58214207452808, 36.579466708165526], [127.58493650203886, 36.57946474987346], [127.58493403349311, 36.577210984782155], [127.58213968719775, 36.577212942914244], [127.58214207452808, 36.579466708165526], [127.57934764675197, 36.579468600951934], [127.57934995312316, 36.58172236550364], [127.57934995312313, 36.58172236550364], [127.57934764675194, 36.57946860095194], [127.57655321871952, 36.57947042823272], [127.57655544386623, 36.581724192933684], [127.57655544386623, 36.581724192933684], [127.57655321871952, 36.579470428232725], [127.57375879043983, 36.5794721900078], [127.57375879043983, 36.57947219000779], [127.57096436192188, 36.57947388627717], [127.57096436192188, 36.57947388627717], [127.5681699331747, 36.57947551704084], [127.5681699331747, 36.579475517040834], [127.56816993317469, 36.579475517040834], [127.56816795192185, 36.577221751069985], [127.56816795192185, 36.577221751069985], [127.56816795192185, 36.57722175106999], [127.56816795192185, 36.57722175106999], [127.5681699331747, 36.579475517040834], [127.57096436192188, 36.579473886277164], [127.57096436192188, 36.579473886277164], [127.57375879043983, 36.579472190007785], [127.57375879043983, 36.57947219000779], [127.57655321871952, 36.57947042823272], [127.57655321871952, 36.57947042823272], [127.57934764675194, 36.57946860095194], [127.57934534063706, 36.577214835546066], [127.5765509938201, 36.57721666267755], [127.5765509938201, 36.57721666267755], [127.57375664675591, 36.57721842430871], [127.57375664675591, 36.57721842430871], [127.5765509938201, 36.57721666267754], [127.57654876916796, 36.57496289626824], [127.57654876916796, 36.57496289626823], [127.57934303477845, 36.574961069286005], [127.5793407291761, 36.57270730217178], [127.57654654476302, 36.57270912900478], [127.57654654476302, 36.57270912900478], [127.5793407291761, 36.57270730217178], [127.57933842382994, 36.570453534203445], [127.57933842382997, 36.570453534203445], [127.57933611874, 36.56819976538098], [127.57654209669468, 36.56820159191548], [127.57654432060525, 36.57045536088717], [127.57654432060525, 36.57045536088717], [127.57654432060525, 36.57045536088717], [127.57375021713341, 36.57045712208664], [127.57375236010273, 36.57271089034812], [127.576546544763, 36.57270912900478], [127.576546544763, 36.572709129004785], [127.57375236010273, 36.57271089034812], [127.57375236010273, 36.57271089034812], [127.5709581752043, 36.572712586201824], [127.5709561134234, 36.5704588178018], [127.57375021713341, 36.57045712208664], [127.57375021713341, 36.57045712208664], [127.57654432060525, 36.57045536088717], [127.57654209669468, 36.56820159191548], [127.57654209669468, 36.56820159191548], [127.57653987303122, 36.5659478220897], [127.57374593190916, 36.5659495830014], [127.57374807440222, 36.56820335297105], [127.57374807440222, 36.56820335297105], [127.57374807440222, 36.56820335297106], [127.57095405187165, 36.56820504854768], [127.5709561134234, 36.5704588178018], [127.5709561134234, 36.5704588178018], [127.57095405187165, 36.56820504854768], [127.56816002911201, 36.56820667864535], [127.56816002911201, 36.568206678645346], [127.57095405187165, 36.56820504854768], [127.57095405187165, 36.56820504854768], [127.57374807440222, 36.56820335297105], [127.57374593190916, 36.56594958300139], [127.57374593190916, 36.56594958300139], [127.57374378965419, 36.56369581217767], [127.57094992945542, 36.56369750747726], [127.56815606902762, 36.56369913730858], [127.56815804895977, 36.565952908403986], [127.56815804895977, 36.565952908403986], [127.56815804895977, 36.565952908403986], [127.56815606902762, 36.56369913730858], [127.57094992945542, 36.56369750747726], [127.57094992945542, 36.56369750747726], [127.57374378965417, 36.56369581217767], [127.57374164763725, 36.56144204049992], [127.57374164763725, 36.56144204049992], [127.57373950585837, 36.559188267968146], [127.57373950585837, 36.559188267968146], [127.5737373643175, 36.55693449458239], [127.57094374754878, 36.55693618946646], [127.5709416873712, 36.55468241508823], [127.5709416873712, 36.55468241508823], [127.57093962742258, 36.552428639856046], [127.57093962742258, 36.552428639856046], [127.57093756770284, 36.550174863769925], [127.56814419405416, 36.550176492802386], [127.56814617266659, 36.55243026902163], [127.56814617266659, 36.55243026902163], [127.56814617266656, 36.55243026902163], [127.56814617266656, 36.55243026902163], [127.56814419405416, 36.550176492802386], [127.56535082018563, 36.55017805639866], [127.5653508201856, 36.55017805639866], [127.56255744610621, 36.550179554558724], [127.56255744610621, 36.550179554558724], [127.56255744610621, 36.550179554558724], [127.56255562991034, 36.54792577723539], [127.55976233672746, 36.54792720984216], [127.55976233672746, 36.54792720984216], [127.55696904335178, 36.547928577018034], [127.55697069735088, 36.550182354570175], [127.55976407182496, 36.550180987282566], [127.55976407182496, 36.550180987282566], [127.55976407182496, 36.550180987282566], [127.55976580711528, 36.55243476386909], [127.55976580711528, 36.55243476386909], [127.55976754259845, 36.55468853960171], [127.5625610791035, 36.5546871066437], [127.5625610791035, 36.55468710664371], [127.55976754259845, 36.55468853960171], [127.55976754259845, 36.55468853960171], [127.55697400590054, 36.554689907112795], [127.55697566045114, 36.55694368210324], [127.55697566045114, 36.55694368210324], [127.55697400590051, 36.554689907112795], [127.55697400590051, 36.554689907112795], [127.55697235153377, 36.552436131268436], [127.55417889576843, 36.552437433226174], [127.55417889576843, 36.552437433226174], [127.55697235153377, 36.552436131268436], [127.55697069735088, 36.550182354570175], [127.55696904335178, 36.547928577018034], [127.55417574979231, 36.547929878763014], [127.55417574979231, 36.547929878763014], [127.55696904335178, 36.547928577018034], [127.5569673895365, 36.54567479861205], [127.5569673895365, 36.54567479861205], [127.5597606018228, 36.5456734315479], [127.5597588671109, 36.543419652399784], [127.55696573590498, 36.543421019352216], [127.55696573590498, 36.543421019352216], [127.55696573590498, 36.543421019352216], [127.5597588671109, 36.543419652399784], [127.55975713259178, 36.54116587239784], [127.55696408245721, 36.541167239238575], [127.55696408245721, 36.54116723923858], [127.55696408245721, 36.54116723923858], [127.55696242919319, 36.53891345827115], [127.55416945993727, 36.53891475959067], [127.55416945993727, 36.538914759590654], [127.55416945993727, 36.538914759590654], [127.55416788791032, 36.536660977663104], [127.55416788791032, 36.536660977663104], [127.55416631605807, 36.534407194881794], [127.55137350872523, 36.534408430589785], [127.55137350872523, 36.534408430589785], [127.54858070122673, 36.534409600898904], [127.54858211099018, 36.536663383876856], [127.54858211099018, 36.536663383876856], [127.54858211099018, 36.536663383876856], [127.5457892222906, 36.53666448887742], [127.5457892222906, 36.53666448887742], [127.54299633344334, 36.536665528473755], [127.54299758125661, 36.53891931077326], [127.5457905511573, 36.538918271091944], [127.5457905511573, 36.538918271091944], [127.5457905511573, 36.538918271091944], [127.54579188017172, 36.54117205245274], [127.54858493098716, 36.54117094727154], [127.54858493098716, 36.54117094727154], [127.5513779816459, 36.54116977667544], [127.5513779816459, 36.54116977667544], [127.55417103213891, 36.541168540664444], [127.55417103213891, 36.54116854066445], [127.5513779816459, 36.54116977667544], [127.55137947295086, 36.54342355699646], [127.55417260451529, 36.54342232088445], [127.55417103213892, 36.54116854066445], [127.55417103213892, 36.54116854066445], [127.55417260451529, 36.54342232088445], [127.55137947295086, 36.54342355699646], [127.55137947295086, 36.54342355699646], [127.54858634122071, 36.543424727688226], [127.54858775161097, 36.545678507251125], [127.55138096442157, 36.545677336463676], [127.55138096442157, 36.54567733646368], [127.54858775161097, 36.545678507251125], [127.54858916215798, 36.547932285960194], [127.54858916215798, 36.547932285960194], [127.54859057286174, 36.55018606381542], [127.54859057286174, 36.55018606381542], [127.54858916215795, 36.547932285960194], [127.54858916215795, 36.547932285960194], [127.54858775161097, 36.545678507251125], [127.54579453864362, 36.54567961261297], [127.54579453864362, 36.54567961261297], [127.54579453864362, 36.54567961261297], [127.5457932093338, 36.54342583295975], [127.5430000772992, 36.54342687281102], [127.54300132552854, 36.545680652549215], [127.54300132552854, 36.545680652549215], [127.5430025738966, 36.5479344314336], [127.54579586810115, 36.54793339141237], [127.54579586810115, 36.54793339141237], [127.54579586810115, 36.54793339141237], [127.54579586810115, 36.54793339141237], [127.5430025738966, 36.5479344314336], [127.5430038224034, 36.550188209464174], [127.54579719770646, 36.55018716935796], [127.54579719770646, 36.55018716935796], [127.54579719770646, 36.55018716935796], [127.54579852745952, 36.55244094644967], [127.54859198372229, 36.5524398408168], [127.54859198372229, 36.55243984081682], [127.54579852745952, 36.55244094644968], [127.54579852745952, 36.55244094644968], [127.54300507104897, 36.5524419866409], [127.54300631983331, 36.55469576296375], [127.54579985736038, 36.554694722687536], [127.54579985736038, 36.554694722687536], [127.54859339473965, 36.55469361696431], [127.54859339473965, 36.55469361696432], [127.54579985736038, 36.55469472268754], [127.54580118740901, 36.556948498071485], [127.54580118740901, 36.556948498071485], [127.54580118740901, 36.556948498071485], [127.54579985736035, 36.554694722687536], [127.54300631983328, 36.55469576296375], [127.5430075687564, 36.55694953843272], [127.5430075687564, 36.55694953843272], [127.54300631983328, 36.55469576296375], [127.54300631983328, 36.55469576296375], [127.54300507104897, 36.5524419866409], [127.54021161449963, 36.55244296139047], [127.54021161449963, 36.55244296139047], [127.53741815782055, 36.55244387069836], [127.53741924437179, 36.554697647175175], [127.53741924437179, 36.554697647175175], [127.53742033104379, 36.5569514227981], [127.53742033104379, 36.5569514227981], [127.53742033104379, 36.5569514227981], [127.53742033104379, 36.5569514227981], [127.53741924437179, 36.554697647175175], [127.53741924437179, 36.554697647175175], [127.53741815782055, 36.55244387069836], [127.5346247010207, 36.55244471456459], [127.5346247010207, 36.55244471456457], [127.53183124410917, 36.552445492989094], [127.53183216842726, 36.55469926959849], [127.53183216842726, 36.55469926959849], [127.53183124410917, 36.552445492989094], [127.5346247010207, 36.55244471456457], [127.53462369569776, 36.550190937164935], [127.53183031989377, 36.55019171552586], [127.53183031989377, 36.55019171552586], [127.53462369569776, 36.550190937164935], [127.53462269048653, 36.54793715891147], [127.53462269048653, 36.54793715891147], [127.534621685387, 36.5456833798042], [127.53182847177109, 36.54568415803793], [127.53182847177109, 36.54568415803793], [127.53182754786378, 36.54343037801326], [127.53182754786378, 36.54343037801326], [127.53182662405912, 36.541176597134815], [127.52903357249262, 36.541177309826395], [127.52903357249262, 36.541177309826395], [127.52624052083247, 36.541177957102995], [127.52624052083247, 36.541177957102995], [127.52903357249262, 36.541177309826395], [127.52903357249262, 36.541177309826395], [127.53182662405912, 36.541176597134815], [127.53182570035715, 36.53892281540263], [127.53182570035715, 36.53892281540263], [127.53182570035715, 36.53892281540263], [127.53461867075849, 36.53892203735968], [127.53461867075849, 36.53892203735968], [127.53461867075849, 36.53892203735968], [127.53461967552299, 36.54117581902828], [127.53741272687519, 36.541174975506806], [127.5374116410482, 36.53892119390714], [127.5374116410482, 36.53892119390714], [127.53741055534186, 36.53666741145374], [127.53741055534186, 36.53666741145374], [127.53741055534186, 36.53666741145374], [127.54020344445742, 36.53666650266588], [127.54020344445742, 36.53666650266588], [127.54299633344334, 36.53666552847376], [127.54299508576874, 36.53441174532054], [127.54020227782726, 36.53441271943302], [127.54020227782726, 36.53441271943302], [127.53740946975618, 36.534413628146616], [127.53740946975618, 36.534413628146616], [127.53740946975618, 36.534413628146616], [127.53740838429111, 36.532159843985795], [127.53740838429111, 36.532159843985795], [127.53740729894668, 36.5299060589713], [127.5346146528169, 36.52990690214815], [127.5346146528169, 36.52990690214814], [127.53182200657551, 36.529907679936755], [127.531822929867, 36.532161465083746], [127.53461565713486, 36.532160687231546], [127.53461565713486, 36.53216068723155], [127.53461565713486, 36.53216068723155], [127.53461666156444, 36.53441447146131], [127.53461666156444, 36.53441447146131], [127.53461766610565, 36.53666825483735], [127.53461766610565, 36.53666825483735], [127.53461766610565, 36.53666825483735], [127.53461766610565, 36.53666825483735], [127.53461666156444, 36.53441447146131], [127.53182385326109, 36.53441524937708], [127.53182385326109, 36.53441524937708], [127.5290310448551, 36.53441596189393], [127.5290310448551, 36.53441596189394], [127.52623823635554, 36.53441660901187], [127.52623899776323, 36.53667039256262], [127.52623899776323, 36.53667039256262], [127.52623975925552, 36.53892417525966], [127.52623975925552, 36.53892417525966], [127.5262389977632, 36.53667039256261], [127.52344610813448, 36.53667097432914], [127.5234454277713, 36.53441719073084], [127.52065261911152, 36.53441770705089], [127.52065321843016, 36.5366714906914], [127.52065321843016, 36.5366714906914], [127.52065321843016, 36.53667149069138], [127.52065261911152, 36.534417707050885], [127.52065261911152, 36.534417707050885], [127.52065201985947, 36.532163922556684], [127.51785929216862, 36.532164373440935], [127.51785929216862, 36.532164373440935], [127.51785929216862, 36.532164373440935], [127.52065201985947, 36.532163922556684], [127.52065142067404, 36.52991013720885], [127.52065142067404, 36.52991013720885], [127.52065142067404, 36.529910137208844], [127.5234440672718, 36.52990962097319], [127.52344338713542, 36.527655834813906], [127.52065082155517, 36.527656351007366], [127.52065082155517, 36.527656351007366], [127.52065082155517, 36.527656351007366], [127.52065022250288, 36.52540256395227], [127.52065022250288, 36.52540256395227], [127.52064962351716, 36.52314877604356], [127.51785721987842, 36.52314922678041], [127.51785721987842, 36.52314922678041], [127.52064962351716, 36.52314877604356], [127.520649024598, 36.520894987281274], [127.51785670194977, 36.52089543798128], [127.51785670194977, 36.520895437981274], [127.520649024598, 36.52089498728127], [127.52064842574538, 36.51864119766544], [127.51785618407868, 36.51864164832859], [127.51785670194977, 36.520895437981274], [127.51506437924401, 36.52089582331439], [127.51506437924401, 36.52089582331439], [127.51227205648966, 36.52089614328062], [127.51227241243724, 36.523149932137414], [127.51506481618212, 36.523149612145026], [127.51506481618212, 36.523149612145026], [127.51506481618212, 36.523149612145026], [127.51506525316877, 36.52540340012208], [127.51506525316877, 36.52540340012208], [127.51506569020401, 36.52765718724553], [127.51785825590838, 36.52765680181791], [127.51785825590838, 36.52765680181791], [127.51506569020401, 36.52765718724553], [127.5150661272878, 36.529910973515356], [127.5150661272878, 36.529910973515356], [127.51506656442018, 36.53216475893156], [127.51506656442018, 36.53216475893156], [127.51506656442018, 36.53216475893156], [127.51506656442018, 36.53216475893156], [127.5150661272878, 36.52991097351536], [127.5150661272878, 36.52991097351536], [127.51506569020401, 36.52765718724553], [127.51506569020401, 36.52765718724553], [127.51506525316877, 36.52540340012208], [127.51227276842437, 36.52540372014063], [127.51227312445104, 36.52765750729023], [127.51227312445107, 36.52765750729023], [127.51227348051732, 36.52991129358623], [127.51227348051732, 36.52991129358623], [127.51227383662314, 36.532165079028594], [127.51227383662314, 36.532165079028594], [127.51227348051732, 36.52991129358623], [127.51227348051732, 36.52991129358623], [127.51227312445104, 36.527657507290236], [127.50948055865854, 36.52765776195202], [127.50948083370726, 36.529911548268814], [127.50668818686664, 36.529911737563125], [127.50668799283547, 36.52765795123086], [127.50668799283547, 36.52765795123086], [127.50668799283547, 36.52765795123086], [127.50948055865854, 36.527657761952014], [127.5094802836404, 36.52540397478158], [127.50668779882587, 36.52540416404495], [127.50668779882587, 36.52540416404495], [127.50389531398979, 36.52540428793074], [127.50389542699085, 36.527658075126766], [127.50389542699085, 36.527658075126766], [127.50389554000446, 36.52991186146918], [127.50389565303064, 36.532165646957964], [127.50389565303064, 36.532165646957964], [127.50389576606936, 36.5344194315931], [127.50389576606936, 36.5344194315931], [127.50389587912068, 36.53667321537456], [127.50668876908954, 36.53667309143812], [127.50668857499367, 36.534419307666795], [127.50668857499367, 36.53441930766679], [127.50668857499367, 36.53441930766679], [127.50668876908954, 36.53667309143812], [127.50948165903682, 36.536672902097386], [127.50948165903682, 36.5366729020974], [127.50668876908954, 36.536673091438125], [127.50389587912068, 36.53667321537456], [127.50389587912068, 36.53667321537456], [127.50389587912068, 36.53667321537456], [127.50389576606936, 36.5344194315931], [127.5011029571325, 36.534419490120435], [127.50110298913924, 36.53667327390668], [127.50110298913924, 36.53667327390668], [127.50110302114953, 36.53892705683922], [127.50110302114953, 36.53892705683922], [127.50110305316338, 36.54118083891805], [127.50110305316338, 36.54118083891805], [127.50110308518077, 36.543434620143174], [127.50389621834994, 36.543434561596705], [127.5038963314515, 36.54568834196327], [127.5038963314515, 36.54568834196327], [127.50389644456564, 36.547942121476076], [127.50668973989245, 36.547941997488984], [127.50668973989245, 36.547941997488984], [127.50948303519768, 36.54794180807087], [127.50948303519768, 36.54794180807086], [127.5122763304723, 36.54794155322169], [127.51227597408936, 36.54568777375535], [127.51227597408936, 36.54568777375535], [127.51506918823479, 36.545687453501316], [127.51506875081084, 36.54343367320735], [127.51506875081084, 36.54343367320735], [127.51506918823479, 36.54568745350133], [127.51227597408936, 36.54568777375535], [127.5122763304723, 36.5479415532217], [127.5122763304723, 36.5479415532217], [127.5122763304723, 36.5479415532217], [127.50948303519768, 36.54794180807087], [127.50948303519768, 36.54794180807087], [127.50668973989245, 36.547941997488984], [127.50668973989245, 36.547941997488984], [127.50389644456564, 36.547942121476076], [127.50389655769234, 36.55019590013508], [127.50110318125434, 36.550195958695916], [127.50110321328597, 36.55244973650589], [127.50110321328597, 36.55244973650589], [127.49830975573677, 36.552449729629764], [127.49830975573677, 36.552449729629764], [127.49830975573677, 36.552449729629764], [127.49830975573677, 36.552449729629764], [127.50110321328597, 36.55244973650589], [127.50110318125434, 36.550195958695916], [127.50389655769234, 36.55019590013508], [127.50389644456564, 36.547942121476076], [127.50389644456564, 36.547942121476076], [127.5038963314515, 36.54568834196328], [127.5038963314515, 36.54568834196328], [127.50389621834994, 36.543434561596705], [127.50110308518077, 36.54343462014319], [127.50110308518077, 36.543434620143174], [127.49830995200804, 36.5434346132693], [127.49830995200804, 36.5434346132693], [127.49830995200804, 36.5434346132693], [127.50110308518077, 36.543434620143174], [127.50110305316338, 36.54118083891805], [127.49831000106222, 36.54118083204475], [127.49831000106222, 36.54118083204476], [127.49551694896654, 36.54118075975643], [127.49551694896654, 36.54118075975642], [127.49272389688531, 36.541180622053105]], [[127.51507268937684, 36.56371766511547], [127.51507225156385, 36.56146389165226], [127.51786603347709, 36.56146350575188], [127.51786603347709, 36.56146350575188], [127.5178665524428, 36.56371727918356], [127.51507268937684, 36.56371766511547]], [[127.56535461540665, 36.55468560823878], [127.56535461540665, 36.55468560823878], [127.56814815149889, 36.55468404438695], [127.56814815149889, 36.55468404438695], [127.56535461540665, 36.554685608238785], [127.56535461540665, 36.554685608238785], [127.5625610791035, 36.55468710664371], [127.5625610791035, 36.55468710664371], [127.56535461540665, 36.55468560823878]], [[127.50389655769234, 36.55019590013508], [127.50389667083162, 36.55244967794029], [127.50389667083162, 36.55244967794029], [127.50389655769234, 36.55019590013508], [127.50389655769234, 36.55019590013508]], [[127.51786292089376, 36.54794084723027], [127.51786292089376, 36.54794084723027], [127.52065621602252, 36.547940396088016], [127.52065621602252, 36.547940396088016], [127.51786292089376, 36.54794084723027], [127.51786292089376, 36.54794084723027], [127.51786292089376, 36.54794084723027]], [[127.5290352580525, 36.54568487084599], [127.5290352580525, 36.54568487084599], [127.52903441522574, 36.54343109076308], [127.52903441522574, 36.54343109076308], [127.5290352580525, 36.54568487084599], [127.52903610097296, 36.547938650075125], [127.53182939578109, 36.5479379372088], [127.53182939578109, 36.5479379372088], [127.52903610097296, 36.547938650075125], [127.52903610097296, 36.547938650075125], [127.52903610097296, 36.547938650075125], [127.5290352580525, 36.54568487084599]], [[127.5318247767578, 36.53666903281672], [127.5318247767578, 36.53666903281672], [127.5318247767578, 36.53666903281672], [127.5318247767578, 36.53666903281672], [127.5318247767578, 36.53666903281672]], [[127.49830980481276, 36.55019595182034], [127.49830980481276, 36.55019595182034], [127.49830980481276, 36.55019595182034], [127.50110318125434, 36.550195958695895], [127.50110314922625, 36.547942180032116], [127.50110314922625, 36.547942180032116], [127.50110318125434, 36.550195958695916], [127.49830980481276, 36.55019595182034], [127.49830980481276, 36.55019595182034]], [[127.50110311720172, 36.54568840051454], [127.50110311720172, 36.54568840051454], [127.50110314922625, 36.547942180032116], [127.50110314922625, 36.547942180032116], [127.50110311720172, 36.54568840051454]], [[127.5094813838964, 36.53441911834153], [127.51227419276854, 36.534418863617304], [127.51227419276854, 36.534418863617304], [127.5094813838964, 36.53441911834153], [127.5094813838964, 36.53441911834153], [127.5094813838964, 36.53441911834153]], [[127.50668838091937, 36.53216552304179], [127.50668838091937, 36.53216552304179], [127.50668838091937, 36.53216552304179], [127.50948110878653, 36.532165333731996], [127.50948110878653, 36.532165333731996], [127.50948110878653, 36.532165333731996], [127.50948110878653, 36.532165333731996], [127.50668838091937, 36.53216552304179], [127.50668838091937, 36.53216552304179]], [[127.50389610526096, 36.54118078037638], [127.50389610526096, 36.54118078037638], [127.50668915734597, 36.54118065641969], [127.50668915734597, 36.54118065641969], [127.50389610526096, 36.54118078037638], [127.50389621834995, 36.543434561596705], [127.50389621834994, 36.543434561596705], [127.50389610526096, 36.54118078037638], [127.50389610526096, 36.54118078037638]], [[127.50948248464157, 36.54343424824271], [127.50668935150655, 36.54343443762988], [127.50668935150655, 36.54343443762988], [127.50948248464157, 36.54343424824271], [127.50948248464157, 36.54343424824271]], [[127.51227526144226, 36.54118021226131], [127.51227526144226, 36.54118021226131], [127.512275617746, 36.543433993435194], [127.512275617746, 36.543433993435194], [127.51227526144226, 36.54118021226131], [127.5094822094094, 36.54118046704799], [127.5094822094094, 36.54118046704799], [127.51227526144226, 36.54118021226131]], [[127.50668915734597, 36.541180656419684], [127.5094822094094, 36.54118046704799], [127.5094822094094, 36.54118046704799], [127.50668915734597, 36.54118065641969], [127.50668915734597, 36.541180656419684]], [[127.5066895456887, 36.54568821798632], [127.50668935150655, 36.54343443762988], [127.50668935150655, 36.54343443762988], [127.5066895456887, 36.54568821798632], [127.5066895456887, 36.54568821798632]], [[127.5066901283647, 36.55244955393293], [127.50948358587615, 36.552449364483856], [127.50948358587615, 36.55244936448386], [127.5066901283647, 36.55244955393294], [127.5066901283647, 36.55244955393293], [127.5066901283647, 36.55244955393293]], [[127.5094844121234, 36.55921069269953], [127.5094844121234, 36.55921069269953], [127.5094844121234, 36.55921069269953], [127.5094844121234, 36.55921069269953], [127.50948468760038, 36.56146446706366], [127.51227846960194, 36.56146421208952], [127.51227811298128, 36.559210437746216], [127.51227811298128, 36.559210437746216], [127.51227846960194, 36.56146421208952], [127.51507225156385, 36.56146389165225], [127.51507225156385, 36.56146389165226], [127.51227846960194, 36.561464212089525], [127.51227882626223, 36.56371798557891], [127.51227882626222, 36.56371798557891], [127.51227846960194, 36.561464212089525], [127.50948468760038, 36.561464467063665], [127.50948468760038, 36.56146446706366], [127.50948468760038, 36.56146446706366], [127.5094844121234, 36.55921069269953]], [[127.50669051692326, 36.556957106961555], [127.50669071123495, 36.55921088219505], [127.50669071123495, 36.55921088219505], [127.50669051692326, 36.556957106961555], [127.50669051692326, 36.556957106961555], [127.50669051692326, 36.556957106961555]], [[127.50669187755862, 36.57273351566368], [127.50669207202154, 36.57498728491952], [127.50669207202154, 36.57498728491952], [127.50669187755862, 36.57273351566368], [127.50669187755862, 36.57273351566368]], [[127.50669168311732, 36.57047974555382], [127.50948578981445, 36.57047955598086], [127.50948578981445, 36.57047955598086], [127.50948578981445, 36.57047955598086], [127.50948606544455, 36.57273332607522], [127.50948606544455, 36.57273332607522], [127.50948606544455, 36.57273332607522], [127.50948606544455, 36.57273332607522], [127.50948578981445, 36.57047955598086], [127.50669168311732, 36.570479745553826], [127.50669168311732, 36.57047974555382]], [[127.51227490517809, 36.53892643023368], [127.51227490517809, 36.53892643023368], [127.51227490517809, 36.53892643023368], [127.51227490517809, 36.53892643023368], [127.51506787610879, 36.53892611005816], [127.51506743883067, 36.53667232720299], [127.51506743883067, 36.53667232720299], [127.51506787610879, 36.53892611005816], [127.51506787610879, 36.53892611005816], [127.51506831343552, 36.541179892059624], [127.51786136538018, 36.541179506442944], [127.51786084699089, 36.53892572447299], [127.51786084699089, 36.53892572447299], [127.5178603286592, 36.53667194164933], [127.51506743883067, 36.53667232720299], [127.51506700160114, 36.53441854349411], [127.51506700160114, 36.53441854349411], [127.51506743883067, 36.53667232720299], [127.5178603286592, 36.53667194164933], [127.51786084699089, 36.53892572447299], [127.52065381781539, 36.53892527347819], [127.52065381781539, 36.53892527347819], [127.51786084699089, 36.53892572447299], [127.51786136538018, 36.541179506442944], [127.52065441726725, 36.541179055411284], [127.52065381781539, 36.5389252734782], [127.52065381781539, 36.5389252734782], [127.52065441726725, 36.541179055411284], [127.52344746908767, 36.54117853896462], [127.52344678857327, 36.538924757073744], [127.52344678857327, 36.538924757073744], [127.52344746908767, 36.541178538964616], [127.52344746908767, 36.541178538964616], [127.52344814967769, 36.54343232000176], [127.52624128249404, 36.54343173809257], [127.52624128249404, 36.54343173809258], [127.52624128249404, 36.54343173809258], [127.52624128249404, 36.54343173809258], [127.52344814967769, 36.54343232000176], [127.52344883034334, 36.545686100185144], [127.52344883034334, 36.545686100185144], [127.52344883034334, 36.54568610018515], [127.52065561637079, 36.545686616716225], [127.52065561637079, 36.54568661671622], [127.52065561637079, 36.54568661671622], [127.52065561637079, 36.54568661671621], [127.52344883034334, 36.545686100185144], [127.52344814967769, 36.54343232000176], [127.5206550167857, 36.543432836490624], [127.5206550167857, 36.543432836490624], [127.51786188382708, 36.543433287559154], [127.51786136538018, 36.541179506442944], [127.51506831343552, 36.54117989205963], [127.51506875081084, 36.54343367320735], [127.51506875081084, 36.54343367320735], [127.51506831343552, 36.54117989205963], [127.51506787610879, 36.53892611005817], [127.51227490517809, 36.53892643023368]], [[127.51785981038512, 36.53441815797196], [127.51785981038512, 36.53441815797197], [127.51506700160114, 36.53441854349411], [127.51506700160114, 36.53441854349411], [127.51785981038512, 36.53441815797196]], [[127.51227383662314, 36.532165079028594], [127.51227419276854, 36.534418863617304], [127.51227419276854, 36.534418863617304], [127.51227383662314, 36.532165079028594], [127.51227383662314, 36.532165079028594]], [[127.51506918823479, 36.54568745350133], [127.51506918823479, 36.54568745350133], [127.51786240233159, 36.54568706782161], [127.51786240233159, 36.54568706782161], [127.51506918823479, 36.54568745350133]], [[127.5597692782745, 36.55694231448043], [127.55977101414344, 36.55919608850517], [127.55977101414344, 36.55919608850517], [127.5597692782745, 36.55694231448043], [127.5597692782745, 36.55694231448043]], [[127.53183401737164, 36.559206820255596], [127.53183401737164, 36.559206820255596], [127.53183401737164, 36.559206820255596], [127.53183401737164, 36.559206820255596], [127.53183401737164, 36.559206820255596]], [[127.53462570645539, 36.554698491110344], [127.53462570645539, 36.554698491110344], [127.53462570645539, 36.55469849111035], [127.53462570645539, 36.55469849111035], [127.5346267120018, 36.55695226680225], [127.53462671200182, 36.55695226680225], [127.53462771765999, 36.559206041640216], [127.53462771765999, 36.559206041640216], [127.5346267120018, 36.55695226680224], [127.5346267120018, 36.55695226680224], [127.53462570645539, 36.554698491110344]], [[127.54858352091033, 36.53891716600107], [127.54858352091033, 36.53891716600107], [127.54858352091033, 36.53891716600107], [127.55137649050664, 36.53891599550063], [127.55137649050664, 36.53891599550063], [127.54858352091033, 36.53891716600107], [127.54858352091033, 36.53891716600107]], [[127.55417732269295, 36.55018365642153], [127.55138394786026, 36.550184892836626], [127.55138394786026, 36.55018489283661], [127.54859057286174, 36.55018606381542], [127.54859057286174, 36.55018606381542], [127.55138394786026, 36.55018489283661], [127.55138394786026, 36.55018489283661], [127.55417732269295, 36.550183656421524], [127.55417732269295, 36.55018365642153]], [[127.55417417706641, 36.545676100250645], [127.55138096442157, 36.545677336463676], [127.55138096442157, 36.545677336463676], [127.55417417706641, 36.545676100250645], [127.55417417706641, 36.545676100250645]], [[127.55417260451529, 36.54342232088445], [127.55417417706641, 36.545676100250645], [127.55417417706641, 36.545676100250645], [127.55417260451529, 36.54342232088445], [127.55417260451529, 36.54342232088445]], [[127.55417889576843, 36.55243743322618], [127.55138543982828, 36.55243866974231], [127.5513869319621, 36.55469244579411], [127.54859339473965, 36.55469361696431], [127.54859339473965, 36.5546936169643], [127.5513869319621, 36.5546924457941], [127.55138543982828, 36.5524386697423], [127.55138543982828, 36.5524386697423], [127.55138543982828, 36.55243866974231], [127.55417889576843, 36.55243743322618], [127.55417889576843, 36.55243743322618]], [[127.55698393596285, 36.56821254424605], [127.55698228049262, 36.56595877352549], [127.55698228049262, 36.56595877352549], [127.55698393596285, 36.56821254424606], [127.55977795954868, 36.568211176064416], [127.55977795954868, 36.568211176064416], [127.56257198294149, 36.56820974240372], [127.56257198294149, 36.56820974240373], [127.55977795954868, 36.56821117606442], [127.55977969638245, 36.57046494581917], [127.55977969638245, 36.57046494581917], [127.55978143340926, 36.57271871471986], [127.55978143340926, 36.57271871471986], [127.55978317062912, 36.574972482766476], [127.55978317062912, 36.574972482766476], [127.55978317062912, 36.57497248276648], [127.55978317062912, 36.57497248276648], [127.55978143340926, 36.57271871471986], [127.5569872474553, 36.5727200831251], [127.55419306131732, 36.5727213860406], [127.55419306131732, 36.5727213860406], [127.55139887500434, 36.57272262346635], [127.55139887500434, 36.57272262346635], [127.55419306131732, 36.5727213860406], [127.55419148666768, 36.570467616921675], [127.55419148666768, 36.570467616921675], [127.55419148666768, 36.57046761692166], [127.55698559161705, 36.570466314112615], [127.55698393596285, 36.56821254424606], [127.55418991219304, 36.56821384694868], [127.55418991219304, 36.56821384694867], [127.55698393596285, 36.56821254424605]], [[127.56817191464773, 36.58172928215753], [127.56817191464773, 36.58172928215754], [127.56817191464773, 36.58172928215754], [127.56537740445576, 36.581730847543334], [127.56537740445576, 36.58173084754333], [127.56817191464773, 36.58172928215753]], [[127.56536980472897, 36.572715781440245], [127.56536980472897, 36.572715781440245], [127.56536790532508, 36.57046201277918], [127.56257380095478, 36.570463512041364], [127.56257380095478, 36.57046351204136], [127.56536790532508, 36.57046201277918], [127.5681620094843, 36.570460448032655], [127.5681620094843, 36.570460448032655], [127.56536790532508, 36.57046201277918], [127.56536980472897, 36.57271578144024], [127.56537170434396, 36.57496954924721], [127.5681659708892, 36.57496798424499], [127.5681659708892, 36.574967984245], [127.5709602372143, 36.574966353747755], [127.57096229945348, 36.57722012043952], [127.57096229945348, 36.57722012043952], [127.5709602372143, 36.574966353747755], [127.5681659708892, 36.574967984245], [127.5681659708892, 36.574967984245], [127.56537170434396, 36.57496954924721], [127.56536980472897, 36.572715781440245]], [[127.56257198294149, 36.56820974240372], [127.56536600613227, 36.56820824326403], [127.56536600613227, 36.56820824326403], [127.56816002911201, 36.56820667864534], [127.56816002911201, 36.568206678645346], [127.56536600613227, 36.56820824326403], [127.56257198294149, 36.56820974240372], [127.56257198294149, 36.56820974240372]], [[127.56536220837978, 36.56370070167163], [127.56536410715051, 36.565954472894845], [127.56536410715051, 36.565954472894845], [127.56536220837978, 36.56370070167163], [127.56256834752095, 36.56370220056637], [127.56256834752095, 36.56370220056636], [127.56536220837978, 36.56370070167162], [127.56536030982005, 36.56144692959438], [127.56256653011366, 36.56144842836666], [127.56256834752095, 36.56370220056636], [127.56256834752095, 36.56370220056636], [127.56256653011366, 36.56144842836666], [127.55977275020531, 36.561449861675975], [127.55977275020531, 36.561449861675975], [127.55977275020531, 36.561449861675975], [127.55977275020531, 36.561449861675975], [127.56256653011366, 36.56144842836665], [127.56256471290834, 36.55919465531297], [127.56256471290834, 36.55919465531297], [127.56256471290834, 36.559194655312965], [127.56256471290834, 36.559194655312965], [127.56256653011366, 36.56144842836666], [127.56536030982005, 36.56144692959438], [127.56536030982005, 36.56144692959438], [127.56815408931546, 36.561445365359155], [127.56815408931546, 36.561445365359155], [127.56815408931546, 36.561445365359155], [127.56815408931546, 36.56144536535916], [127.56536030982005, 36.56144692959438], [127.56536220837978, 36.56370070167163], [127.56536220837978, 36.56370070167163]], [[127.56815013055113, 36.55693781889833], [127.56815013055113, 36.55693781889833], [127.5681521098233, 36.55919159255573], [127.5681521098233, 36.55919159255573], [127.56815013055113, 36.55693781889833], [127.56815013055113, 36.55693781889833], [127.56815013055113, 36.55693781889833]], [[127.55699055968387, 36.577227618587834], [127.55699055968387, 36.577227618587834], [127.55698890347755, 36.574973851283524], [127.55698890347755, 36.574973851283524], [127.55699055968387, 36.577227618587834]], [[127.56255926250392, 36.55243333102817], [127.56535271769069, 36.552431832745675], [127.56535271769069, 36.552431832745675], [127.56535271769069, 36.552431832745675], [127.56255926250392, 36.55243333102817], [127.56255926250392, 36.55243333102817]], [[127.56257925620712, 36.57722481582972], [127.56257743758758, 36.57497104875438], [127.56257743758758, 36.57497104875438], [127.56257743758758, 36.57497104875438], [127.56257743758758, 36.57497104875438], [127.56257925620712, 36.57722481582972], [127.56257925620712, 36.57722481582972]], [[127.55977448646011, 36.563703633992795], [127.55977622290791, 36.56595740545562], [127.55977622290791, 36.56595740545562], [127.55977448646011, 36.563703633992795], [127.55977448646011, 36.563703633992795]], [[127.56257016513021, 36.56595597191207], [127.55977622290791, 36.56595740545563], [127.55977622290791, 36.56595740545562], [127.56257016513021, 36.56595597191206], [127.56257016513021, 36.56595597191207]], [[127.56257380095478, 36.570463512041364], [127.56257380095478, 36.570463512041364], [127.56257561917013, 36.57271728082491], [127.56257561917013, 36.57271728082491], [127.56257380095478, 36.570463512041364]], [[127.56258471327854, 36.583986111930955], [127.56258471327854, 36.583986111930955], [127.56258289405258, 36.581732347418054], [127.56258289405258, 36.581732347418054], [127.56258471327854, 36.583986111930955]], [[127.5681620094843, 36.57046044803266], [127.56816399007668, 36.57271421656587], [127.56816399007668, 36.57271421656587], [127.56816399007668, 36.57271421656587], [127.5681620094843, 36.57046044803266], [127.5681620094843, 36.57046044803266]], [[127.5709664246195, 36.58172765126065], [127.5709664246195, 36.58172765126064], [127.5709664246195, 36.58172765126064], [127.57376093436199, 36.581725954852686], [127.57376093436199, 36.58172595485269], [127.5709664246195, 36.58172765126065]], [[127.57935225975066, 36.58397612920112], [127.57935225975066, 36.583976129201126], [127.57935225975066, 36.583976129201126], [127.57935225975066, 36.58397612920112], [127.57935225975066, 36.58397612920112]], [[127.59053061905851, 36.58396816372037], [127.58773602964771, 36.58397025336504], [127.5877334793198, 36.581716490147535], [127.5877334793198, 36.581716490147535], [127.58773602964771, 36.58397025336504], [127.59053061905851, 36.58396816372037], [127.59053061905851, 36.58396816372037]], [[127.57934995312316, 36.58172236550364], [127.58214446212374, 36.58172047256259], [127.58214446212374, 36.58172047256259], [127.58214446212374, 36.58172047256259], [127.58214446212374, 36.58172047256259], [127.57934995312316, 36.58172236550364], [127.57934995312316, 36.58172236550364]]], [[[127.48992879826264, 36.55695686934077], [127.49272241801074, 36.556957072575315], [127.49272262934899, 36.55470329649075], [127.48992909072655, 36.5547030932728], [127.48992879826264, 36.55695686934077]]], [[[127.49830921554069, 36.57724122917614], [127.50110356586904, 36.577241236058455], [127.50110359794341, 36.57949500362114], [127.50389802948408, 36.57949494499808], [127.50389791619384, 36.57724117744018], [127.50389791619384, 36.57724117744018], [127.50389780291617, 36.57498740902824], [127.50389780291617, 36.57498740902824], [127.5038976896511, 36.57273363976225], [127.50110350173097, 36.57273369837094], [127.50110353379822, 36.57498746764171], [127.50110353379822, 36.57498746764171], [127.50110353379822, 36.57498746764171], [127.49830926467672, 36.57498746075997], [127.49830921554069, 36.57724122917614]]], [[[127.49830877307062, 36.59752510648709], [127.49830882225581, 36.59527134575809], [127.49551382195314, 36.59527127332788], [127.49551369147981, 36.59752503405097], [127.49551369147981, 36.59752503405097], [127.49551356099198, 36.59977879391983], [127.49830872387993, 36.599778866361866], [127.49830877307059, 36.59752510648709], [127.49830877307062, 36.59752510648709]]], [[[127.49830872387993, 36.59977886636187], [127.49551356099198, 36.59977879391984], [127.49551343048968, 36.602032552934446], [127.49551343048968, 36.602032552934446], [127.49551329997287, 36.60428631109479], [127.4983086254822, 36.60428638354865], [127.4983086746838, 36.6020326253824], [127.4983086746838, 36.6020326253824], [127.49830872387993, 36.59977886636187]]], [[[127.50110350173097, 36.57273369837094], [127.5038976896511, 36.57273363976225], [127.50389757639859, 36.57047986964224], [127.50110346966726, 36.57047992824615], [127.50110350173097, 36.57273369837094]]], [[[127.50110382256395, 36.59527135264489], [127.50389882286854, 36.595271293988304], [127.50389882286854, 36.59527129398831], [127.50389882286854, 36.59527129398831], [127.50389893625955, 36.59752505471308], [127.50669401783965, 36.59752493050294], [127.50948909939808, 36.59752474074407], [127.50948909939808, 36.59752474074407], [127.50948909939808, 36.59752474074407], [127.509489375396, 36.599778500588975], [127.51228453822092, 36.599778245260495], [127.51228489555568, 36.602032004230296], [127.51508013964705, 36.602031683321506], [127.51507970100613, 36.599777924377925], [127.51228453822092, 36.599778245260495], [127.51228453822092, 36.599778245260495], [127.51507970100613, 36.599777924377925], [127.51507970100613, 36.59977792437792], [127.51787486374258, 36.59977753794125], [127.51787538368967, 36.60203129685327], [127.5206706276745, 36.602030844825606], [127.52067002642123, 36.59977708595049], [127.52067002642126, 36.59977708595049], [127.5206694252348, 36.597523326221115], [127.5206694252348, 36.597523326221115], [127.52066882411515, 36.59526956563752], [127.5234638241418, 36.59526904817721], [127.5234638241418, 36.59526904817721], [127.52346450654953, 36.59752280871855], [127.52625958778843, 36.59752222566725], [127.52625882409262, 36.595268465173525], [127.52625882409262, 36.595268465173525], [127.5262580604817, 36.59301470382558], [127.52346314180993, 36.59301528678166], [127.52346245955387, 36.59076152453189], [127.52066762207626, 36.590762041907674], [127.52066822306233, 36.593015804199695], [127.52066822306233, 36.593015804199695], [127.52066822306233, 36.593015804199695], [127.52066822306233, 36.593015804199695], [127.52066762207626, 36.590762041907674], [127.51787278453189, 36.59076249375078], [127.51787278453189, 36.59076249375078], [127.51507794692976, 36.59076288006121], [127.51507794692976, 36.59076288006121], [127.5122831092789, 36.59076320083898], [127.5122831092789, 36.59076320083898], [127.50948827158835, 36.590763456084055], [127.50948854749426, 36.59301721849159], [127.50948854749424, 36.59301721849159], [127.50948882343084, 36.59527098004494], [127.50948882343081, 36.59527098004494], [127.50948854749424, 36.59301721849159], [127.50669362850299, 36.593017408219474], [127.50669362850299, 36.593017408219474], [127.50669362850299, 36.593017408219474], [127.50669362850299, 36.593017408219474], [127.50948854749424, 36.59301721849159], [127.50948827158832, 36.59076345608405], [127.50669343386711, 36.590763645796436], [127.50669343386711, 36.59076364579644], [127.50389859612427, 36.59076376997614], [127.50389859612427, 36.59076376997614], [127.50110375836883, 36.590763828623146], [127.5011037904646, 36.59301759106111], [127.5011037904646, 36.59301759106111], [127.50110382256395, 36.59527135264489]], [[127.51787486374258, 36.59977753794125], [127.51787434385325, 36.59752377817496], [127.51787434385325, 36.59752377817496], [127.51787486374258, 36.59977753794125], [127.51787486374258, 36.59977753794125]], [[127.51787434385325, 36.59752377817495], [127.51787382402169, 36.595270017554455], [127.51787382402169, 36.595270017554455], [127.51787330424791, 36.593016256079714], [127.51507838537573, 36.5930166424217], [127.51507838537573, 36.5930166424217], [127.51228346645486, 36.593016963225665], [127.51228346645486, 36.593016963225665], [127.51507838537573, 36.5930166424217], [127.51507838537576, 36.5930166424217], [127.51787330424791, 36.593016256079714], [127.51787330424791, 36.593016256079714], [127.51787330424791, 36.593016256079714], [127.51787382402169, 36.595270017554455], [127.51787382402169, 36.595270017554455], [127.51787434385325, 36.59752377817495], [127.51787434385325, 36.59752377817495]], [[127.51228382367049, 36.595270724758166], [127.51507882387047, 36.595270403928005], [127.51507882387047, 36.595270403928005], [127.51507926241392, 36.59752416458007], [127.51507926241392, 36.59752416458007], [127.51507882387047, 36.595270403928005], [127.51228382367051, 36.59527072475817], [127.51228382367049, 36.59527072475817], [127.50948882343084, 36.59527098004494], [127.50948882343084, 36.59527098004494], [127.51228382367049, 36.595270724758166], [127.51228382367049, 36.595270724758166]]], [[[127.50947973369578, 36.52089639787997], [127.5094800086528, 36.52315018675757], [127.51227241243724, 36.52314993213742], [127.51227205648966, 36.52089614328063], [127.50947973369578, 36.52089639787997]]], [[[127.51507093841673, 36.554702566139234], [127.517864476926, 36.554702180333436], [127.51786395819093, 36.552448403486224], [127.51507050079832, 36.55244878926049], [127.51507093841673, 36.554702566139234]]], [[[127.51228525293018, 36.604285762345825], [127.51508057833676, 36.60428544141085], [127.51508013964705, 36.60203168332151], [127.51228489555568, 36.6020320042303], [127.51228525293018, 36.604285762345825]]], [[[127.52623443058599, 36.523147678453185], [127.52902683399807, 36.52314703159967], [127.52902599210739, 36.52089324297997], [127.52623366968581, 36.52089388978061], [127.52623443058599, 36.523147678453185]]], [[[127.52344270707461, 36.52540204780101], [127.52344270707461, 36.52540204780101], [127.52344338713542, 36.52765583481391], [127.52623595264005, 36.52765525323756], [127.52623671379396, 36.529909039349306], [127.52902936023152, 36.529908392337155], [127.52902851806013, 36.52765460627828], [127.52902851806013, 36.52765460627828], [127.52902767598232, 36.52540081936579], [127.52623519157073, 36.52540146627217], [127.52623519157073, 36.52540146627217], [127.52902767598232, 36.52540081936579], [127.52902767598232, 36.52540081936579], [127.52902767598232, 36.52540081936579], [127.52902851806013, 36.52765460627828], [127.53182108338662, 36.52765389393613], [127.53182016030031, 36.52540010708185], [127.53182016030031, 36.52540010708185], [127.53181923731658, 36.52314631937396], [127.52902683399807, 36.52314703159967], [127.52902683399807, 36.52314703159967], [127.52623443058599, 36.52314767845319], [127.52623443058599, 36.52314767845319], [127.52344202708937, 36.52314825993449], [127.52344202708937, 36.52314825993449], [127.52064962351716, 36.52314877604356], [127.52065022250288, 36.52540256395227], [127.52344270707461, 36.52540204780101], [127.52344270707461, 36.52540204780101]]], [[[127.52065741552592, 36.55244795227022], [127.52345087279426, 36.5524474356125], [127.52345019190163, 36.550193657990526], [127.5206568157409, 36.55019417460603], [127.52065741552592, 36.55244795227022]]], [[[127.52065981533269, 36.56146305438837], [127.52066041545108, 36.56371682778317], [127.52345427839265, 36.56371631091433], [127.52345359712159, 36.561462537561766], [127.52065981533269, 36.56146305438837]]], [[[127.52624814125852, 36.56371572857702], [127.52904200403964, 36.56371508077129], [127.52904116046324, 36.56146130751923], [127.52624737883478, 36.561461955272044], [127.52624814125852, 36.56371572857702]]], [[[127.52066221620645, 36.57047814284382], [127.52345632266021, 36.57047762584828], [127.52345564116197, 36.568223855057596], [127.52624966636023, 36.56822327262514], [127.52624890376701, 36.56596950102808], [127.52624890376701, 36.56596950102808], [127.52624966636023, 36.56822327262514], [127.52624966636026, 36.56822327262514], [127.52625042903824, 36.57047704336822], [127.5290445353315, 36.57047639540369], [127.52904369147377, 36.56822262471353], [127.52904369147377, 36.56822262471353], [127.52904284770985, 36.5659688531694], [127.52904284770985, 36.5659688531694], [127.52904200403964, 36.56371508077129], [127.52624814125852, 36.56371572857702], [127.52624890376701, 36.56596950102808], [127.52345495973945, 36.56597008341295], [127.52345427839265, 36.56371631091433], [127.52066041545108, 36.56371682778317], [127.52066101563616, 36.565970600324015], [127.52066101563616, 36.565970600324015], [127.52066161588795, 36.5682243720109], [127.52066161588795, 36.5682243720109], [127.52066221620645, 36.57047814284382]], [[127.52345564116197, 36.56822385505759], [127.52345564116197, 36.56822385505759], [127.52345495973945, 36.56597008341295], [127.52345495973945, 36.56597008341295], [127.52345564116197, 36.56822385505759]]], [[[127.52625042903824, 36.570477043368236], [127.52625119180098, 36.57273081325732], [127.52904537928298, 36.57273016523983], [127.5290445353315, 36.57047639540369], [127.52625042903824, 36.570477043368236]]], [[[127.52905466894244, 36.59752157706722], [127.52905466894244, 36.59752157706722], [127.52905466894244, 36.59752157706722], [127.52625958778843, 36.59752222566725], [127.5262603515691, 36.59977598530673], [127.52905551402021, 36.59977533665373], [127.52905551402021, 36.59977533665373], [127.53185067637739, 36.59977462244667], [127.53185067637739, 36.59977462244667], [127.53464583863162, 36.599773842685536], [127.53464483095968, 36.597520083221035], [127.53464483095968, 36.597520083221035], [127.53464382339972, 36.595266322902305], [127.53184882373063, 36.59526710253607], [127.53184882373063, 36.59526710253608], [127.52905382395859, 36.59526781662649], [127.52905382395859, 36.59526781662649], [127.53184882373063, 36.59526710253608], [127.53184789756165, 36.593013341299425], [127.52905297906862, 36.59301405533151], [127.52905297906862, 36.59301405533151], [127.5262580604817, 36.59301470382558], [127.52625882409262, 36.595268465173525], [127.52625882409262, 36.595268465173525], [127.52625958778843, 36.59752222566725], [127.52905466894244, 36.59752157706722], [127.52905466894244, 36.59752157706722]]], [[[127.52067002642126, 36.5997770859505], [127.5234651890331, 36.59977656840565], [127.52346450654953, 36.59752280871855], [127.5206694252348, 36.59752332622112], [127.52067002642126, 36.5997770859505]]], [[[127.53185252943602, 36.60428213894019], [127.53185252943602, 36.60428213894019], [127.53185160285523, 36.602028381120576], [127.52905635919191, 36.602029095385966], [127.52905720445754, 36.604282853263925], [127.52905720445754, 36.604282853263925], [127.52905720445754, 36.604282853263925], [127.52626187938513, 36.604283502022874], [127.52626264342052, 36.606537259099504], [127.52626264342052, 36.606537259099504], [127.52626340754082, 36.608791015321806], [127.52905889527067, 36.60879036645687], [127.52905804981712, 36.606536610287556], [127.53185345611979, 36.60653589590547], [127.53185252943602, 36.60428213894019]]], [[[127.52905889527067, 36.60879036645687], [127.52905974081818, 36.611044121771855], [127.53185530979637, 36.61104340727308], [127.53185438290657, 36.60878965201646], [127.52905889527067, 36.60879036645687]]], [[[127.53185716388502, 36.61555091522321], [127.53465289547182, 36.61555013501619], [127.53744862694656, 36.61554928921764], [127.53744862694656, 36.61554928921764], [127.5374497168842, 36.61780304177831], [127.54024552960715, 36.617802130313805], [127.54024552960715, 36.61780213031381], [127.54304134219991, 36.61780115325242], [127.54304008952354, 36.61554740084595], [127.54024435830013, 36.61554837782755], [127.54024435830013, 36.61554837782755], [127.54024435830013, 36.61554837782755], [127.54024318712328, 36.61329462448689], [127.53744753713002, 36.61329553580255], [127.53744644743462, 36.61104178153307], [127.53744644743462, 36.61104178153307], [127.5402420160766, 36.61104087029181], [127.54024084516006, 36.60878711524236], [127.53744535786032, 36.608788026409194], [127.53744535786032, 36.608788026409194], [127.53464987043947, 36.60878887200057], [127.53465087867153, 36.611042627193484], [127.53465087867153, 36.611042627193484], [127.53465188701563, 36.61329638153203], [127.53465188701563, 36.61329638153203], [127.53465087867153, 36.611042627193484], [127.53465087867153, 36.611042627193484], [127.53464987043947, 36.60878887200057], [127.53185438290657, 36.60878965201646], [127.53185530979637, 36.61104340727308], [127.53185530979637, 36.61104340727308], [127.53185623678918, 36.61329716167535], [127.53185623678918, 36.61329716167535], [127.53185530979637, 36.611043407273094], [127.52905974081818, 36.61104412177186], [127.52906058645968, 36.61329787623246], [127.52906058645968, 36.61329787623246], [127.52905974081818, 36.61104412177186], [127.52905889527067, 36.60879036645687], [127.5262634075408, 36.60879101532181], [127.52626417174602, 36.61104477068978], [127.52626493603618, 36.61329852520338], [127.52626493603618, 36.61329852520338], [127.52626570041132, 36.615552278862594], [127.52906143219518, 36.61555162983867], [127.52906058645968, 36.613297876232465], [127.53185623678918, 36.61329716167535], [127.53185716388502, 36.61555091522321]]], [[[127.54020111132675, 36.532158935346466], [127.54020227782726, 36.53441271943302], [127.54299508576874, 36.534411745320526], [127.54299383823277, 36.532157961313594], [127.54299383823277, 36.532157961313594], [127.54299259083544, 36.52990417645297], [127.54299259083544, 36.52990417645297], [127.54299383823277, 36.532157961313594], [127.54578656500016, 36.532156921887164], [127.54578656500016, 36.532156921887164], [127.54299383823277, 36.5321579613136], [127.54299508576874, 36.53441174532054], [127.54578789357156, 36.53441070580916], [127.54578789357156, 36.53441070580916], [127.54858070122673, 36.5344096008989], [127.54858070122673, 36.5344096008989], [127.55137350872523, 36.53440843058977], [127.55137201808301, 36.53215464685373], [127.5485792916199, 36.53215581706721], [127.5485792916199, 36.53215581706721], [127.54578656500016, 36.532156921887164], [127.54578656500016, 36.532156921887164], [127.5485792916199, 36.53215581706721], [127.54857788216974, 36.52990203238184], [127.54857788216974, 36.52990203238184], [127.5485792916199, 36.53215581706721], [127.55137201808301, 36.53215464685373], [127.55137052760647, 36.52990086226399], [127.54857788216974, 36.529902032381834], [127.54857647287619, 36.52764824684279], [127.54857647287619, 36.52764824684279], [127.54857647287619, 36.52764824684279], [127.55136903729552, 36.5276470768206], [127.55136754715018, 36.52539329052351], [127.54857506373922, 36.52539446045007], [127.54857506373922, 36.52539446045008], [127.54578258017169, 36.52539556499916], [127.54578390830024, 36.527649351482154], [127.54578390830024, 36.527649351482154], [127.54578523657638, 36.52990313711148], [127.54578523657638, 36.52990313711148], [127.54578523657638, 36.52990313711149], [127.54578523657638, 36.52990313711149], [127.54578390830024, 36.527649351482154], [127.54578390830024, 36.527649351482154], [127.54578258017169, 36.52539556499916], [127.54299009645658, 36.52539660417074], [127.5429913435767, 36.52765039073867], [127.5429913435767, 36.52765039073867], [127.54299259083541, 36.529904176452966], [127.54019994495586, 36.52990515040622], [127.54020111132675, 36.532158935346466], [127.54020111132675, 36.532158935346466]]], [[[127.5457905511573, 36.538918271091944], [127.54299758125661, 36.53891931077326], [127.54299882920857, 36.54117309221901], [127.54299882920854, 36.54117309221901], [127.5430000772992, 36.54342687281101], [127.5457932093338, 36.54342583295974], [127.54579188017169, 36.54117205245274], [127.54579188017172, 36.54117205245274], [127.5457905511573, 36.538918271091944]]], [[[127.53182754786378, 36.54343037801326], [127.53182847177109, 36.54568415803793], [127.534621685387, 36.5456833798042], [127.53462068039917, 36.54342959984314], [127.53182754786378, 36.54343037801326]]], [[[127.54021745413644, 36.56371183486396], [127.54301131635863, 36.56371085971608], [127.54301006701904, 36.56145708680889], [127.5402162859495, 36.561458061877104], [127.54021745413644, 36.56371183486396]]], [[[127.53742576621559, 36.56822028810389], [127.54021979089988, 36.56821937827575], [127.54022095947639, 36.57047314870066], [127.5430150652105, 36.57047217331373], [127.54301381545433, 36.56821840296851], [127.54301381545433, 36.56821840296851], [127.54301381545433, 36.56821840296852], [127.54580783986988, 36.56821736218218], [127.54580917080568, 36.57047113244236], [127.54860327625298, 36.570470026086554], [127.54860186413751, 36.56821625591675], [127.54860186413754, 36.56821625591675], [127.54860327625298, 36.570470026086554], [127.55139738154331, 36.57046885424632], [127.55139588824827, 36.56821508417225], [127.55139588824827, 36.56821508417225], [127.55139439511913, 36.56596131324418], [127.54860045217902, 36.56596248489294], [127.54860186413751, 36.56821625591675], [127.54860186413751, 36.56821625591675], [127.54860045217899, 36.56596248489294], [127.54860045217902, 36.56596248489294], [127.54860045217902, 36.565962484892935], [127.55139439511913, 36.56596131324417], [127.55139290215595, 36.56370754146208], [127.55139290215595, 36.56370754146208], [127.55139140935867, 36.56145376882601], [127.54859762873267, 36.56145494028333], [127.54859904037738, 36.563708713015124], [127.54859904037738, 36.563708713015124], [127.54859904037738, 36.56370871301513], [127.54580517844195, 36.56370981909979], [127.54580517844195, 36.56370981909979], [127.54301131635863, 36.56371085971608], [127.54301256583705, 36.5659646317693], [127.54021862245325, 36.565965606996855], [127.54021862245325, 36.565965606996855], [127.54021745413647, 36.56371183486396], [127.53742359178446, 36.56371274454343], [127.53742467893962, 36.565966516750656], [127.53742467893962, 36.565966516750656], [127.53742576621559, 36.56822028810389]], [[127.54580650908196, 36.56596359106799], [127.54301256583705, 36.5659646317693], [127.54301256583705, 36.5659646317693], [127.54580650908196, 36.56596359106799], [127.54580650908196, 36.56596359106799]]], [[[127.52905635919191, 36.602029095385966], [127.53185160285521, 36.602028381120576], [127.53185067637739, 36.59977462244667], [127.52905551402021, 36.59977533665373], [127.52905635919191, 36.602029095385966]]], [[[127.55137350872523, 36.53440843058977], [127.5541663160581, 36.534407194881794], [127.55416474438051, 36.53215341124675], [127.55137201808301, 36.53215464685373], [127.55137350872523, 36.53440843058977]]], [[[127.55416945993727, 36.538914759590654], [127.55696242919319, 36.538913458271146], [127.55696077611289, 36.536659676449936], [127.55416788791032, 36.5366609776631], [127.55416945993727, 36.538914759590654]]], [[[127.54858775161097, 36.545678507251125], [127.54858634122071, 36.543424727688226], [127.54858634122071, 36.543424727688226], [127.54858493098716, 36.54117094727154], [127.54579188017172, 36.54117205245274], [127.54579320933381, 36.54342583295975], [127.54579320933381, 36.54342583295975], [127.54579453864362, 36.54567961261297], [127.54858775161097, 36.545678507251125]]], [[[127.5569872474553, 36.5727200831251], [127.55978143340926, 36.57271871471986], [127.55977969638245, 36.57046494581917], [127.55698559161705, 36.570466314112615], [127.5569872474553, 36.5727200831251]]], [[[127.55141381874678, 36.595260268689806], [127.55141531403467, 36.59751402851404], [127.55141531403467, 36.59751402851404], [127.55141680948876, 36.599767787484], [127.55421197076924, 36.599766548844705], [127.5542103940182, 36.59751278997591], [127.5542103940182, 36.59751278997591], [127.55420881744237, 36.595259030252834], [127.55420881744237, 36.595259030252834], [127.5542103940182, 36.59751278997591], [127.5570054738265, 36.59751148588914], [127.55700381596276, 36.595257726272585], [127.55979881429892, 36.59525635674908], [127.55979707534057, 36.593002596390086], [127.55700215828327, 36.59300396580174], [127.55700215828327, 36.59300396580175], [127.55420724104177, 36.59300526967549], [127.55420881744237, 36.595259030252834], [127.55141381874678, 36.595260268689806]]], [[[127.55141680948876, 36.599767787484], [127.55141830510905, 36.60202154559965], [127.55421354769554, 36.602020306859195], [127.55421197076924, 36.599766548844705], [127.55141680948876, 36.599767787484]]], [[[127.55976407182496, 36.55018098728257], [127.55697069735088, 36.55018235457019], [127.55697235153377, 36.552436131268436], [127.55697235153377, 36.552436131268436], [127.55697400590054, 36.554689907112795], [127.55976754259845, 36.55468853960171], [127.55976580711528, 36.55243476386909], [127.55976580711528, 36.55243476386909], [127.55976407182496, 36.55018098728257]]], [[[127.55979533657549, 36.59074883517684], [127.56259017216972, 36.590747400344505], [127.5625883523371, 36.58849363839421], [127.55979359800362, 36.58849507310935], [127.55979533657549, 36.59074883517684]]], [[[127.56259199220462, 36.593001161440554], [127.56259199220462, 36.593001161440554], [127.56538690886636, 36.59299966095315], [127.56538690886636, 36.59299966095315], [127.56259199220462, 36.593001161440554], [127.56259381244178, 36.59525492168234], [127.56259381244178, 36.59525492168234], [127.56259563288125, 36.59750868106984], [127.56259563288125, 36.59750868106984], [127.56259745352307, 36.59976243960301], [127.56539261404835, 36.5997609387479], [127.56539261404835, 36.599760938747906], [127.56818777436223, 36.59975937233886], [127.56818777436223, 36.59975937233886], [127.57098293445569, 36.59975774037592], [127.57098086992332, 36.59750398222651], [127.5681857911267, 36.597505614056175], [127.5681857911267, 36.597505614056175], [127.57098086992332, 36.597503982226506], [127.57097880562038, 36.595250223222784], [127.57377380289982, 36.59524852598322], [127.57377165754757, 36.5929947662638], [127.57377165754757, 36.5929947662638], [127.57376951243374, 36.5907410056901], [127.57097467770274, 36.59074270265243], [127.57097674154687, 36.59299646336474], [127.57097674154687, 36.59299646336474], [127.57097674154687, 36.59299646336474], [127.57097674154687, 36.59299646336474], [127.57097467770274, 36.59074270265243], [127.56817984274237, 36.59074433408228], [127.56538500756167, 36.59074589997966], [127.56538500756167, 36.59074589997966], [127.56259017216972, 36.59074740034451], [127.55979533657549, 36.59074883517684], [127.55979707534057, 36.593002596390086], [127.55979707534057, 36.593002596390086], [127.55979881429892, 36.59525635674908], [127.56259381244178, 36.59525492168234], [127.56259199220462, 36.593001161440554]], [[127.57097880562038, 36.595250223222784], [127.56818380811156, 36.59525185491918], [127.56818380811156, 36.59525185491918], [127.57097880562038, 36.595250223222784], [127.57097880562038, 36.595250223222784]], [[127.56818380811154, 36.595251854919184], [127.56818380811154, 36.595251854919184], [127.56538881038234, 36.59525342107237], [127.56538881038234, 36.59525342107237], [127.56818380811154, 36.595251854919184]], [[127.56818182531677, 36.592998094927864], [127.56818182531677, 36.592998094927864], [127.56818182531677, 36.59299809492788], [127.56538690886636, 36.59299966095315], [127.56538690886636, 36.59299966095314], [127.56818182531677, 36.592998094927864]]], [[[127.59890576067461, 36.57720021161807], [127.59890863529691, 36.579453975829246], [127.59890863529691, 36.579453975829246], [127.5989115102387, 36.581707739186164], [127.5989115102387, 36.581707739186164], [127.59891438550001, 36.58396150168879], [127.60170897368675, 36.58395914997913], [127.60170601719217, 36.58170538766859], [127.60170601719217, 36.58170538766859], [127.60170306102616, 36.57945162450376], [127.60170306102616, 36.57945162450376], [127.60170010518863, 36.577197860484674], [127.60170010518863, 36.577197860484674], [127.60169714967962, 36.57494409561132], [127.59890288637175, 36.57494644655266], [127.59890288637175, 36.57494644655266], [127.59610862274447, 36.57494873199918], [127.59611141584111, 36.57720249725131], [127.59890576067461, 36.57720021161808], [127.59890576067461, 36.57720021161807], [127.59890576067461, 36.57720021161807]]]]}}, {"type": "Feature", "properties": {"rank": 2, "method": "BFS+Zoning", "n_grids": 106, "avg_micro": 66.70098742568638, "cluster_score": 113.45333202516062, "buildable_ha": 261.25, "final_score": 91.9530064694337, "avg_bcr": 0.3943396226415094, "center_lat": 36.650896732046746, "center_lon": 127.65573167507992}, "geometry": {"type": "MultiPolygon", "coordinates": [[[[127.64376159692023, 36.656035842292994], [127.64655878297974, 36.65603243343199], [127.64655878297974, 36.65603243343199], [127.64655878297974, 36.65603243343199], [127.64656305483983, 36.65828616373109], [127.64936032195553, 36.65828268889934], [127.64935596856449, 36.656028958883844], [127.64935596856449, 36.656028958883844], [127.6493516156573, 36.65377522801317], [127.6493516156573, 36.65377522801317], [127.6493472632339, 36.651521496287344], [127.64655024068392, 36.651524970268305], [127.64375321765922, 36.65152837857286], [127.6437574070569, 36.65378211086049], [127.6437574070569, 36.65378211086049], [127.64376159692023, 36.656035842292994]]], [[[127.63816722341308, 36.65604246295348], [127.63816722341308, 36.65604246295348], [127.63537003598356, 36.65604567475289], [127.63537003598356, 36.65604567475289], [127.63257284811553, 36.65604882086504], [127.63257284811553, 36.65604882086504], [127.62977565981801, 36.656051901289885], [127.6297794424912, 36.65830563317807], [127.6297794424912, 36.65830563317807], [127.62978322558487, 36.66055936421116], [127.632580576954, 36.66055628328342], [127.63257671231999, 36.65830255250178], [127.63257671231999, 36.65830255250178], [127.63257671232002, 36.65830255250178], [127.63537398171927, 36.65829940613284], [127.63537398171927, 36.65829940613284], [127.63817125067995, 36.65829619407126], [127.63817125067995, 36.65829619407126], [127.64096851919297, 36.65829291631709], [127.64096441039499, 36.65603918546684], [127.63816722341308, 36.65604246295348]]], [[[127.64656305483983, 36.65828616373109], [127.64655878297974, 36.65603243343199], [127.64376159692023, 36.656035842292994], [127.6437657872493, 36.65828957287036], [127.64656305483983, 36.65828616373109]]], [[[127.64096851919297, 36.65829291631709], [127.6437657872493, 36.65828957287036], [127.64376159692023, 36.656035842292994], [127.64096441039499, 36.65603918546684], [127.64096851919297, 36.65829291631709]]], [[[127.6437657872493, 36.65828957287036], [127.64096851919297, 36.65829291631709], [127.64097262844768, 36.660546646312184], [127.64097262844768, 36.660546646312184], [127.64097673815915, 36.66280037545209], [127.64097673815915, 36.66280037545209], [127.64098084832744, 36.665054103736814], [127.64098084832743, 36.665054103736814], [127.6409849589526, 36.66730783116633], [127.64378255322382, 36.667304486627884], [127.64377836103132, 36.66505075947132], [127.64377836103132, 36.66505075947132], [127.64378255322382, 36.667304486627884], [127.64658014702904, 36.66730107637546], [127.6465758732693, 36.66504734949721], [127.6465758732693, 36.66504734949721], [127.64657159998454, 36.66279362176375], [127.64657159998454, 36.66279362176375], [127.64656732717474, 36.66053989317502], [127.64376997804412, 36.66054330259255], [127.64377416930478, 36.66279703145955], [127.64377416930478, 36.66279703145955], [127.64376997804412, 36.660543302592544], [127.64376997804412, 36.660543302592544], [127.6437657872493, 36.65828957287036]]], [[[127.63258444201757, 36.66281001320993], [127.632580576954, 36.66055628328343], [127.62978322558487, 36.66055936421117], [127.62978322558487, 36.66055936421117], [127.62698587379522, 36.66056237944087], [127.62698957575996, 36.66281610986495], [127.62978700909906, 36.66281309438916], [127.62978700909906, 36.66281309438916], [127.62978700909906, 36.66281309438916], [127.62979079303382, 36.66506682371198], [127.63258830751079, 36.665063742281276], [127.63258444201757, 36.66281001320993], [127.63538187450649, 36.66280686632732], [127.63537792789356, 36.660553136657654], [127.632580576954, 36.66055628328342], [127.63258444201757, 36.66281001320993], [127.63258444201757, 36.66281001320993]]], [[[127.6437867458823, 36.66955821292919], [127.64658442126385, 36.66955480239844], [127.64658014702904, 36.66730107637546], [127.64378255322382, 36.667304486627884], [127.6437867458823, 36.66955821292919]]], [[[127.64099318157378, 36.671815283459644], [127.64099318157378, 36.671815283459644], [127.64099729356988, 36.67406900832338], [127.64379513259745, 36.67406566296598], [127.64379513259745, 36.67406566296599], [127.64099729356988, 36.674069008323386], [127.64100140602304, 36.67632273233185], [127.64379932665425, 36.67631938670143], [127.64380352117722, 36.67857310958154], [127.64660152295481, 36.678569697937306], [127.64660579956573, 36.68082341968366], [127.64660579956573, 36.68082341968366], [127.64661007665205, 36.68307714057461], [127.64940824120664, 36.68307366262204], [127.64940388248964, 36.68081994201488], [127.64940388248964, 36.68081994201488], [127.64939952425708, 36.67856622055229], [127.64660152295481, 36.678569697937306], [127.64660152295481, 36.678569697937306], [127.64939952425708, 36.67856622055229], [127.64939516650892, 36.67631249823434], [127.64939516650892, 36.67631249823434], [127.64939080924512, 36.67405877506102], [127.6465929711589, 36.674062251878524], [127.64659724681921, 36.67631597533558], [127.64659724681921, 36.67631597533558], [127.6465929711589, 36.674062251878524], [127.6465929711589, 36.674062251878524], [127.6465886959738, 36.671808527566135], [127.64379093900683, 36.67181193837523], [127.64379093900683, 36.67181193837523], [127.64379093900683, 36.67181193837523], [127.6465886959738, 36.671808527566135], [127.64658442126385, 36.66955480239844], [127.64378674588232, 36.6695582129292], [127.64378674588232, 36.6695582129292], [127.6409890700347, 36.669561557740614], [127.64099318157378, 36.671815283459644]], [[127.64659724681921, 36.67631597533558], [127.64659724681921, 36.67631597533558], [127.64379932665425, 36.67631938670142], [127.64379932665425, 36.67631938670142], [127.64659724681921, 36.67631597533558]]], [[[127.65490520134436, 36.63348447137085], [127.65490069041009, 36.63123073253238], [127.65210440204359, 36.63123433521809], [127.65210883154664, 36.633488074350716], [127.65210883154664, 36.633488074350716], [127.65211326154206, 36.63574181262833], [127.65490971278005, 36.635738209354294], [127.65490520134438, 36.63348447137085], [127.65490520134438, 36.63348447137085], [127.65490971278005, 36.635738209354294], [127.65490971278005, 36.635738209354294], [127.65491422471719, 36.637991946482714], [127.65491422471717, 36.637991946482714], [127.65491873715581, 36.640245682756074], [127.65771535079996, 36.64024201324417], [127.65771075690301, 36.63798827727036], [127.65771075690301, 36.63798827727036], [127.65771535079996, 36.64024201324417], [127.66051196393349, 36.640238278082776], [127.66051196393349, 36.64023827808277], [127.66330857654734, 36.64023447727197], [127.66330857654734, 36.640234477271974], [127.66610518863246, 36.64023061081179], [127.66610035036086, 36.63797687576882], [127.66610035036086, 36.63797687576882], [127.66609551262702, 36.63572313987074], [127.66609551262702, 36.63572313987074], [127.6660906754308, 36.633469403117545], [127.66329430769296, 36.63347326863088], [127.66329906344913, 36.635727005699664], [127.66329906344913, 36.635727005699664], [127.66329430769296, 36.63347326863087], [127.6604979394266, 36.633477068510885], [127.66049793942658, 36.633477068510885], [127.66049326563002, 36.63122333027679], [127.66048859235289, 36.62896959118766], [127.66048859235289, 36.62896959118766], [127.66048391959512, 36.62671585124352], [127.66048391959512, 36.62671585124352], [127.6604792473567, 36.62446211044439], [127.66047457563751, 36.62220836879028], [127.66047457563751, 36.62220836879028], [127.66046990443753, 36.61995462628123], [127.65767402410259, 36.619958358698945], [127.6576786139167, 36.622212101512794], [127.6576786139167, 36.622212101512794], [127.65768320424097, 36.6244658434717], [127.65768779507543, 36.62671958457564], [127.65768779507543, 36.62671958457564], [127.65768779507543, 36.62671958457564], [127.65489167004547, 36.626723252290454], [127.65489617997716, 36.62897699283891], [127.65490069041009, 36.63123073253238], [127.65769697827524, 36.63122706421859], [127.65769697827524, 36.63122706421859], [127.65490069041009, 36.63123073253238], [127.65490520134438, 36.63348447137085], [127.65490520134436, 36.63348447137085]], [[127.65771075690301, 36.63798827727036], [127.65771075690301, 36.63798827727035], [127.66050728857826, 36.63798454241389], [127.66050728857826, 36.637984542413896], [127.65771075690301, 36.63798827727036]]], [[[127.64651182384281, 36.631241343705184], [127.64651609048323, 36.63349508341003], [127.64931246125659, 36.633491611697124], [127.64931246125659, 36.63349161169712], [127.65210883154664, 36.633488074350716], [127.65210440204359, 36.63123433521809], [127.6493081131848, 36.631237872275705], [127.6493081131848, 36.63123787227571], [127.64651182384281, 36.631241343705184]]], [[[127.64933855983828, 36.64701403027023], [127.64934291129426, 36.649267763706334], [127.6521398518568, 36.649264224337934], [127.6521398518568, 36.649264224337934], [127.65493679192659, 36.649260619298545], [127.65493227748135, 36.64700688644561], [127.65213541890617, 36.64701049119073], [127.65213541890617, 36.64701049119073], [127.65493227748135, 36.64700688644561], [127.65493227748135, 36.64700688644561], [127.6577291355548, 36.6470032160349], [127.6577245401258, 36.64474948262646], [127.65492776353784, 36.64475315273755], [127.65492776353784, 36.64475315273754], [127.6521309864482, 36.644756757188404], [127.65213541890614, 36.64701049119073], [127.64933855983828, 36.64701403027023]]], [[[127.6493472632339, 36.65152149628734], [127.6493472632339, 36.65152149628734], [127.6493516156573, 36.65377522801317], [127.65214871923635, 36.65377168806688], [127.65214428530018, 36.651517956629995], [127.65214428530018, 36.651517956629995], [127.6521398518568, 36.649264224337934], [127.64934291129426, 36.64926776370634], [127.64934291129426, 36.64926776370634], [127.64654597024803, 36.649271237403745], [127.64654597024803, 36.649271237403745], [127.64374902872719, 36.6492746454301], [127.64375321765922, 36.65152837857285], [127.64655024068392, 36.6515249702683], [127.64655024068392, 36.6515249702683], [127.6493472632339, 36.65152149628734], [127.6493472632339, 36.65152149628734]]], [[[127.64936467583044, 36.660536418059635], [127.64936032195553, 36.65828268889934], [127.64656305483983, 36.65828616373109], [127.64656732717474, 36.66053989317501], [127.64936467583044, 36.660536418059635]]], [[[127.64936467583044, 36.66053641805964], [127.64656732717474, 36.66053989317502], [127.64656305483983, 36.6582861637311], [127.6437657872493, 36.65828957287036], [127.64376997804412, 36.66054330259255], [127.64656732717474, 36.66053989317502], [127.64657159998454, 36.66279362176375], [127.64936903018933, 36.66279014636471], [127.64936467583044, 36.66053641805964]]], [[[127.65220196492908, 36.680816398600015], [127.65219752507493, 36.678562677426584], [127.64939952425708, 36.67856622055229], [127.64940388248964, 36.680819942014885], [127.65220196492908, 36.680816398600015]]], [[[127.65500004687499, 36.6808127894391], [127.65499552539934, 36.67855906856016], [127.65219752507495, 36.678562677426584], [127.65220196492909, 36.680816398600015], [127.65220196492908, 36.680816398600015], [127.65220640527676, 36.68307011891804], [127.65500456885323, 36.68306650946259], [127.65500004687499, 36.6808127894391], [127.65500004687499, 36.6808127894391]]], [[[127.64661435421381, 36.685330860610186], [127.64941260040821, 36.685327382373806], [127.64940824120664, 36.68307366262205], [127.64661007665205, 36.68307714057461], [127.64661435421381, 36.685330860610186]]], [[[127.66326578425334, 36.619950828262276], [127.66326103219573, 36.61769708520839], [127.6604652337567, 36.617700882917205], [127.66046990443753, 36.619954626281206], [127.66326578425334, 36.619950828262276]]], [[[127.66327053683914, 36.622204570461214], [127.66326578425334, 36.61995082826228], [127.66046990443753, 36.61995462628121], [127.66047457563751, 36.62220836879028], [127.66327053683914, 36.622204570461214]]], [[[127.66328004359552, 36.626712052294124], [127.66328004359552, 36.626712052294124], [127.66327528995318, 36.62445831180517], [127.6604792473567, 36.624462110444405], [127.66048391959515, 36.62671585124352], [127.66048391959512, 36.62671585124352], [127.66048859235289, 36.62896959118766], [127.66328479776622, 36.628965791928074], [127.66328004359552, 36.626712052294124]]], [[[127.66051663980839, 36.64249201289655], [127.66051663980839, 36.64249201289655], [127.66051196393349, 36.640238278082776], [127.65771535079996, 36.64024201324417], [127.65771535079996, 36.64024201324417], [127.65491873715581, 36.64024568275608], [127.65492325009602, 36.64249941817436], [127.65492325009602, 36.64249941817436], [127.65492776353784, 36.64475315273754], [127.6577245401258, 36.64474948262645], [127.6577245401258, 36.64474948262645], [127.66052131620303, 36.64474574685518], [127.66051663980839, 36.64249201289655]]], [[[127.66052599311747, 36.64699947995867], [127.66052131620303, 36.64474574685518], [127.6577245401258, 36.64474948262645], [127.6577291355548, 36.6470032160349], [127.66052599311747, 36.64699947995867]]], [[[127.66890672045632, 36.64248041256906], [127.6689018001798, 36.64022667870225], [127.66610518863246, 36.64023061081179], [127.66611002744183, 36.64248434499961], [127.66890672045632, 36.64248041256906]]], [[[127.6633133338895, 36.64248821177546], [127.66611002744183, 36.64248434499961], [127.66610518863246, 36.6402306108118], [127.66330857654734, 36.64023447727198], [127.6633133338895, 36.64248821177546]]], [[[127.66891164127973, 36.64473414558067], [127.66891656265011, 36.64698787773707], [127.67171341807901, 36.64698387899904], [127.67171341807901, 36.64698387899904], [127.6745102729518, 36.64697981459569], [127.67450518861114, 36.64472608309746], [127.67170841522343, 36.64473014716904], [127.67170341292389, 36.64247641448384], [127.66890672045632, 36.64248041256905], [127.66890672045632, 36.64248041256906], [127.66611002744183, 36.64248434499961], [127.66611486678906, 36.64473807833226], [127.66891164127973, 36.64473414558067]], [[127.66891164127973, 36.644734145580664], [127.67170841522343, 36.64473014716904], [127.67170841522343, 36.64473014716905], [127.66891164127973, 36.64473414558067], [127.66891164127973, 36.644734145580664]]], [[[127.6745102729518, 36.64697981459569], [127.67451535785766, 36.649233545238644], [127.67731229365944, 36.649229414832824], [127.6773071272595, 36.646975684527014], [127.6773071272595, 36.646975684527014], [127.67730196143376, 36.64472195336593], [127.67450518861114, 36.64472608309747], [127.6745102729518, 36.64697981459569], [127.6745102729518, 36.64697981459569]]], [[[127.68010922888699, 36.64922521875638], [127.68010922888699, 36.64922521875638], [127.67731229365944, 36.649229414832824], [127.67731746063365, 36.65148314428333], [127.67731746063365, 36.65148314428333], [127.67732262818218, 36.6537368728785], [127.68011972642499, 36.653732676116974], [127.68012497606915, 36.655986403514234], [127.68292215524967, 36.655982140723474], [127.68291682408434, 36.653728413674145], [127.68291682408434, 36.653728413674145], [127.68291149351154, 36.65147468576943], [127.6801144773643, 36.65147894786435], [127.6801144773643, 36.65147894786435], [127.68291149351154, 36.65147468576942], [127.68290616353119, 36.649220957009355], [127.68010922888699, 36.64922521875638], [127.68010398099298, 36.64697148879308], [127.6773071272595, 36.64697568452701], [127.67731229365944, 36.64922941483282], [127.68010922888699, 36.64922521875638]]], [[[127.67451535785766, 36.649233545238644], [127.6745102729518, 36.64697981459569], [127.67171341807901, 36.646983878999045], [127.67171842149064, 36.6492376099738], [127.67451535785766, 36.649233545238644]]], [[[127.67732779630511, 36.65599060061834], [127.67732262818218, 36.6537368728785], [127.67732262818218, 36.6537368728785], [127.67731746063365, 36.65148314428333], [127.67731746063365, 36.65148314428333], [127.67731229365944, 36.649229414832824], [127.67451535785766, 36.649233545238644], [127.67452044332867, 36.65148727502632], [127.67452044332867, 36.65148727502632], [127.67452552936498, 36.653741003958686], [127.67452552936498, 36.653741003958686], [127.67453061596662, 36.65599473203573], [127.67732779630511, 36.65599060061834]]], [[[127.6857193338376, 36.6559778122461], [127.68571392115119, 36.65372408555005], [127.68291682408434, 36.653728413674145], [127.68292215524967, 36.655982140723474], [127.6857193338376, 36.6559778122461]]], [[[127.68572474712566, 36.65823153808672], [127.6857193338376, 36.6559778122461], [127.68292215524967, 36.655982140723474], [127.68292748700757, 36.65823586691741], [127.68572474712566, 36.65823153808672]]], [[[127.68852750207097, 36.66048086819056], [127.68852200664205, 36.658227143564076], [127.68852200664205, 36.658227143564076], [127.68851651182389, 36.65597341808214], [127.6857193338376, 36.6559778122461], [127.68572474712566, 36.65823153808672], [127.68572474712566, 36.65823153808672], [127.68573016101544, 36.66048526307189], [127.68852750207097, 36.66048086819056]]]]}}, {"type": "Feature", "properties": {"rank": 3, "method": "BFS+Zoning", "n_grids": 49, "avg_micro": 70.5073260152098, "cluster_score": 111.88126822861827, "buildable_ha": 122.5, "final_score": 90.85256181185406, "avg_bcr": 0.39999999999999997, "center_lat": 36.69246674354017, "center_lon": 127.62004203744466}, "geometry": {"type": "MultiPolygon", "coordinates": [[[[127.59904699356302, 36.68763365298716], [127.59624865854853, 36.68763594778255], [127.59625146721024, 36.68988967029879], [127.59625146721024, 36.68988967029879], [127.59625427618418, 36.692143391959796], [127.59905277452526, 36.69214109678988], [127.59904988388348, 36.689887375316154], [127.60184830023543, 36.68988501456542], [127.60184532825625, 36.68763129242905], [127.60184532825625, 36.68763129242905], [127.60184830023543, 36.68988501456542], [127.60184830023543, 36.68988501456542], [127.601851272545, 36.69213873584652], [127.60464977023436, 36.692136309129715], [127.60464671625702, 36.68988258804659], [127.60464671625702, 36.68988258804659], [127.60464366261914, 36.68762886610823], [127.60464366261914, 36.68762886610823], [127.60464060932067, 36.685375143314616], [127.60184235660739, 36.685377569437456], [127.60184235660739, 36.685377569437456], [127.59904410356378, 36.68537992980297], [127.59904699356302, 36.68763365298717], [127.59904699356302, 36.68763365298717], [127.59904699356302, 36.68763365298716]]], [[[127.60464671625702, 36.68988258804659], [127.60464671625702, 36.68988258804659], [127.60464977023436, 36.692136309129715], [127.60464977023436, 36.692136309129715], [127.60465282455117, 36.69439002935758], [127.60465282455117, 36.69439002935758], [127.60465282455117, 36.69439002935758], [127.601854245185, 36.69439245627238], [127.6018572181554, 36.69664617584295], [127.60465587920748, 36.69664374873014], [127.60465587920748, 36.69664374873014], [127.60745453992001, 36.696641255833164], [127.60745140357781, 36.694387536664], [127.60745140357781, 36.694387536664], [127.60745140357781, 36.694387536664], [127.61024998225587, 36.69438497819167], [127.61024676458548, 36.69213125837593], [127.61024676458548, 36.69213125837593], [127.61024676458548, 36.69213125837593], [127.61304526122915, 36.69212863433898], [127.61304196224877, 36.689874913882036], [127.61024354727277, 36.68987753770489], [127.61024354727277, 36.689877537704895], [127.60744513193916, 36.689880095759754], [127.60744199664265, 36.68762637402474], [127.60464366261914, 36.68762886610823], [127.60464671625702, 36.68988258804659]]], [[[127.60465893420339, 36.698897467247384], [127.60745767661086, 36.69889497414702], [127.60745453992001, 36.69664125583318], [127.60465587920748, 36.696643748730146], [127.60465587920748, 36.69664374873014], [127.6018572181554, 36.69664617584295], [127.60186019145631, 36.69889989455824], [127.60465893420339, 36.698897467247384], [127.60465893420339, 36.698897467247384]]], [[[127.62702291196564, 36.68309964519891], [127.62702291196564, 36.68309964519891], [127.62702661804747, 36.685353367070896], [127.62982486737974, 36.68535034913323], [127.62982486737974, 36.68535034913323], [127.63262311629097, 36.685347265438516], [127.63262311629097, 36.68534726543851], [127.63262311629097, 36.68534726543851], [127.63262698608317, 36.68760098595729], [127.6354253162134, 36.68759783624854], [127.63542136477207, 36.68534411598676], [127.63542136477207, 36.68534411598676], [127.63541741376999, 36.683090394869616], [127.6326192469289, 36.68309354406437], [127.6326192469289, 36.68309354406438], [127.62982107965779, 36.68309662750748], [127.6298172923568, 36.680842905026445], [127.62701920629573, 36.68084592247162], [127.62702291196564, 36.68309964519891]]], [[[127.62982865552276, 36.68760406990364], [127.62982865552276, 36.68760406990364], [127.62983244408687, 36.689857789818696], [127.62983244408687, 36.689857789818696], [127.62983623307213, 36.69211150887837], [127.62983623307213, 36.69211150887837], [127.62984002247859, 36.69436522708266], [127.63263859804091, 36.69436214238135], [127.63263859804091, 36.69436214238135], [127.63263859804091, 36.69436214238135], [127.63263859804091, 36.69436214238135], [127.62984002247856, 36.69436522708267], [127.62984381230625, 36.696618944431556], [127.63264246955409, 36.69661585947855], [127.63264246955409, 36.69661585947855], [127.63544112637155, 36.69661270874168], [127.63543717317296, 36.69435899190154], [127.63543717317296, 36.69435899190154], [127.63543322041377, 36.69210527420596], [127.63543322041377, 36.69210527420596], [127.63542926809393, 36.68985155565497], [127.63263085630551, 36.68985470562072], [127.63263085630551, 36.68985470562072], [127.63262698608317, 36.687600985957296], [127.63262698608317, 36.687600985957296], [127.63262311629097, 36.685347265438516], [127.62982486737974, 36.68535034913323], [127.62982865552276, 36.68760406990364]]], [[[127.62703773876498, 36.692114527554864], [127.62703403144708, 36.68986080824891], [127.62703403144708, 36.68986080824891], [127.62703773876498, 36.69211452755487], [127.62983623307213, 36.69211150887838], [127.62983244408687, 36.689857789818696], [127.62983244408687, 36.689857789818696], [127.62982865552276, 36.68760406990364], [127.62703032454127, 36.687607088087574], [127.62703032454127, 36.687607088087574], [127.62423199314777, 36.68761004050904], [127.62423561839525, 36.68986376091128], [127.62143720494042, 36.68986664780582], [127.62144074892342, 36.692120367588274], [127.62423924404574, 36.69211748045819], [127.62423924404574, 36.69211748045818], [127.62703773876498, 36.692114527554864]]], [[[127.61584713852982, 36.69437966391086], [127.61584713852982, 36.69437966391086], [127.61864571610757, 36.69437690810245], [127.61864225340719, 36.69212318894513], [127.61864225340719, 36.69212318894513], [127.62144074892342, 36.692120367588274], [127.62143720494042, 36.68986664780582], [127.6186387910917, 36.68986946893248], [127.6186387910917, 36.68986946893248], [127.61584037685812, 36.68987222429123], [127.61584375750607, 36.6921259445287], [127.61584375750607, 36.6921259445287], [127.61584375750607, 36.6921259445287], [127.61584375750607, 36.6921259445287], [127.61584037685812, 36.68987222429123], [127.61304196224877, 36.689874913882036], [127.61304526122915, 36.692128634338964], [127.61304526122915, 36.692128634338964], [127.61304856057622, 36.69438235394061], [127.61584713852982, 36.69437966391086]]], [[[127.61024998225587, 36.69438497819167], [127.61304856057622, 36.694382353940625], [127.61304526122915, 36.692128634338985], [127.61024676458548, 36.69213125837593], [127.61024998225587, 36.69438497819167]]], [[[127.63544508000957, 36.69886642472637], [127.63544112637155, 36.69661270874168], [127.63264246955409, 36.69661585947855], [127.6326463414976, 36.6988695757203], [127.62984760255523, 36.69887266092502], [127.62985139322554, 36.70112637656302], [127.63265021387156, 36.7011232911066], [127.63265021387156, 36.7011232911066], [127.62985139322554, 36.70112637656303], [127.62985518431722, 36.70338009134555], [127.63265408667598, 36.70337700563739], [127.63265021387156, 36.7011232911066], [127.63265021387156, 36.7011232911066], [127.63265408667598, 36.703377005637385], [127.63545298860421, 36.70337385412927], [127.63545298860421, 36.70337385412928], [127.63265408667598, 36.70337700563739], [127.63265795991089, 36.7056307193127], [127.63266183357639, 36.70788443213246], [127.63546089895723, 36.70788128011011], [127.63545694356088, 36.70562756754747], [127.63545298860421, 36.70337385412928], [127.63825189009283, 36.70337063682123], [127.63824785386312, 36.70111692280999], [127.63544903408712, 36.701120139855576], [127.63544903408712, 36.70112013985557], [127.63544903408712, 36.70112013985557], [127.63544508000957, 36.698866424726376], [127.6326463414976, 36.69886957572031], [127.6326463414976, 36.6988695757203], [127.63544508000957, 36.69886642472637]]]]}}, {"type": "Feature", "properties": {"rank": 4, "method": "BFS+Zoning", "n_grids": 20, "avg_micro": 79.07168970936064, "cluster_score": 115.18201973568856, "buildable_ha": 52.500000000000014, "final_score": 93.16308786680325, "avg_bcr": 0.4200000000000001, "center_lat": 36.638204701324106, "center_lon": 127.48754116542473}, "geometry": {"type": "MultiPolygon", "coordinates": [[[[127.48432652488583, 36.631330395988144], [127.48153022305175, 36.63132999531782], [127.4815296851823, 36.63358374226086], [127.4815296851823, 36.63358374226086], [127.48152914725304, 36.63583748834935], [127.48432561196174, 36.63583788908511], [127.48432606844916, 36.63358414296391], [127.48432606844916, 36.63358414296391], [127.48432561196174, 36.63583788908511], [127.48432561196176, 36.63583788908511], [127.48432515542359, 36.638091634351746], [127.48432515542359, 36.638091634351746], [127.48432469883468, 36.64034537876378], [127.48712132650495, 36.64034571391446], [127.48712132650495, 36.64034571391446], [127.48991795421689, 36.64034598341461], [127.49271458196151, 36.64034618726426], [127.49271479417058, 36.6380924427862], [127.48991824788594, 36.63809223895321], [127.48991824788594, 36.638092238953206], [127.49271479417058, 36.6380924427862], [127.49271500635608, 36.635838697453565], [127.48991854152233, 36.6358384936372], [127.48991883512608, 36.633584747466664], [127.48991912869717, 36.63133100044154], [127.48712282677066, 36.63133073102939], [127.48712282677066, 36.631330731029394], [127.48432652488583, 36.631330395988144], [127.48432652488583, 36.631330395988144]]], [[[127.48152753310656, 36.6425987214873], [127.48152753310653, 36.6425987214873], [127.4815269949381, 36.64485246415738], [127.48432378550463, 36.64485286502401], [127.48432424219504, 36.64259912232122], [127.48432424219504, 36.64259912232122], [127.48432424219504, 36.642599122321215], [127.48712095133428, 36.64259945749926], [127.48712095133428, 36.642599457499266], [127.48991766051525, 36.642599727021434], [127.48991766051525, 36.64259972702142], [127.49271436972884, 36.6425999308877], [127.49271458196151, 36.64034618726426], [127.48991795421689, 36.64034598341461], [127.48991795421689, 36.64034598341462], [127.48712132650495, 36.64034571391447], [127.48712132650495, 36.64034571391446], [127.48432469883468, 36.64034537876378], [127.48432469883468, 36.64034537876379], [127.48152807121518, 36.64034497796259], [127.48152753310656, 36.6425987214873]]], [[[127.4815269949381, 36.64485246415738], [127.48152645670983, 36.64710620597281], [127.48432332876345, 36.64710660687218], [127.48432378550463, 36.64485286502401], [127.4815269949381, 36.64485246415738]]], [[[127.49551120972971, 36.640346325463376], [127.49830783751241, 36.640346398011964], [127.4983078868016, 36.63809265351671], [127.49551134047883, 36.638092580974046], [127.49551134047883, 36.63809258097404], [127.49271479417058, 36.6380924427862], [127.49271458196151, 36.64034618726426], [127.49551120972971, 36.640346325463376], [127.49551120972971, 36.640346325463376]]]]}}, {"type": "Feature", "properties": {"rank": 5, "method": "BFS+Zoning", "n_grids": 31, "avg_micro": 68.73627533741828, "cluster_score": 104.46954192666097, "buildable_ha": 75.00000000000003, "final_score": 85.66435340048395, "avg_bcr": 0.3870967741935485, "center_lat": 36.65382338316293, "center_lon": 127.54662544866929}, "geometry": {"type": "MultiPolygon", "coordinates": [[[[127.54026194158203, 36.64935457539615], [127.54026311484344, 36.65160831506374], [127.54026311484344, 36.65160831506374], [127.54026194158203, 36.64935457539615], [127.5374649887379, 36.64935548790308], [127.53746608049417, 36.65160922764514], [127.53746608049417, 36.65160922764514], [127.53746717237183, 36.653862966532465], [127.53746717237183, 36.653862966532465], [127.53746826437083, 36.656116704565044], [127.54026546175754, 36.656115791834644], [127.54026546175754, 36.65611579183465], [127.53746826437083, 36.65611670456506], [127.53746935649123, 36.65837044174286], [127.53746935649123, 36.65837044174286], [127.53747044873302, 36.66062417806587], [127.54026780919341, 36.660623265186466], [127.54026780919341, 36.66062326518647], [127.54306516952335, 36.66062228660837], [127.54306391419883, 36.65836855043972], [127.54026663541026, 36.65836952893796], [127.54026663541026, 36.65836952893796], [127.54026663541026, 36.65836952893796], [127.54026663541026, 36.658369528937946], [127.54306391419883, 36.658368550439704], [127.54306265901383, 36.65611481341627], [127.54306265901383, 36.65611481341627], [127.54306140396832, 36.653861075538046], [127.54306140396832, 36.653861075538046], [127.54306014906231, 36.651607336805064], [127.54306014906231, 36.651607336805064], [127.54305889429578, 36.64935359721734], [127.54305889429578, 36.64935359721734], [127.54306014906231, 36.651607336805064], [127.54306014906231, 36.651607336805064], [127.54306140396832, 36.653861075538046], [127.54585851956189, 36.65386003151692], [127.54585851956189, 36.65386003151692], [127.54306140396832, 36.653861075538046], [127.54306265901383, 36.656114813416266], [127.5458598561306, 36.656113769309925], [127.5458598561306, 36.656113769309925], [127.54865705309881, 36.656112659515614], [127.54865563500688, 36.653858921813196], [127.54865563500688, 36.653858921813196], [127.54865563500688, 36.653858921813196], [127.55145275029427, 36.65385774642687], [127.55145125084583, 36.65160400796563], [127.55145125084582, 36.65160400796563], [127.55144975156404, 36.64935026864963], [127.54865279929582, 36.64935144384407], [127.54865279929582, 36.649351443844076], [127.54585584687007, 36.64935255336665], [127.54585584687007, 36.64935255336665], [127.54585584687007, 36.64935255336665], [127.54585451074693, 36.64709881300941], [127.54305763966869, 36.6470998567749], [127.54305889429578, 36.64935359721734], [127.54026194158203, 36.64935457539615]], [[127.54865421707255, 36.65160518325602], [127.54865421707255, 36.65160518325602], [127.54865421707255, 36.65160518325601], [127.54865421707255, 36.65160518325601], [127.54865421707255, 36.65160518325602]]], [[[127.5346680357724, 36.64935633473808], [127.53466904602354, 36.651610074549275], [127.53746608049417, 36.65160922764514], [127.5374649887379, 36.64935548790308], [127.5346680357724, 36.64935633473808]]], [[[127.54306265901383, 36.656114813416266], [127.54306391419883, 36.65836855043971], [127.5458611928479, 36.65836750624814], [127.5458598561306, 36.656113769309925], [127.54306265901383, 36.656114813416266]]], [[[127.55704698035998, 36.653855198606536], [127.55984409512018, 36.65385382617253], [127.55984235112946, 36.65160008803127], [127.55704531788334, 36.65160146035324], [127.55704531788334, 36.651601460353255], [127.55424828445243, 36.651602766998046], [127.55424670366558, 36.64934902778334], [127.55144975156404, 36.64935026864964], [127.55145125084583, 36.65160400796564], [127.55145125084583, 36.65160400796564], [127.55145275029427, 36.65385774642688], [127.54865563500688, 36.653858921813196], [127.54865705309881, 36.656112659515614], [127.55145424990938, 36.65611148403337], [127.55145275029427, 36.65385774642689], [127.554249865415, 36.653856505358], [127.55425144655328, 36.656110242863164], [127.5570486430214, 36.65610893600505], [127.55704698035998, 36.65385519860654], [127.55704698035998, 36.65385519860654], [127.55704698035998, 36.653855198606536]], [[127.554249865415, 36.653856505358], [127.55424828445243, 36.651602766998046], [127.55424828445243, 36.651602766998046], [127.554249865415, 36.653856505358], [127.554249865415, 36.653856505358]]], [[[127.55984409512018, 36.65385382617253], [127.55984583930474, 36.656107563459], [127.56264303539417, 36.65610612522508], [127.56264120968653, 36.653852388055995], [127.55984409512018, 36.65385382617253]]], [[[127.55704698035998, 36.65385519860654], [127.55704864302143, 36.65610893600504], [127.55984583930474, 36.656107563459], [127.55984409512018, 36.653853826172536], [127.55704698035998, 36.65385519860654]]], [[[127.54865705309881, 36.656112659515614], [127.5458598561306, 36.656113769309925], [127.5458611928479, 36.65836750624814], [127.54865847134838, 36.65836639636325], [127.54865847134838, 36.65836639636325], [127.5514557496912, 36.658365220785036], [127.55145424990938, 36.65611148403337], [127.54865705309881, 36.656112659515614], [127.54865705309881, 36.656112659515614]]]]}}, {"type": "Feature", "properties": {"rank": 6, "method": "BFS+Zoning", "n_grids": 31, "avg_micro": 65.02563460122629, "cluster_score": 98.82988606719721, "buildable_ha": 77.50000000000003, "final_score": 81.71659429885932, "avg_bcr": 0.40000000000000013, "center_lat": 36.60243304553513, "center_lon": 127.68581632427905}, "geometry": {"type": "MultiPolygon", "coordinates": [[[[127.6771884584059, 36.59513965147558], [127.6771884584059, 36.59513965147558], [127.67719361161595, 36.59739340144787], [127.67998867476994, 36.597389213244256], [127.67998867476994, 36.597389213244256], [127.67999390984781, 36.59964296201961], [127.68278905371497, 36.599638707921194], [127.68278905371497, 36.5996387079212], [127.68558419699126, 36.59963438827011], [127.68557879932354, 36.59738064019496], [127.68557879932357, 36.59738064019496], [127.68557340225568, 36.595126891264925], [127.68277842156014, 36.59513121021046], [127.68278373734215, 36.59738495949327], [127.68278373734215, 36.59738495949327], [127.68278373734215, 36.59738495949326], [127.68278373734215, 36.59738495949326], [127.68277842156014, 36.59513121021046], [127.67998344027389, 36.595135463614035], [127.67997820635954, 36.59288171312897], [127.67718330576851, 36.59288590064848], [127.6771884584059, 36.59513965147558]]], [[[127.6799991455075, 36.601896709940085], [127.68279437067869, 36.60189245549422], [127.6855895952589, 36.60188813549032], [127.68558419699126, 36.59963438827012], [127.68278905371497, 36.59963870792121], [127.67999390984781, 36.59964296201961], [127.6799991455075, 36.601896709940085]]], [[[127.6772039197544, 36.60190089882789], [127.67720907468292, 36.604154646235585], [127.68000438174911, 36.60415045700567], [127.6799991455075, 36.60189670994009], [127.6772039197544, 36.60190089882789]]], [[[127.6799991455075, 36.60189670994009], [127.68000438174911, 36.60415045700567], [127.68279968823333, 36.60414620221233], [127.68279437067869, 36.60189245549423], [127.6799991455075, 36.60189670994009]]], [[[127.68280500637901, 36.60639994807547], [127.68280500637901, 36.60639994807547], [127.68000961857273, 36.606404203216314], [127.68001485597838, 36.60865794857202], [127.68281032511578, 36.60865369308366], [127.68281032511578, 36.60865369308365], [127.68560579366202, 36.608649372021205], [127.6856003935942, 36.606395627365885], [127.68560039359423, 36.606395627365885], [127.68560579366202, 36.6086493720212], [127.68560579366202, 36.6086493720212], [127.68561119433005, 36.61090311582151], [127.6884067436161, 36.61089872882677], [127.68840126160809, 36.60864498538471], [127.68840126160809, 36.60864498538471], [127.68839578020929, 36.60639124108761], [127.68560039359423, 36.606395627365885], [127.68560039359423, 36.606395627365885], [127.68839578020929, 36.60639124108761], [127.68839029941968, 36.60413749593551], [127.68839029941968, 36.60413749593551], [127.68838481923915, 36.60188374992843], [127.69118004261036, 36.60187929880861], [127.69118004261036, 36.60187929880861], [127.69118004261036, 36.60187929880861], [127.69118560410372, 36.604133044452155], [127.6939809081696, 36.604128527405535], [127.6939809081696, 36.60412852740553], [127.69677621160835, 36.60412394479571], [127.69677048748954, 36.60187019989529], [127.69397526536349, 36.60187478213088], [127.69396962318447, 36.599621036001224], [127.69117448173506, 36.59962555231007], [127.69117448173506, 36.59962555231007], [127.69117448173506, 36.59962555231007], [127.69117448173506, 36.59962555231007], [127.69396962318447, 36.59962103600122], [127.69396398163246, 36.59736728901655], [127.69116892147774, 36.59737180495656], [127.69116892147774, 36.59737180495657], [127.6883738607051, 36.59737625534939], [127.68837933966765, 36.59963000306639], [127.68837933966765, 36.59963000306639], [127.68838481923915, 36.60188374992843], [127.68838481923915, 36.60188374992843], [127.68837933966765, 36.59963000306639], [127.68558419699126, 36.59963438827012], [127.6855895952589, 36.60188813549033], [127.68279437067869, 36.60189245549423], [127.68279968823336, 36.60414620221233], [127.68279968823336, 36.60414620221233], [127.68280500637901, 36.60639994807547], [127.68280500637901, 36.60639994807547]], [[127.6855895952589, 36.60188813549033], [127.6855895952589, 36.60188813549033], [127.68559499412655, 36.60414188185558], [127.68559499412655, 36.60414188185558], [127.6855895952589, 36.60188813549033]]], [[[127.68002009396615, 36.61091169307274], [127.68002533253612, 36.61316543671849], [127.68282096436286, 36.61316118053505], [127.68281564444372, 36.61090743723685], [127.68002009396615, 36.61091169307274]]], [[[127.68281564444372, 36.61090743723685], [127.68282096436286, 36.61316118053505], [127.68561659559832, 36.61315685876681], [127.68561659559832, 36.61315685876681], [127.68841222623344, 36.6131524714138], [127.6884067436161, 36.610898728826776], [127.68561119433005, 36.610903115821515], [127.68561119433005, 36.61090311582151], [127.68281564444372, 36.61090743723685]]], [[[127.68837933966765, 36.59963000306638], [127.6883738607051, 36.59737625534938], [127.6883738607051, 36.59737625534938], [127.68836838235143, 36.595122506777464], [127.68557340225568, 36.595126891264925], [127.68557879932357, 36.59738064019496], [127.68557879932357, 36.59738064019496], [127.68558419699126, 36.59963438827011], [127.68837933966765, 36.59963000306638]]], [[[127.69677048748954, 36.60187019989529], [127.69677621160835, 36.60412394479571], [127.69957151441088, 36.60411929662273], [127.69956570897946, 36.60186555210191], [127.69677048748954, 36.60187019989529]]]]}}, {"type": "Feature", "properties": {"rank": 7, "method": "BFS+Zoning", "n_grids": 18, "avg_micro": 67.5483379966654, "cluster_score": 97.38213190295907, "buildable_ha": 45.000000000000014, "final_score": 80.70316638389262, "avg_bcr": 0.4000000000000001, "center_lat": 36.623265301258755, "center_lon": 127.61216795632862}, "geometry": {"type": "MultiPolygon", "coordinates": [[[[127.60734809961222, 36.62001432437249], [127.60735122447163, 36.62226807175636], [127.61014719399114, 36.62226551995776], [127.61014398774498, 36.62001177278225], [127.61014398774498, 36.62001177278225], [127.61014078185514, 36.61775802475208], [127.6073449751001, 36.61776057613398], [127.60734809961222, 36.62001432437249], [127.60734809961222, 36.62001432437249]]], [[[127.61014719399117, 36.62226551995776], [127.60735122447163, 36.62226807175636], [127.60735434967837, 36.624521818285544], [127.6101504005937, 36.624519266278575], [127.61014719399117, 36.622265519957764], [127.6129431631543, 36.622262902552016], [127.6129398755214, 36.620009155590225], [127.61014398774498, 36.620011772782256], [127.61014719399117, 36.62226551995776]]], [[[127.60175928439966, 36.62227297853204], [127.60175928439966, 36.62227297853204], [127.59896331386533, 36.62227533350907], [127.59896619488437, 36.62452908063121], [127.60176224681466, 36.6245267254619], [127.60176224681466, 36.6245267254619], [127.60455829841565, 36.62452430468], [127.6045552546048, 36.6222705579478], [127.60175928439966, 36.62227297853204]]], [[[127.60735122447163, 36.622268071756366], [127.6045552546048, 36.6222705579478], [127.60455829841565, 36.62452430468], [127.60735434967835, 36.62452181828555], [127.60735122447163, 36.622268071756366]]], [[[127.61015360755266, 36.62677301174468], [127.61015681486803, 36.62902675635607], [127.61295302824567, 36.62902413830912], [127.61294973951638, 36.62677039391148], [127.61574587111461, 36.62676771046045], [127.6157492412577, 36.62902145463897], [127.61854545389518, 36.62901870534567], [127.6185420023383, 36.62676496139161], [127.6185420023383, 36.62676496139161], [127.61853855116503, 36.62451121658278], [127.61853855116503, 36.62451121658278], [127.61853510037528, 36.622257470919216], [127.61573913195203, 36.622260219539164], [127.61573913195203, 36.622260219539164], [127.6129431631543, 36.622262902552016], [127.6129431631543, 36.62226290255202], [127.61014719399117, 36.62226551995777], [127.6101504005937, 36.624519266278575], [127.6101504005937, 36.624519266278575], [127.61015360755266, 36.62677301174468], [127.61015360755266, 36.62677301174468]], [[127.61574250134606, 36.62451396542717], [127.61574250134606, 36.62451396542717], [127.61574587111461, 36.62676771046045], [127.61574587111461, 36.62676771046045], [127.61574250134606, 36.62451396542717], [127.61574250134606, 36.62451396542717], [127.61574250134606, 36.62451396542717]]], [[[127.61853164996907, 36.62000372440092], [127.61853510037528, 36.62225747091921], [127.62133106841505, 36.622254656692206], [127.62132753662223, 36.620000910403704], [127.62132753662223, 36.620000910403704], [127.62132400522191, 36.617747163260475], [127.61852819994631, 36.61774997702792], [127.61853164996907, 36.62000372440092], [127.61853164996907, 36.62000372440092]]], [[[127.61853164996907, 36.62000372440092], [127.61573576293243, 36.62000647279644], [127.61573913195203, 36.62226021953915], [127.61853510037528, 36.62225747091921], [127.61853164996907, 36.62000372440092]]]]}}, {"type": "Feature", "properties": {"rank": 8, "method": "BFS+Zoning", "n_grids": 19, "avg_micro": 66.0753122166125, "cluster_score": 95.76690401048185, "buildable_ha": 47.500000000000014, "final_score": 79.57250685915857, "avg_bcr": 0.4000000000000001, "center_lat": 36.659478882303155, "center_lon": 127.57611706779477}, "geometry": {"type": "MultiPolygon", "coordinates": [[[[127.573831817632, 36.65609971541072], [127.573831817632, 36.65609971541072], [127.573831817632, 36.65609971541072], [127.57103462240867, 36.65610141639607], [127.57103669291563, 36.658355152325974], [127.57383396967101, 36.65835345120177], [127.57383396967101, 36.65835345120177], [127.57663124618719, 36.65835168438438], [127.57663124618719, 36.65835168438438], [127.57942852245512, 36.65834985187384], [127.57942620735204, 36.65609611637655], [127.57662901261615, 36.65609794873753], [127.57662677929332, 36.653844212235825], [127.57382966583215, 36.653845978764814], [127.57382966583215, 36.6538459787648], [127.57103255213184, 36.653847679611324], [127.57103462240867, 36.65610141639607], [127.573831817632, 36.65609971541071], [127.573831817632, 36.65609971541072]]], [[[127.57103255213181, 36.653847679611324], [127.5682354382014, 36.653849314775385], [127.56823742695519, 36.656103051693606], [127.57103462240865, 36.65610141639607], [127.57103255213181, 36.653847679611324]]], [[[127.5682354382014, 36.653849314775385], [127.56543832404995, 36.653850884256954], [127.56544023128069, 36.65610462130328], [127.56823742695519, 36.656103051693606], [127.5682354382014, 36.653849314775385]]], [[[127.57103462240867, 36.65610141639607], [127.56823742695522, 36.656103051693606], [127.56823941593008, 36.65835678775698], [127.57103669291563, 36.658355152325974], [127.57103462240867, 36.65610141639607]]], [[[127.56544023128069, 36.656104621303285], [127.56544213872345, 36.658358357494784], [127.56823941593008, 36.658356787756986], [127.56823742695519, 36.656103051693606], [127.56544023128069, 36.656104621303285]]], [[[127.57383396967101, 36.658353451201776], [127.57383612194924, 36.66060718613795], [127.57663348000654, 36.66060541917636], [127.57663348000654, 36.660605419176356], [127.57943083781552, 36.66060358651623], [127.57943083781552, 36.66060358651624], [127.57943315343329, 36.66285732030371], [127.57663571407417, 36.66285915311342], [127.57663571407417, 36.66285915311342], [127.57383827446672, 36.66286092021924], [127.57384042722347, 36.66511465344561], [127.57663794839014, 36.66511288619556], [127.57663794839014, 36.66511288619556], [127.57943546930848, 36.66511105323625], [127.57943315343329, 36.66285732030371], [127.57943315343329, 36.66285732030371], [127.57943546930848, 36.66511105323625], [127.58223298996937, 36.66510915456774], [127.58223059253504, 36.662855421790134], [127.58223059253501, 36.66285542179014], [127.58222819536714, 36.66060168815761], [127.58222819536714, 36.66060168815761], [127.58222579846569, 36.65834795367016], [127.57942852245512, 36.65834985187384], [127.57942852245512, 36.65834985187384], [127.57663124618719, 36.65835168438438], [127.57663124618719, 36.658351684384385], [127.57383396967101, 36.658353451201776]]], [[[127.58223298996937, 36.66510915456774], [127.58223298996937, 36.66510915456774], [127.58223538767021, 36.66736288649037], [127.58503298963282, 36.66736092195231], [127.58503051036378, 36.66510719018999], [127.58503051036378, 36.66510719018999], [127.5850280313703, 36.66285345757274], [127.5850280313703, 36.66285345757274], [127.58502555265234, 36.66059972410051], [127.58222819536715, 36.66060168815761], [127.58223059253504, 36.66285542179014], [127.58223059253504, 36.66285542179014], [127.58223298996937, 36.66510915456774]]]]}}, {"type": "Feature", "properties": {"rank": 9, "method": "BFS+Zoning", "n_grids": 13, "avg_micro": 73.70274582317606, "cluster_score": 102.87861155978953, "buildable_ha": 32.50000000000001, "final_score": 84.55070214367394, "avg_bcr": 0.4000000000000001, "center_lat": 36.62881585542924, "center_lon": 127.52057023188249}, "geometry": {"type": "MultiPolygon", "coordinates": [[[[127.51228847108857, 36.62456954694003], [127.51228847108857, 36.62456954694003], [127.51228882886046, 36.62682329651173], [127.51508496791638, 36.62682297531456], [127.51508452873885, 36.624569225769086], [127.51508452873885, 36.624569225769086], [127.51508408961013, 36.62231547536913], [127.51228811335642, 36.622315796513845], [127.51228847108857, 36.62456954694003]]], [[[127.51508408961013, 36.62231547536913], [127.51508452873885, 36.624569225769086], [127.51508452873885, 36.6245692257691], [127.51508496791638, 36.62682297531456], [127.51788110692351, 36.626822588499024], [127.51788162756453, 36.629076337158445], [127.52067784792844, 36.6290758846876], [127.52067845005105, 36.631329632455554], [127.52067845005105, 36.631329632455554], [127.52067905224061, 36.63358337936897], [127.52347543539408, 36.63358286118981], [127.52347543539408, 36.633582861189815], [127.52627181847154, 36.63358227737624], [127.5262710534165, 36.63132853055278], [127.52347475177176, 36.6313291143187], [127.52347475177176, 36.631329114318696], [127.5262710534165, 36.63132853055278], [127.52627028844648, 36.62907478287479], [127.52347406822544, 36.62907536659304], [127.52347475177176, 36.631329114318696], [127.52347475177176, 36.631329114318696], [127.52347406822544, 36.62907536659304], [127.52067784792844, 36.6290758846876], [127.52067724587275, 36.62682213606514], [127.52067724587275, 36.62682213606514], [127.52067784792844, 36.6290758846876], [127.52347406822544, 36.62907536659304], [127.52347338475508, 36.626821618012876], [127.52067724587275, 36.62682213606513], [127.52067664388396, 36.62456838658817], [127.51788058634034, 36.62456883898513], [127.51788006581504, 36.62231508861675], [127.51508408961013, 36.62231547536913]]], [[[127.52627181847154, 36.63358227737624], [127.52347543539408, 36.633582861189815], [127.52347611909235, 36.63583660720637], [127.52627258361166, 36.63583602334512], [127.52627181847154, 36.63358227737624]]], [[[127.529068201464, 36.63358162792824], [127.52627181847154, 36.63358227737624], [127.52627258361166, 36.63583602334513], [127.52906904804588, 36.6358353738441], [127.529068201464, 36.63358162792824]]]]}}, {"type": "Feature", "properties": {"rank": 10, "method": "BFS+Zoning", "n_grids": 14, "avg_micro": 67.62297118040166, "cluster_score": 95.09193128603401, "buildable_ha": 35.00000000000001, "final_score": 79.10002595204507, "avg_bcr": 0.4000000000000001, "center_lat": 36.667052836458005, "center_lon": 127.56265190600423}, "geometry": {"type": "MultiPolygon", "coordinates": [[[[127.55985281798195, 36.66512250405656], [127.55985281798195, 36.66512250405656], [127.55985456313613, 36.66737623706875], [127.55985456313613, 36.66737623706875], [127.55985630848426, 36.66962996922606], [127.56265399390266, 36.669628530287625], [127.56265399390266, 36.669628530287625], [127.565451679118, 36.66962702562917], [127.56544977061489, 36.667373293712096], [127.56265216697705, 36.66737479824778], [127.56265216697705, 36.667374798247764], [127.56544977061489, 36.667373293712096], [127.56544977061489, 36.667373293712096], [127.56824737404062, 36.66737172346174], [127.56824538418127, 36.665117990817905], [127.56824538418127, 36.665117990817905], [127.56824339454307, 36.662864257319164], [127.56544595424504, 36.66286582731321], [127.56544404637822, 36.66061209283144], [127.56264668741835, 36.66061359699877], [127.56264851373489, 36.66286733160333], [127.56264851373489, 36.66286733160333], [127.56265034025444, 36.66512106535299], [127.56265034025444, 36.66512106535299], [127.56265034025444, 36.665121065353], [127.56265034025444, 36.665121065353], [127.56264851373489, 36.66286733160333], [127.55985107302175, 36.66286877018947], [127.55985281798195, 36.66512250405656]]], [[[127.55705862287184, 36.669631342444404], [127.55426093707449, 36.66963264994265], [127.55426251944344, 36.67188638146378], [127.55706028682742, 36.671885073858824], [127.55706195096795, 36.67413880441829], [127.55985979976259, 36.674137430975804], [127.5598580540264, 36.67188370052841], [127.5598580540264, 36.67188370052841], [127.5598580540264, 36.671883700528404], [127.56265582103138, 36.67188226147256], [127.56265399390266, 36.66962853028764], [127.55985630848426, 36.66962996922606], [127.55985630848426, 36.669629969226065], [127.55705862287184, 36.669631342444404], [127.55705862287184, 36.669631342444404]]], [[[127.57104083462, 36.662862621621166], [127.56824339454307, 36.662864257319164], [127.56824538418127, 36.665117990817905], [127.57104290581749, 36.6651163549864], [127.57104083462, 36.662862621621166]]]]}}]}