{"type": "FeatureCollection", "features": [{"type": "Feature", "properties": {"rank": 1, "method": "BFS+Zoning", "n_grids": 577, "avg_micro": 74.78932409226424, "cluster_score": 146.1335587651892, "buildable_ha": 1341.8749999999998, "final_score": 126.91421963732228, "avg_bcr": 0.3720970537261698, "center_lat": 36.69840491987999, "center_lon": 127.46767620779198}, "geometry": {"type": "MultiPolygon", "coordinates": [[[[127.43563075939979, 36.68764082516701], [127.43563075939979, 36.687640825167016], [127.43842909703993, 36.68764230501044], [127.43842909703993, 36.687642305010435], [127.44122743487976, 36.68764371909093], [127.44122743487976, 36.68764371909093], [127.43842909703993, 36.68764230501044], [127.43842730031955, 36.68989602940817], [127.44122571981848, 36.689897443604046], [127.44122571981848, 36.689897443604046], [127.44402413950803, 36.6898987920316], [127.44402413950803, 36.6898987920316], [127.44682255937919, 36.68990007469081], [127.44682411112224, 36.687646349963025], [127.44402577291024, 36.68764506740847], [127.44402577291024, 36.68764506740847], [127.44402577291024, 36.68764506740847], [127.44402577291024, 36.68764506740847], [127.44682411112224, 36.687646349963025], [127.44682566269285, 36.685392624380164], [127.44682566269285, 36.685392624380164], [127.44682411112224, 36.687646349963025], [127.44962244950675, 36.6876475667546], [127.44962244950675, 36.6876475667546], [127.45242078805462, 36.68764871778318], [127.45242217632506, 36.68539499200712], [127.44962391942727, 36.68539384107246], [127.44962391942727, 36.68539384107246], [127.44962391942727, 36.68539384107246], [127.45242217632506, 36.68539499200712], [127.45242078805462, 36.68764871778318], [127.45521912675684, 36.687649803048764], [127.45522043337718, 36.685396077184166], [127.45522043337718, 36.685396077184166], [127.45521912675684, 36.68764980304877], [127.45801746560431, 36.687650822551326], [127.45801746560431, 36.687650822551326], [127.45521912675684, 36.68764980304877], [127.45521781999128, 36.68990352805832], [127.45801624049793, 36.68990454764407], [127.45801624049793, 36.68990454764407], [127.46081466114076, 36.68990550146143], [127.46081466114076, 36.689905501461425], [127.46361308191071, 36.68990638951037], [127.46361414369866, 36.68765266426735], [127.46361414369866, 36.68765266426735], [127.46361520536857, 36.68539893816927], [127.460816947908, 36.68539805026524], [127.460816947908, 36.68539805026524], [127.460816947908, 36.68539805026524], [127.460818091101, 36.68314432338461], [127.460818091101, 36.68314432338461], [127.46081923416693, 36.680890595648954], [127.46081923416693, 36.680890595648954], [127.46082037710582, 36.6786368670583], [127.45802236466831, 36.67863591363002], [127.45802114010648, 36.680889642142866], [127.45802114010648, 36.680889642142866], [127.45522304618218, 36.68088862288985], [127.45522304618218, 36.68088862288985], [127.45242495240306, 36.6808875378899], [127.4524235644412, 36.68314126537603], [127.4524235644412, 36.68314126537603], [127.45242495240306, 36.680887537889895], [127.45242495240306, 36.680887537889895], [127.45522304618217, 36.68088862288984], [127.45522304618217, 36.68088862288984], [127.45802114010648, 36.68088964214286], [127.45802236466828, 36.67863591363002], [127.45802236466831, 36.67863591363002], [127.45802236466831, 36.67863591363002], [127.46082037710582, 36.678636867058295], [127.46082037710582, 36.678636867058295], [127.46361838967039, 36.67863775474499], [127.46361838967039, 36.67863775474499], [127.46361838967039, 36.67863775474499], [127.46082037710582, 36.678636867058295], [127.46081923416693, 36.68089059564895], [127.46361732835442, 36.68089148340809], [127.46361732835442, 36.68089148340809], [127.46361732835442, 36.68089148340809], [127.4636162669205, 36.68314521121619], [127.46641444285797, 36.683146033295465], [127.46641444285797, 36.683146033295465], [127.46641444285797, 36.683146033295465], [127.4636162669205, 36.68314521121619], [127.4636162669205, 36.683145211216186], [127.46361626692048, 36.683145211216186], [127.46361732835442, 36.68089148340809], [127.46081923416693, 36.680890595648954], [127.460818091101, 36.68314432338461], [127.460818091101, 36.68314432338461], [127.460816947908, 36.68539805026524], [127.46361520536857, 36.68539893816927], [127.46361520536857, 36.68539893816927], [127.46361520536857, 36.68539893816927], [127.46361414369866, 36.68765266426735], [127.46641248292738, 36.6876534864808], [127.46641248292738, 36.6876534864808], [127.46921082226505, 36.68765424293118], [127.46921172063463, 36.685400516704306], [127.46921172063463, 36.685400516704306], [127.46921172063463, 36.685400516704306], [127.46921082226505, 36.687654242931174], [127.4720091617026, 36.6876549336185], [127.472009978422, 36.68540120733527], [127.472009978422, 36.68540120733527], [127.472009978422, 36.68540120733527], [127.4720091617026, 36.6876549336185], [127.47480750123093, 36.68765555854276], [127.47480750123093, 36.68765555854276], [127.47760584084095, 36.68765611770393], [127.47760649425993, 36.68540239132408], [127.4748082363001, 36.685401832208534], [127.4748082363001, 36.68540183220853], [127.47760649425993, 36.685402391324075], [127.47760714760629, 36.683148664089245], [127.47760714760629, 36.683148664089245], [127.47760649425993, 36.685402391324075], [127.4804047522924, 36.68540288468191], [127.4804047522924, 36.68540288468192], [127.4804047522924, 36.68540288468192], [127.48040418052364, 36.68765661110203], [127.48320252026987, 36.68765703873702], [127.48320252026987, 36.68765703873702], [127.48600086007058, 36.68765740060894], [127.48879919991671, 36.68765769671776], [127.48879952673478, 36.68540397020907], [127.48879952673478, 36.68540397020907], [127.48879985351653, 36.68315024284539], [127.48879985351653, 36.68315024284539], [127.48880018026195, 36.680896514626724], [127.48600208533932, 36.68089621859039], [127.48600208533932, 36.680896218590384], [127.48320399046209, 36.68089585680704], [127.48320399046209, 36.680895856807034], [127.48320399046209, 36.680895856807034], [127.4832044804172, 36.67864212778708], [127.4832044804172, 36.67864212778708], [127.48320497031789, 36.676388397912184], [127.48320497031789, 36.676388397912184], [127.48320497031789, 36.676388397912184], [127.4832044804172, 36.67864212778708], [127.48320448041721, 36.67864212778708], [127.48320399046209, 36.680895856807034], [127.48600208533932, 36.68089621859038], [127.48600249367145, 36.6786424895409], [127.48600249367145, 36.6786424895409], [127.48600290195819, 36.67638875963648], [127.48600290195819, 36.67638875963648], [127.48600331019954, 36.67413502887714], [127.48320546016411, 36.67413466718236], [127.48320546016411, 36.67413466718236], [127.48040761018312, 36.67413423975669], [127.48040703873203, 36.676387970451614], [127.48040703873203, 36.676387970451614], [127.48040761018312, 36.67413423975669], [127.47760976026564, 36.6741337466001], [127.47760976026564, 36.67413374660009], [127.47481191042075, 36.67413318771263], [127.47481117575997, 36.676386918321704], [127.4776091072097, 36.6763874772548], [127.4776091072097, 36.6763874772548], [127.4776091072097, 36.6763874772548], [127.4776091072097, 36.6763874772548], [127.47481117575997, 36.676386918321704], [127.47481117575997, 36.676386918321704], [127.47481117575997, 36.676386918321704], [127.47481191042075, 36.67413318771263], [127.47481191042075, 36.67413318771263], [127.47481264499987, 36.671879456248625], [127.4720148768324, 36.67187883168124], [127.47201406065751, 36.67413256309427], [127.47201406065751, 36.67413256309427], [127.4720148768324, 36.67187883168124], [127.46921710875563, 36.67187814138835], [127.46921621098498, 36.674131872745036], [127.46921621098498, 36.674131872745036], [127.46921531311455, 36.6763856032468], [127.46921531311455, 36.6763856032468], [127.46921531311455, 36.67638560324681], [127.46921531311455, 36.67638560324681], [127.46921621098498, 36.674131872745036], [127.46641836141228, 36.67413111666493], [127.46641836141228, 36.67413111666493], [127.46921621098498, 36.674131872745036], [127.46921710875563, 36.67187814138835], [127.46641934077864, 36.671877385369925], [127.46362157291051, 36.671876563626014], [127.46362051194842, 36.67413029485395], [127.46362051194842, 36.67413029485395], [127.46362157291051, 36.67187656362603], [127.46082380516033, 36.67187567615661], [127.46082380516033, 36.67187567615661], [127.45802603753712, 36.67187472296172], [127.45802481338359, 36.67412845403943], [127.45522696430076, 36.67412743503591], [127.45522696430076, 36.67412743503591], [127.45242911536306, 36.67412635030156], [127.45242772786398, 36.676380080352644], [127.45242772786398, 36.676380080352644], [127.45242911536306, 36.67412635030157], [127.44963126657959, 36.674125199836396], [127.44962979747577, 36.67637892979359], [127.44962979747577, 36.67637892979359], [127.44962832820866, 36.678632658895815], [127.44962832820866, 36.678632658895815], [127.44962685877819, 36.68088638714305], [127.44962685877819, 36.68088638714305], [127.44962832820866, 36.67863265889582], [127.44962832820866, 36.67863265889582], [127.44962979747577, 36.67637892979359], [127.44683186725088, 36.67637771349837], [127.44683031636997, 36.67863144250132], [127.44683031636997, 36.67863144250132], [127.44682876531668, 36.6808851706493], [127.44682876531668, 36.6808851706493], [127.44682721409099, 36.68313889794225], [127.44682721409099, 36.68313889794225], [127.44682721409099, 36.68313889794225], [127.44402903916999, 36.683137615596976], [127.44402903916999, 36.683137615596976], [127.44123086443051, 36.68313626749947], [127.44122914975043, 36.68538999372273], [127.44402740613086, 36.68539134193025], [127.44402740613086, 36.68539134193025], [127.44122914975043, 36.68538999372273], [127.44122914975043, 36.68538999372272], [127.44123086443051, 36.68313626749947], [127.4384326898816, 36.68313485364975], [127.4384326898816, 36.68313485364973], [127.43563451553234, 36.68313337404778], [127.43563451553234, 36.68313337404778], [127.43283634139183, 36.68313182869364], [127.43283438178905, 36.68538555455467], [127.43283438178905, 36.68538555455467], [127.43283634139183, 36.68313182869364], [127.43003816746912, 36.68313021758731], [127.43003612622547, 36.685383943316886], [127.43283438178905, 36.68538555455467], [127.43283438178905, 36.68538555455468], [127.43003612622547, 36.6853839433169], [127.43003408475494, 36.68763766819137], [127.43283242196843, 36.68763927956065], [127.43283242196843, 36.68763927956065], [127.43563075939979, 36.68764082516701]], [[127.4524235644412, 36.68314126537603], [127.4524235644412, 36.68314126537603], [127.45242217632506, 36.68539499200712], [127.45242217632506, 36.68539499200712], [127.4524235644412, 36.68314126537603]], [[127.45801746560431, 36.687650822551326], [127.46081580458792, 36.687651776290856], [127.46081580458792, 36.687651776290856], [127.46081580458792, 36.687651776290856], [127.46081580458792, 36.68765177629086], [127.45801746560431, 36.687650822551326], [127.45801746560431, 36.687650822551326]], [[127.4664164023529, 36.678638576690126], [127.46921441514432, 36.678639332893646], [127.46921351707425, 36.68089306168551], [127.46921351707425, 36.680893061685516], [127.46641542265989, 36.68089230542029], [127.46641542265989, 36.68089230542028], [127.46641542265989, 36.68089230542028], [127.4664164023529, 36.678638576690126]], [[127.44962685877819, 36.68088638714305], [127.44962685877819, 36.68088638714305], [127.4496253891844, 36.68314011453527], [127.4496253891844, 36.68314011453527], [127.4496253891844, 36.68314011453527], [127.4496253891844, 36.68314011453527], [127.44962685877819, 36.68088638714305]], [[127.4552256584064, 36.67638116517552], [127.4552243523669, 36.67863489446015], [127.4552243523669, 36.67863489446015], [127.4552256584064, 36.67638116517552], [127.4552256584064, 36.67638116517552]], [[127.46361945086838, 36.67638402522694], [127.46361945086838, 36.67638402522694], [127.46362051194842, 36.67413029485395], [127.46362051194842, 36.67413029485395], [127.46361945086838, 36.67638402522694]], [[127.48040532399762, 36.68314915740681], [127.4804058956393, 36.6808954292767], [127.4804058956393, 36.6808954292767], [127.4804058956393, 36.6808954292767], [127.4804058956393, 36.6808954292767], [127.48040532399762, 36.68314915740681], [127.48320350045248, 36.683149584972035], [127.48320350045248, 36.68314958497204], [127.48320350045248, 36.68314958497204], [127.48320350045248, 36.683149584972035], [127.48040532399762, 36.68314915740681]], [[127.47201406065751, 36.674132563094275], [127.47201324439189, 36.67638629365237], [127.47201324439189, 36.67638629365237], [127.47201406065751, 36.674132563094275], [127.47201406065751, 36.674132563094275]], [[127.47201161158846, 36.68089375220377], [127.47480970619341, 36.680894376975075], [127.47480970619341, 36.680894376975075], [127.47760780088004, 36.68089493599938], [127.47760845408116, 36.67864120705457], [127.47760845408116, 36.67864120705457], [127.47760780088004, 36.68089493599938], [127.47760780088004, 36.68089493599938], [127.47760714760629, 36.68314866408923], [127.47760714760629, 36.68314866408923], [127.47760780088004, 36.68089493599938], [127.47480970619341, 36.680894376975075], [127.4748089712876, 36.6831481050193], [127.4748089712876, 36.6831481050193], [127.47480970619341, 36.680894376975075], [127.47201161158846, 36.68089375220377], [127.47201161158846, 36.68089375220377]], [[127.47201242803554, 36.67864002335555], [127.47481044101751, 36.67864064807586], [127.47481044101751, 36.67864064807587], [127.47760845408116, 36.67864120705457], [127.47760845408116, 36.67864120705457], [127.47481044101751, 36.67864064807587], [127.47481044101751, 36.67864064807587], [127.47201242803554, 36.678640023355555], [127.47201242803554, 36.67864002335555]], [[127.4720107950506, 36.68314748019702], [127.4720107950506, 36.68314748019702], [127.46921261890436, 36.68314678962241], [127.46921261890436, 36.68314678962241], [127.4720107950506, 36.68314748019702]], [[127.4804064672174, 36.67864170029165], [127.4804064672174, 36.67864170029165], [127.4804064672174, 36.678641700291635], [127.4804064672174, 36.678641700291635], [127.4804064672174, 36.67864170029165]], [[127.4860016769618, 36.683149946784894], [127.48600126853889, 36.685403674124416], [127.48600126853889, 36.685403674124416], [127.48600126853889, 36.685403674124416], [127.4860016769618, 36.683149946784894], [127.4860016769618, 36.683149946784894], [127.4860016769618, 36.683149946784894], [127.4860016769618, 36.683149946784894]]], [[[127.4272336244119, 36.68988971494172], [127.4272336244119, 36.689889714941735], [127.42443520600239, 36.689887971904476], [127.42443300074184, 36.69214169478962], [127.42443300074184, 36.69214169478962], [127.42163450090943, 36.692139885836546], [127.42163221372667, 36.694393607718915], [127.42163221372667, 36.694393607718915], [127.42162992628965, 36.696647328746096], [127.42162763859837, 36.69890104891805], [127.42442638348928, 36.69890285831395], [127.42442858948532, 36.69664913799438], [127.42443079523618, 36.694395416819596], [127.42443079523618, 36.694395416819596], [127.42443079523618, 36.694395416819596], [127.42442858948532, 36.69664913799438], [127.42722725292617, 36.69665088145834], [127.42722725292617, 36.69665088145834], [127.42722512862541, 36.698904601920155], [127.42722512862541, 36.69890460192016], [127.42722512862541, 36.69890460192016], [127.42722725292617, 36.69665088145834], [127.42442858948532, 36.69664913799438], [127.42442638348928, 36.69890285831395], [127.42442638348928, 36.69890285831395], [127.42442417724801, 36.7011565777783], [127.42722300408849, 36.701158321526776], [127.4272208793154, 36.703412040278124], [127.43001978810551, 36.70341371836842], [127.43001978810551, 36.703413718368424], [127.43281869712274, 36.70341533065825], [127.43561760635801, 36.70341687714759], [127.43561948599063, 36.701163158001634], [127.43561948599063, 36.701163158001634], [127.4384183137213, 36.701164638569686], [127.43842011144052, 36.69891091844774], [127.4356213654143, 36.69890943800047], [127.43282261959702, 36.69890789176343], [127.43282261959702, 36.69890789176343], [127.4356213654143, 36.69890943800047], [127.43562136541433, 36.69890943800047], [127.43842011144052, 36.69891091844772], [127.43842190895997, 36.69665719747058], [127.43842190895997, 36.69665719747058], [127.43842011144052, 36.69891091844772], [127.43842011144052, 36.69891091844772], [127.4384183137213, 36.701164638569686], [127.44121714165182, 36.7011660533426], [127.44121714165182, 36.701166053342604], [127.4384183137213, 36.701164638569686], [127.43841651580222, 36.70341835783644], [127.44121542544629, 36.70341977272477], [127.44121370904999, 36.705673491251716], [127.43841471768326, 36.70567207624794], [127.43841291936444, 36.707925793804215], [127.4412119924629, 36.70792720892343], [127.44121370904999, 36.705673491251716], [127.44121370904999, 36.705673491251716], [127.4412119924629, 36.70792720892343], [127.44401106575216, 36.707928558231366], [127.44401106575216, 36.707928558231366], [127.44681013922317, 36.70792984172804], [127.44681013922317, 36.707929841728046], [127.44401106575216, 36.707928558231366], [127.44401106575216, 36.707928558231366], [127.4412119924629, 36.70792720892343], [127.44121027568497, 36.710180925739856], [127.44121027568495, 36.710180925739856], [127.4412119924629, 36.70792720892343], [127.43841291936444, 36.707925793804215], [127.43841291936444, 36.707925793804215], [127.4356138464659, 36.70792431287376], [127.43281477377636, 36.707922766132064], [127.43281281177606, 36.710176482586064], [127.43561196620637, 36.710178029453935], [127.4384111208457, 36.710179510505206], [127.4384111208457, 36.710179510505206], [127.44121027568495, 36.710180925739856], [127.44120855871618, 36.71243464170101], [127.44120855871618, 36.71243464170101], [127.44120855871618, 36.712434641701016], [127.44120855871618, 36.712434641701016], [127.44121027568495, 36.71018092573986], [127.4384111208457, 36.71017951050521], [127.4384111208457, 36.710179510505206], [127.43561196620637, 36.710178029453935], [127.43561196620637, 36.710178029453935], [127.43281281177606, 36.710176482586064], [127.43281084955764, 36.71243019818475], [127.43281084955764, 36.71243019818475], [127.43281281177606, 36.710176482586064], [127.43281281177606, 36.710176482586064], [127.43281477377636, 36.70792276613207], [127.4300157013049, 36.70792115357917], [127.43001365756385, 36.71017486990161], [127.43001365756385, 36.71017486990161], [127.43001161359561, 36.712428585368734], [127.43001161359561, 36.712428585368734], [127.43001365756385, 36.71017486990161], [127.42721450357884, 36.71017319140058], [127.42721450357884, 36.710173191400564], [127.42441534983011, 36.710171447082985], [127.4244131423623, 36.71242516227089], [127.4272123778608, 36.71242690673077], [127.4272123778608, 36.71242690673077], [127.4244131423623, 36.7124251622709], [127.42441093464906, 36.714678876603436], [127.42721025190644, 36.71468062120562], [127.42720812571577, 36.71693433482512], [127.43000752497744, 36.71693601373696], [127.43000548032745, 36.71918972663804], [127.43280496159352, 36.719191339848784], [127.4328069244664, 36.71693762681614], [127.4328069244664, 36.71693762681614], [127.4328088871211, 36.714683912928116], [127.43000956940014, 36.714682299980524], [127.43000956940014, 36.71468229998052], [127.4328088871211, 36.71468391292811], [127.4328088871211, 36.71468391292811], [127.4328088871211, 36.71468391292811], [127.4328069244664, 36.716937626816126], [127.4328069244664, 36.716937626816126], [127.43280496159352, 36.719191339848784], [127.43280496159352, 36.719191339848784], [127.43280299850242, 36.72144505202605], [127.4356025617729, 36.72144659952496], [127.43560068025889, 36.723700310973044], [127.43840032553383, 36.72370179274935], [127.43840212525251, 36.7214480811804], [127.43840212525251, 36.7214480811804], [127.43840032553383, 36.72370179274935], [127.44119997100886, 36.72370320867683], [127.4412016889322, 36.721449496992406], [127.4412016889322, 36.721449496992406], [127.4412016889322, 36.72144949699239], [127.4440012528028, 36.7214508469609], [127.4440012528028, 36.7214508469609], [127.4412016889322, 36.721449496992406], [127.44119997100886, 36.72370320867683], [127.44119997100886, 36.72370320867683], [127.44119825289454, 36.72595691950587], [127.44119653458921, 36.7282106294795], [127.44399634387324, 36.72821197977835], [127.44399470719956, 36.730465689006664], [127.44679459848818, 36.730466973550676], [127.44679615333919, 36.728213264217615], [127.44679615333919, 36.728213264217615], [127.44679459848818, 36.730466973550676], [127.44959448994967, 36.73046819222972], [127.44959596297798, 36.72821448279725], [127.44679615333919, 36.728213264217615], [127.44679770801737, 36.72595955402911], [127.44679770801737, 36.72595955402911], [127.44679615333919, 36.728213264217615], [127.44959596297798, 36.72821448279725], [127.44959596297798, 36.72821448279724], [127.45239577278048, 36.72821563551725], [127.45239716383144, 36.72596192513536], [127.44959743584255, 36.72596077250937], [127.44959743584255, 36.72596077250937], [127.44679770801737, 36.72595955402911], [127.44679770801737, 36.72595955402911], [127.44959743584255, 36.72596077250937], [127.44959743584255, 36.72596077250936], [127.45239716383144, 36.72596192513535], [127.45239855472776, 36.72370821389805], [127.45239855472775, 36.72370821389805], [127.45239994546948, 36.7214545018054], [127.45239994546948, 36.72145450180538], [127.45240133605661, 36.719200788857364], [127.45240133605661, 36.719200788857364], [127.45239994546948, 36.7214545018054], [127.45519951001299, 36.72145558839984], [127.45519951001299, 36.72145558839985], [127.45519951001299, 36.72145558839985], [127.45519820106674, 36.72370930058113], [127.45799784755124, 36.723710321415304], [127.45799784755124, 36.723710321415304], [127.46079749417213, 36.72371127640054], [127.46079863952745, 36.72145756405809], [127.46079863952745, 36.721457564058085], [127.46079978475545, 36.7192038508603], [127.46079978475547, 36.7192038508603], [127.46079863952745, 36.72145756405809], [127.46359820448019, 36.72145845312189], [127.46359714092036, 36.72371216553685], [127.46639678778683, 36.723712988824225], [127.46639678778683, 36.723712988824225], [127.46919643476245, 36.72371374626263], [127.46919733473123, 36.721460033718735], [127.46919733473123, 36.721460033718735], [127.46919823459997, 36.7192063203195], [127.46639875120633, 36.719205563004635], [127.46359926792181, 36.71920473985157], [127.4636003312452, 36.716951025725926], [127.46080092985618, 36.716950136807164], [127.46080092985618, 36.71695013680717], [127.45800152859444, 36.716949182055586], [127.45800030171644, 36.71920289603083], [127.45800030171641, 36.71920289603083], [127.45800152859444, 36.71694918205558], [127.45520212746906, 36.71694816147119], [127.4552008188138, 36.71920187536318], [127.45520081881376, 36.71920187536318], [127.45520081881376, 36.719201875363176], [127.4552008188138, 36.719201875363176], [127.45520212746906, 36.71694816147119], [127.45240272648917, 36.71694707505399], [127.45240133605661, 36.71920078885736], [127.45240133605661, 36.71920078885736], [127.45240272648917, 36.71694707505399], [127.44960332566383, 36.716945922804], [127.44960332566383, 36.716945922804], [127.44680392500213, 36.71694470472122], [127.44680237101507, 36.719198418331246], [127.44680237101507, 36.719198418331246], [127.44680237101507, 36.71919841833124], [127.4440028887489, 36.71919713431097], [127.4440028887489, 36.71919713431097], [127.44680237101507, 36.71919841833124], [127.44680392500213, 36.716944704721215], [127.44680392500213, 36.716944704721215], [127.44680547881643, 36.71469099025587], [127.44400616009558, 36.71468970644505], [127.44400452451315, 36.716943420805684], [127.44400452451315, 36.716943420805684], [127.44400616009558, 36.71468970644505], [127.44120684155655, 36.71468835680686], [127.44120684155655, 36.71468835680686], [127.44400616009558, 36.71468970644505], [127.44400616009558, 36.71468970644505], [127.44680547881643, 36.71469099025587], [127.44680703245803, 36.71243727493521], [127.44680703245803, 36.71243727493521], [127.44680703245803, 36.71243727493521], [127.44680703245803, 36.71243727493521], [127.44680547881643, 36.71469099025587], [127.44680547881644, 36.71469099025587], [127.44680392500213, 36.716944704721215], [127.44960332566383, 36.716945922803994], [127.44960332566383, 36.716945922803994], [127.45240272648917, 36.71694707505398], [127.45240272648917, 36.71694707505398], [127.45520212746906, 36.71694816147118], [127.4552034359789, 36.71469444672387], [127.45240411676717, 36.71469336039529], [127.45240411676717, 36.71469336039529], [127.4552034359789, 36.71469444672387], [127.45520474434328, 36.71244073112126], [127.45520474434328, 36.71244073112126], [127.45520605256223, 36.7101870146634], [127.45520605256223, 36.7101870146634], [127.45520474434328, 36.71244073112126], [127.45520474434328, 36.71244073112126], [127.4552034359789, 36.71469444672387], [127.45800275533607, 36.71469546722502], [127.45800398194135, 36.712441751539174], [127.45800398194135, 36.712441751539174], [127.45800520841028, 36.71018803499807], [127.46080436439466, 36.710188989516034], [127.46080436439466, 36.71018898951603], [127.46360352050625, 36.71018987821728], [127.46360352050625, 36.710189878217285], [127.46080436439466, 36.710188989516034], [127.46080436439466, 36.710188989516034], [127.45800520841028, 36.71018803499807], [127.45800398194135, 36.71244175153919], [127.45800398194135, 36.71244175153919], [127.45800275533607, 36.71469546722502], [127.4552034359789, 36.71469444672387], [127.45520212746906, 36.71694816147118], [127.45800152859444, 36.71694918205558], [127.45800152859444, 36.71694918205558], [127.46080092985618, 36.71695013680716], [127.46080092985618, 36.71695013680716], [127.46360033124517, 36.71695102572591], [127.46360033124517, 36.71695102572591], [127.4663997327524, 36.71695184881186], [127.4663997327524, 36.71695184881186], [127.4663997327524, 36.71695184881186], [127.46639875120633, 36.719205563004635], [127.4691982346, 36.7192063203195], [127.46919913436871, 36.71695260606494], [127.46919913436871, 36.71695260606494], [127.46920003403741, 36.71469889095509], [127.46640071418935, 36.714698133763775], [127.46640071418935, 36.714698133763775], [127.46640071418935, 36.714698133763775], [127.4664016955172, 36.71244441786042], [127.4636024575374, 36.71244359490876], [127.4636024575374, 36.71244359490876], [127.4664016955172, 36.71244441786042], [127.46640267673601, 36.71019070110181], [127.46360352050625, 36.71018987821728], [127.46360352050625, 36.71018987821728], [127.46640267673601, 36.71019070110181], [127.46640365784573, 36.707936983487954], [127.46640365784573, 36.707936983487954], [127.46640463884641, 36.70568326501887], [127.46640463884641, 36.70568326501887], [127.46640365784573, 36.707936983487954], [127.46920273244359, 36.70793774049399], [127.46920273244359, 36.70793774049398], [127.47200180714138, 36.70793843168865], [127.47200180714138, 36.70793843168865], [127.47480088193007, 36.70793905707195], [127.474801617735, 36.70568533843372], [127.474801617735, 36.70568533843372], [127.47480235345813, 36.703431618940314], [127.47480235345813, 36.703431618940314], [127.47480308909952, 36.70117789859174], [127.47480308909952, 36.70117789859174], [127.47480382465909, 36.698924177387994], [127.47200507674363, 36.69892355220875], [127.47200507674363, 36.69892355220874], [127.46920632891897, 36.698922861239595], [127.46920542995002, 36.701176582335954], [127.47200425947933, 36.70117727336147], [127.47200425947933, 36.70117727336148], [127.47200425947933, 36.70117727336148], [127.47200425947933, 36.70117727336148], [127.46920542995002, 36.70117658233596], [127.46920542995002, 36.70117658233596], [127.46640660052066, 36.70117582551518], [127.46640660052066, 36.70117582551517], [127.46360777120029, 36.70117500289911], [127.46360670870396, 36.70342872301145], [127.46360670870396, 36.70342872301145], [127.46360670870396, 36.70342872301145], [127.46360777120029, 36.70117500289911], [127.46640660052066, 36.70117582551517], [127.46640758119423, 36.69892210448056], [127.4636088335785, 36.69892128193162], [127.46360777120029, 36.70117500289911], [127.46080894199801, 36.70117411448782], [127.46080779778796, 36.70342783452767], [127.460807797788, 36.70342783452767], [127.46080665345075, 36.70568155371233], [127.46360564608952, 36.705682442268596], [127.46360564608952, 36.705682442268596], [127.46080665345075, 36.70568155371234], [127.46080550898631, 36.707935272041794], [127.46080550898631, 36.707935272041794], [127.45800643474288, 36.7079343176017], [127.45800520841028, 36.71018803499806], [127.45800520841028, 36.71018803499806], [127.45800643474288, 36.7079343176017], [127.45520736063578, 36.70793329735026], [127.45520736063578, 36.70793329735026], [127.45240828667407, 36.70793221128749], [127.45240689685961, 36.71018592851202], [127.45240689685961, 36.71018592851202], [127.45240689685961, 36.71018592851202], [127.44960774131148, 36.710184776543976], [127.44960626959255, 36.71243849281928], [127.45240550689066, 36.71243964488129], [127.45240550689066, 36.71243964488129], [127.44960626959255, 36.71243849281928], [127.44960626959255, 36.71243849281928], [127.44960626959255, 36.71243849281928], [127.44960774131148, 36.710184776543976], [127.44680858592693, 36.71018355875926], [127.44680858592693, 36.71018355875926], [127.44960774131148, 36.710184776543976], [127.44960774131148, 36.710184776543976], [127.45240689685961, 36.71018592851202], [127.45240828667407, 36.70793221128749], [127.44960921286683, 36.70793105941341], [127.44960921286683, 36.70793105941341], [127.44681013922317, 36.70792984172804], [127.44681013922317, 36.70792984172803], [127.44960921286683, 36.707931059413404], [127.44960921286683, 36.70793105941341], [127.45240828667407, 36.70793221128749], [127.45240828667407, 36.70793221128749], [127.45520736063578, 36.70793329735025], [127.45520736063578, 36.707933297350245], [127.45800643474288, 36.70793431760168], [127.45800643474288, 36.70793431760169], [127.46080550898631, 36.70793527204179], [127.46080665345075, 36.70568155371233], [127.46080665345075, 36.70568155371233], [127.46080779778796, 36.70342783452767], [127.46080779778796, 36.70342783452767], [127.46080894199801, 36.70117411448782], [127.46080894199801, 36.70117411448782], [127.46081008608085, 36.69892039359279], [127.45801133871038, 36.69891943946411], [127.45801133871038, 36.69891943946411], [127.46081008608085, 36.69892039359279], [127.46081008608085, 36.69892039359279], [127.4636088335785, 36.69892128193162], [127.4636088335785, 36.69892128193161], [127.46640758119423, 36.698922104480545], [127.46640758119423, 36.698922104480545], [127.46640660052066, 36.701175825515165], [127.46920542995002, 36.701176582335954], [127.46920632891897, 36.698922861239595], [127.46920632891897, 36.698922861239595], [127.46920722778798, 36.69666913928811], [127.46640856175881, 36.6966683825908], [127.46360989583864, 36.69666756010896], [127.46360989583864, 36.69666756010897], [127.46081123003655, 36.69666667184263], [127.46081123003655, 36.69666667184263], [127.45801256436161, 36.696665717791774], [127.45801256436161, 36.696665717791774], [127.46081123003655, 36.69666667184263], [127.46081123003655, 36.69666667184263], [127.46360989583864, 36.69666756010896], [127.46360989583864, 36.696667560108956], [127.46640856175881, 36.696668382590794], [127.46640856175881, 36.6966683825908], [127.46920722778798, 36.69666913928811], [127.46920722778798, 36.69666913928811], [127.46920722778799, 36.69666913928811], [127.46920632891897, 36.698922861239595], [127.47200507674363, 36.69892355220874], [127.47200507674363, 36.69892355220874], [127.47480382465909, 36.69892417738799], [127.47480382465909, 36.698924177387994], [127.47760257265634, 36.69892473677733], [127.47760322643859, 36.69667101467282], [127.4804018928129, 36.69667150823198], [127.4804018928129, 36.69667150823198], [127.48320055925082, 36.69667193600657], [127.48320104958734, 36.69441821297179], [127.48320104958734, 36.69441821297179], [127.48320153986933, 36.69216448908194], [127.48320153986933, 36.69216448908194], [127.48320153986933, 36.69216448908194], [127.48320153986933, 36.69216448908194], [127.48320104958734, 36.69441821297179], [127.4859996343932, 36.69441857493229], [127.48600004299773, 36.692164851012905], [127.48600004299773, 36.692164851012905], [127.48600045155688, 36.68991112623846], [127.48320203009685, 36.68991076433701], [127.48320203009685, 36.68991076433701], [127.48600045155688, 36.68991112623845], [127.48600086007058, 36.68765740060895], [127.48320252026987, 36.68765703873703], [127.48320252026987, 36.68765703873702], [127.48040418052364, 36.68765661110203], [127.48040418052364, 36.68765661110204], [127.47760584084095, 36.68765611770394], [127.47760584084095, 36.68765611770393], [127.47480750123093, 36.68765555854276], [127.47480750123093, 36.68765555854276], [127.4720091617026, 36.687654933618504], [127.47200834489242, 36.68990865904671], [127.47200834489242, 36.68990865904671], [127.47200752799145, 36.69216238361985], [127.47480603084739, 36.6921630086461], [127.47480529553305, 36.69441673241514], [127.47480529553305, 36.69441673241514], [127.47480456013695, 36.69667045532912], [127.47480456013695, 36.69667045532912], [127.47480529553305, 36.694416732415135], [127.47200671099965, 36.6944161073379], [127.47200589391706, 36.696669830200875], [127.47200589391706, 36.696669830200875], [127.47200589391706, 36.69666983020088], [127.47200589391703, 36.69666983020088], [127.47200671099965, 36.69441610733791], [127.47200671099965, 36.69441610733791], [127.47200752799145, 36.69216238361985], [127.47200752799145, 36.692162383619845], [127.47200834489242, 36.68990865904671], [127.4720091617026, 36.687654933618504], [127.46921082226505, 36.68765424293118], [127.46921082226505, 36.68765424293118], [127.46641248292738, 36.6876534864808], [127.46641248292738, 36.6876534864808], [127.46361414369866, 36.68765266426735], [127.46361308191071, 36.68990638951038], [127.46081466114076, 36.68990550146143], [127.46081351756649, 36.69215922577692], [127.46081351756649, 36.692159225776926], [127.46081237386508, 36.694412949237304], [127.46361095798072, 36.6944138374312], [127.46361095798072, 36.6944138374312], [127.46081237386508, 36.69441294923731], [127.46081237386508, 36.69441294923731], [127.46081237386508, 36.69441294923731], [127.46081351756646, 36.692159225776926], [127.46081351756649, 36.692159225776926], [127.46081466114076, 36.68990550146143], [127.45801624049793, 36.68990454764407], [127.45521781999128, 36.68990352805832], [127.45521912675684, 36.68764980304877], [127.45242078805462, 36.68764871778319], [127.45241939962986, 36.689902442704195], [127.45241939962986, 36.689902442704195], [127.45241801105078, 36.69215616677012], [127.45521651308042, 36.6921572522128], [127.45521651308042, 36.692157252212816], [127.45241801105078, 36.69215616677012], [127.45241801105078, 36.69215616677012], [127.44961950917546, 36.69215501555367], [127.44962097942282, 36.689901291581684], [127.44962097942282, 36.689901291581684], [127.44962244950675, 36.68764756675461], [127.44682411112224, 36.687646349963025], [127.44682255937919, 36.68990007469081], [127.44682255937919, 36.68990007469081], [127.44682255937919, 36.689900074690826], [127.44402413950806, 36.689898792031606], [127.44402413950806, 36.689898792031606], [127.44122571981848, 36.689897443604046], [127.44122400456654, 36.69215116726206], [127.44122400456654, 36.69215116726206], [127.4412222891239, 36.69440489006491], [127.4412222891239, 36.69440489006491], [127.4412222891239, 36.69440489006492], [127.43842370627958, 36.694403475638254], [127.43842370627958, 36.694403475638254], [127.43842370627958, 36.694403475638254], [127.43842550339943, 36.69214975295079], [127.43842730031955, 36.689896029408175], [127.43842730031955, 36.689896029408175], [127.43842909703993, 36.68764230501044], [127.43563075939979, 36.68764082516702], [127.43562888102034, 36.68989454944399], [127.43562888102034, 36.68989454944399], [127.4356270024321, 36.69214827286584], [127.43562512363505, 36.694401995432536], [127.43562512363505, 36.694401995432536], [127.4356270024321, 36.69214827286584], [127.4356270024321, 36.69214827286584], [127.43562888102034, 36.68989454944399], [127.43283046192995, 36.68989300371151], [127.43283046192995, 36.689893003711504], [127.43562888102034, 36.689894549443984], [127.43563075939979, 36.687640825167016], [127.43283242196843, 36.68763927956065], [127.43283242196843, 36.687639279560656], [127.43003408475494, 36.68763766819138], [127.43003408475494, 36.68763766819137], [127.42723574776835, 36.6876359910592], [127.4272336244119, 36.68988971494172], [127.43003204305745, 36.68989139221075], [127.43003204305745, 36.68989139221075], [127.4272336244119, 36.68988971494172]], [[127.47480456013695, 36.69667045532912], [127.47480456013695, 36.69667045532912], [127.47760322643859, 36.69667101467282], [127.47760322643859, 36.69667101467282], [127.47480456013695, 36.69667045532912]], [[127.46641150279869, 36.68990721179092], [127.46641150279869, 36.68990721179092], [127.4692099237956, 36.689907968303025], [127.4692099237956, 36.68990796830303], [127.46641150279869, 36.68990721179092], [127.46641150279869, 36.68990721179092], [127.46361308191071, 36.689906389510384], [127.46361308191071, 36.68990638951038], [127.46641150279869, 36.68990721179092]], [[127.45521651308042, 36.6921572522128], [127.45521651308042, 36.6921572522128], [127.45521781999128, 36.68990352805832], [127.45521781999128, 36.68990352805832], [127.45521651308042, 36.6921572522128]], [[127.46079978475547, 36.719203850860296], [127.46359926792178, 36.71920473985157], [127.46359926792178, 36.71920473985157], [127.46079978475547, 36.719203850860296], [127.46079978475547, 36.719203850860296]], [[127.44401270060752, 36.70567484044959], [127.44681169234676, 36.705676123841556], [127.44681169234676, 36.705676123841556], [127.44401270060752, 36.70567484044959], [127.44401270060752, 36.70567484044959]], [[127.44681324529769, 36.70342240509985], [127.446814798076, 36.70116868550293], [127.44401596977309, 36.701167402320344], [127.44401596977309, 36.701167402320344], [127.44121714165182, 36.7011660533426], [127.44121714165182, 36.70116605334259], [127.44401596977306, 36.70116740232034], [127.44401760408333, 36.698913681972904], [127.44401760408333, 36.698913681972904], [127.44401923821194, 36.696659960770305], [127.44401923821194, 36.696659960770305], [127.44401923821194, 36.696659960770305], [127.44401923821194, 36.696659960770305], [127.44401760408333, 36.698913681972904], [127.44401760408333, 36.698913681972904], [127.44401596977306, 36.70116740232034], [127.44681479807603, 36.70116868550293], [127.44681635068177, 36.69891496505082], [127.44681635068177, 36.69891496505082], [127.44681790311493, 36.69666124374352], [127.44681790311493, 36.69666124374352], [127.44681945537553, 36.694407521581084], [127.44402087215892, 36.69440623871254], [127.44402250592428, 36.69215251579964], [127.44682100746363, 36.69215379856352], [127.44681945537553, 36.694407521581084], [127.4496180387647, 36.69440873867055], [127.44961656819046, 36.696662460932295], [127.44961656819046, 36.696662460932295], [127.44961509745276, 36.69891618233888], [127.45241384438725, 36.69891733383713], [127.45241523342948, 36.6966636123366], [127.45241523342948, 36.6966636123366], [127.45241384438725, 36.69891733383713], [127.45521259147615, 36.69891841954554], [127.45521259147615, 36.69891841954554], [127.45801133871038, 36.69891943946409], [127.45801133871038, 36.6989194394641], [127.45521259147615, 36.69891841954554], [127.4552112839841, 36.7011721402795], [127.45801011292292, 36.70117316028128], [127.45801011292292, 36.70117316028128], [127.4552112839841, 36.70117214027951], [127.4552099763467, 36.7034258601583], [127.4552099763467, 36.7034258601583], [127.45520866856394, 36.70567957918187], [127.45520866856394, 36.70567957918187], [127.4552099763467, 36.7034258601583], [127.4552099763467, 36.7034258601583], [127.4552112839841, 36.70117214027951], [127.45241245519061, 36.70117105448253], [127.45241245519061, 36.70117105448253], [127.44961362655157, 36.701169902890335], [127.44961362655157, 36.70116990289034], [127.44681479807603, 36.70116868550294], [127.44681324529769, 36.70342240509985], [127.44681324529769, 36.70342240509985], [127.44681324529769, 36.70342240509985], [127.44681324529769, 36.70342240509985]], [[127.43282458050716, 36.69665417103321], [127.43002591660314, 36.69665255913796], [127.43002387399767, 36.698906279736654], [127.43002387399767, 36.698906279736654], [127.43002591660314, 36.69665255913796], [127.43002591660314, 36.69665255913796], [127.43282458050716, 36.69665417103321], [127.43282654119933, 36.694400449447805], [127.43282654119933, 36.694400449447805], [127.43282458050716, 36.69665417103321], [127.43562324462911, 36.696655717144075], [127.43562324462911, 36.69665571714409], [127.43562324462911, 36.69665571714409], [127.43282458050716, 36.69665417103321], [127.43282458050716, 36.69665417103321]], [[127.43002795898158, 36.694398837684055], [127.43002795898158, 36.694398837684055], [127.43002795898158, 36.694398837684055], [127.43002795898158, 36.694398837684055], [127.43002795898158, 36.694398837684055]], [[127.4328285016736, 36.69214672700724], [127.4328285016736, 36.69214672700724], [127.43282654119933, 36.6944004494478], [127.43282654119933, 36.6944004494478], [127.4328285016736, 36.692146727007234], [127.4328285016736, 36.692146727007234], [127.43283046192995, 36.68989300371151], [127.43283046192995, 36.68989300371151], [127.4328285016736, 36.69214672700724]], [[127.43282065846888, 36.70116161163844], [127.43282065846888, 36.70116161163845], [127.43282065846888, 36.70116161163845], [127.43002183116513, 36.701159999480154], [127.43002183116513, 36.701159999480154], [127.42722300408849, 36.701158321526776], [127.42722300408849, 36.70115832152676], [127.43002183116513, 36.701159999480154], [127.43002183116513, 36.701159999480154], [127.43282065846888, 36.70116161163844]], [[127.44401433528112, 36.703421121812575], [127.44401433528112, 36.70342112181259], [127.44401433528115, 36.70342112181259], [127.44401270060752, 36.70567484044959], [127.44401270060752, 36.70567484044959], [127.44401433528112, 36.70342112181259], [127.44121542544629, 36.70341977272477], [127.44121542544629, 36.703419772724764], [127.44401433528112, 36.703421121812575]], [[127.4412205734906, 36.696658612012655], [127.43842190895997, 36.69665719747058], [127.43842190895997, 36.69665719747058], [127.4412205734906, 36.696658612012655], [127.4412205734906, 36.696658612012655]], [[127.4356025617729, 36.72144659952495], [127.4356025617729, 36.72144659952495], [127.43560444307779, 36.71919288722147], [127.43560444307779, 36.71919288722147], [127.4356025617729, 36.72144659952495]], [[127.43840572408978, 36.716940655476364], [127.43840572408978, 36.716940655476364], [127.43560632417355, 36.7169391740626], [127.43560632417355, 36.716939174062595], [127.43840572408978, 36.71694065547636], [127.43840572408978, 36.716940655476364]], [[127.43560632417355, 36.716939174062595], [127.4356082050602, 36.71468546004837], [127.4356082050602, 36.71468546004837], [127.43560632417355, 36.716939174062595], [127.43560632417355, 36.716939174062595]], [[127.4356100857378, 36.71243174517882], [127.4356082050602, 36.71468546004837], [127.4356082050602, 36.71468546004837], [127.4356100857378, 36.71243174517882], [127.4356100857378, 36.71243174517882]], [[127.42721025190644, 36.714680621205616], [127.42721025190644, 36.714680621205616], [127.4272123778608, 36.71242690673077], [127.4272123778608, 36.71242690673077], [127.42721025190644, 36.714680621205616]], [[127.44400452451315, 36.716943420805684], [127.4440028887489, 36.71919713431097], [127.4440028887489, 36.71919713431097], [127.44400452451315, 36.716943420805684], [127.44400452451315, 36.716943420805684]], [[127.44400943071508, 36.7101822751579], [127.44400779549622, 36.71243599122912], [127.44400779549622, 36.71243599122912], [127.44400943071508, 36.7101822751579], [127.44400943071508, 36.7101822751579]], [[127.4384075232084, 36.71468694134129], [127.43840932212701, 36.71243322635091], [127.43840932212701, 36.71243322635091], [127.4384075232084, 36.71468694134129], [127.4384075232084, 36.71468694134129]], [[127.43840392477117, 36.719194368756064], [127.43840212525251, 36.7214480811804], [127.43840212525251, 36.7214480811804], [127.43840392477117, 36.719194368756064], [127.43840392477117, 36.719194368756064]], [[127.44399961667484, 36.72370455875544], [127.44399961667484, 36.72370455875544], [127.4440012528028, 36.7214508469609], [127.4440012528028, 36.7214508469609], [127.44399961667484, 36.72370455875544], [127.44399961667484, 36.72370455875544], [127.443997980365, 36.7259582696946], [127.443997980365, 36.7259582696946], [127.44399961667484, 36.72370455875544]], [[127.45801256436161, 36.69666571779177], [127.45801256436161, 36.69666571779177], [127.45801378987657, 36.69441199526431], [127.45801378987657, 36.69441199526431], [127.45801256436161, 36.69666571779177]], [[127.45801501525534, 36.692158271881745], [127.45801378987657, 36.69441199526431], [127.45801378987657, 36.69441199526431], [127.45801501525534, 36.692158271881745], [127.45801501525534, 36.692158271881745]], [[127.45521520602429, 36.69441097551218], [127.45521520602429, 36.69441097551218], [127.45521389882289, 36.69666469795642], [127.45521389882289, 36.69666469795642], [127.45521520602429, 36.69441097551218], [127.45521520602429, 36.69441097551218], [127.45521520602429, 36.69441097551218]], [[127.4608020748296, 36.71469642189872], [127.4608020748296, 36.71469642189872], [127.46080321967575, 36.71244270613502], [127.46080321967575, 36.71244270613502], [127.4608020748296, 36.71469642189872]], [[127.45800030171641, 36.71920289603083], [127.45799907470203, 36.721456609150735], [127.45799907470203, 36.72145660915074], [127.45799907470203, 36.72145660915074], [127.45800030171641, 36.71920289603083], [127.45800030171641, 36.71920289603083]], [[127.48040303679542, 36.69216406137714], [127.48040303679542, 36.69216406137714], [127.48040303679542, 36.69216406137715], [127.48040303679542, 36.69216406137715], [127.48040303679542, 36.69216406137714]], [[127.48320203009685, 36.68991076433701], [127.48320203009685, 36.68991076433701], [127.48040360869132, 36.68991033666712], [127.48040360869132, 36.68991033666711], [127.48320203009685, 36.68991076433701]], [[127.47760518734935, 36.68990984322876], [127.47480676608004, 36.68990928402196], [127.47480603084739, 36.6921630086461], [127.47480603084739, 36.6921630086461], [127.47480676608004, 36.68990928402195], [127.47760518734935, 36.68990984322875], [127.47760518734935, 36.68990984322876], [127.47760518734935, 36.68990984322876], [127.47760453378508, 36.69216356789852], [127.47760453378508, 36.69216356789852], [127.47760518734935, 36.68990984322876]], [[127.47200344212422, 36.70343099365905], [127.47200344212422, 36.70343099365905], [127.47200262467823, 36.705684713101434], [127.47200262467823, 36.705684713101434], [127.47200344212422, 36.70343099365905]]], [[[127.42443520600239, 36.689887971904476], [127.4272336244119, 36.68988971494172], [127.42723574776835, 36.6876359910592], [127.42443741101779, 36.687634248164166], [127.42443520600239, 36.689887971904476]]], [[[127.41882889396177, 36.69889917373247], [127.42162763859837, 36.69890104891805], [127.42162992628965, 36.696647328746096], [127.41883126334827, 36.696645453713494], [127.41883126334827, 36.696645453713494], [127.42162992628965, 36.696647328746096], [127.42163221372667, 36.694393607718915], [127.41883363247142, 36.69439173283929], [127.41883126334827, 36.696645453713494], [127.41603260067026, 36.69664351289661], [127.41603014958858, 36.69889723275723], [127.41882889396177, 36.69889917373247], [127.41882889396177, 36.69889917373247]]], [[[127.41603014958858, 36.69889723275723], [127.41602769823443, 36.7011509517626], [127.4188265243119, 36.7011528928962], [127.4188265243119, 36.7011528928962], [127.42162535065277, 36.70115476823477], [127.42162763859837, 36.69890104891805], [127.41882889396177, 36.69889917373247], [127.41882889396177, 36.69889917373247], [127.41603014958858, 36.69889723275723]]], [[[127.42162763859837, 36.69890104891806], [127.42162535065277, 36.70115476823478], [127.42442417724801, 36.701156577778306], [127.42442638348928, 36.69890285831396], [127.42162763859837, 36.69890104891806]]], [[[127.41322887242943, 36.701148944834], [127.41602769823443, 36.701150951762614], [127.41603014958858, 36.69889723275724], [127.41323140548783, 36.69889522599237], [127.41322887242943, 36.701148944834]]], [[[127.41043004690607, 36.70114687211042], [127.41042743185281, 36.70340058992767], [127.41322633908946, 36.70340266282035], [127.41322887242943, 36.701148944834], [127.41043004690607, 36.70114687211042]]], [[[127.41602769823443, 36.701150951762614], [127.41602524660776, 36.7034046699127], [127.41882415439856, 36.70340661120467], [127.41882415439856, 36.70340661120467], [127.42162306245285, 36.70340848669623], [127.42162535065277, 36.70115476823478], [127.4188265243119, 36.701152892896204], [127.4188265243119, 36.701152892896204], [127.41602769823443, 36.701150951762614]]], [[[127.41322887242943, 36.70114894483401], [127.41322633908946, 36.70340266282035], [127.41322633908946, 36.70340266282036], [127.41322380546788, 36.7056563799514], [127.41602279470857, 36.70565838720749], [127.41602524660776, 36.70340466991271], [127.41602524660776, 36.7034046699127], [127.41602769823443, 36.701150951762614], [127.41322887242943, 36.70114894483401]]], [[[127.43001978810551, 36.70341371836843], [127.43001774481876, 36.70566743640144], [127.43001774481878, 36.70566743640144], [127.4300157013049, 36.70792115357916], [127.43281477377636, 36.707922766132064], [127.43281673555859, 36.70566904882278], [127.43281673555859, 36.70566904882278], [127.43281477377636, 36.707922766132064], [127.4356138464659, 36.70792431287376], [127.43561572651645, 36.7056705954383], [127.43561572651645, 36.7056705954383], [127.43561760635801, 36.703416877147596], [127.43841651580222, 36.70341835783645], [127.4384183137213, 36.701164638569686], [127.43561948599063, 36.701163158001634], [127.43561760635801, 36.70341687714759], [127.43281869712274, 36.70341533065825], [127.43281673555859, 36.70566904882278], [127.43281673555856, 36.70566904882278], [127.43281869712274, 36.70341533065825], [127.43001978810551, 36.70341371836843]]], [[[127.43842550339943, 36.69214975295079], [127.44122400456654, 36.69215116726206], [127.44122571981848, 36.689897443604046], [127.43842730031955, 36.689896029408175], [127.43842550339943, 36.69214975295079]]], [[[127.43839852561507, 36.725955503462906], [127.44119825289454, 36.72595691950587], [127.44119997100886, 36.72370320867683], [127.43840032553383, 36.72370179274937], [127.43839852561507, 36.725955503462906]]], [[[127.4468334179594, 36.67412398364042], [127.44683186725088, 36.67637771349836], [127.44962979747577, 36.67637892979359], [127.44963126657959, 36.67412519983639], [127.4468334179594, 36.67412398364042]]], [[[127.45521259147615, 36.69891841954554], [127.45241384438725, 36.69891733383713], [127.45241384438725, 36.69891733383713], [127.44961509745276, 36.69891618233889], [127.44961509745276, 36.69891618233889], [127.44681635068177, 36.69891496505082], [127.44681479807603, 36.70116868550293], [127.44961362655157, 36.70116990289032], [127.44961362655157, 36.70116990289032], [127.45241245519061, 36.701171054482515], [127.45241245519061, 36.70117105448251], [127.4552112839841, 36.701172140279496], [127.45521259147615, 36.69891841954554]]], [[[127.463623694481, 36.66736909860545], [127.46362263375471, 36.669622831543165], [127.46642032003619, 36.66962365322002], [127.46642129918486, 36.66736992021524], [127.46642129918489, 36.66736992021524], [127.46642032003619, 36.669623653220015], [127.4692180064265, 36.66962440917673], [127.46921890399757, 36.66737067611025], [127.46921890399757, 36.66737067611025], [127.4692180064265, 36.66962440917673], [127.47201569291657, 36.66962509941329], [127.47201569291657, 36.669625099413295], [127.47481337949735, 36.66962572392972], [127.47481411391318, 36.667371990755946], [127.47201650891003, 36.66737136629049], [127.47201650891003, 36.66737136629048], [127.47201650891003, 36.66737136629048], [127.4720173248128, 36.66511763231284], [127.4692198014689, 36.66511694218893], [127.46921890399757, 36.66737067611024], [127.46921890399757, 36.66737067611024], [127.4692198014689, 36.665116942188945], [127.4692198014689, 36.66511694218893], [127.46922069884046, 36.66286320741275], [127.46642325715577, 36.66286245164111], [127.46642325715577, 36.66286245164111], [127.46362581557989, 36.66286163016541], [127.4636247550894, 36.665115364812856], [127.46362475508937, 36.665115364812856], [127.463623694481, 36.66736909860545], [127.463623694481, 36.66736909860545]]], [[[127.46362263375471, 36.669622831543165], [127.46082494759116, 36.669621944146186], [127.46082380516033, 36.67187567615661], [127.46362157291051, 36.671876563626014], [127.46362157291051, 36.671876563626014], [127.46641934077864, 36.671877385369925], [127.46642032003616, 36.66962365322002], [127.46362263375471, 36.66962283154317], [127.46362263375471, 36.669622831543165]]], [[[127.46642423597801, 36.660608716071785], [127.46642325715577, 36.662862451641104], [127.46922069884046, 36.66286320741275], [127.46922159611232, 36.66060947178175], [127.46642423597801, 36.660608716071785]]], [[[127.46642032003619, 36.66962365322002], [127.46641934077864, 36.67187738536992], [127.46921710875563, 36.67187814138833], [127.4692180064265, 36.66962440917673], [127.46642032003619, 36.66962365322002]]], [[[127.47201569291657, 36.669625099413295], [127.4692180064265, 36.66962440917673], [127.46921710875563, 36.67187814138833], [127.4720148768324, 36.671878831681234], [127.4720148768324, 36.671878831681234], [127.47481264499986, 36.671879456248625], [127.47481337949733, 36.66962572392972], [127.47201569291657, 36.669625099413295], [127.47201569291657, 36.669625099413295]]], [[[127.4664016955172, 36.71244441786042], [127.46640071418935, 36.714698133763775], [127.46920003403741, 36.71469889095509], [127.46920093360613, 36.71244517498997], [127.46920093360613, 36.71244517498997], [127.46920183307483, 36.7101914581696], [127.46920183307483, 36.7101914581696], [127.46920183307483, 36.7101914581696], [127.47200098951365, 36.710192149420664], [127.47200098951365, 36.710192149420664], [127.47480014604335, 36.710192774854974], [127.47480014604335, 36.710192774854974], [127.47759930265485, 36.71019333447252], [127.47759930265485, 36.71019333447253], [127.47480014604335, 36.71019277485498], [127.47200098951365, 36.71019214942067], [127.47200098951365, 36.710192149420664], [127.46920183307483, 36.7101914581696], [127.46920093360613, 36.71244517498997], [127.46920003403741, 36.71469889095509], [127.46920003403741, 36.71469889095509], [127.46919913436871, 36.71695260606494], [127.47199853608504, 36.716953297485176], [127.47199853608504, 36.71695329748518], [127.46919913436871, 36.71695260606495], [127.4691982346, 36.7192063203195], [127.47199771809368, 36.719207011796136], [127.47199771809368, 36.719207011796136], [127.47479720167829, 36.71920763743456], [127.47479720167829, 36.719207637434565], [127.47199771809368, 36.71920701179614], [127.47199690001136, 36.72146072525178], [127.47199690001136, 36.721460725251795], [127.47199608183813, 36.72371443785209], [127.47479572900473, 36.72371506359257], [127.47479572900473, 36.72371506359257], [127.47199608183813, 36.72371443785209], [127.47199526357393, 36.72596814959706], [127.47199526357393, 36.72596814959706], [127.47199444521875, 36.728221860486656], [127.47479425600375, 36.728222486329216], [127.47479499254517, 36.72596877538857], [127.47759472159831, 36.72596933532577], [127.47759537625319, 36.72371562348408], [127.47759537625319, 36.72371562348408], [127.47759537625319, 36.72371562348408], [127.48039502357445, 36.723716117526635], [127.48039559636102, 36.721462404789335], [127.48039559636105, 36.721462404789335], [127.48039616908393, 36.7192086911967], [127.47759668534475, 36.71920819723474], [127.47759668534475, 36.719208197234735], [127.47759668534475, 36.719208197234735], [127.48039616908393, 36.71920869119669], [127.48039674174319, 36.71695497674876], [127.4803967417432, 36.71695497674876], [127.4803973143388, 36.71470126144554], [127.47759799414526, 36.71470076756417], [127.47759733978138, 36.7169544828271], [127.47759733978138, 36.7169544828271], [127.47759799414526, 36.71470076756417], [127.4803973143388, 36.71470126144554], [127.48039788687075, 36.712447545287056], [127.4775986484364, 36.712447051445984], [127.4775986484364, 36.71244705144598], [127.48039788687075, 36.712447545287056], [127.48039845933904, 36.710193828273326], [127.47759930265485, 36.71019333447252], [127.47759930265485, 36.71019333447252], [127.48039845933904, 36.710193828273326], [127.48039903174373, 36.70794011040439], [127.48039903174373, 36.70794011040439], [127.4803996040848, 36.70568639168023], [127.47760061087355, 36.70568589795999], [127.47760061087355, 36.70568589795999], [127.474801617735, 36.705685338433724], [127.47480088193007, 36.707939057071954], [127.47759995680055, 36.70793961664386], [127.47759995680055, 36.70793961664387], [127.47480088193007, 36.70793905707196], [127.47480088193007, 36.707939057071954], [127.47200180714138, 36.70793843168865], [127.47200180714138, 36.70793843168865], [127.46920273244359, 36.70793774049399], [127.46920273244359, 36.70793774049399], [127.46640365784573, 36.707936983487954], [127.46640267673601, 36.71019070110181], [127.46640267673601, 36.71019070110181], [127.4664016955172, 36.71244441786042], [127.4664016955172, 36.71244441786042]], [[127.47479793789229, 36.71695392307257], [127.47479793789229, 36.71695392307257], [127.47479867402444, 36.7147002078553], [127.47479867402447, 36.7147002078553], [127.47479793789229, 36.71695392307257]], [[127.47199935398548, 36.71469958231894], [127.47199935398548, 36.71469958231894], [127.47479867402444, 36.7147002078553], [127.47479867402444, 36.7147002078553], [127.47199935398548, 36.71469958231894], [127.47199935398548, 36.71469958231894], [127.47199935398548, 36.71469958231894]], [[127.4775986484364, 36.712447051445984], [127.4775986484364, 36.712447051445984], [127.47759799414526, 36.71470076756417], [127.47759799414526, 36.71470076756417], [127.4775986484364, 36.712447051445984]], [[127.47479720167829, 36.71920763743456], [127.47479720167829, 36.71920763743456], [127.47479793789229, 36.71695392307257], [127.47479793789229, 36.71695392307257], [127.47479720167829, 36.71920763743456]]], [[[127.46919733473123, 36.721460033718735], [127.46919733473123, 36.721460033718735], [127.46919643476245, 36.72371374626263], [127.46919643476245, 36.72371374626264], [127.46919553469361, 36.72596745795119], [127.47199526357393, 36.72596814959706], [127.47199608183813, 36.723714437852095], [127.47199608183813, 36.72371443785209], [127.47199690001136, 36.721460725251795], [127.47199690001136, 36.721460725251795], [127.47199771809368, 36.71920701179614], [127.4691982346, 36.71920632031951], [127.46919733473123, 36.721460033718735]]], [[[127.4719936267726, 36.730475570520866], [127.47199444521875, 36.728221860486656], [127.47199444521875, 36.728221860486656], [127.47199526357393, 36.725968149597065], [127.46919553469364, 36.72596745795119], [127.46919463452474, 36.72822116878438], [127.46919463452474, 36.72822116878438], [127.46919373425578, 36.730474878762166], [127.4719936267726, 36.730475570520866]]], [[[127.46639580591341, 36.725966700450996], [127.46639482393078, 36.72822041122241], [127.46919463452474, 36.72822116878439], [127.46919553469361, 36.72596745795119], [127.46639580591341, 36.725966700450996]]], [[[127.47760649425993, 36.68540239132408], [127.47760584084095, 36.68765611770393], [127.48040418052364, 36.68765661110203], [127.4804047522924, 36.68540288468192], [127.47760649425993, 36.68540239132408]]], [[[127.4804018928129, 36.69667150823198], [127.48040132072629, 36.698925230376744], [127.48320006885982, 36.69892565818624], [127.48320055925082, 36.69667193600657], [127.4804018928129, 36.69667150823198]]], [[[127.47760126487384, 36.703432178420925], [127.47760061087355, 36.70568589795999], [127.4803996040848, 36.70568639168023], [127.48040017636222, 36.703432672100895], [127.47760126487384, 36.703432178420925]]], [[[127.47759537625319, 36.72371562348408], [127.47759472159831, 36.72596933532577], [127.47759472159831, 36.72596933532577], [127.47759472159831, 36.72596933532578], [127.47479499254517, 36.72596877538858], [127.47479425600375, 36.72822248632923], [127.47759406687061, 36.72822304631208], [127.47759406687061, 36.728223046312074], [127.48039387781026, 36.728223540435216], [127.48039387781026, 36.728223540435216], [127.4831936888136, 36.72822396869863], [127.4831936888136, 36.728223968698614], [127.48599349987154, 36.72822433110229], [127.48599349987154, 36.7282243311023], [127.48879331097498, 36.72822462764624], [127.48879331097498, 36.72822462764624], [127.49159312211482, 36.72822485833045], [127.49159336777369, 36.725971147196354], [127.48879363844762, 36.725970916530954], [127.48879363844762, 36.725970916530954], [127.48599390915795, 36.725970620011196], [127.48599390915795, 36.725970620011196], [127.48879363844762, 36.725970916530954], [127.48879396588387, 36.72371720456032], [127.48599431839888, 36.723716908064745], [127.48599431839888, 36.723716908064745], [127.48319467095938, 36.72371654572019], [127.4831941799138, 36.72597025763708], [127.4831941799138, 36.72597025763708], [127.48319467095938, 36.723716545720194], [127.48319467095938, 36.72371654572019], [127.48319516195038, 36.72146283294795], [127.48039559636105, 36.721462404789335], [127.48039502357445, 36.723716117526635], [127.48039502357445, 36.72371611752664], [127.4803944507242, 36.7259698294086], [127.4803944507242, 36.7259698294086], [127.48039502357445, 36.723716117526635], [127.47759537625319, 36.72371562348408]], [[127.4831941799138, 36.72597025763708], [127.4831941799138, 36.72597025763708], [127.4803944507242, 36.7259698294086], [127.4803944507242, 36.7259698294086], [127.4831941799138, 36.72597025763708]]], [[[127.47199444521875, 36.728221860486656], [127.4719936267726, 36.730475570520866], [127.47479351938044, 36.730476196414486], [127.47479425600375, 36.72822248632923], [127.47199444521875, 36.728221860486656]]], [[[127.48039273179128, 36.73273095992228], [127.48039215868627, 36.73498466838268], [127.48319221518547, 36.73498509675088], [127.48319270644944, 36.732731388255544], [127.48319270644944, 36.732731388255544], [127.48319270644944, 36.732731388255544], [127.48319221518547, 36.73498509675088], [127.48599227173928, 36.73498545924325], [127.48599227173928, 36.73498545924325], [127.4887923283386, 36.73498575585976], [127.48879265592046, 36.73273204731066], [127.48879265592046, 36.73273204731066], [127.48879298346591, 36.73047833790615], [127.48599309053962, 36.730478041338024], [127.48599349987154, 36.728224331102304], [127.4831936888136, 36.72822396869863], [127.4831936888136, 36.72822396869863], [127.48039387781026, 36.72822354043522], [127.48039387781026, 36.72822354043522], [127.47759406687061, 36.72822304631208], [127.47759341207014, 36.73047675644301], [127.47759341207014, 36.73047675644301], [127.47759275719687, 36.73273046571853], [127.48039273179128, 36.73273095992227], [127.48039273179128, 36.73273095992227], [127.48039273179128, 36.73273095992228]], [[127.4859926811622, 36.73273175071834], [127.48599309053962, 36.730478041338024], [127.48599309053962, 36.730478041338024], [127.4859926811622, 36.73273175071834], [127.4859926811622, 36.73273175071834]], [[127.48319319765882, 36.73047767890479], [127.48039330483265, 36.730477250606455], [127.48039330483265, 36.730477250606455], [127.48319319765882, 36.73047767890479], [127.48319319765882, 36.73047767890479]]], [[[127.49999256087594, 36.6741358513874], [127.49999256065897, 36.67638958221386], [127.50279049243548, 36.67638954952051], [127.50279041104758, 36.67413581869671], [127.49999256087594, 36.6741358513874]]], [[[127.49719454705152, 36.678643279139784], [127.49999256044195, 36.67864331218541], [127.49999256065897, 36.67638958221385], [127.49719462888248, 36.67638954917093], [127.49439669711508, 36.67638945039173], [127.49439653367017, 36.67864318035252], [127.49719454705152, 36.678643279139784]]], [[[127.49159876536585, 36.67638928587626], [127.49159852030701, 36.678643015823624], [127.49439653367017, 36.67864318035253], [127.49439653367017, 36.67864318035253], [127.49159852030701, 36.678643015823624], [127.49159852030701, 36.678643015823624], [127.48880050697107, 36.67864278555309], [127.48880018026195, 36.68089651462671], [127.49159827522092, 36.680896744916055], [127.49159803010758, 36.68315047315352], [127.49159803010758, 36.68315047315352], [127.49159778496698, 36.685404200536], [127.49159778496698, 36.685404200536], [127.49159753979914, 36.68765792706347], [127.49159753979914, 36.68765792706347], [127.49159729460408, 36.68991165273593], [127.49439571617309, 36.68991181733197], [127.49439571617309, 36.689911817331975], [127.49719413776029, 36.689911916159545], [127.49719421963675, 36.6876581904656], [127.49719421963675, 36.6876581904656], [127.49719413776029, 36.689911916159545], [127.49719413776029, 36.689911916159545], [127.49719405587474, 36.69216564099847], [127.49719405587474, 36.69216564099847], [127.49719397398009, 36.69441936498231], [127.49999255892229, 36.694419398046804], [127.49999255913946, 36.69216567406026], [127.49999255913946, 36.69216567406026], [127.4999925593566, 36.68991194921866], [127.4999925593566, 36.68991194921866], [127.49999255957371, 36.68765822352201], [127.49999255957371, 36.68765822352201], [127.49999255957371, 36.68765822352201], [127.49999255957371, 36.68765822352201], [127.4999925593566, 36.68991194921866], [127.50279098095294, 36.68991191650929], [127.50279098095294, 36.68991191650929], [127.4999925593566, 36.68991194921866], [127.49999255913946, 36.69216567406026], [127.49999255913946, 36.69216567406026], [127.49999255892229, 36.6944193980468], [127.5027911438645, 36.694419365332095], [127.5027911438645, 36.6944193653321], [127.50558972879764, 36.694419266838196], [127.50558956565986, 36.69216554286236], [127.50558956565986, 36.69216554286236], [127.50558956565986, 36.69216554286236], [127.5083880688974, 36.69216537860266], [127.5083880688974, 36.69216537860267], [127.51118657210773, 36.692165148569124], [127.51118689860046, 36.694418872512784], [127.51398548345196, 36.69441857668128], [127.51398507528175, 36.69216485276175], [127.51678357841044, 36.69216449118055], [127.5167830886172, 36.689910766435446], [127.5167830886172, 36.689910766435446], [127.5167830886172, 36.689910766435446], [127.51958151002306, 36.68991033911529], [127.51958151002306, 36.68991033911529], [127.51958208148467, 36.692164063825516], [127.51958208148467, 36.692164063825516], [127.51958265300979, 36.69441778768066], [127.52238123769794, 36.69441729451158], [127.52238189097312, 36.69667101747143], [127.52238189097312, 36.69667101747143], [127.52238254432093, 36.69892473957616], [127.52518129231858, 36.69892418053667], [127.52518055727516, 36.696670458477556], [127.52518055727516, 36.696670458477556], [127.52518129231858, 36.698924180536665], [127.52798004023454, 36.69892355570728], [127.52797922349555, 36.69666983369915], [127.52797922349555, 36.69666983369915], [127.52798004023454, 36.69892355570728], [127.52798004023454, 36.69892355570728], [127.52798085706434, 36.70117727686031], [127.53077968659416, 36.701176586184665], [127.5307787880597, 36.698922865087994], [127.53357753578497, 36.698922108678794], [127.53357753578497, 36.698922108678794], [127.53637628340131, 36.69892128647971], [127.53637522157561, 36.69666756465669], [127.53357655565483, 36.6966683867887], [127.53357655565483, 36.6966683867887], [127.53357557563362, 36.69441466404349], [127.5307769912904, 36.694415420329264], [127.5307769912904, 36.694415420329264], [127.5307769912904, 36.694415420329264], [127.53077609305552, 36.692161696667256], [127.53077609305552, 36.692161696667256], [127.53357459572135, 36.69216094044318], [127.53357361591799, 36.689907215987795], [127.53357361591799, 36.689907215987795], [127.53357459572135, 36.69216094044318], [127.53637309827823, 36.692160118445315], [127.53637309827823, 36.692160118445315], [127.53917160071715, 36.69215923067368], [127.53917045757717, 36.68990550635778], [127.53637203680655, 36.68990639405699], [127.53637203680655, 36.68990639405699], [127.53357361591799, 36.68990721598779], [127.53357263622354, 36.68765349067734], [127.5307742968853, 36.68765424677801], [127.53077519492051, 36.68990797215016], [127.5307751949205, 36.68990797215016], [127.5307751949205, 36.68990797215016], [127.5279767738232, 36.689908662544106], [127.5279767738232, 36.689908662544106], [127.5307751949205, 36.68990797215016], [127.5307742968853, 36.687654246778], [127.52797595744725, 36.68765493711562], [127.52797595744725, 36.687654937115624], [127.52517761791846, 36.687655561690164], [127.52517835263512, 36.689909287169606], [127.52517835263512, 36.689909287169606], [127.52517761791846, 36.687655561690164], [127.52237927830802, 36.68765612050163], [127.52237993136539, 36.689909846026666], [127.52237993136539, 36.689909846026666], [127.52237927830802, 36.68765612050163], [127.51958093862497, 36.68765661355001], [127.51678259887842, 36.6876570408353], [127.51678259887842, 36.6876570408353], [127.51398425907746, 36.68765740235751], [127.51398425907746, 36.68765740235751], [127.51398425907746, 36.68765740235751], [127.51678259887842, 36.6876570408353], [127.51678259887842, 36.6876570408353], [127.51958093862497, 36.687656613550004], [127.5195803672904, 36.6854028871297], [127.5167821091941, 36.685403314380125], [127.5167821091941, 36.685403314380125], [127.51398385104333, 36.68540367587283], [127.51398385104333, 36.68540367587283], [127.51118559284724, 36.685403971607805], [127.51118591923112, 36.6876576981166], [127.51118591923112, 36.6876576981166], [127.51118559284724, 36.685403971607805], [127.51118559284724, 36.685403971607805], [127.51118526649962, 36.683150244244004], [127.50838708990842, 36.683150474202485], [127.50838708990842, 36.683150474202485], [127.50558891329001, 36.68315063840859], [127.50558891329001, 36.683150638408584], [127.50838708990842, 36.68315047420248], [127.50838708990842, 36.68315047420247], [127.51118526649962, 36.683150244244], [127.5111849401883, 36.68089651602521], [127.5111849401883, 36.68089651602521], [127.51118461391324, 36.678642786951464], [127.50838660057713, 36.678643016872414], [127.5083863559523, 36.67638928692496], [127.50558842420294, 36.67638945109088], [127.50558858721385, 36.678643181051726], [127.50838660057713, 36.678643016872414], [127.50838684522918, 36.68089674596492], [127.50838684522918, 36.68089674596492], [127.50838684522918, 36.68089674596492], [127.50838684522918, 36.68089674596492], [127.50838660057713, 36.67864301687242], [127.50558858721385, 36.67864318105174], [127.50558858721385, 36.67864318105174], [127.50279057383244, 36.6786432794894], [127.50279065523843, 36.68089700860333], [127.50558875024286, 36.68089691015764], [127.50558875024286, 36.68089691015764], [127.50558875024286, 36.68089691015764], [127.50279065523843, 36.68089700860333], [127.50279065523843, 36.68089700860333], [127.50279065523843, 36.68089700860333], [127.50279057383244, 36.6786432794894], [127.50279057383244, 36.6786432794894], [127.50279049243548, 36.67638954952051], [127.49999256065897, 36.676389582213865], [127.49999256044198, 36.678643312185415], [127.49999256044195, 36.678643312185415], [127.49999256022494, 36.680897041302025], [127.49999256022494, 36.680897041302025], [127.49999256044195, 36.678643312185415], [127.49719454705152, 36.67864327913979], [127.49719446521146, 36.680897008253694], [127.49439637020711, 36.68089690945838], [127.49439620672587, 36.68315063770927], [127.49439620672587, 36.68315063770927], [127.49439637020711, 36.68089690945838], [127.49159827522092, 36.680896744916055], [127.49159827522092, 36.680896744916055], [127.49439637020711, 36.68089690945838], [127.49439637020711, 36.68089690945838], [127.49719446521146, 36.680897008253694], [127.49719454705152, 36.678643279139784], [127.49439653367017, 36.67864318035253], [127.49439669711508, 36.67638945039174], [127.49159876536585, 36.67638928587626]], [[127.50838757934851, 36.68765792811261], [127.50838757934851, 36.68765792811261], [127.50838782410933, 36.68991165378515], [127.50558940254021, 36.68991181803145], [127.50558940254021, 36.68991181803145], [127.50838782410933, 36.68991165378515], [127.50838757934851, 36.68765792811261]], [[127.50558923943866, 36.687658092345515], [127.50558923943866, 36.687658092345515], [127.50279089951073, 36.687658190815306], [127.50279089951073, 36.687658190815306], [127.50558923943866, 36.687658092345515]], [[127.50838733461485, 36.685404201585044], [127.50838733461485, 36.685404201585044], [127.50838757934851, 36.68765792811261], [127.50838757934851, 36.68765792811261], [127.50838733461485, 36.685404201585044], [127.50558907635529, 36.68540436580455], [127.50558907635529, 36.68540436580455], [127.50838733461485, 36.685404201585044], [127.50838733461485, 36.685404201585044]], [[127.50279081807757, 36.68540446426631], [127.50279089951073, 36.687658190815306], [127.5027908995107, 36.687658190815306], [127.50279081807757, 36.68540446426631], [127.50279081807757, 36.68540446426631], [127.50279073665348, 36.683150736862316], [127.50279073665348, 36.683150736862316], [127.50279073665348, 36.683150736862316], [127.50558891329001, 36.68315063840859], [127.50558891329001, 36.68315063840859], [127.50279073665348, 36.683150736862316], [127.50279081807757, 36.68540446426631], [127.50279081807757, 36.68540446426631]], [[127.49719421963675, 36.6876581904656], [127.49439587970886, 36.687658091646085], [127.49439587970886, 36.68765809164608], [127.49439587970886, 36.68765809164608], [127.49439604322644, 36.685404365105185], [127.49439604322644, 36.685404365105185], [127.49439604322644, 36.68540436510518], [127.49719430150407, 36.68540446391663], [127.49719421963675, 36.6876581904656]], [[127.4999925600079, 36.68315076956369], [127.4999925600079, 36.68315076956369], [127.49719438336234, 36.683150736512665], [127.49719438336234, 36.68315073651266], [127.49719438336234, 36.68315073651266], [127.4999925600079, 36.68315076956368], [127.49999256022494, 36.68089704130203], [127.49999256022494, 36.68089704130203], [127.4999925600079, 36.68315076956369], [127.4999925600079, 36.68315076956369]], [[127.50279106240419, 36.692165641348225], [127.50279106240419, 36.692165641348225], [127.50279098095294, 36.68991191650929], [127.50279098095294, 36.68991191650929], [127.50279106240419, 36.692165641348225], [127.50279106240419, 36.692165641348225]], [[127.51398466715692, 36.689911127987145], [127.51118624565127, 36.68991142377038], [127.51118624565127, 36.68991142377038], [127.50838782410933, 36.68991165378516], [127.50838782410933, 36.68991165378515], [127.51118624565127, 36.68991142377038], [127.51118624565127, 36.68991142377038], [127.51398466715692, 36.689911127987145], [127.51398466715692, 36.689911127987145]], [[127.52517908743344, 36.69216301179401], [127.52238058449537, 36.69216357069668], [127.52238123769794, 36.69441729451158], [127.52238123769794, 36.69441729451158], [127.52238058449537, 36.69216357069668], [127.52517908743344, 36.692163011794], [127.52517835263512, 36.689909287169606], [127.52517835263512, 36.689909287169606], [127.52517908743344, 36.692163011794], [127.52517908743344, 36.692163011794], [127.52517908743344, 36.69216301179401]], [[127.52797840684732, 36.69441611083587], [127.52797840684732, 36.694416110835874], [127.52517982231349, 36.69441673556333], [127.52517982231349, 36.69441673556333], [127.52797840684732, 36.69441611083587]], [[127.5279767738232, 36.689908662544106], [127.52797759028988, 36.69216238711753], [127.52797759028988, 36.69216238711753], [127.5279767738232, 36.689908662544106], [127.5279767738232, 36.689908662544106]], [[127.52517982231349, 36.69441673556333], [127.52518055727519, 36.69667045847755], [127.52518055727516, 36.69667045847755], [127.52517982231349, 36.69441673556333], [127.52517982231349, 36.69441673556333]], [[127.53077788962511, 36.696669143136184], [127.53077788962511, 36.696669143136184], [127.52797922349555, 36.69666983369914], [127.52797922349555, 36.69666983369914], [127.53077788962511, 36.696669143136184]]], [[[127.48600249367145, 36.6786424895409], [127.48600208533932, 36.680896218590384], [127.48880018026195, 36.68089651462671], [127.48880050697107, 36.67864278555309], [127.48600249367145, 36.6786424895409]]], [[[127.49439571617309, 36.689911817331975], [127.49439555261914, 36.69216554216282], [127.49719405587474, 36.69216564099847], [127.49719413776029, 36.689911916159545], [127.49439571617309, 36.689911817331975]]], [[[127.48320055925082, 36.69667193600657], [127.48320006885982, 36.69892565818624], [127.48599881704784, 36.69892602020581], [127.48599922574324, 36.6966722979966], [127.48320055925082, 36.69667193600657]]], [[[127.49439276941867, 36.73047873344708], [127.49439276941867, 36.73047873344708], [127.49439293328199, 36.728225023154934], [127.49159312211482, 36.72822485833045], [127.49159287642865, 36.73047856860918], [127.49159287642865, 36.73047856860918], [127.49159263071516, 36.7327322780325], [127.49439260553716, 36.73273244288385], [127.49439260553716, 36.73273244288385], [127.49719258037736, 36.73273254186472], [127.49719266242693, 36.730478832419884], [127.49439276941867, 36.73047873344708]]], [[[127.48879331097498, 36.72822462764625], [127.48879298346591, 36.73047833790615], [127.49159287642865, 36.730478568609186], [127.49159312211482, 36.72822485833045], [127.48879331097498, 36.72822462764625]]], [[[127.49999255544428, 36.730478865527566], [127.49999255544428, 36.73047886552757], [127.49719266242693, 36.73047883241989], [127.49719258037736, 36.732732541864735], [127.49999255522671, 36.73273257497512], [127.49999255522671, 36.73273257497511], [127.50279253007605, 36.73273254221501], [127.50279244846168, 36.730478832770125], [127.49999255544428, 36.730478865527566]]], [[[127.48599227173928, 36.73498545924325], [127.48599186227082, 36.73723916691273], [127.48879200072032, 36.73723946355342], [127.4887923283386, 36.73498575585977], [127.48599227173928, 36.73498545924325]]], [[[127.51957922481178, 36.68089543172409], [127.51957922481178, 36.680895431724096], [127.51957979601934, 36.68314915985439], [127.52237797241102, 36.68314866688646], [127.52237731957139, 36.68089493879639], [127.52237731957139, 36.680894938796385], [127.52517541425843, 36.6808943801217], [127.52517541425843, 36.6808943801217], [127.52797350886385, 36.68089375570003], [127.52797269285078, 36.678640026851525], [127.52517467986836, 36.678640651222246], [127.52517467986836, 36.678640651222246], [127.52237666680429, 36.678641209851335], [127.52237666680429, 36.67864120985134], [127.5195786536677, 36.67864170273883], [127.51957922481178, 36.68089543172409]]], [[[127.51118559284724, 36.6854039716078], [127.51398385104333, 36.68540367587282], [127.51398344305458, 36.683149948533156], [127.51118526649962, 36.683150244244004], [127.51118559284724, 36.6854039716078]]], [[[127.5167821091941, 36.68540331438012], [127.5195803672904, 36.68540288712969], [127.51957979601934, 36.68314915985439], [127.51678161956417, 36.683149587069956], [127.5167821091941, 36.68540331438012]]], [[[127.53357165663796, 36.68539976451182], [127.5335706771613, 36.68314603749131], [127.53077250111433, 36.68314679346861], [127.5307733989499, 36.68540052055081], [127.5307733989499, 36.68540052055081], [127.5307742968853, 36.687654246778], [127.53357263622354, 36.687653490677334], [127.53357263622354, 36.68765349067733], [127.53637097545287, 36.6876526688136], [127.53636991421713, 36.68539894271515], [127.53357165663796, 36.68539976451182]]], [[[127.51957979601934, 36.68314915985439], [127.5195803672904, 36.6854028871297], [127.52237862532323, 36.685402394121546], [127.52237927830802, 36.68765612050163], [127.52517761791846, 36.68765556169015], [127.52517688328346, 36.685401835355684], [127.52237862532323, 36.685402394121546], [127.52237797241102, 36.68314866688646], [127.51957979601934, 36.68314915985439]]], [[[127.5195803672904, 36.6854028871297], [127.51958093862497, 36.687656613550004], [127.52237927830802, 36.68765612050163], [127.52237862532323, 36.685402394121546], [127.5195803672904, 36.6854028871297]]], [[[127.51678357841044, 36.692164491180534], [127.5167840682581, 36.69441821507056], [127.51958265300979, 36.69441778768066], [127.51958208148467, 36.692164063825516], [127.51678357841044, 36.692164491180534]]], [[[127.53357557563362, 36.69441466404349], [127.53357655565483, 36.6966683867887], [127.53637522157561, 36.69666756465669], [127.53637415986793, 36.69441384197855], [127.53357557563362, 36.69441466404349]]], [[[127.52518129231858, 36.69892418053667], [127.52518202744369, 36.70117790174067], [127.52798085706434, 36.70117727686031], [127.52798004023454, 36.69892355570728], [127.52518129231858, 36.69892418053667]]], [[[127.52798249099631, 36.70568471660084], [127.52798249099631, 36.70568471660084], [127.53078148396271, 36.7056840258125], [127.53078058522848, 36.70343030642618], [127.53078058522848, 36.70343030642618], [127.53077968659416, 36.70117658618467], [127.52798085706434, 36.70117727686031], [127.52798167398491, 36.70343099715816], [127.52798167398491, 36.70343099715816], [127.52798167398491, 36.70343099715816], [127.52518276265054, 36.70343162208952], [127.52518349793911, 36.705685341583184], [127.52798249099631, 36.70568471660084]]]]}}, {"type": "Feature", "properties": {"rank": 2, "method": "BFS+Zoning", "n_grids": 373, "avg_micro": 74.78026977294074, "cluster_score": 141.23288678312576, "buildable_ha": 926.25, "final_score": 123.48374924987786, "avg_bcr": 0.3973190348525469, "center_lat": 36.72701610055, "center_lon": 127.57200211502334}, "geometry": {"type": "MultiPolygon", "coordinates": [[[[127.55316100803388, 36.68764635660753], [127.55036266964852, 36.68764757304941], [127.55036413929818, 36.689901297877], [127.55316255934271, 36.68990008133588], [127.55316100803388, 36.68764635660753]]], [[[127.55316566247774, 36.6944075282272], [127.55036707908768, 36.694408744966864], [127.55036707908768, 36.69440874496687], [127.54756849553422, 36.69440989592745], [127.54756988398768, 36.69666361828363], [127.55036854922753, 36.696662467229146], [127.55036854922753, 36.696662467229125], [127.55316721430395, 36.6966612503902], [127.55316566247774, 36.6944075282272]]], [[[127.54757266135762, 36.70117106043052], [127.55037148999752, 36.701169909188216], [127.55037148999752, 36.70116990918822], [127.55317031847395, 36.70116869215071], [127.55316876630268, 36.69891497169805], [127.55037001953082, 36.69891618863627], [127.55037001953082, 36.69891618863626], [127.55037001953082, 36.69891618863626], [127.55316876630268, 36.69891497169805], [127.55316876630268, 36.69891497169805], [127.55596751290206, 36.69891368897], [127.55596587920789, 36.69665996776681], [127.55316721430395, 36.69666125039021], [127.55316721430395, 36.69666125039021], [127.55036854922753, 36.696662467229146], [127.55036854922753, 36.696662467229146], [127.54756988398768, 36.69666361828364], [127.54756988398768, 36.69666361828363], [127.54477121859348, 36.69666470355363], [127.54477252550576, 36.698918425143205], [127.54757127259546, 36.698917339784664], [127.54757127259546, 36.698917339784664], [127.54757266135762, 36.70117106043052]]], [[[127.54477252550576, 36.69891842514321], [127.54477383256334, 36.70117214587764], [127.54757266135762, 36.70117106043052], [127.54757127259546, 36.698917339784664], [127.54477252550576, 36.69891842514321]]], [[[127.55038620365819, 36.7237070676691], [127.55038767592403, 36.7259607788129], [127.5531874037501, 36.72595956068284], [127.5531874037501, 36.72595956068284], [127.5531874037501, 36.72595956068284], [127.55038767592403, 36.725960778812905], [127.55038914835353, 36.728214489101305], [127.55038914835353, 36.728214489101305], [127.55039062094673, 36.73046819853428], [127.55039062094673, 36.73046819853428], [127.55039209370365, 36.7327219071118], [127.55039209370365, 36.73272190711181], [127.55039356662427, 36.73497561483388], [127.55319362175932, 36.73497439630636], [127.55319362175932, 36.73497439630636], [127.55599367672151, 36.734973111903116], [127.55599367672151, 36.734973111903116], [127.55599367672151, 36.734973111903116], [127.55599367672151, 36.734973111903116], [127.55319362175932, 36.73497439630637], [127.55319362175932, 36.73497439630636], [127.55039356662427, 36.734975614833886], [127.55039356662427, 36.734975614833886], [127.54759351132546, 36.734976767485655], [127.54759490255982, 36.73723047444625], [127.55039503970863, 36.73722932170048], [127.55039503970863, 36.73722932170048], [127.55039503970863, 36.73722932170048], [127.54759490255982, 36.73723047444625], [127.54759629394887, 36.739484180551365], [127.55039651295678, 36.73948302771158], [127.55039651295678, 36.73948302771158], [127.5531967318009, 36.73948180898529], [127.5531967318009, 36.73948180898529], [127.55039651295678, 36.73948302771158], [127.55039651295678, 36.73948302771158], [127.54759629394887, 36.739484180551365], [127.54759768549258, 36.74173788580096], [127.54759768549258, 36.74173788580096], [127.54759629394887, 36.739484180551365], [127.54479607478625, 36.739485267504655], [127.54479738446175, 36.741738972842874], [127.54479738446175, 36.741738972842874], [127.54479607478625, 36.73948526750464], [127.54479607478625, 36.73948526750464], [127.54479476525634, 36.7372315613109], [127.54199462780733, 36.7372325822944], [127.54199462780733, 36.7372325822944], [127.53919449022182, 36.73723353739675], [127.53919563603341, 36.73948724375164], [127.54199585547808, 36.739486288571406], [127.54199585547808, 36.739486288571406], [127.54199708328534, 36.74173999399291], [127.54199708328534, 36.74173999399291], [127.54199831122908, 36.743993698558874], [127.54199831122908, 36.743993698558874], [127.54199953930933, 36.74624740226932], [127.54480000424952, 36.746246380952726], [127.54480131436189, 36.74850008372431], [127.54760186105199, 36.748498996416416], [127.54760046904411, 36.746245293733494], [127.54760046904411, 36.746245293733494], [127.547599077191, 36.74399159019501], [127.547599077191, 36.74399159019501], [127.54760046904411, 36.74624529373349], [127.54760046904411, 36.74624529373349], [127.54760186105199, 36.748498996416416], [127.55040240758734, 36.748497843200525], [127.55040093368397, 36.746244140611644], [127.55040093368397, 36.746244140611644], [127.55040240758734, 36.74849784320053], [127.55040240758734, 36.74849784320053], [127.55040388165459, 36.75075154493382], [127.55320450993068, 36.75075032571053], [127.55320450993068, 36.75075032571053], [127.5560051380338, 36.750749040573886], [127.55600350015736, 36.74849533904478], [127.55600350015736, 36.74849533904478], [127.55600186246302, 36.746241636660095], [127.55600186246302, 36.746241636660095], [127.55600350015739, 36.74849533904478], [127.55600350015736, 36.74849533904478], [127.5560051380338, 36.750749040573886], [127.5560051380338, 36.750749040573886], [127.5560067760923, 36.753002741247336], [127.55880748592699, 36.753001390087185], [127.55880576595483, 36.7507476895239], [127.55880576595483, 36.7507476895239], [127.55880404617385, 36.74849398810497], [127.55880404617385, 36.74849398810497], [127.55880404617385, 36.74849398810497], [127.56160459199914, 36.74849257125719], [127.56160459199914, 36.74849257125719], [127.56440513762415, 36.74849108850148], [127.56440513762415, 36.74849108850149], [127.56440513762415, 36.74849108850149], [127.56440513762415, 36.7484910885015], [127.56160459199914, 36.7484925712572], [127.56160459199914, 36.74849257125719], [127.55880404617385, 36.74849398810497], [127.55880576595483, 36.7507476895239], [127.56160639368466, 36.75074627256059], [127.56160639368466, 36.7507462725606], [127.56160639368466, 36.7507462725606], [127.56160819557047, 36.752999973008336], [127.56160819557047, 36.752999973008336], [127.56160999765663, 36.755253672600425], [127.5644107890225, 36.75525218948195], [127.56440890501364, 36.752998490010796], [127.56440890501364, 36.752998490010796], [127.5644107890225, 36.75525218948195], [127.56721158017892, 36.75525064043943], [127.56720961424736, 36.75299694109458], [127.56720961424736, 36.75299694109458], [127.56721158017892, 36.75525064043943], [127.57001237111679, 36.75524902547289], [127.57001237111679, 36.7552490254729], [127.57001237111679, 36.7552490254729], [127.5700144191987, 36.75750272383037], [127.57281529184064, 36.75750104280276], [127.57281529184064, 36.75750104280277], [127.5756161642458, 36.75749929584579], [127.5756139523004, 36.755245597767804], [127.57281316182699, 36.75524734458235], [127.57281316182699, 36.755247344582344], [127.57281316182699, 36.755247344582344], [127.57281316182699, 36.755247344582344], [127.5756139523004, 36.7552455977678], [127.57561174060086, 36.75299189883408], [127.57561174060086, 36.75299189883408], [127.5756095291472, 36.75073819904468], [127.57280890250993, 36.750739945574395], [127.57280890250993, 36.75073994557439], [127.57000827563594, 36.750741626190845], [127.57000827563594, 36.75074162619085], [127.5672076485343, 36.75074324089405], [127.5672076485343, 36.75074324089405], [127.5672076485343, 36.75074324089405], [127.5672076485343, 36.75074324089405], [127.57000827563594, 36.75074162619085], [127.57000622823693, 36.74848792526632], [127.57000622823693, 36.74848792526632], [127.57000418106554, 36.74623422348614], [127.57000418106554, 36.74623422348614], [127.57000213412171, 36.74398052085033], [127.56720175270618, 36.743982135158575], [127.56719978786703, 36.74172843153553], [127.57000008740542, 36.74172681735893], [127.56999804091663, 36.73947311301194], [127.56999804091663, 36.73947311301193], [127.56999804091663, 36.73947311301193], [127.57279825835948, 36.73947143308057], [127.57279613023925, 36.737217728015004], [127.56999599465533, 36.73721940780937], [127.5699939486215, 36.73496570175127], [127.56719389465998, 36.734967315533], [127.56719389465998, 36.734967315532984], [127.56439384048012, 36.73496886343905], [127.56439572281424, 36.737222569755026], [127.56719585884396, 36.73722102172272], [127.56719585884396, 36.73722102172272], [127.56719585884396, 36.73722102172272], [127.56439572281424, 36.73722256975503], [127.5643976053576, 36.739476275215466], [127.5643976053576, 36.739476275215466], [127.56159738725961, 36.7394777574876], [127.56159738725961, 36.7394777574876], [127.55879716896142, 36.739479173873285], [127.55879888797784, 36.741732878714565], [127.55599858762044, 36.741734229323946], [127.55599858762044, 36.74173422932395], [127.55599858762044, 36.74173422932395], [127.55599695047215, 36.73948052437253], [127.5531967318009, 36.73948180898529], [127.5531967318009, 36.73948180898529], [127.55599695047215, 36.73948052437253], [127.55599531350585, 36.73722681856557], [127.55599531350587, 36.73722681856557], [127.55599531350587, 36.73722681856557], [127.55879545013606, 36.73722546817647], [127.55879545013606, 36.73722546817647], [127.56159558657522, 36.737224051906274], [127.56159378609102, 36.73497034546945], [127.56159378609102, 36.73497034546945], [127.56159198580696, 36.7327166381771], [127.55879201305855, 36.7327180542163], [127.5587937315018, 36.73497176162413], [127.5587937315018, 36.73497176162413], [127.55879201305855, 36.73271805421629], [127.56159198580696, 36.7327166381771], [127.561590185723, 36.73046293002926], [127.55879029480633, 36.73046434595298], [127.55879029480633, 36.73046434595298], [127.55879029480633, 36.73046434595298], [127.55878857674512, 36.728210636834206], [127.55878857674512, 36.728210636834206], [127.56158838583914, 36.72820922102596], [127.56158658615536, 36.725955511167214], [127.55878685887487, 36.72595692685999], [127.55878685887487, 36.72595692685999], [127.55598713140341, 36.725958276698535], [127.55598713140341, 36.725958276698535], [127.55878685887487, 36.72595692685999], [127.55878514119557, 36.72370321603035], [127.55878514119557, 36.72370321603035], [127.55878342370718, 36.721449504345316], [127.55878342370718, 36.721449504345316], [127.55878514119557, 36.72370321603035], [127.55878514119557, 36.72370321603035], [127.55878685887487, 36.72595692685999], [127.56158658615536, 36.725955511167214], [127.5615847866716, 36.72370180045304], [127.5615847866716, 36.72370180045304], [127.56158298738788, 36.72144808888348], [127.56158298738791, 36.72144808888348], [127.56158118830417, 36.719194376458496], [127.56438066999864, 36.719192895274006], [127.56437878933775, 36.716939182114494], [127.56437878933775, 36.716939182114494], [127.56437878933775, 36.716939182114494], [127.56717818904603, 36.716937635218095], [127.56717622682615, 36.71468392132939], [127.56717622682615, 36.71468392132939], [127.56717426482439, 36.71243020658535], [127.56437502864308, 36.71243175322939], [127.56437502864308, 36.712431753229374], [127.56157579225278, 36.71243323405145], [127.56157759073665, 36.71468694904247], [127.56437690888589, 36.714685468099596], [127.56437690888589, 36.7146854680996], [127.56437690888589, 36.7146854680996], [127.56437690888589, 36.71468546809961], [127.56157759073665, 36.71468694904249], [127.56157938942043, 36.71694066317817], [127.56157938942043, 36.71694066317817], [127.56158118830417, 36.719194376458496], [127.55878170640973, 36.71919579180491], [127.55878342370721, 36.72144950434531], [127.55878342370718, 36.72144950434531], [127.55878170640973, 36.71919579180491], [127.55598222432441, 36.71919714131318], [127.55598222432441, 36.71919714131318], [127.55598222432441, 36.71919714131318], [127.55598222432441, 36.71919714131318], [127.55878170640973, 36.71919579180491], [127.55878170640973, 36.71919579180491], [127.56158118830417, 36.719194376458496], [127.56157938942043, 36.716940663178164], [127.55877998930318, 36.71694207840912], [127.55877998930315, 36.71694207840912], [127.55598058899503, 36.71694342780732], [127.55598058899503, 36.71694342780732], [127.55598058899503, 36.71694342780732], [127.55598058899503, 36.716943427807315], [127.55877998930315, 36.71694207840911], [127.55877998930315, 36.71694207840912], [127.56157938942043, 36.716940663178164], [127.56157759073665, 36.71468694904247], [127.55877827238744, 36.714688364157986], [127.55877827238744, 36.71468836415798], [127.55877827238744, 36.71468836415798], [127.55877655566258, 36.71243464905154], [127.55597731888155, 36.71243599822963], [127.55597895384741, 36.71468971344613], [127.55597895384741, 36.71468971344613], [127.55597895384741, 36.714689713446134], [127.55317963512563, 36.71469099690689], [127.5531811885051, 36.71694471137278], [127.5531811885051, 36.71694471137278], [127.55318274205729, 36.71919842498335], [127.55318274205729, 36.71919842498335], [127.55318429578215, 36.72145213773855], [127.55318429578215, 36.72145213773855], [127.55318429578215, 36.72145213773855], [127.550384731556, 36.7214533556699], [127.55038620365819, 36.7237070676691], [127.55038620365819, 36.7237070676691]], [[127.5644070212142, 36.75074478968397], [127.5644070212142, 36.75074478968397], [127.5644070212142, 36.75074478968397], [127.5644070212142, 36.75074478968397], [127.56440890501364, 36.75299849001078], [127.56440890501364, 36.75299849001078], [127.5644070212142, 36.75074478968397]], [[127.56720568303979, 36.74848953983785], [127.56720371776375, 36.74623583792602], [127.56720371776375, 36.74623583792602], [127.56720568303979, 36.74848953983785], [127.56720568303979, 36.74848953983785]], [[127.55040093368397, 36.746244140611644], [127.55040093368397, 36.746244140611644], [127.55320139815997, 36.74624292158717], [127.55320139815997, 36.74624292158717], [127.55320139815997, 36.74624292158717], [127.55040093368397, 36.746244140611644]], [[127.55319984253403, 36.7439892182421], [127.55319828708102, 36.74173551404148], [127.55319828708102, 36.74173551404148], [127.55319984253403, 36.7439892182421], [127.55319984253403, 36.7439892182421], [127.55319984253403, 36.7439892182421], [127.55319984253403, 36.7439892182421]], [[127.55039798636871, 36.741736732867146], [127.55319828708102, 36.74173551404148], [127.55319828708102, 36.74173551404148], [127.55039798636871, 36.741736732867146], [127.55039798636871, 36.741736732867146]], [[127.55598549552857, 36.7237045657588], [127.55598549552857, 36.7237045657588], [127.55598385983558, 36.72145085396368], [127.55598385983558, 36.72145085396368], [127.55598549552857, 36.7237045657588]], [[127.55319051240912, 36.730466980205506], [127.55318895799321, 36.7282132708719], [127.55318895799321, 36.7282132708719], [127.55318895799321, 36.72821327087188], [127.55598876746011, 36.72821198678284], [127.55598876746011, 36.72821198678284], [127.55598876746011, 36.72821198678284], [127.55318895799321, 36.7282132708719], [127.55319051240912, 36.730466980205506], [127.55319206699781, 36.73272068868366], [127.55319206699781, 36.73272068868366], [127.55319206699781, 36.732720688683656], [127.55319051240912, 36.730466980205506], [127.55319051240912, 36.730466980205506]], [[127.55319517669368, 36.73722810307358], [127.55319517669368, 36.73722810307358], [127.55319517669368, 36.737228103073576], [127.55319517669368, 36.737228103073576], [127.55319517669368, 36.73722810307358]], [[127.54479738446175, 36.74173897284288], [127.54479869428285, 36.74399267732557], [127.54479869428285, 36.74399267732557], [127.54479738446175, 36.74173897284288], [127.54479738446175, 36.74173897284288]], [[127.55879201305855, 36.73271805421629], [127.55879201305855, 36.73271805421629], [127.55599204011915, 36.73271940438516], [127.55599204011915, 36.73271940438516], [127.55599204011915, 36.73271940438516], [127.55879201305855, 36.73271805421629]], [[127.55880060718539, 36.743986582700295], [127.55880232658404, 36.74624028583042], [127.55880232658404, 36.74624028583042], [127.55880060718536, 36.743986582700295], [127.55880060718539, 36.743986582700295]], [[127.55879888797784, 36.741732878714565], [127.56159918814416, 36.741731462213366], [127.56159918814416, 36.741731462213366], [127.56439948811025, 36.74172997982034], [127.56439948811025, 36.741729979820356], [127.56159918814416, 36.74173146221337], [127.56160098922891, 36.74398516608356], [127.56160098922891, 36.74398516608356], [127.56160098922891, 36.74398516608356], [127.56160098922891, 36.74398516608356], [127.56159918814416, 36.74173146221337], [127.55879888797784, 36.74173287871457], [127.55879888797784, 36.741732878714565]], [[127.55880060718536, 36.743986582700295], [127.55880060718536, 36.743986582700295], [127.55600022495072, 36.7439879334198], [127.55600022495072, 36.7439879334198], [127.55880060718536, 36.743986582700295]], [[127.5644032542435, 36.74623738646337], [127.5644032542435, 36.74623738646337], [127.56440137107221, 36.74398368356966], [127.56440137107221, 36.74398368356966], [127.5644032542435, 36.74623738646338], [127.5644032542435, 36.74623738646338], [127.5644032542435, 36.74623738646337]], [[127.57281103205007, 36.75299364550621], [127.57001032326254, 36.752995326259715], [127.57001032326254, 36.75299532625971], [127.57281103205007, 36.7529936455062], [127.57281103205007, 36.75299364550621]]], [[[127.5475851671662, 36.72145450775776], [127.54758655747297, 36.72370821985091], [127.55038620365819, 36.7237070676691], [127.550384731556, 36.72145335566991], [127.5475851671662, 36.72145450775776]]], [[[127.54758794793428, 36.7259619310887], [127.54758794793428, 36.7259619310887], [127.54478821978998, 36.72596301751021], [127.54478952859222, 36.72821672798122], [127.54758933855017, 36.72821564147109], [127.54758933855017, 36.72821564147109], [127.55038914835353, 36.728214489101305], [127.55038767592403, 36.7259607788129], [127.54758794793428, 36.7259619310887]]], [[[127.54478952859222, 36.72821672798123], [127.54479083753996, 36.730470437596814], [127.54759072932065, 36.73046935099805], [127.54758933855017, 36.72821564147109], [127.54478952859222, 36.72821672798123]]], [[[127.54758933855017, 36.72821564147109], [127.54759072932065, 36.73046935099805], [127.55039062094673, 36.73046819853429], [127.55038914835353, 36.728214489101305], [127.54758933855017, 36.72821564147109]]], [[[127.54759212024572, 36.73272305966957], [127.54759351132546, 36.73497676748565], [127.55039356662425, 36.73497561483388], [127.55039209370362, 36.7327219071118], [127.54759212024572, 36.73272305966957]]], [[[127.54759351132546, 36.73497676748565], [127.54479345587201, 36.73497785426165], [127.54479345587201, 36.73497785426166], [127.54199340027301, 36.73497887516191], [127.54199462780733, 36.737232582294396], [127.54479476525634, 36.7372315613109], [127.54479476525634, 36.737231561310885], [127.54759490255982, 36.73723047444625], [127.54759351132546, 36.73497676748565]]], [[[127.54479476525634, 36.7372315613109], [127.54479607478625, 36.73948526750464], [127.54759629394887, 36.739484180551365], [127.54759490255982, 36.73723047444626], [127.54479476525634, 36.7372315613109]]], [[[127.54760603800418, 36.75526009933156], [127.5504068302807, 36.75525894583353], [127.5504053558857, 36.75300524581151], [127.5504053558857, 36.75300524581151], [127.5504053558857, 36.75300524581151], [127.5532060660755, 36.75300402648878], [127.55320762239332, 36.75525772641139], [127.55600841433291, 36.75525644106516], [127.55600841433291, 36.75525644106516], [127.55601005275568, 36.75751014002729], [127.55881092644503, 36.75750878864679], [127.55881092644503, 36.75750878864679], [127.56161179994311, 36.757507371336835], [127.56161179994311, 36.757507371336835], [127.56161360242996, 36.75976106921753], [127.56441455766861, 36.75975958585718], [127.56441644230591, 36.762013282761224], [127.56441644230591, 36.762013282761224], [127.56441832715274, 36.7642669788095], [127.56721944609106, 36.76426542926172], [127.56721944609106, 36.76426542926172], [127.56441832715274, 36.7642669788095], [127.5644202122091, 36.76652067400204], [127.56722141311569, 36.766519124327914], [127.56721944609106, 36.76426542926172], [127.57002056481072, 36.76426381376841], [127.57002056481072, 36.76426381376841], [127.57282168330259, 36.76426213232957], [127.57281955257844, 36.762008436676396], [127.57001851604564, 36.76201011797815], [127.57001851604564, 36.76201011797815], [127.56721747928508, 36.76201173333976], [127.56721747928508, 36.76201173333976], [127.56721747928508, 36.76201173333976], [127.56721551269777, 36.75975803656205], [127.56721551269777, 36.75975803656205], [127.56721354632904, 36.75750433892861], [127.56721354632904, 36.75750433892861], [127.56721551269777, 36.75975803656205], [127.5700164675083, 36.75975642133214], [127.5700144191987, 36.75750272383038], [127.5700144191987, 36.75750272383038], [127.57001237111679, 36.7552490254729], [127.56721158017892, 36.755250640439435], [127.56721158017892, 36.75525064043945], [127.5644107890225, 36.75525218948196], [127.5644126732408, 36.75750588809743], [127.5644126732408, 36.75750588809743], [127.5644107890225, 36.75525218948195], [127.5616099976566, 36.755253672600425], [127.55880920609037, 36.75525508979483], [127.55880920609037, 36.75525508979483], [127.55880920609037, 36.75525508979483], [127.55880748592699, 36.753001390087185], [127.5560067760923, 36.753002741247336], [127.5560051380338, 36.75074904057389], [127.55320450993068, 36.75075032571054], [127.55320450993068, 36.75075032571054], [127.55040388165459, 36.750751544933834], [127.55040388165459, 36.75075154493382], [127.54760325321462, 36.75075269824376], [127.54760325321462, 36.75075269824376], [127.55040388165459, 36.75075154493382], [127.55040240758734, 36.74849784320053], [127.54760186105199, 36.748498996416416], [127.54760186105199, 36.74849899641642], [127.54480131436189, 36.74850008372432], [127.54480262461986, 36.75075378564031], [127.54760325321462, 36.750752698243765], [127.54760464553202, 36.753006399215465], [127.54760464553199, 36.753006399215465], [127.54760603800418, 36.75526009933156]]], [[[127.55875596984185, 36.68539000106606], [127.55595771346042, 36.68539134892391], [127.55595934624687, 36.68764507440268], [127.55875768427832, 36.68764372643486], [127.55875596984185, 36.68539000106606]]], [[[127.55316100803391, 36.68764635660753], [127.55316255934271, 36.68990008133587], [127.5559609792148, 36.68989879902638], [127.55595934624687, 36.68764507440268], [127.55316100803391, 36.68764635660753]]], [[[127.55595934624687, 36.68764507440269], [127.5559609792148, 36.68989879902639], [127.55875939890538, 36.68989745094857], [127.55875768427832, 36.687643726434864], [127.55595934624687, 36.68764507440269]]], [[[127.55596587920789, 36.696659967766806], [127.55876454393022, 36.69665861935898], [127.5587628287313, 36.69440489741064], [127.5587628287313, 36.69440489741064], [127.55876454393022, 36.69665861935897], [127.5615632084619, 36.69665720516672], [127.56156141157668, 36.694403483333765], [127.5587628287313, 36.694404897410635], [127.55876111372304, 36.69215117460718], [127.55876111372304, 36.69215117460718], [127.55875939890538, 36.68989745094857], [127.5559609792148, 36.68989879902639], [127.5559626123643, 36.692152522794984], [127.5559626123643, 36.692152522794984], [127.5559626123643, 36.692152522794984], [127.5559626123643, 36.692152522794984], [127.5559609792148, 36.68989879902639], [127.55316255934271, 36.68990008133588], [127.55316411082401, 36.692153805209095], [127.55316411082401, 36.692153805209095], [127.55316566247774, 36.69440752822721], [127.55316566247774, 36.69440752822721], [127.55316721430395, 36.6966612503902], [127.55596587920789, 36.696659967766806]]], [[[127.55599858762044, 36.741734229323946], [127.55879888797784, 36.741732878714565], [127.55879716896142, 36.739479173873285], [127.56159738725958, 36.7394777574876], [127.56159558657522, 36.737224051906274], [127.55879545013606, 36.73722546817647], [127.55879545013606, 36.73722546817647], [127.55599531350587, 36.73722681856557], [127.55599695047215, 36.73948052437253], [127.55599695047215, 36.73948052437253], [127.55599858762044, 36.741734229323946]]], [[[127.5643599942223, 36.69440200347785], [127.56435811585958, 36.692148280910494], [127.56155961489115, 36.69214976064567], [127.56156141157668, 36.694403483333765], [127.56156141157668, 36.694403483333765], [127.5615632084619, 36.69665720516672], [127.56436187279381, 36.69665572519006], [127.5643599942223, 36.69440200347785], [127.5643599942223, 36.69440200347785]]], [[[127.55876797490009, 36.701166060690134], [127.56156680283166, 36.7011646462671], [127.56156680283166, 36.701164646267095], [127.5643656305634, 36.70116316604893], [127.5643656305634, 36.70116316604893], [127.5671644580863, 36.70116162003563], [127.56716249739264, 36.698907900159924], [127.56716053691694, 36.69665417942901], [127.56436187279384, 36.69665572519007], [127.56436375157419, 36.698909446047104], [127.5615650055469, 36.698910926144514], [127.5615650055469, 36.69891092614452], [127.5615650055469, 36.69891092614452], [127.5615650055469, 36.698910926144514], [127.56436375157419, 36.698909446047104], [127.56436187279381, 36.69665572519007], [127.5615632084619, 36.69665720516672], [127.5615632084619, 36.69665720516673], [127.55876454393022, 36.696658619358985], [127.55876625931982, 36.698912340452154], [127.55876625931982, 36.698912340452154], [127.55876797490009, 36.701166060690134]]], [[[127.56437126878438, 36.70792432092301], [127.56717034147508, 36.7079227745313], [127.56716838012748, 36.70566905722132], [127.56716838012748, 36.70566905722132], [127.5671664189979, 36.703415339056114], [127.5671664189979, 36.703415339056114], [127.56716838012748, 36.70566905722132], [127.56717034147508, 36.7079227745313], [127.56996941394772, 36.70792116232835], [127.56996941394772, 36.70792116232834], [127.57276848619324, 36.70791948431421], [127.57276848619324, 36.70791948431422], [127.56996941394772, 36.70792116232835], [127.56996941394772, 36.70792116232835], [127.56717034147508, 36.7079227745313], [127.56717230304069, 36.71017649098597], [127.56997145725408, 36.71017487865151], [127.5699735007876, 36.71242859411935], [127.5699735007876, 36.71242859411935], [127.5699735007876, 36.71242859411935], [127.56997145725408, 36.71017487865151], [127.56717230304069, 36.71017649098597], [127.56717230304069, 36.71017649098597], [127.56717230304069, 36.71017649098597], [127.56717034147508, 36.7079227745313], [127.56437126878438, 36.70792432092302], [127.56437314860925, 36.71017803750385], [127.56437314860925, 36.71017803750385], [127.56437502864308, 36.71243175322939], [127.56717426482439, 36.71243020658535], [127.56717426482439, 36.71243020658535], [127.56717426482439, 36.71243020658535], [127.56717622682615, 36.71468392132939], [127.56717622682615, 36.71468392132939], [127.56717818904603, 36.716937635218095], [127.56997758853616, 36.716936022489], [127.56997758853616, 36.71693602248901], [127.56997758853616, 36.71693602248901], [127.56997963275127, 36.7191897353908], [127.56997963275127, 36.7191897353908], [127.56998167719364, 36.7214434474372], [127.56998167719364, 36.7214434474372], [127.56998372186325, 36.72369715862818], [127.56718407701457, 36.72369877175194], [127.56718407701457, 36.72369877175194], [127.56438443194766, 36.72370031902691], [127.56438631323583, 36.72595402962025], [127.56718604010712, 36.72595248221908], [127.56718604010715, 36.72595248221908], [127.5699857667602, 36.72595086896373], [127.56998372186328, 36.72369715862818], [127.57278336648467, 36.72369547965561], [127.57278336648467, 36.72369547965561], [127.57558301086968, 36.723693734834285], [127.57558080260957, 36.72144002392256], [127.57558080260957, 36.72144002392256], [127.57557859459493, 36.71918631215541], [127.57557859459493, 36.71918631215541], [127.57557859459493, 36.71918631215541], [127.57557859459493, 36.71918631215541], [127.57558080260957, 36.721440023922554], [127.5783803649539, 36.72143821340015], [127.5783803649539, 36.72143821340015], [127.57558080260957, 36.72144002392256], [127.57558301086968, 36.723693734834285], [127.57558301086968, 36.723693734834285], [127.57558521937527, 36.725947444890565], [127.57838494531909, 36.725945634072794], [127.5783826550092, 36.72369192416419], [127.5783826550092, 36.72369192416419], [127.57838494531909, 36.725945634072794], [127.57838494531909, 36.725945634072794], [127.57838494531909, 36.7259456340728], [127.5755852193753, 36.72594744489057], [127.57558742812641, 36.7282011540914], [127.57558742812641, 36.7282011540914], [127.57558963712309, 36.73045486243672], [127.57558963712309, 36.73045486243672], [127.5755918463653, 36.73270856992656], [127.57839181777656, 36.73270675866565], [127.57839181777656, 36.73270675866565], [127.58119178893311, 36.732704881534524], [127.58119178893311, 36.732704881534524], [127.58399175982586, 36.7327029385332], [127.58398930508898, 36.73044923150265], [127.583989305089, 36.73044923150265], [127.583989305089, 36.73044923150265], [127.58399175982586, 36.7327029385332], [127.58679173044574, 36.732700929661696], [127.58679173044574, 36.732700929661696], [127.58959170078361, 36.73269885492002], [127.5895890823838, 36.73044514822249], [127.5895890823838, 36.73044514822249], [127.58958646427506, 36.72819144066941], [127.58958646427506, 36.72819144066941], [127.58958384645732, 36.7259377322608], [127.5867841215865, 36.72593980649489], [127.5867841215865, 36.72593980649489], [127.5839843964338, 36.725941814874936], [127.5839843964338, 36.725941814874936], [127.58118467100832, 36.72594375740091], [127.58118467100832, 36.725943757400906], [127.58118467100829, 36.725943757400906], [127.58118229889415, 36.72369004764537], [127.58118229889415, 36.72369004764537], [127.58118467100832, 36.725943757400906], [127.5839843964338, 36.725941814874936], [127.5839843964338, 36.725941814874936], [127.5867841215865, 36.72593980649489], [127.5867841215865, 36.72593980649489], [127.58958384645732, 36.725937732260796], [127.58958122893056, 36.72368402299668], [127.58678158586392, 36.723686097061595], [127.58678158586392, 36.723686097061595], [127.58678158586392, 36.723686097061595], [127.58678158586392, 36.72368609706159], [127.58958122893056, 36.72368402299667], [127.58957861169475, 36.72143031287706], [127.58957861169475, 36.72143031287706], [127.58957599474988, 36.71917660190198], [127.58957599474988, 36.71917660190198], [127.58957337809589, 36.716922890071444], [127.58957337809589, 36.716922890071444], [127.58957337809589, 36.71692289007144], [127.59237277551372, 36.71692075068144], [127.59237277551372, 36.71692075068144], [127.59517217263162, 36.716918545458924], [127.59517217263162, 36.716918545458924], [127.59517217263162, 36.716918545458924], [127.59517217263162, 36.716918545458924], [127.59237277551372, 36.71692075068144], [127.59237277551372, 36.716920750681446], [127.58957337809589, 36.716922890071444], [127.58957599474988, 36.71917660190198], [127.58957599474988, 36.71917660190198], [127.58957861169475, 36.72143031287706], [127.58957861169475, 36.72143031287706], [127.58958122893056, 36.72368402299667], [127.58958122893056, 36.72368402299667], [127.58958384645732, 36.72593773226079], [127.59238357103713, 36.72593559217268], [127.59238357103713, 36.72593559217268], [127.59518329531686, 36.72593338623056], [127.59518329531686, 36.72593338623056], [127.59518329531689, 36.72593338623056], [127.59518607676104, 36.72818709428468], [127.59518607676104, 36.72818709428468], [127.5951888585144, 36.730440801483255], [127.59798874612038, 36.73043852931656], [127.59798874612038, 36.73043852931656], [127.59798874612038, 36.73043852931656], [127.5951888585144, 36.73044080148326], [127.5951888585144, 36.730440801483255], [127.5951888585144, 36.730440801483255], [127.59518607676104, 36.72818709428469], [127.59518607676104, 36.72818709428469], [127.59518329531686, 36.72593338623056], [127.59238357103713, 36.72593559217269], [127.59238357103713, 36.72593559217268], [127.58958384645732, 36.725937732260796], [127.58958646427506, 36.72819144066941], [127.5923862706681, 36.72818930040675], [127.5923862706681, 36.72818930040675], [127.5923862706681, 36.72818930040675], [127.59238897059919, 36.73044300778525], [127.59238897059919, 36.73044300778525], [127.59239167083042, 36.7326967143082], [127.59239167083042, 36.7326967143082], [127.59238897059919, 36.73044300778525], [127.5895890823838, 36.730445148222486], [127.58959170078361, 36.73269885492002], [127.58959170078361, 36.73269885492002], [127.58959170078361, 36.732698854920024], [127.58679173044574, 36.73270092966171], [127.5867942672961, 36.73495463567288], [127.58959431947453, 36.73495256076199], [127.58959431947453, 36.73495256076199], [127.59239437136182, 36.73495041997558], [127.59239707219346, 36.73720412478735], [127.59519720563013, 36.73720191794549], [127.59519720563013, 36.7372019179455], [127.59799733875744, 36.73719964522279], [127.5979944742267, 36.73494594077632], [127.60079452518605, 36.73494360236351], [127.60079157913329, 36.73268989725212], [127.60079157913329, 36.73268989725212], [127.60078863340802, 36.73043619128514], [127.60078863340802, 36.73043619128514], [127.60078863340802, 36.73043619128514], [127.6035885203682, 36.73043378738905], [127.60358549314819, 36.728180080762506], [127.60078568801016, 36.72818248446256], [127.60078568801016, 36.72818248446256], [127.59798588254476, 36.72818482230329], [127.59798588254476, 36.72818482230328], [127.60078568801016, 36.72818248446255], [127.60078568801016, 36.72818248446255], [127.60358549314819, 36.728180080762506], [127.60358246626465, 36.72592637328038], [127.60078274293973, 36.72592877678437], [127.60078274293973, 36.72592877678437], [127.59798301928744, 36.72593111443445], [127.59798301928744, 36.72593111443445], [127.59798301928744, 36.72593111443445], [127.59798015634838, 36.72367740571007], [127.59518051418188, 36.72367967732089], [127.59518051418188, 36.72367967732089], [127.59238087170625, 36.723681883083096], [127.59238087170625, 36.723681883083096], [127.59238087170625, 36.723681883083096], [127.59237817267541, 36.72142817313803], [127.59237817267541, 36.72142817313803], [127.59238087170625, 36.723681883083096], [127.59518051418188, 36.72367967732089], [127.59517773335602, 36.721425967555724], [127.59517773335602, 36.721425967555724], [127.59518051418188, 36.72367967732089], [127.59798015634838, 36.72367740571006], [127.59798301928744, 36.725931114434445], [127.60078274293973, 36.72592877678437], [127.60077979819667, 36.72367506825066], [127.59798015634838, 36.72367740571006], [127.59797729372758, 36.72142369613018], [127.59797729372758, 36.72142369613018], [127.59797729372758, 36.72142369613018], [127.59797729372758, 36.72142369613018], [127.59798015634838, 36.72367740571006], [127.60077979819667, 36.72367506825066], [127.60077685378091, 36.72142135886141], [127.60077685378091, 36.72142135886141], [127.60077979819667, 36.72367506825066], [127.60357943971759, 36.72367266494268], [127.60357943971759, 36.7236726649427], [127.60077979819667, 36.72367506825066], [127.60078274293973, 36.72592877678437], [127.60358246626468, 36.72592637328038], [127.60358246626468, 36.72592637328038], [127.60638218925315, 36.725923903922464], [127.60637908090213, 36.723670195786184], [127.60357943971759, 36.7236726649427], [127.60357943971759, 36.7236726649427], [127.60637908090213, 36.723670195786184], [127.60637597289661, 36.72141648679435], [127.60637597289661, 36.72141648679435], [127.60637286523658, 36.71916277694697], [127.60637286523658, 36.71916277694697], [127.60636975792198, 36.71690906624408], [127.60357036209474, 36.71691153479646], [127.60357036209474, 36.71691153479645], [127.60636975792198, 36.71690906624408], [127.60636665095276, 36.71465535468568], [127.60356733689311, 36.71465782303671], [127.60076802249722, 36.71466022556067], [127.60076802249722, 36.71466022556067], [127.59796870777413, 36.714662562257544], [127.59796870777413, 36.714662562257544], [127.59796870777413, 36.714662562257544], [127.59796584642588, 36.712408849255766], [127.59796584642588, 36.712408849255766], [127.59796870777413, 36.714662562257544], [127.60076802249722, 36.71466022556067], [127.60076802249722, 36.71466022556067], [127.60356733689311, 36.71465782303671], [127.60356431202776, 36.7124041104215], [127.60356431202776, 36.7124041104215], [127.60356128749862, 36.71015039695084], [127.60076213661068, 36.71015279908287], [127.60076507939038, 36.71240651274948], [127.60076507939038, 36.71240651274948], [127.60076213661068, 36.71015279908287], [127.59796298539567, 36.71015513539855], [127.59796298539567, 36.71015513539855], [127.59516383386264, 36.71015740589786], [127.59516105489088, 36.707903691000034], [127.59236198478939, 36.70790589550311], [127.59236468202067, 36.710159610580796], [127.59516383386264, 36.71015740589786], [127.59516383386264, 36.71015740589787], [127.59236468202067, 36.710159610580796], [127.59236737955182, 36.71241332480309], [127.5923673795518, 36.71241332480309], [127.59237007738281, 36.71466703816996], [127.59516939273297, 36.71466483312732], [127.59516939273297, 36.71466483312733], [127.59237007738281, 36.714667038169964], [127.59237007738281, 36.714667038169964], [127.59237007738281, 36.714667038169964], [127.5923673795518, 36.71241332480309], [127.5923673795518, 36.71241332480309], [127.59236468202067, 36.710159610580796], [127.59236468202067, 36.710159610580796], [127.59236198478939, 36.70790589550311], [127.5895629143881, 36.70790803419515], [127.58956552987887, 36.71016174944731], [127.58956552987887, 36.71016174944731], [127.58956552987887, 36.71016174944731], [127.58676637744634, 36.710163822497385], [127.58676637744634, 36.710163822497364], [127.58676637744634, 36.710163822497364], [127.58676384369608, 36.70791010707611], [127.58396477272242, 36.707912114145984], [127.58396477272242, 36.707912114145984], [127.58116570147625, 36.70791405540475], [127.58116570147625, 36.70791405540474], [127.58396477272242, 36.707912114145984], [127.58396477272242, 36.707912114145984], [127.58676384369608, 36.707910107076096], [127.58676384369608, 36.70791010707611], [127.58676384369608, 36.70791010707611], [127.58676637744634, 36.710163822497364], [127.58956552987887, 36.7101617494473], [127.5895629143881, 36.70790803419514], [127.5895629143881, 36.70790803419514], [127.58956029918802, 36.70565431808763], [127.58676131022749, 36.7056563907995], [127.58676131022749, 36.7056563907995], [127.58396232098531, 36.70565839770565], [127.58396232098531, 36.70565839770565], [127.58116333147063, 36.70566033880605], [127.58116333147063, 36.705660338806055], [127.57836434169253, 36.705662214100705], [127.5783666299666, 36.7079159308524], [127.5783666299666, 36.7079159308524], [127.57836434169253, 36.705662214100705], [127.57556535166006, 36.70566402358958], [127.57556755820256, 36.707917740488895], [127.57556755820256, 36.707917740488895], [127.57556535166006, 36.70566402358958], [127.57276636138236, 36.70566576727264], [127.57276636138236, 36.705665767272635], [127.57276636138236, 36.705665767272635], [127.57276423680766, 36.703412049375814], [127.57276423680766, 36.703412049375814], [127.57276423680766, 36.70341204937582], [127.57556314536284, 36.703410305834986], [127.57556093931085, 36.70115658722512], [127.5727621124691, 36.70115833062371], [127.5727621124691, 36.70115833062371], [127.57276211246908, 36.70115833062371], [127.57275998836666, 36.69890461101637], [127.56996124299316, 36.69890628848301], [127.56996124299316, 36.698906288483], [127.57275998836666, 36.69890461101636], [127.57275786450032, 36.69665089055379], [127.56995920082213, 36.696652567883575], [127.56995920082213, 36.696652567883575], [127.56716053691694, 36.69665417942901], [127.56716249739264, 36.698907900159924], [127.56996124299316, 36.698906288483], [127.56996124299316, 36.698906288483], [127.56716249739264, 36.698907900159924], [127.5671644580863, 36.70116162003563], [127.56996328539121, 36.70116000822722], [127.56996328539121, 36.70116000822723], [127.56996328539121, 36.70116000822723], [127.56996328539121, 36.70116000822723], [127.5671644580863, 36.701161620035634], [127.5643656305634, 36.701163166048936], [127.56436750976148, 36.70341688519554], [127.56436750976148, 36.70341688519554], [127.56436938916848, 36.7056706034869], [127.56436938916848, 36.7056706034869], [127.56437126878438, 36.70792432092301]], [[127.59239437136182, 36.734950419975576], [127.59519442294892, 36.734948213313686], [127.59519442294892, 36.734948213313686], [127.59239437136182, 36.73495041997558], [127.59239437136182, 36.734950419975576]], [[127.57278124001978, 36.72144176860157], [127.57278124001978, 36.72144176860157], [127.57278124001978, 36.72144176860157], [127.57277911379127, 36.71918805669211], [127.57277911379127, 36.71918805669211], [127.57278124001978, 36.72144176860157], [127.57278124001978, 36.72144176860157]], [[127.57277698779907, 36.71693434392726], [127.5727769877991, 36.71693434392726], [127.5727769877991, 36.71693434392726], [127.57557638682569, 36.71693259953283], [127.57557638682569, 36.71693259953283], [127.5783757856069, 36.71693078930576], [127.5783757856069, 36.71693078930576], [127.5783757856069, 36.71693078930576], [127.57557638682569, 36.71693259953283], [127.57557638682569, 36.71693259953284], [127.5727769877991, 36.71693434392726], [127.57277911379127, 36.71918805669211], [127.57277911379127, 36.71918805669211], [127.57277698779907, 36.71693434392726]], [[127.5699755445483, 36.71468230873185], [127.5699755445483, 36.71468230873185], [127.57277486204322, 36.71468063030701], [127.57277486204322, 36.71468063030701], [127.5699755445483, 36.71468230873185]], [[127.57277273652365, 36.712426915831415], [127.57277061124034, 36.71017320050047], [127.57277061124034, 36.71017320050047], [127.57277061124034, 36.71017320050047], [127.57556976499033, 36.71017145653288], [127.57556976499033, 36.71017145653288], [127.57836891849502, 36.71016964674876], [127.5783666299666, 36.7079159308524], [127.5783666299666, 36.7079159308524], [127.57836891849502, 36.71016964674876], [127.58116807174531, 36.71016777114812], [127.58116807174531, 36.71016777114812], [127.5839672247321, 36.71016582973098], [127.5839672247321, 36.71016582973098], [127.58116807174531, 36.71016777114812], [127.58117044227788, 36.71242148603614], [127.58396967701437, 36.71241954446063], [127.5839672247321, 36.71016582973098], [127.5839672247321, 36.71016582973098], [127.58396967701437, 36.71241954446063], [127.58676891147825, 36.71241753706327], [127.58676891147825, 36.712417537063274], [127.58396967701437, 36.71241954446064], [127.58396967701437, 36.71241954446064], [127.58117044227788, 36.71242148603615], [127.58117281307398, 36.714675200068804], [127.58117281307398, 36.714675200068804], [127.5811751841336, 36.71692891324606], [127.5811751841336, 36.71692891324606], [127.5811751841336, 36.71692891324606], [127.5811751841336, 36.71692891324606], [127.58117281307398, 36.71467520006881], [127.58117281307398, 36.71467520006881], [127.58117044227788, 36.71242148603615], [127.57837120727787, 36.712423361789796], [127.57837349631515, 36.714677075975466], [127.57837349631515, 36.714677075975466], [127.57837120727787, 36.712423361789796], [127.57557197202344, 36.71242517172156], [127.57557197202344, 36.71242517172156], [127.57837120727787, 36.712423361789796], [127.57837120727787, 36.712423361789796], [127.58117044227788, 36.71242148603614], [127.58116807174531, 36.71016777114812], [127.57836891849502, 36.71016964674876], [127.57836891849502, 36.71016964674876], [127.57556976499033, 36.71017145653288], [127.57556976499033, 36.71017145653289], [127.57277061124034, 36.71017320050048], [127.57277273652365, 36.712426915831415], [127.57277273652365, 36.712426915831415], [127.57277273652365, 36.712426915831415]], [[127.58677144579184, 36.71467125077379], [127.58677144579184, 36.71467125077379], [127.58677398038719, 36.71692496362889], [127.58677398038719, 36.71692496362889], [127.58677398038719, 36.71692496362888], [127.58677144579184, 36.71467125077379], [127.58397212956925, 36.7146732583349], [127.58397212956925, 36.7146732583349], [127.58397212956925, 36.7146732583349], [127.58677144579184, 36.71467125077379], [127.58676891147825, 36.712417537063274], [127.58676891147825, 36.712417537063274], [127.58677144579184, 36.71467125077379]], [[127.58397948886979, 36.721434394825266], [127.58397948886979, 36.721434394825266], [127.58398194251542, 36.72368810527782], [127.58398194251542, 36.72368810527782], [127.58397948886979, 36.721434394825266]], [[127.58117755545683, 36.71918262556793], [127.58117755545683, 36.71918262556793], [127.5839770354969, 36.71918068351724], [127.58397458239673, 36.71692697135378], [127.58397458239673, 36.71692697135378], [127.58397458239673, 36.71692697135378], [127.58397703549693, 36.71918068351724], [127.58677651526429, 36.71917867562858], [127.58677651526429, 36.71917867562858], [127.5839770354969, 36.719180683517244], [127.5839770354969, 36.71918068351724], [127.58117755545683, 36.71918262556793]], [[127.57557417930187, 36.71467888605487], [127.57557417930187, 36.71467888605487], [127.57557197202344, 36.71242517172156], [127.57557197202344, 36.71242517172156], [127.57557417930187, 36.71467888605487]], [[127.58118704338617, 36.72819746630095], [127.58118704338617, 36.72819746630096], [127.58118704338617, 36.72819746630096], [127.57838723588361, 36.72819934312592], [127.57838723588361, 36.72819934312592], [127.57838723588361, 36.72819934312592], [127.57838723588361, 36.728199343125915], [127.58118704338617, 36.72819746630095]], [[127.57837807515315, 36.71918450178065], [127.58117755545683, 36.719182625567925], [127.58117755545683, 36.71918262556793], [127.57837807515315, 36.71918450178066], [127.57837807515315, 36.71918450178066], [127.57837807515315, 36.71918450178066], [127.57837807515315, 36.71918450178065]], [[127.58957076173274, 36.71466917738547], [127.58957076173274, 36.714669177385474], [127.58957076173274, 36.714669177385474], [127.58957076173274, 36.71466917738547], [127.58957076173274, 36.71466917738547]], [[127.59237547394459, 36.71917446233747], [127.59237817267541, 36.72142817313802], [127.59237817267541, 36.72142817313802], [127.59237547394459, 36.71917446233747], [127.59237547394459, 36.71917446233747]], [[127.59799161001433, 36.73269223547424], [127.59799161001433, 36.73269223547424], [127.59799161001436, 36.73269223547424], [127.5979944742267, 36.73494594077632], [127.59519442294892, 36.734948213313686], [127.59519442294892, 36.734948213313686], [127.5979944742267, 36.73494594077632], [127.59799161001433, 36.73269223547424]], [[127.59516661314333, 36.712411119940306], [127.59516661314333, 36.712411119940306], [127.59796584642588, 36.712408849255766], [127.59796584642588, 36.712408849255766], [127.59516661314333, 36.712411119940306]], [[127.60077096593122, 36.71691393751641], [127.60077390969244, 36.71916764861666], [127.60077390969244, 36.71916764861666], [127.60077096593122, 36.71691393751641], [127.60077096593122, 36.71691393751641]], [[127.60077685378091, 36.721421358861406], [127.60077685378091, 36.721421358861406], [127.60077390969244, 36.71916764861666], [127.60077390969244, 36.71916764861666], [127.60077685378091, 36.721421358861406]]], [[[127.56157219588478, 36.707925801503514], [127.56157399396882, 36.71017951820513], [127.56437314860925, 36.71017803750385], [127.56437126878438, 36.70792432092302], [127.56157219588478, 36.707925801503514]]], [[[127.56437878933775, 36.716939182114494], [127.56438066999864, 36.719192895274006], [127.56718015148404, 36.719191348251435], [127.56717818904603, 36.716937635218095], [127.56437878933775, 36.716939182114494]]], [[[127.56438255086861, 36.72144660757815], [127.56438443194766, 36.72370031902691], [127.56718407701457, 36.72369877175194], [127.56718211414021, 36.72144506042939], [127.56438255086861, 36.72144660757815]]], [[[127.5615847866716, 36.72370180045304], [127.56158658615536, 36.725955511167214], [127.56438631323583, 36.72595402962025], [127.56438443194766, 36.72370031902691], [127.5615847866716, 36.72370180045304]]], [[[127.56438631323583, 36.725954029620254], [127.56158658615536, 36.72595551116723], [127.56158838583914, 36.72820922102597], [127.56438819473313, 36.728207739358155], [127.56438631323583, 36.725954029620254]]], [[[127.561590185723, 36.73046293002926], [127.56159198580696, 36.7327166381771], [127.56439195835526, 36.73271515626756], [127.56439007643961, 36.73046144824059], [127.561590185723, 36.73046293002926]]], [[[127.56159198580696, 36.7327166381771], [127.56159378609102, 36.73497034546944], [127.56439384048012, 36.73496886343905], [127.56439195835526, 36.73271515626756], [127.56159198580696, 36.7327166381771]]], [[[127.56439572281424, 36.73722256975503], [127.56439572281424, 36.73722256975503], [127.56439384048012, 36.734968863439065], [127.56159378609102, 36.73497034546945], [127.56159558657522, 36.737224051906274], [127.56159558657522, 36.737224051906274], [127.56159738725958, 36.7394777574876], [127.5643976053576, 36.739476275215466], [127.56439572281424, 36.73722256975503]]], [[[127.56160639368466, 36.75074627256059], [127.55880576595483, 36.750747689523905], [127.55880748592699, 36.753001390087185], [127.56160819557047, 36.752999973008336], [127.56160639368466, 36.75074627256059]]], [[[127.5699857667602, 36.72595086896373], [127.56718604010712, 36.72595248221908], [127.56718800341793, 36.72820619183077], [127.56998781188447, 36.72820457844384], [127.5699857667602, 36.72595086896373]]], [[[127.56719193069434, 36.732713608487735], [127.56439195835526, 36.73271515626756], [127.56439384048012, 36.73496886343905], [127.56719389465998, 36.734967315532984], [127.56719193069434, 36.732713608487735]]], [[[127.57000622823693, 36.74848792526632], [127.57280677320651, 36.74848624478688], [127.57280464413978, 36.74623254314373], [127.57280464413978, 36.74623254314373], [127.57280251530972, 36.743978840644964], [127.57280251530972, 36.743978840644964], [127.5728003867163, 36.74172513729058], [127.57000008740542, 36.74172681735894], [127.57000213412171, 36.74398052085033], [127.57000213412171, 36.74398052085033], [127.57000418106554, 36.74623422348614], [127.57000418106554, 36.74623422348614], [127.57000622823693, 36.74848792526632]]], [[[127.56722141311569, 36.766519124327914], [127.56722338035898, 36.76877281853831], [127.57002466302423, 36.76877120278156], [127.57002261380356, 36.76651750870289], [127.57282381426364, 36.76651582712695], [127.57282168330259, 36.76426213232958], [127.57002056481072, 36.764263813768416], [127.57002056481072, 36.764263813768416], [127.56721944609106, 36.76426542926173], [127.56722141311569, 36.766519124327914], [127.57002261380356, 36.76651750870289], [127.57002261380356, 36.76651750870289], [127.56722141311569, 36.766519124327914]]], [[[127.57839410910508, 36.734960465152234], [127.5783964006883, 36.73721417078327], [127.58119653553526, 36.73721229334594], [127.58119416210228, 36.73495858786802], [127.57839410910508, 36.734960465152234]]], [[[127.57559626558661, 36.73721598233962], [127.57279613023925, 36.737217728015], [127.57279825835948, 36.73947143308057], [127.57559847556573, 36.73946968726282], [127.57559626558661, 36.73721598233962]]], [[[127.58119653553526, 36.73721229334594], [127.5811989092321, 36.73946599796829], [127.58399912567398, 36.73946405449153], [127.58399912567398, 36.73946405449153], [127.58679934184288, 36.73946204512846], [127.58959955772973, 36.73945996987912], [127.58959693845654, 36.737206265748355], [127.58959693845654, 36.737206265748355], [127.58959431947453, 36.73495256076199], [127.5867942672961, 36.73495463567288], [127.58679680442846, 36.73720834082846], [127.58679680442846, 36.73720834082846], [127.58399667011834, 36.73721035002767], [127.58399667011832, 36.73721035002767], [127.58119653553526, 36.73721229334594]]], [[[127.57840098461908, 36.7417215794786], [127.57840327696667, 36.74397528254285], [127.58120365741745, 36.74397340464615], [127.58120603190604, 36.74622710670163], [127.58400649397896, 36.746225162749354], [127.58400649397896, 36.74622516274936], [127.58680695577881, 36.74622315289466], [127.58680441751804, 36.743969451161576], [127.58680441751804, 36.743969451161576], [127.58680695577884, 36.74622315289466], [127.5896074172965, 36.74622107713755], [127.58960479714966, 36.74396737557374], [127.58960479714966, 36.74396737557374], [127.58960217729407, 36.74171367315426], [127.5868018795394, 36.74171574857285], [127.5868018795394, 36.741715748572844], [127.5868018795394, 36.741715748572844], [127.58679934184288, 36.73946204512846], [127.58399912567398, 36.73946405449153], [127.58399912567398, 36.73946405449153], [127.5811989092321, 36.73946599796829], [127.58119653553526, 36.737212293345955], [127.5783964006883, 36.737214170783275], [127.57839869252629, 36.739467875558724], [127.5811989092321, 36.73946599796829], [127.58120128319281, 36.741719701735036], [127.58120128319281, 36.741719701735036], [127.58120365741745, 36.74397340464614], [127.58120365741745, 36.74397340464614], [127.58120128319281, 36.741719701735036], [127.57840098461908, 36.7417215794786]]], [[[127.58119416210228, 36.73495858786802], [127.58119653553526, 36.737212293345934], [127.58399667011834, 36.73721035002766], [127.58399421483566, 36.73495664470822], [127.58119416210228, 36.73495858786802]]], [[[127.58959693845654, 36.737206265748355], [127.58959955772973, 36.73945996987912], [127.59239977332535, 36.73945782874352], [127.59239707219346, 36.73720412478736], [127.58959693845654, 36.737206265748355]]], [[[127.6063635443289, 36.71240164227183], [127.60636665095276, 36.71465535468568], [127.60916596466706, 36.714652820507624], [127.60916277628475, 36.712399108300474], [127.6063635443289, 36.71240164227183]]], [[[127.60916596466706, 36.714652820507624], [127.60916915340383, 36.7169065318593], [127.61196854853118, 36.71690393164214], [127.6119652780269, 36.71465022050256], [127.60916596466706, 36.714652820507624]]], [[[127.60916596466706, 36.71465282050763], [127.60636665095276, 36.71465535468569], [127.60636975792198, 36.71690906624408], [127.60916915340383, 36.7169065318593], [127.60916596466706, 36.71465282050763]]], [[[127.60638529794971, 36.728177611203186], [127.60638840699187, 36.73043131762829], [127.60918829326991, 36.73042878200291], [127.60918510240565, 36.72817507578459], [127.60638529794971, 36.728177611203186], [127.60638529794971, 36.72817761120317], [127.60918510240565, 36.72817507578459], [127.60918191189606, 36.725921368710665], [127.60638218925315, 36.725923903922464], [127.60638218925315, 36.72592390392247], [127.60358246626468, 36.72592637328039], [127.60358549314819, 36.728180080762506], [127.60638529794971, 36.728177611203186]]], [[[127.60079157913329, 36.732689897252115], [127.60079452518605, 36.7349436023635], [127.6035945758179, 36.73494119807526], [127.60359154792476, 36.73268749315996], [127.60079157913329, 36.732689897252115]]]]}}, {"type": "Feature", "properties": {"rank": 3, "method": "BFS+Zoning", "n_grids": 137, "avg_micro": 75.17763201009764, "cluster_score": 130.7405216645695, "buildable_ha": 344.375, "final_score": 116.1390936668885, "avg_bcr": 0.4021897810218978, "center_lat": 36.729604036466434, "center_lon": 127.36462849661353}, "geometry": {"type": "MultiPolygon", "coordinates": [[[[127.3460211889029, 36.71911071572109], [127.3460211889029, 36.71911071572109], [127.3460211889029, 36.71911071572109], [127.34601669045686, 36.7213644213218], [127.34601669045686, 36.7213644213218], [127.34601219151074, 36.72361812606672], [127.34881182558233, 36.72362171499418], [127.3488162427344, 36.72136800995654], [127.3488162427344, 36.72136800995654], [127.34881182558233, 36.72362171499418], [127.35161146014494, 36.72362523807361], [127.35160712430502, 36.72587894254284], [127.35440684115284, 36.725882400056214], [127.35440684115284, 36.725882400056214], [127.35720655847356, 36.72588579171612], [127.35720655847356, 36.72588579171612], [127.3600062762581, 36.725889117522534], [127.36001036668814, 36.72363541222343], [127.36001036668814, 36.72363541222342], [127.3600144566635, 36.72138170606862], [127.3600144566635, 36.72138170606862], [127.36001036668814, 36.72363541222342], [127.36281000312403, 36.72363867191043], [127.36281401130506, 36.721384965489754], [127.36281401130506, 36.721384965489754], [127.36561356639216, 36.721388159068056], [127.3656174923424, 36.719134451531204], [127.3628180190406, 36.719131258213366], [127.3628180190406, 36.719131258213366], [127.3628180190406, 36.719131258213366], [127.3656174923424, 36.719134451531204], [127.36562141785626, 36.716880743138695], [127.36282202633062, 36.716877550081335], [127.36282202633062, 36.716877550081335], [127.3600226352504, 36.716874291191886], [127.36001854618425, 36.719127999058095], [127.36001854618425, 36.719127999058095], [127.3600144566635, 36.721381706068605], [127.3600144566635, 36.721381706068605], [127.36001854618425, 36.7191279990581], [127.36001854618425, 36.7191279990581], [127.3600226352504, 36.7168742911919], [127.3572232446247, 36.7168709664704], [127.3572232446247, 36.716870966470395], [127.35442385446262, 36.71686757591688], [127.35441960184436, 36.7191212832353], [127.35721907378247, 36.71912467406539], [127.35721907378247, 36.7191246740654], [127.35721907378247, 36.7191246740654], [127.35721490247656, 36.721378380804694], [127.35721490247656, 36.721378380804694], [127.35721073070694, 36.72363208668827], [127.35441109518953, 36.72362869530498], [127.35441534875334, 36.721374989698006], [127.35161579550292, 36.72137153274861], [127.35161579550292, 36.72137153274861], [127.35162013037899, 36.71911782656788], [127.34882065939549, 36.71911430406313], [127.34882065939549, 36.71911430406312], [127.34882065939549, 36.71911430406312], [127.34882065939549, 36.71911430406312], [127.35162013037899, 36.71911782656787], [127.35162446477324, 36.71686411953138], [127.34882507556563, 36.71686059731396], [127.34882507556563, 36.71686059731397], [127.3460256868489, 36.71685700926462], [127.3460256868489, 36.716857009264615], [127.34322629863213, 36.7168533553834], [127.34322171891033, 36.71910706154182], [127.3460211889029, 36.71911071572109]]], [[[127.33762278046161, 36.71909955567168], [127.33762278046161, 36.71909955567169], [127.33482331202367, 36.71909570398092], [127.33481848643842, 36.72134940835713], [127.3376180366611, 36.72135326036208], [127.33761329233322, 36.72360696419663], [127.3404129248771, 36.7236107506679], [127.3404129248771, 36.7236107506679], [127.34321255793931, 36.72361447129129], [127.3432171386794, 36.72136076684446], [127.3432171386794, 36.72136076684446], [127.3432171386794, 36.72136076684446], [127.34321255793931, 36.72361447129129], [127.34321255793931, 36.72361447129129], [127.34320797669, 36.725868174882315], [127.3460076920645, 36.72587182995586], [127.34601219151074, 36.72361812606672], [127.34601219151074, 36.72361812606672], [127.34601669045686, 36.72136442132181], [127.34601669045686, 36.7213644213218], [127.34602118890287, 36.71911071572109], [127.34322171891033, 36.71910706154183], [127.34322171891033, 36.71910706154182], [127.34322171891033, 36.71910706154182], [127.34322629863213, 36.71685335538341], [127.34042691092439, 36.71684963567035], [127.34042224942687, 36.71910334152534], [127.34042224942687, 36.71910334152534], [127.34041758741111, 36.721357046524524], [127.34041758741111, 36.721357046524524], [127.34041758741111, 36.721357046524524], [127.3376180366611, 36.72135326036207], [127.3376180366611, 36.72135326036207], [127.34041758741111, 36.721357046524524], [127.34042224942687, 36.71910334152534], [127.34042224942687, 36.71910334152534], [127.34042691092439, 36.71684963567035], [127.33762752373484, 36.716845850125495], [127.33762278046161, 36.71909955567168], [127.33762278046161, 36.71909955567168]]], [[[127.34879415206304, 36.73263652658673], [127.35159411389297, 36.73264005081573], [127.35159845117909, 36.730386348913925], [127.35439833166066, 36.73038980699134], [127.35440258664323, 36.72813610395167], [127.35440258664323, 36.72813610395167], [127.35439833166066, 36.73038980699134], [127.35719821261527, 36.73039319920454], [127.35720238577638, 36.728139495888215], [127.35720238577638, 36.728139495888215], [127.35720655847356, 36.72588579171612], [127.35440684115284, 36.72588240005622], [127.35440258664323, 36.72813610395167], [127.35160278798307, 36.72813264615629], [127.35160278798307, 36.72813264615629], [127.348802989805, 36.72812912250212], [127.34879857117963, 36.73038282497234], [127.34879857117963, 36.73038282497234], [127.34879415206304, 36.73263652658673]]], [[[127.3459806848809, 36.739394035317716], [127.34598518732919, 36.7371403365638], [127.34318506280287, 36.73713667999946], [127.34318047849695, 36.73939037845517], [127.3459806848809, 36.739394035317716]]], [[[127.3515767599262, 36.74165484986433], [127.35157242022868, 36.74390854748671], [127.35157242022868, 36.74390854748671], [127.3515767599262, 36.74165484986433], [127.3487764706834, 36.741651324485524], [127.3487764706834, 36.741651324485524], [127.34597618193209, 36.7416477332157], [127.34597167848266, 36.74390143025771], [127.34597167848266, 36.74390143025771], [127.34596717453257, 36.74615512644374], [127.34596717453257, 36.74615512644374], [127.34597167848266, 36.74390143025771], [127.34597167848266, 36.74390143025771], [127.34597618193209, 36.7416477332157], [127.34597618193209, 36.7416477332157], [127.3459806848809, 36.73939403531772], [127.34318047849695, 36.73939037845517], [127.34317589368136, 36.74164407605491], [127.34317589368136, 36.74164407605491], [127.34317589368136, 36.74164407605491], [127.34037560594035, 36.74164035300321], [127.34037093873927, 36.743894049443355], [127.34317130835609, 36.74389777279868], [127.34317130835609, 36.74389777279868], [127.34037093873927, 36.743894049443355], [127.34036627101935, 36.74614774502751], [127.34036627101935, 36.74614774502751], [127.3403616027805, 36.748401439755604], [127.3403616027805, 36.74840143975561], [127.34035693402265, 36.75065513362767], [127.34315754932148, 36.75065885789395], [127.34315754932148, 36.75065885789396], [127.34595816513021, 36.750662516247814], [127.34596267008179, 36.748408821773786], [127.34316213617622, 36.748405163718225], [127.34316213617622, 36.748405163718225], [127.34596267008179, 36.748408821773786], [127.34596267008179, 36.748408821773786], [127.34876320448815, 36.74841241392227], [127.34876762704484, 36.74615871829932], [127.34876762704484, 36.74615871829932], [127.3487720491099, 36.7439050218204], [127.3487720491099, 36.7439050218204], [127.34876762704484, 36.74615871829932], [127.3515680800487, 36.74616224425315], [127.35157242022868, 36.74390854748671], [127.3543727918299, 36.743912007256625], [127.35437704965143, 36.74165830935213], [127.35717733984993, 36.74166170294885], [127.35717733984993, 36.74166170294885], [127.35997763051263, 36.74166503065447], [127.35998172412685, 36.73941133134595], [127.35718151533116, 36.7394080039117], [127.35718151533116, 36.7394080039117], [127.35438130699964, 36.739404610591706], [127.35437704965143, 36.74165830935212], [127.35437704965143, 36.74165830935212], [127.35438130699964, 36.7394046105917], [127.35158109914136, 36.73940115138601], [127.35158109914136, 36.73940115138601], [127.35438130699964, 36.73940461059169], [127.35438130699964, 36.7394046105917], [127.35718151533116, 36.73940800391169], [127.35718151533116, 36.73940800391169], [127.35998172412685, 36.73941133134594], [127.35998581728603, 36.73715763118157], [127.35718569034827, 36.73715430401865], [127.35718569034827, 36.73715430401865], [127.35438556387464, 36.73715091097539], [127.35438982027642, 36.73489721050321], [127.35438982027642, 36.73489721050321], [127.35439407620508, 36.73264350917519], [127.35159411389297, 36.73264005081573], [127.3515897761247, 36.734893751861705], [127.3515897761247, 36.734893751861705], [127.35158543787416, 36.7371474520518], [127.35158543787416, 36.7371474520518], [127.35158543787416, 36.737147452051815], [127.34878531235599, 36.737143927247935], [127.34878089176543, 36.73939762629468], [127.34598068488093, 36.739394035317716], [127.34597618193209, 36.74164773321569], [127.3487764706834, 36.74165132448551], [127.3487764706834, 36.741651324485524], [127.3515767599262, 36.74165484986433]], [[127.34317130835609, 36.74389777279868], [127.34316672252105, 36.74615146868646], [127.34316672252105, 36.74615146868646], [127.34317130835609, 36.74389777279868], [127.34317130835609, 36.74389777279868]], [[127.34878089176543, 36.73939762629468], [127.35158109914136, 36.73940115138601], [127.35158109914136, 36.73940115138602], [127.34878089176543, 36.739397626294696], [127.34878089176543, 36.73939762629468]]], [[[127.35999809403383, 36.7303965255535], [127.35999809403383, 36.7303965255535], [127.35999400223946, 36.73265022828533], [127.36279396594351, 36.73265348903594], [127.36279797590718, 36.7303997860382], [127.36559785822628, 36.73040298065859], [127.36560178592259, 36.72814927654453], [127.36280198542512, 36.728146082184686], [127.36279797590718, 36.73039978603819], [127.36279797590718, 36.73039978603819], [127.36280198542512, 36.728146082184686], [127.36000218537336, 36.7281428219659], [127.36000218537336, 36.7281428219659], [127.35720238577638, 36.72813949588822], [127.35719821261527, 36.73039319920454], [127.35999809403383, 36.7303965255535]]], [[[127.35719403899029, 36.73264690166506], [127.35719821261527, 36.73039319920454], [127.35439833166069, 36.73038980699134], [127.35439407620508, 36.73264350917519], [127.35719403899029, 36.73264690166506]]], [[[127.35718569034827, 36.737154304018645], [127.35718986490131, 36.73490060326977], [127.35438982027642, 36.73489721050321], [127.35438556387464, 36.73715091097538], [127.35718569034827, 36.737154304018645]]], [[[127.36278594467875, 36.73716089246408], [127.36278193337756, 36.739414592894434], [127.3655821430742, 36.73941778855713], [127.36558607251735, 36.737164087866184], [127.36278594467875, 36.73716089246408], [127.36278594467875, 36.737160892464075], [127.36558607251735, 36.73716408786618], [127.36559000152373, 36.73491038631943], [127.36278995553404, 36.73490719117792], [127.36278995553404, 36.73490719117792], [127.3599899099902, 36.73490393016136], [127.35998581728603, 36.73715763118157], [127.36278594467875, 36.73716089246408]]], [[[127.35998172412685, 36.73941133134595], [127.35997763051263, 36.74166503065447], [127.35997763051263, 36.74166503065447], [127.35997353644333, 36.743918729107094], [127.36277390943728, 36.743921991187584], [127.36277390943728, 36.74392199118759], [127.3655742828773, 36.74392518737154], [127.3655782131942, 36.74167148839226], [127.36277792163042, 36.741668292468944], [127.36277792163042, 36.74166829246894], [127.3655782131942, 36.74167148839226], [127.3655821430742, 36.73941778855713], [127.36278193337756, 36.739414592894434], [127.36278193337756, 36.73941459289444], [127.35998172412685, 36.73941133134595]]], [[[127.37122396375065, 36.71463322200412], [127.37122396375065, 36.71463322200412], [127.36842465312863, 36.71463016086073], [127.36842080981826, 36.716883870363944], [127.37122020220748, 36.71688693175706], [127.37122020220748, 36.716886931757045], [127.37401959501487, 36.716889927317965], [127.37402327479082, 36.7146362173207], [127.37682258623998, 36.71463914681045], [127.37682258623998, 36.71463914681045], [127.37402327479082, 36.7146362173207], [127.37401959501487, 36.71688992731797], [127.37401959501487, 36.71688992731797], [127.37401591482983, 36.71914363645965], [127.37681538982267, 36.719146566427355], [127.37681898823132, 36.716892857046695], [127.37681898823132, 36.716892857046695], [127.37681898823132, 36.716892857046695], [127.37961838184773, 36.71689572094317], [127.37962189808907, 36.714642010473334], [127.37682258623998, 36.71463914681045], [127.37682258623998, 36.71463914681045], [127.37962189808907, 36.71464201047333], [127.37962541393958, 36.71238829914793], [127.37682618384872, 36.712385435718645], [127.37682618384872, 36.712385435718645], [127.37402695415773, 36.71238250646786], [127.37402327479082, 36.714636217320695], [127.37122396375065, 36.71463322200412]]], [[[127.37122396375065, 36.71463322200412], [127.37122772487575, 36.71237951139562], [127.36842849601182, 36.71237645050192], [127.36842465312863, 36.71463016086073], [127.37122396375065, 36.71463322200412]]], [[[127.36841696608062, 36.71913757901155], [127.36842080981826, 36.716883870363944], [127.36562141785626, 36.716880743138695], [127.3656174923424, 36.719134451531204], [127.36841696608062, 36.71913757901155]]], [[[127.3656174923424, 36.71913445153121], [127.36561356639216, 36.721388159068056], [127.36561356639216, 36.721388159068056], [127.36560964000547, 36.72364186574923], [127.36840927732341, 36.72364499373981], [127.36840927732341, 36.72364499373981], [127.37120891506875, 36.72364805588213], [127.37120891506875, 36.72364805588213], [127.37400855323239, 36.723651052176166], [127.37401223423569, 36.72139734474574], [127.37401223423569, 36.72139734474574], [127.37400855323239, 36.723651052176166], [127.37400855323239, 36.723651052176166], [127.37400487181988, 36.72590475875097], [127.37680459219638, 36.725907689435715], [127.37680819180525, 36.72365398262188], [127.37680819180525, 36.72365398262188], [127.37681179101398, 36.72140027495242], [127.37401223423569, 36.72139734474573], [127.37401591482983, 36.719143636459656], [127.37121644024613, 36.71914064065438], [127.37121644024613, 36.71914064065437], [127.37121644024613, 36.71914064065437], [127.37122020220748, 36.71688693175706], [127.36842080981826, 36.716883870363944], [127.36841696608062, 36.71913757901155], [127.36841696608062, 36.71913757901155], [127.3684131219157, 36.72139128680351], [127.3684131219157, 36.72139128680351], [127.36841696608062, 36.71913757901155], [127.3656174923424, 36.71913445153121]]], [[[127.36840543230376, 36.725898699820455], [127.36840927732341, 36.72364499373981], [127.36560964000547, 36.72364186574923], [127.3656057131823, 36.72589557157473], [127.36840543230376, 36.725898699820455]]], [[[127.37120138821818, 36.72815546768727], [127.37400118999813, 36.72815846447011], [127.37400118999813, 36.72815846447011], [127.37680099218736, 36.72816139539389], [127.37680099218736, 36.72816139539389], [127.3796007947768, 36.728164260458584], [127.37960431297304, 36.72591055426673], [127.37680459219638, 36.725907689435715], [127.37680459219638, 36.725907689435715], [127.37400487181988, 36.72590475875097], [127.37400487181988, 36.72590475875097], [127.37120515185265, 36.72590176221254], [127.37120515185265, 36.72590176221254], [127.36840543230376, 36.725898699820455], [127.36840158685663, 36.7281524050454], [127.37120138821818, 36.72815546768727], [127.37120138821818, 36.72815546768727]]], [[[127.36559393009337, 36.732656683916886], [127.36559000152373, 36.73491038631943], [127.36839004795016, 36.734913515585845], [127.36839004795016, 36.73491351558585], [127.3711900948042, 36.73491657897716], [127.371193859694, 36.7326628760696], [127.37399382512662, 36.732665873341304], [127.37399382512662, 36.732665873341304], [127.37399382512662, 36.73266587334131], [127.371193859694, 36.73266287606961], [127.3711900948042, 36.73491657897717], [127.37399014207682, 36.73491957649333], [127.37399014207682, 36.734919576493326], [127.37679018975886, 36.73492250813432], [127.37679018975886, 36.73492250813431], [127.37959023784124, 36.73492537390008], [127.37959375721097, 36.73267167027527], [127.37679379096863, 36.7326688047432], [127.37679379096863, 36.732668804743206], [127.37679379096863, 36.732668804743206], [127.37679739177813, 36.73041510049641], [127.37959727618947, 36.73041796579478], [127.3796007947768, 36.72816426045859], [127.37680099218736, 36.7281613953939], [127.37679739177813, 36.7304151004964], [127.37399750776704, 36.73041216933357], [127.37400118999813, 36.72815846447012], [127.37120138821818, 36.72815546768727], [127.37120138821818, 36.72815546768727], [127.36840158685663, 36.7281524050454], [127.36840543230376, 36.725898699820455], [127.3656057131823, 36.72589557157474], [127.36560178592259, 36.72814927654453], [127.36840158685663, 36.7281524050454], [127.36839774098203, 36.730406109414616], [127.36839774098203, 36.730406109414616], [127.36839389467988, 36.732659812928105], [127.36559393009337, 36.732656683916886]], [[127.36839389467988, 36.732659812928105], [127.371193859694, 36.7326628760696], [127.37119762416532, 36.7304091723063], [127.37119762416532, 36.7304091723063], [127.371193859694, 36.7326628760696], [127.36839389467988, 36.732659812928105], [127.36839389467988, 36.732659812928105]]], [[[127.36839004795016, 36.73491351558585], [127.36559000152373, 36.73491038631943], [127.36558607251735, 36.737164087866184], [127.36838620079277, 36.73716721738783], [127.36839004795016, 36.73491351558585]]], [[[127.39640264552717, 36.725926360323136], [127.39640567250925, 36.723672651986504], [127.39360603132653, 36.72367018247983], [127.39360292254051, 36.72592389061503], [127.39640264552717, 36.725926360323136]]], [[[127.39080000895481, 36.72817506212585], [127.39359981340887, 36.72817759789465], [127.39359981340887, 36.72817759789465], [127.39359981340887, 36.72817759789465], [127.39359981340887, 36.728177597894664], [127.39080000895481, 36.72817506212586], [127.39079681765546, 36.730428768343046], [127.39079681765546, 36.730428768343046], [127.39080000895481, 36.72817506212586], [127.38800020485547, 36.72817246049782], [127.38799693173407, 36.730426166502816], [127.38799693173407, 36.730426166502816], [127.38800020485547, 36.72817246049782], [127.38520040111997, 36.72816979301057], [127.38520040111997, 36.728169793010565], [127.38240059775738, 36.72816705966415], [127.38239716099197, 36.73042076522865], [127.38239716099197, 36.73042076522865], [127.37959727618947, 36.73041796579477], [127.37959375721097, 36.73267167027527], [127.37959375721097, 36.73267167027527], [127.37959023784127, 36.73492537390009], [127.3823902863149, 36.734928173790635], [127.38239372384449, 36.73267446993748], [127.38239372384449, 36.73267446993748], [127.3823902863149, 36.734928173790635], [127.38519033517069, 36.734930907805904], [127.38519033517069, 36.734930907805904], [127.38799038439953, 36.734933575945895], [127.38799038439953, 36.734933575945895], [127.39079043399235, 36.73493617821055], [127.39079043399235, 36.73493617821055], [127.39359048394, 36.734938714599856], [127.39359359410865, 36.73268500988709], [127.39359359410865, 36.73268500988709], [127.39359359410865, 36.7326850098871], [127.39639356256176, 36.73268748019956], [127.3963905342334, 36.734941185113804], [127.39919058486349, 36.73494358975234], [127.39919353135146, 36.732689884641985], [127.40199350046868, 36.73269222321438], [127.40199636479781, 36.730438517057706], [127.40199636479781, 36.730438517057706], [127.40199922880855, 36.728184810045434], [127.39919942334483, 36.728182471854474], [127.39919647751188, 36.73043617867603], [127.39919647751188, 36.73043617867603], [127.39919647751188, 36.73043617867603], [127.39639659055345, 36.73043377442968], [127.39639659055345, 36.730433774429684], [127.39359670393162, 36.73043130431869], [127.39359670393162, 36.730431304318685], [127.39359670393162, 36.730431304318685], [127.39359670393162, 36.730431304318685], [127.39639659055345, 36.73043377442968], [127.39639961820859, 36.7281800678042], [127.39639961820859, 36.7281800678042], [127.39640264552717, 36.725926360323136], [127.39360292254051, 36.72592389061503], [127.39360292254051, 36.72592389061503], [127.39080319989945, 36.72592135505303], [127.39080319989945, 36.72592135505303], [127.38800347761307, 36.72591875363718], [127.38800020485547, 36.72817246049782], [127.39080000895481, 36.72817506212585], [127.39080000895481, 36.72817506212585]], [[127.3907936260013, 36.73268247370462], [127.39079681765546, 36.73042876834306], [127.39079681765546, 36.73042876834306], [127.3907936260013, 36.73268247370462], [127.3907936260013, 36.73268247370462], [127.3907936260013, 36.732682473704635], [127.38799365824876, 36.732679871652174], [127.38799365824876, 36.732679871652174], [127.38799365824873, 36.732679871652174], [127.38799693173404, 36.730426166502816], [127.38799693173407, 36.730426166502816], [127.38799365824876, 36.732679871652174], [127.3907936260013, 36.73268247370462]], [[127.38519704617651, 36.730423498798004], [127.38519704617651, 36.730423498798004], [127.38519704617651, 36.730423498798004], [127.38519704617651, 36.730423498798004], [127.38519704617651, 36.730423498798004]], [[127.39639356256176, 36.73268748019955], [127.39919353135146, 36.732689884641985], [127.39919353135146, 36.732689884641985], [127.39639356256176, 36.73268748019955], [127.39639356256176, 36.73268748019955]]], [[[127.40479625240212, 36.73044078957466], [127.4047990345906, 36.72818708237704], [127.40199922880855, 36.72818481004543], [127.40199636479781, 36.7304385170577], [127.40479625240212, 36.73044078957466]]], [[[127.37959023784124, 36.73492537390009], [127.37679018975886, 36.73492250813432], [127.37678658814873, 36.73717621066968], [127.3795867180803, 36.737179076669186], [127.37959023784124, 36.73492537390009]]]]}}, {"type": "Feature", "properties": {"rank": 4, "method": "BFS+Zoning", "n_grids": 16, "avg_micro": 74.05316269045791, "cluster_score": 105.5244239960836, "buildable_ha": 40.0, "final_score": 98.48782529894834, "avg_bcr": 0.4, "center_lat": 36.74213623121023, "center_lon": 127.4103824401606}, "geometry": {"type": "MultiPolygon", "coordinates": [[[[127.40758533584862, 36.73945781718138], [127.40478512055488, 36.73945560980918], [127.4047823368196, 36.741709312728744], [127.40758263398111, 36.741711520280965], [127.40758533584862, 36.73945781718138]]], [[[127.40758533584862, 36.73945781718138], [127.40758263398111, 36.741711520280965], [127.41038293144297, 36.74171366194158], [127.41038293144297, 36.74171366194158], [127.40758263398111, 36.741711520280965], [127.40758263398111, 36.741711520280965], [127.4047823368196, 36.741709312728744], [127.40477955277481, 36.74396301479262], [127.40757993181319, 36.74396522252488], [127.40757993181319, 36.74396522252488], [127.41038031115197, 36.74396736436015], [127.41038031115197, 36.74396736436015], [127.41318069078207, 36.743969440298414], [127.41318069078207, 36.74396944029842], [127.41598107069437, 36.743971450339664], [127.41598352723142, 36.7417177475879], [127.41318322919612, 36.74171573771057], [127.41318322919612, 36.741715737710564], [127.41038293144297, 36.74171366194158], [127.41038293144297, 36.74171366194158], [127.41318322919612, 36.741715737710564], [127.41318576732799, 36.73946203426707], [127.41318576732799, 36.73946203426707], [127.41318830517771, 36.73720832996796], [127.41038817115117, 36.737206254537504], [127.41038555144267, 36.73945995866736], [127.40758533584862, 36.73945781718138]]], [[[127.4019763078057, 36.74621444218619], [127.40477676842053, 36.746216716000816], [127.40477676842053, 36.746216716000816], [127.4019763078057, 36.74621444218619], [127.4019734412468, 36.748468142353275], [127.40477398375668, 36.74847041635332], [127.40477398375668, 36.74847041635332], [127.40757452657613, 36.74847262444566], [127.40757722934488, 36.74621892391311], [127.40477676842053, 36.746216716000816], [127.40477955277481, 36.74396301479262], [127.40477955277481, 36.74396301479262], [127.4047823368196, 36.741709312728744], [127.40198203996755, 36.741707039284925], [127.40197917404593, 36.7439607411634], [127.40197917404593, 36.7439607411634], [127.4019763078057, 36.74621444218619]]], [[[127.41878857406802, 36.73721228318611], [127.41598843948636, 36.7372103395175], [127.4159859834954, 36.739464043980504], [127.41878619993587, 36.73946598780762], [127.41878857406802, 36.73721228318611]]], [[[127.4215864166403, 36.73946786574844], [127.41878619993587, 36.73946598780762], [127.41878382553979, 36.74171969157354], [127.42158412411216, 36.74172156966751], [127.4215864166403, 36.73946786574844]]], [[[127.4159859834954, 36.73946404398051], [127.4159859834954, 36.73946404398051], [127.41318576732799, 36.73946203426708], [127.41318322919612, 36.74171573771057], [127.41598352723142, 36.7417177475879], [127.41598352723142, 36.7417177475879], [127.41878382553979, 36.74171969157355], [127.41878619993587, 36.739465987807634], [127.4159859834954, 36.73946404398051]]]]}}, {"type": "Feature", "properties": {"rank": 5, "method": "BFS+Zoning", "n_grids": 13, "avg_micro": 74.66428994215663, "cluster_score": 104.22079118701171, "buildable_ha": 32.50000000000001, "final_score": 97.57528233259802, "avg_bcr": 0.4000000000000001, "center_lat": 36.72870296096909, "center_lon": 127.32478797880313}, "geometry": {"type": "MultiPolygon", "coordinates": [[[[127.31801056232865, 36.725832315825826], [127.31801056232865, 36.725832315825826], [127.31800524426329, 36.72808601563617], [127.31800524426329, 36.72808601563617], [127.31799992560673, 36.73033971459052], [127.32079979970256, 36.73034396303543], [127.32080503653842, 36.72809026373462], [127.32080503653843, 36.72809026373462], [127.32080503653843, 36.72809026373463], [127.32360482939566, 36.728094445974705], [127.32360482939566, 36.728094445974705], [127.3264046228259, 36.72809856235639], [127.3264046228259, 36.72809856235639], [127.3264046228259, 36.72809856235639], [127.32639954963166, 36.730352262334044], [127.32639954963166, 36.730352262334044], [127.3263944758734, 36.73260596145572], [127.32919443351847, 36.732610012639704], [127.32919942544673, 36.73035631318763], [127.32919942544673, 36.73035631318763], [127.32920441682009, 36.72810261287959], [127.32920441682009, 36.72810261287959], [127.32920940763863, 36.7258489117156], [127.32640969545626, 36.72584486152273], [127.32640969545626, 36.72584486152274], [127.32360998383777, 36.72584074547679], [127.32360998383777, 36.72584074547679], [127.32081027279217, 36.725836563577815], [127.32081027279217, 36.7258365635778], [127.32081027279217, 36.7258365635778], [127.3208155084639, 36.723582862564996], [127.31801587980289, 36.723578615159454], [127.31801056232865, 36.725832315825826]]], [[[127.32081027279217, 36.7258365635778], [127.32360998383777, 36.72584074547679], [127.32361513770688, 36.723587044122894], [127.3208155084639, 36.723582862564996], [127.32081027279217, 36.7258365635778]]], [[[127.3263894015511, 36.73485965972141], [127.3263944758734, 36.73260596145572], [127.32359451879239, 36.73260184440255], [127.32358936263108, 36.734855542332454], [127.3263894015511, 36.73485965972141]]], [[[127.32921439790242, 36.72359520969568], [127.32641476752276, 36.723591159833134], [127.32640969545626, 36.72584486152273], [127.32920940763863, 36.7258489117156], [127.32921439790242, 36.72359520969568]]], [[[127.32918944103527, 36.73486371123579], [127.32918944103527, 36.73486371123579], [127.33198948107442, 36.73486769687558], [127.33199439171848, 36.73261399795445], [127.32919443351847, 36.732610012639704], [127.32919443351847, 36.732610012639704], [127.3263944758734, 36.73260596145572], [127.32638940155113, 36.73485965972141], [127.32918944103527, 36.73486371123579]]]]}}, {"type": "Feature", "properties": {"rank": 6, "method": "BFS+Zoning", "n_grids": 12, "avg_micro": 72.95881166351415, "cluster_score": 101.02916022813734, "buildable_ha": 30.000000000000007, "final_score": 95.34114066138596, "avg_bcr": 0.4000000000000001, "center_lat": 36.720469849857835, "center_lon": 127.38544515470291}, "geometry": {"type": "MultiPolygon", "coordinates": [[[[127.38241777585505, 36.71689851900738], [127.38241777585505, 36.71689851900738], [127.38241434099929, 36.7191522288499], [127.38521381716492, 36.719154961304696], [127.38521717024419, 36.71690125123929], [127.38521717024419, 36.71690125123929], [127.38522052295072, 36.71464754031837], [127.38242121032903, 36.7146448083093], [127.38241777585505, 36.71689851900738]]], [[[127.37961134819234, 36.721403139316145], [127.37961134819234, 36.721403139316145], [127.3796078307782, 36.72365684721925], [127.38240747014221, 36.723659645968226], [127.3824109057617, 36.72140593783686], [127.3824109057617, 36.72140593783686], [127.38240747014221, 36.72365964596824], [127.38520710988811, 36.723662378868816], [127.38520375569048, 36.72591608636749], [127.38800347761307, 36.725918753637174], [127.38800675000687, 36.72366504592096], [127.38800675000687, 36.72366504592096], [127.38800675000687, 36.72366504592096], [127.39080639048939, 36.72366764712464], [127.39080639048939, 36.72366764712464], [127.39360603132653, 36.723670182479836], [127.393609139767, 36.721416473489086], [127.39080958072466, 36.72141393834068], [127.39080958072466, 36.72141393834068], [127.38801002203695, 36.72141133734916], [127.38801002203695, 36.72141133734916], [127.38521046371292, 36.72140867051455], [127.38521046371292, 36.72140867051455], [127.3824109057617, 36.72140593783686], [127.38241434099929, 36.7191522288499], [127.38241434099929, 36.7191522288499], [127.38241777585505, 36.71689851900738], [127.37961838184773, 36.71689572094317], [127.37961486521552, 36.71914943055745], [127.37961486521552, 36.71914943055745], [127.37961134819234, 36.721403139316145]]], [[[127.388016565006, 36.71690391763888], [127.388016565006, 36.71690391763889], [127.38521717024419, 36.71690125123929], [127.38521381716492, 36.719154961304696], [127.38801329370331, 36.71915762792179], [127.38801329370331, 36.71915762792179], [127.39081277060534, 36.71916022870116], [127.39081596013145, 36.716906518206116], [127.388016565006, 36.71690391763888]]]]}}, {"type": "Feature", "properties": {"rank": 7, "method": "BFS+Zoning", "n_grids": 9, "avg_micro": 80.396448015565, "cluster_score": 108.1643974251116, "buildable_ha": 18.750000000000004, "final_score": 100.33580669926795, "avg_bcr": 0.33333333333333337, "center_lat": 36.66424406524887, "center_lon": 127.509783784203}, "geometry": {"type": "MultiPolygon", "coordinates": [[[[127.5167772153431, 36.66286600280638], [127.51677672625712, 36.660612266947226], [127.51397936566016, 36.66061262811557], [127.51397977319571, 36.66286636400419], [127.5167772153431, 36.66286600280638]]], [[[127.5111826570243, 36.66512039455586], [127.511182331003, 36.66286665949792], [127.50838488877405, 36.66286688928756], [127.5083851332358, 36.665120624364256], [127.5111826570243, 36.66512039455586]]], [[[127.51398018077654, 36.66512009903802], [127.51398018077654, 36.665120099038035], [127.51398018077654, 36.665120099038035], [127.51398058840266, 36.66737383321701], [127.51677819367819, 36.66737347196023], [127.51677770448346, 36.66511973781073], [127.51677770448346, 36.66511973781073], [127.5167772153431, 36.66286600280638], [127.51397977319571, 36.662866364004195], [127.51397977319571, 36.66286636400419], [127.511182331003, 36.66286665949792], [127.5111826570243, 36.66512039455586], [127.51398018077654, 36.66512009903802]]], [[[127.50279008558641, 36.66512088685268], [127.50279000424372, 36.662867151754554], [127.49999256196045, 36.6628671844319], [127.49999256174361, 36.66512091953268], [127.50279008558641, 36.66512088685268]]], [[[127.50558744651794, 36.662867053373105], [127.50558744651794, 36.662867053373105], [127.50279000424372, 36.662867151754554], [127.50279008558641, 36.66512088685268], [127.50558760942016, 36.6651207884632], [127.50558777234049, 36.667374522698445], [127.50838537772475, 36.667374358586116], [127.5083851332358, 36.665120624364256], [127.5083851332358, 36.665120624364256], [127.50838488877405, 36.662866889287564], [127.50558744651794, 36.662867053373105]]]]}}, {"type": "Feature", "properties": {"rank": 8, "method": "BFS+Zoning", "n_grids": 9, "avg_micro": 73.20375736519733, "cluster_score": 98.4874394342358, "buildable_ha": 22.5, "final_score": 93.5619361056549, "avg_bcr": 0.4, "center_lat": 36.744578573991205, "center_lon": 127.39248813088356}, "geometry": {"type": "MultiPolygon", "coordinates": [[[[127.39078404890982, 36.73944358465538], [127.39078085583617, 36.74169728659426], [127.38798056066801, 36.741694683692856], [127.38797728536275, 36.74394838456373], [127.39077766240754, 36.74395098767739], [127.39077766240754, 36.74395098767739], [127.39077766240754, 36.74395098767739], [127.39077446862392, 36.746204687904786], [127.39077446862389, 36.746204687904786], [127.39077127448519, 36.74845838727642], [127.39077127448519, 36.74845838727642], [127.39077446862389, 36.746204687904786], [127.38797400969334, 36.746202084578854], [127.38797073365977, 36.748455783738194], [127.39077127448519, 36.74845838727643], [127.39076807999137, 36.75071208579228], [127.39356870307589, 36.750714623629854], [127.39357181566571, 36.74846092490708], [127.39357181566571, 36.74846092490708], [127.39357492790953, 36.746207225328526], [127.39357492790953, 36.746207225328526], [127.39357803980738, 36.743953524894216], [127.39637841755311, 36.74395599621419], [127.39638144722831, 36.74170229472263], [127.39358115135929, 36.741699823604186], [127.39357803980738, 36.743953524894216], [127.39357803980735, 36.743953524894216], [127.39358115135929, 36.741699823604186], [127.39358115135929, 36.741699823604186], [127.39358426256535, 36.739446121458435], [127.39078404890982, 36.73944358465538]]], [[[127.39917879563568, 36.74395840163725], [127.3991817434341, 36.741704699949544], [127.39638144722831, 36.74170229472263], [127.39637841755311, 36.74395599621419], [127.39917879563568, 36.74395840163725]]]]}}, {"type": "Feature", "properties": {"rank": 9, "method": "BFS+Zoning", "n_grids": 7, "avg_micro": 71.68974459834324, "cluster_score": 94.05093955287512, "buildable_ha": 17.499999999999996, "final_score": 90.45638618870242, "avg_bcr": 0.39999999999999997, "center_lat": 36.75314419049817, "center_lon": 127.4117699963209}, "geometry": {"type": "Polygon", "coordinates": [[[127.40757452657616, 36.74847262444567], [127.40757182350693, 36.75072632412249], [127.40757182350693, 36.75072632412249], [127.4075691201372, 36.752980022943575], [127.41036982707469, 36.75298216547756], [127.41036720532685, 36.7552358636176], [127.41036720532685, 36.7552358636176], [127.41036458328755, 36.75748956090186], [127.41316545437051, 36.75749163785601], [127.41316545437051, 36.75749163785602], [127.4159663257359, 36.75749364888091], [127.41596878391199, 36.75523995126332], [127.41316799447824, 36.75523794040241], [127.41316799447824, 36.75523794040241], [127.41316799447824, 36.75523794040241], [127.4131705343036, 36.75298424209304], [127.4131705343036, 36.75298424209304], [127.4131705343036, 36.75298424209304], [127.41597124181486, 36.752986252790016], [127.4159736994445, 36.75073255346096], [127.41317307384664, 36.750730542927954], [127.41317307384664, 36.750730542927954], [127.41037244853109, 36.75072846648178], [127.41037244853109, 36.75072846648178], [127.41037244853109, 36.75072846648178], [127.41037506969607, 36.74847476663027], [127.40757452657616, 36.74847262444567]]]}}, {"type": "Feature", "properties": {"rank": 10, "method": "BFS+Zoning", "n_grids": 5, "avg_micro": 81.34535846591369, "cluster_score": 103.2080559122714, "buildable_ha": 12.5, "final_score": 96.8663676402798, "avg_bcr": 0.4, "center_lat": 36.647765662116, "center_lon": 127.48125336020098}, "geometry": {"type": "MultiPolygon", "coordinates": [[[[127.48041503327002, 36.64483566293278], [127.48041446264406, 36.64708940474001], [127.4832113340739, 36.64708983174726], [127.4832113340739, 36.64708983174726], [127.48041446264406, 36.64708940474001], [127.48041446264406, 36.64708940474001], [127.47761759127764, 36.647088912066216], [127.47761693909214, 36.649342652978554], [127.48041389195467, 36.64934314569257], [127.48041389195467, 36.64934314569257], [127.48321084488059, 36.649343572734686], [127.4832113340739, 36.647089831747266], [127.48600820555814, 36.647090193087955], [127.48600861321003, 36.64483645121638], [127.48321182321286, 36.64483608990518], [127.48321182321286, 36.64483608990517], [127.48041503327002, 36.64483566293278]]], [[[127.48041332120184, 36.65159688579044], [127.48041389195467, 36.64934314569257], [127.47761693909214, 36.649342652978554], [127.4776162868342, 36.6515963930362], [127.48041332120184, 36.65159688579044]]]]}}]}