{"type": "FeatureCollection", "features": [{"type": "Feature", "properties": {"rank": 1, "method": "BFS+Zoning", "n_grids": 599, "avg_micro": 81.42182243223596, "cluster_score": 159.54927300701297, "buildable_ha": 1470.6249999999998, "final_score": 131.0780322239478, "avg_bcr": 0.39282136894824704, "center_lat": 36.907193880227354, "center_lon": 127.47792679877595}, "geometry": {"type": "MultiPolygon", "coordinates": [[[[127.44777463393272, 36.875176246582896], [127.4477730995064, 36.877429900130586], [127.45057834637241, 36.877431099804305], [127.45057979838063, 36.87517744615892], [127.44777463393272, 36.875176246582896]]], [[[127.45057979838063, 36.87517744615892], [127.45057834637241, 36.877431099804305], [127.45338359339986, 36.877432233262056], [127.45338496299001, 36.87517857952438], [127.45057979838063, 36.87517744615892]]], [[[127.44777156490949, 36.87968355282158], [127.44777003014191, 36.88193720465583], [127.44777003014191, 36.88193720465583], [127.44776849520368, 36.884190855633314], [127.44776849520368, 36.884190855633314], [127.44776696009474, 36.88644450575406], [127.45057253672464, 36.88644570581859], [127.45057253672464, 36.88644570581859], [127.4533781135161, 36.88644683964557], [127.45337948371554, 36.88419318933481], [127.45337948371554, 36.88419318933481], [127.4533781135161, 36.88644683964557], [127.4533781135161, 36.88644683964557], [127.45337674316428, 36.88870048909958], [127.45618240257203, 36.88870155677594], [127.45618240257204, 36.88870155677594], [127.458988062123, 36.88870255820936], [127.45898926754693, 36.88644890858689], [127.45899047283682, 36.88419525810767], [127.45899047283682, 36.88419525810767], [127.4589916779927, 36.8819416067717], [127.4589916779927, 36.8819416067717], [127.45899288301456, 36.87968795457901], [127.4561875532644, 36.87968695347171], [127.4561875532644, 36.87968695347171], [127.45899288301456, 36.87968795457901], [127.45899408790247, 36.877434301529604], [127.45618884057959, 36.87743330050382], [127.45618884057959, 36.87743330050382], [127.45338359339986, 36.87743223326206], [127.45338359339986, 36.87743223326206], [127.45057834637241, 36.877431099804305], [127.45057689420271, 36.879684752592986], [127.4533822236574, 36.87968588614303], [127.4533822236574, 36.87968588614303], [127.45057689420271, 36.879684752592986], [127.45057544187154, 36.881938404524945], [127.45057544187154, 36.881938404524945], [127.45057689420271, 36.879684752592986], [127.44777156490949, 36.87968355282158]], [[127.45618626580607, 36.88194060558289], [127.45618497820459, 36.884194256837326], [127.45618497820459, 36.884194256837326], [127.45618626580607, 36.88194060558289], [127.45618626580607, 36.88194060558289]], [[127.4561875532644, 36.87968695347171], [127.45618626580607, 36.881940605582884], [127.45618626580607, 36.881940605582884], [127.4561875532644, 36.87968695347171], [127.4561875532644, 36.87968695347171]]], [[[127.45056817779275, 36.893206651333195], [127.45056672449228, 36.8954602981244], [127.4505667244923, 36.8954602981244], [127.45056527103021, 36.89771394405874], [127.45337126023297, 36.89771507834741], [127.45337126023297, 36.89771507834741], [127.45056527103021, 36.89771394405874], [127.45056381740649, 36.899967589136224], [127.45336988911905, 36.89996872351724], [127.45336988911905, 36.89996872351725], [127.45617596098407, 36.899969791628344], [127.45617724958818, 36.897716146371565], [127.45617724958818, 36.897716146371565], [127.45617853804903, 36.8954625002579], [127.45337263119444, 36.895461432320715], [127.45337263119444, 36.8954614323207], [127.45617853804903, 36.8954625002579], [127.45617853804903, 36.8954625002579], [127.4589844450469, 36.89546350193596], [127.458985650873, 36.89320985488391], [127.458985650873, 36.89320985488391], [127.458985650873, 36.893209854883914], [127.458985650873, 36.893209854883914], [127.4589844450469, 36.89546350193595], [127.45898323908668, 36.89771714813116], [127.4617892287193, 36.89771808362622], [127.4617892287193, 36.89771808362622], [127.45898323908668, 36.89771714813116], [127.45898323908668, 36.89771714813116], [127.4589844450469, 36.89546350193596], [127.45617853804903, 36.8954625002579], [127.45617724958818, 36.89771614637155], [127.45617724958818, 36.89771614637155], [127.45617596098407, 36.89996979162833], [127.45898203299238, 36.8999707934695], [127.45898203299238, 36.8999707934695], [127.46178810513481, 36.899971729040736], [127.46178810513481, 36.899971729040736], [127.46459417740222, 36.899972598342025], [127.46459521847684, 36.89771895285674], [127.46459625943572, 36.89546530651461], [127.46459625943572, 36.89546530651461], [127.46459625943572, 36.89546530651461], [127.46459625943572, 36.89546530651461], [127.46459521847684, 36.89771895285674], [127.46459417740222, 36.899972598342025], [127.46740024978538, 36.89997340137336], [127.46740120835015, 36.8977197558227], [127.46740216680833, 36.89546610941519], [127.46740216680833, 36.89546610941519], [127.46740312515993, 36.89321246215086], [127.46740312515996, 36.89321246215086], [127.46740216680833, 36.89546610941519], [127.46740216680833, 36.89546610941519], [127.46740120835015, 36.8977197558227], [127.46740024978538, 36.89997340137336], [127.47020632227513, 36.89997413813472], [127.47020544612282, 36.902227782888495], [127.47301160122906, 36.902228453434475], [127.47301160122906, 36.902228453434475], [127.47301160122906, 36.902228453434475], [127.47301080750755, 36.904482097385944], [127.47020456987306, 36.90448142678537], [127.47020544612282, 36.902227782888495], [127.47020544612282, 36.902227782888495], [127.47020632227513, 36.89997413813473], [127.46740024978538, 36.899973401373366], [127.46740024978538, 36.899973401373366], [127.46459417740222, 36.89997259834203], [127.46459313621182, 36.902226242970436], [127.46459313621182, 36.902226242970436], [127.46459417740222, 36.89997259834203], [127.46178810513484, 36.89997172904074], [127.46178810513481, 36.89997172904074], [127.45898203299238, 36.899970793469514], [127.45898082676396, 36.90222443795096], [127.45898082676396, 36.90222443795096], [127.45897962040138, 36.90447808157552], [127.45897962040138, 36.90447808157552], [127.45897962040138, 36.90447808157552], [127.45897962040138, 36.90447808157552], [127.45898082676396, 36.90222443795096], [127.45898082676393, 36.90222443795096], [127.45898203299238, 36.899970793469514], [127.45617596098407, 36.899969791628344], [127.45617467223664, 36.90222343602823], [127.45617467223664, 36.90222343602823], [127.45617467223664, 36.90222343602824], [127.45336851785264, 36.902222367830184], [127.45336714643378, 36.904476011286185], [127.45056090967412, 36.904474876720464], [127.45055945556541, 36.906728519227194], [127.45336577486236, 36.90672965388529], [127.45336714643378, 36.90447601128621], [127.45336714643378, 36.90447601128621], [127.45336577486236, 36.90672965388529], [127.45055945556541, 36.9067285192272], [127.450558001295, 36.90898216087698], [127.45336440313844, 36.90898329562745], [127.45336440313844, 36.90898329562745], [127.45336303126196, 36.91123693651263], [127.45336303126196, 36.91123693651263], [127.45336165923293, 36.913490576540816], [127.45336165923293, 36.913490576540816], [127.45336028705131, 36.91574421571201], [127.4561669367419, 36.91574528443193], [127.45616822634946, 36.91349164517375], [127.45616822634946, 36.91349164517375], [127.45616951581363, 36.911238005058586], [127.45616951581363, 36.911238005058586], [127.45616951581363, 36.9112380050586], [127.45616951581363, 36.9112380050586], [127.45616822634946, 36.91349164517376], [127.45616822634946, 36.91349164517376], [127.4561669367419, 36.915745284431935], [127.4561669367419, 36.915745284431935], [127.4561669367419, 36.915745284431935], [127.45336028705131, 36.91574421571201], [127.45336165923293, 36.913490576540816], [127.45336165923293, 36.913490576540816], [127.45336303126196, 36.911236936512644], [127.45336303126196, 36.911236936512644], [127.45336440313844, 36.90898329562745], [127.450558001295, 36.90898216087698], [127.45055654686284, 36.911235801669775], [127.45055654686284, 36.911235801669775], [127.45055509226896, 36.9134894416056], [127.45055509226896, 36.9134894416056], [127.45055363751331, 36.91574308068441], [127.45055218259589, 36.917996718906174], [127.45335891471707, 36.917997854026176], [127.45335891471707, 36.917997854026176], [127.45616564699091, 36.91799892283311], [127.45616564699091, 36.91799892283311], [127.45897237940815, 36.917999925326924], [127.45897358657591, 36.915746286844175], [127.45897358657591, 36.915746286844175], [127.45897237940815, 36.917999925326924], [127.45897237940815, 36.917999925326924], [127.45897237940815, 36.91799992532693], [127.45616564699091, 36.91799892283311], [127.45616435709651, 36.92025256037723], [127.45616435709648, 36.92025256037723], [127.45616564699091, 36.91799892283311], [127.45335891471707, 36.91799785402618], [127.45335754223025, 36.92025149148331], [127.45335754223025, 36.92025149148331], [127.45335891471707, 36.91799785402618], [127.45055218259589, 36.917996718906174], [127.45055072751664, 36.920250356270905], [127.45055072751664, 36.920250356270905], [127.4505492722756, 36.92250399277855], [127.4505492722756, 36.92250399277855], [127.45054781687271, 36.92475762842911], [127.45335479679868, 36.92475876382633], [127.45335479679868, 36.92475876382634], [127.45054781687271, 36.92475762842912], [127.45054636130797, 36.927011263222575], [127.45335342385388, 36.92701239871222], [127.45335205075642, 36.92926603274097], [127.45615919608419, 36.92926710198295], [127.45616048655249, 36.92701346786717], [127.45335342385388, 36.92701239871222], [127.45335342385388, 36.927012398712215], [127.45616048655249, 36.92701346786716], [127.4561617768773, 36.92475983289427], [127.45335479679868, 36.92475876382633], [127.45335479679868, 36.92475876382633], [127.4561617768773, 36.92475983289427], [127.45616306705864, 36.922506197064294], [127.45616306705864, 36.922506197064294], [127.45616435709651, 36.92025256037723], [127.45897117210619, 36.92025356295265], [127.45897117210619, 36.920253562952645], [127.46177798725014, 36.92025449920956], [127.46177911195967, 36.918000861507636], [127.46177911195967, 36.918000861507636], [127.46178023654414, 36.91574722294868], [127.46178023654414, 36.91574722294868], [127.46177911195967, 36.91800086150764], [127.46177911195967, 36.91800086150764], [127.46177798725014, 36.92025449920957], [127.46177798725014, 36.92025449920957], [127.46177798725014, 36.92025449920957], [127.45897117210619, 36.92025356295265], [127.45896996466995, 36.922507199721316], [127.46177686241553, 36.92250813605445], [127.46177573745584, 36.92476177204225], [127.46458271793733, 36.924762642122296], [127.46458376028622, 36.92250900606366], [127.46458376028622, 36.92250900606366], [127.46458480251918, 36.92025536914798], [127.46458480251918, 36.92025536914798], [127.46458480251918, 36.92025536914799], [127.46458480251918, 36.92025536914799], [127.46458376028622, 36.922509006063656], [127.46458376028622, 36.922509006063656], [127.46458271793736, 36.924762642122296], [127.46738969853479, 36.924763445873005], [127.4673906582728, 36.922509809748966], [127.4673906582728, 36.922509809748966], [127.46738969853479, 36.924763445873005], [127.47019667923895, 36.92476418329438], [127.47300366004066, 36.92476485438643], [127.47300366004066, 36.92476485438643], [127.47581064093073, 36.92476545914912], [127.47581064093073, 36.92476545914911], [127.47861762189997, 36.92476599758247], [127.47861762189997, 36.92476599758247], [127.48142460293919, 36.92476646968647], [127.48142460293919, 36.92476646968647], [127.48423158403922, 36.924766875461096], [127.48423204811192, 36.922513239057906], [127.48142514962281, 36.92251283331631], [127.48142514962281, 36.92251283331631], [127.48142569624562, 36.92025919608912], [127.48142569624562, 36.92025919608911], [127.48142624280767, 36.91800555800489], [127.47861950957358, 36.91800508601616], [127.47861950957358, 36.91800508601616], [127.47581277640947, 36.91800454771428], [127.47581277640947, 36.91800454771427], [127.47300604332449, 36.91800394309924], [127.47300524898488, 36.920257581052], [127.47300524898488, 36.920257581052], [127.47300445455694, 36.92251121814774], [127.47300445455694, 36.92251121814774], [127.47300524898488, 36.920257581052], [127.47300524898488, 36.920257581052], [127.47300604332449, 36.91800394309924], [127.47019931032783, 36.91800327217105], [127.47019931032783, 36.91800327217105], [127.46739257742868, 36.918002534929705], [127.46739257742868, 36.918002534929705], [127.46458584463625, 36.918001731375234], [127.46458584463625, 36.918001731375234], [127.46458584463625, 36.918001731375234], [127.46458688663743, 36.915748092745474], [127.46458688663743, 36.915748092745474], [127.46458584463625, 36.918001731375234], [127.46739257742868, 36.9180025349297], [127.46739257742868, 36.9180025349297], [127.47019931032783, 36.91800327217104], [127.4702001871624, 36.91574963341585], [127.46739353684657, 36.91574889623453], [127.46739353684657, 36.91574889623453], [127.4702001871624, 36.91574963341585], [127.4702010638995, 36.913495993803686], [127.4702010638995, 36.913495993803686], [127.4702019405391, 36.91124235333452], [127.4702019405391, 36.91124235333452], [127.4702010638995, 36.913495993803686], [127.47300763173871, 36.913496664622656], [127.47300763173871, 36.91349666462265], [127.47300763173871, 36.91349666462265], [127.47300683757575, 36.91575030428944], [127.4758134880774, 36.915750908855266], [127.4758134880774, 36.915750908855266], [127.47862013865819, 36.91575144711334], [127.47862013865819, 36.91575144711334], [127.48142678930894, 36.915751919063645], [127.48142733574943, 36.91349827926541], [127.48142733574943, 36.91349827926541], [127.48142678930894, 36.915751919063645], [127.48423344002046, 36.91575232470618], [127.48423344002046, 36.91575232470619], [127.48704009078355, 36.91575266404095], [127.48704009078355, 36.91575266404095], [127.48984674158903, 36.91575293706794], [127.48984704030701, 36.91349929718686], [127.48984704030701, 36.91349929718686], [127.48984733899178, 36.91124565644883], [127.4926538246913, 36.91124586313439], [127.49265360857154, 36.91349950388924], [127.49265360857154, 36.91349950388924], [127.49265339242777, 36.91575314378715], [127.48984674158903, 36.91575293706794], [127.48984644283784, 36.91800657609205], [127.48984644283784, 36.91800657609205], [127.48984674158903, 36.91575293706794], [127.48704009078355, 36.91575266404095], [127.48423344002043, 36.91575232470619], [127.48423297610253, 36.91800596368045], [127.48703970944898, 36.91800630304283], [127.48703970944898, 36.91800630304283], [127.48703970944898, 36.91800630304283], [127.48423297610253, 36.91800596368045], [127.48423251213305, 36.92025960179769], [127.48423251213305, 36.92025960179769], [127.48423204811195, 36.9225132390579], [127.48423204811192, 36.9225132390579], [127.48423251213302, 36.9202596017977], [127.48423251213305, 36.9202596017977], [127.48423297610253, 36.91800596368046], [127.48142624280767, 36.9180055580049], [127.48142569624562, 36.92025919608911], [127.48142569624562, 36.92025919608911], [127.48142514962281, 36.922512833316304], [127.48423204811192, 36.9225132390579], [127.48423158403922, 36.92476687546108], [127.48703856519086, 36.92476721490635], [127.48703894665263, 36.92251357847555], [127.48703894665266, 36.92251357847555], [127.48703856519086, 36.92476721490635], [127.48703856519086, 36.92476721490635], [127.48703856519086, 36.92476721490636], [127.48423158403922, 36.924766875461096], [127.48423111991492, 36.927020511007214], [127.48703818368665, 36.927020850480105], [127.48703818368665, 36.927020850480105], [127.4898452475008, 36.927021123618225], [127.4898452475008, 36.92702112361823], [127.4898452475008, 36.92702112361823], [127.4898452475008, 36.92702112361823], [127.48703818368665, 36.92702085048011], [127.48703818368665, 36.92702085048011], [127.48423111991492, 36.92702051100722], [127.484230655739, 36.929274145696255], [127.48423065573897, 36.929274145696255], [127.48423065573897, 36.92927414569626], [127.48142350938959, 36.929273739855574], [127.4814240561948, 36.92702010519957], [127.47861699253548, 36.92701963305714], [127.47861699253548, 36.92701963305714], [127.47580992894616, 36.92701909457997], [127.47580992894616, 36.92701909457996], [127.47580992894616, 36.92701909457996], [127.47580992894616, 36.92701909457996], [127.47861699253548, 36.927019633057135], [127.47861699253548, 36.927019633057135], [127.4814240561948, 36.92702010519955], [127.48142460293919, 36.92476646968647], [127.47861762189997, 36.92476599758247], [127.47861762189997, 36.92476599758247], [127.47581064093073, 36.92476545914912], [127.47581064093073, 36.92476545914912], [127.47300366004066, 36.92476485438643], [127.47300286543603, 36.927018489768045], [127.47300286543603, 36.927018489768045], [127.47300207074301, 36.92927212429256], [127.47300207074301, 36.92927212429256], [127.47300207074301, 36.92927212429256], [127.470194924692, 36.92927145309128], [127.47019404727216, 36.93152508670406], [127.47300127596161, 36.931525757959974], [127.47300127596161, 36.931525757959974], [127.47580850473945, 36.93152636287036], [127.47580850473945, 36.93152636287036], [127.47300127596161, 36.931525757959974], [127.47300127596161, 36.93152575795998], [127.47019404727216, 36.93152508670406], [127.47019404727216, 36.93152508670406], [127.470194924692, 36.92927145309128], [127.470194924692, 36.92927145309128], [127.47019580201423, 36.92701781862139], [127.46738873869002, 36.92701708113999], [127.46738777873851, 36.929270715549855], [127.46458063289184, 36.9292699116683], [127.46458063289184, 36.92926991166829], [127.46738777873851, 36.92927071554985], [127.46738873869002, 36.92701708113998], [127.46458167547254, 36.92701627732386], [127.46458167547254, 36.92701627732386], [127.46738873869002, 36.92701708113998], [127.46738969853476, 36.924763445873005], [127.46458271793733, 36.924762642122296], [127.46458271793733, 36.924762642122296], [127.46177573745584, 36.92476177204227], [127.46177461237103, 36.927015407172995], [127.46458167547254, 36.92701627732386], [127.46458167547254, 36.92701627732386], [127.46177461237103, 36.92701540717301], [127.46177348716108, 36.92926904144663], [127.45896634155548, 36.929268104884855], [127.45896513358201, 36.931521738225115], [127.45896513358201, 36.931521738225115], [127.45896634155548, 36.92926810488484], [127.45615919608419, 36.92926710198295], [127.45615790547237, 36.9315207352416], [127.45615790547237, 36.9315207352416], [127.45615919608419, 36.92926710198295], [127.45335205075642, 36.92926603274098], [127.45335205075642, 36.92926603274098], [127.45335205075642, 36.92926603274098], [127.45335342385388, 36.92701239871222], [127.45054636130797, 36.927011263222575], [127.45054490558134, 36.92926489715892], [127.45054490558134, 36.92926489715892], [127.45054344969284, 36.931518530238115], [127.45054344969284, 36.931518530238115], [127.45054199364242, 36.933772162460144], [127.45334930410334, 36.93377329822705], [127.45335067750624, 36.931519665912596], [127.45335067750624, 36.931519665912596], [127.45335067750624, 36.931519665912596], [127.45335067750624, 36.931519665912596], [127.45334930410334, 36.93377329822705], [127.456156614717, 36.93377436764309], [127.456156614717, 36.933774367643096], [127.45615661471703, 36.933774367643096], [127.45615532381812, 36.9360279991874], [127.45615532381812, 36.9360279991874], [127.45615403277563, 36.93828162987453], [127.45615403277566, 36.93828162987453], [127.45615274158959, 36.94053525970445], [127.45615274158959, 36.94053525970445], [127.45615274158959, 36.94053525970445], [127.45334518297815, 36.94053419002729], [127.45334380896418, 36.94278781891292], [127.45334380896418, 36.94278781891292], [127.45334243479742, 36.9450414469413], [127.4561501587867, 36.945042516792576], [127.4561501587867, 36.945042516792576], [127.45895788291959, 36.94504352026595], [127.45895788291959, 36.94504352026595], [127.45895788291959, 36.945043520265955], [127.4561501587867, 36.94504251679258], [127.4561488671698, 36.947296144050746], [127.4561488671698, 36.947296144050746], [127.4561501587867, 36.945042516792576], [127.45334243479742, 36.94504144694131], [127.45334106047781, 36.94729507411242], [127.45334106047781, 36.94729507411242], [127.45334106047781, 36.94729507411242], [127.45053325393867, 36.9472939377908], [127.45053179675433, 36.94954756401216], [127.45333968600538, 36.94954870042624], [127.45333968600538, 36.94954870042624], [127.45614757540925, 36.949549770451625], [127.4561488671698, 36.947296144050746], [127.4561488671698, 36.947296144050746], [127.45614757540925, 36.94954977045163], [127.45895546495682, 36.94955077408833], [127.45895546495682, 36.949550774088316], [127.46176335463883, 36.94955171133631], [127.46176335463885, 36.94955171133631], [127.46457124444613, 36.94955258219557], [127.46457228807085, 36.94729895556591], [127.46457228807085, 36.94729895556591], [127.46457333157952, 36.94504532807897], [127.46738105608814, 36.9450461324186], [127.46738201678721, 36.94279250400894], [127.46457437497216, 36.94279169973477], [127.46457437497216, 36.94279169973476], [127.46738201678721, 36.94279250400894], [127.46738297737943, 36.94053887474206], [127.47019053661693, 36.94053961258366], [127.47019141442715, 36.938285982399535], [127.47019141442715, 36.938285982399535], [127.47019141442715, 36.938285982399535], [127.47299889108706, 36.93828665381936], [127.47299889108706, 36.93828665381936], [127.47580636783539, 36.93828725887745], [127.47580708021594, 36.93603362773224], [127.47299968613365, 36.93603302272339], [127.47299968613365, 36.93603302272339], [127.47019229213976, 36.9360323513582], [127.47019229213976, 36.9360323513582], [127.47019316975474, 36.93377871945971], [127.47019316975474, 36.93377871945971], [127.47019229213976, 36.9360323513582], [127.47299968613365, 36.93603302272339], [127.47300048109183, 36.93377939077027], [127.47300048109183, 36.93377939077027], [127.47300048109183, 36.93377939077026], [127.47300048109183, 36.93377939077026], [127.47299968613366, 36.93603302272339], [127.47580708021597, 36.93603362773224], [127.47580708021597, 36.93603362773224], [127.4786144743775, 36.936034166384744], [127.4786144743775, 36.93603416638473], [127.48142186860906, 36.93603463868088], [127.48142241559673, 36.93378100659624], [127.48142241559673, 36.93378100659623], [127.48142296252357, 36.93152737365447], [127.48142296252357, 36.93152737365447], [127.48142241559673, 36.93378100659625], [127.48142241559673, 36.93378100659625], [127.48142186860906, 36.93603463868088], [127.48142186860906, 36.93603463868088], [127.48142132156055, 36.93828826990836], [127.48422879851897, 36.93828867588119], [127.48422833408489, 36.94054230628453], [127.4870358937702, 36.94054264592323], [127.4870358937702, 36.94054264592323], [127.48984345349798, 36.94054291919477], [127.48984345349798, 36.94054291919477], [127.49265101325902, 36.940543126099136], [127.49265122966737, 36.938289495629085], [127.49265122966737, 36.938289495629085], [127.49265144605165, 36.93603586430186], [127.48984405163193, 36.93603565743116], [127.4898437525816, 36.93828928874155], [127.4898437525816, 36.93828928874155], [127.48984405163193, 36.93603565743116], [127.48984405163193, 36.93603565743116], [127.48984405163193, 36.93603565743116], [127.49265144605165, 36.93603586430186], [127.49265166241189, 36.93378223211747], [127.48984435064904, 36.93378202526361], [127.48984435064904, 36.93378202526361], [127.48984435064904, 36.93378202526361], [127.48984464963287, 36.93152839223893], [127.48984464963287, 36.93152839223893], [127.48984464963287, 36.93152839223893], [127.48984435064904, 36.93378202526361], [127.49265166241189, 36.93378223211747], [127.49265166241189, 36.93378223211747], [127.4954589741988, 36.93378237262035], [127.4954589741988, 36.93378237262036], [127.49265166241189, 36.93378223211748], [127.49265144605165, 36.93603586430186], [127.49545884049546, 36.93603600481618], [127.49545884049546, 36.93603600481618], [127.49265144605165, 36.93603586430186], [127.49265122966737, 36.938289495629085], [127.49265122966737, 36.938289495629085], [127.49265101325905, 36.940543126099136], [127.49545857304416, 36.940543266636325], [127.49545870677726, 36.938289636154835], [127.49545870677723, 36.938289636154835], [127.49545870677723, 36.93828963615483], [127.49826618390196, 36.938289710318806], [127.49826623495412, 36.93603607897412], [127.49826623495412, 36.93603607897412], [127.50107362941844, 36.93603608677569], [127.50107359780806, 36.93378245457321], [127.50107359780806, 36.93378245457321], [127.50107356620117, 36.9315288215136], [127.50107356620117, 36.9315288215136], [127.50107353459781, 36.929275187596865], [127.49826638807652, 36.92927517979719], [127.49826638807652, 36.92927517979718], [127.49545924156091, 36.92927510565734], [127.49545937521967, 36.927021470890175], [127.49545937521967, 36.927021470890175], [127.49545950886355, 36.92476783526593], [127.49265252761221, 36.924767694808786], [127.4926523113482, 36.927021330421596], [127.4926523113482, 36.927021330421596], [127.49265209506015, 36.92927496517732], [127.49265209506015, 36.92927496517732], [127.49265209506015, 36.92927496517732], [127.48984494858347, 36.92927475835713], [127.48984494858347, 36.92927475835713], [127.48984494858347, 36.92927475835713], [127.48984494858347, 36.92927475835713], [127.49265209506015, 36.92927496517732], [127.4926523113482, 36.927021330421596], [127.4926523113482, 36.927021330421596], [127.49265252761221, 36.924767694808786], [127.48984554638493, 36.92476748802225], [127.48984554638493, 36.92476748802224], [127.48984554638493, 36.92476748802224], [127.48984554638493, 36.92476748802224], [127.49265252761221, 36.92476769480877], [127.49265252761221, 36.92476769480877], [127.49545950886355, 36.924767835265925], [127.49545964249258, 36.922514198784626], [127.49545964249258, 36.922514198784626], [127.49545950886355, 36.92476783526593], [127.49545950886355, 36.92476783526593], [127.49545937521967, 36.927021470890175], [127.49826643910598, 36.92702154502399], [127.49826643910598, 36.92702154502399], [127.49826643910598, 36.92702154502399], [127.49545937521967, 36.927021470890175], [127.49545924156091, 36.92927510565734], [127.49826638807652, 36.92927517979718], [127.49826638807652, 36.92927517979718], [127.50107353459781, 36.92927518759686], [127.50107350299795, 36.92702155282302], [127.50107350299795, 36.92702155282302], [127.50388056688642, 36.927021494287295], [127.50388045266999, 36.924767858661134], [127.50107347140161, 36.92476791719211], [127.49826649012975, 36.92476790939371], [127.49826649012975, 36.92476790939371], [127.49826649012975, 36.92476790939371], [127.49826654114787, 36.922514272906376], [127.49545964249258, 36.922514198784626], [127.49545977610676, 36.920260561446305], [127.49545977610676, 36.920260561446305], [127.49545977610676, 36.920260561446305], [127.49826659216028, 36.92026063556201], [127.49826659216028, 36.920260635562], [127.49826659216028, 36.920260635562], [127.49826654114787, 36.92251427290637], [127.5010734398088, 36.922514280704135], [127.50107340821948, 36.92026064335915], [127.50388022427519, 36.9202605848377], [127.50388011009684, 36.91800694664044], [127.50107337663368, 36.91800700515712], [127.50107340821948, 36.92026064335914], [127.50107340821948, 36.92026064335914], [127.50107337663368, 36.918007005157115], [127.50107337663368, 36.918007005157115], [127.50107334505141, 36.91575336609809], [127.50107334505141, 36.91575336609809], [127.50107334505141, 36.91575336609809], [127.50387999593116, 36.915753307586165], [127.50387999593116, 36.91575330758617], [127.50107334505141, 36.91575336609809], [127.50107337663368, 36.918007005157115], [127.50388011009684, 36.91800694664044], [127.50388011009684, 36.91800694664044], [127.50668684354729, 36.91800682181057], [127.50668664679824, 36.91575318276647], [127.50668664679824, 36.91575318276647], [127.50668645007109, 36.9134995428654], [127.50668645007109, 36.9134995428654], [127.50668625336581, 36.911245902107346], [127.50668625336581, 36.911245902107346], [127.50668605668243, 36.90899226049236], [127.50668605668243, 36.90899226049236], [127.50668625336581, 36.911245902107346], [127.50949273907183, 36.911245711010984], [127.50949245983261, 36.90899206941155], [127.50668605668243, 36.90899226049236], [127.5066858600209, 36.90673861802044], [127.50387953939548, 36.90673874279951], [127.50387965351038, 36.908992385281586], [127.50387965351035, 36.908992385281586], [127.50387953939548, 36.90673874279952], [127.50107321875738, 36.906738801292384], [127.50107321875738, 36.90673880129238], [127.50107318719265, 36.904485157948635], [127.50107318719265, 36.904485157948635], [127.50107318719265, 36.904485157948635], [127.50107318719265, 36.904485157948635], [127.50107321875738, 36.90673880129238], [127.50387953939548, 36.90673874279951], [127.50387953939548, 36.906738742799504], [127.5066858600209, 36.90673861802044], [127.50668566338122, 36.90448497469163], [127.50668566338122, 36.90448497469163], [127.5066858600209, 36.90673861802044], [127.50949218062445, 36.90673842695518], [127.50949190144732, 36.90448478364191], [127.50949190144732, 36.90448478364191], [127.50949162230123, 36.902231139471766], [127.50668546676343, 36.90223133050592], [127.50668566338122, 36.904484974691606], [127.50668566338122, 36.904484974691606], [127.50668546676343, 36.90223133050592], [127.50668546676343, 36.90223133050592], [127.50668546676343, 36.90223133050592], [127.50949162230123, 36.90223113947176], [127.50949134318618, 36.899977494444734], [127.5066852701675, 36.89997768546335], [127.5066852701675, 36.89997768546334], [127.50949134318618, 36.899977494444734], [127.50949106410218, 36.89772384856086], [127.5066850735934, 36.89772403956391], [127.5066850735934, 36.89772403956391], [127.50949106410218, 36.89772384856086], [127.5094907850492, 36.895470201820146], [127.50949050602725, 36.89321655422265], [127.50949050602725, 36.89321655422265], [127.50949022703631, 36.89096290576834], [127.5066844840023, 36.89096309672474], [127.5066844840023, 36.89096309672475], [127.50387874094648, 36.89096322143273], [127.50387885497256, 36.89321686991273], [127.50387885497256, 36.89321686991273], [127.50387896901135, 36.89547051753594], [127.50387896901135, 36.89547051753594], [127.50387885497256, 36.893216869912735], [127.50107302942163, 36.89321692837704], [127.50107302942163, 36.893216928377036], [127.50387885497256, 36.89321686991273], [127.50387874094648, 36.89096322143272], [127.50107299787794, 36.890963279892254], [127.50107299787794, 36.890963279892254], [127.49826725480591, 36.89096327210337], [127.49826725480591, 36.89096327210337], [127.49546151173955, 36.89096319806605], [127.49546164514585, 36.88870954873118], [127.49546164514585, 36.88870954873118], [127.49546164514585, 36.88870954873118], [127.49546164514585, 36.88870954873118], [127.49546151173955, 36.89096319806605], [127.49826725480591, 36.89096327210337], [127.49826725480591, 36.89096327210337], [127.50107299787794, 36.890963279892254], [127.50107299787794, 36.890963279892254], [127.50387874094648, 36.89096322143272], [127.50387874094648, 36.89096322143272], [127.5066844840023, 36.89096309672474], [127.50668428751565, 36.88870944739812], [127.50668428751565, 36.88870944739812], [127.50668409105083, 36.88645579721473], [127.50668409105083, 36.88645579721473], [127.50668409105083, 36.88645579721473], [127.50668409105083, 36.88645579721473], [127.50668428751565, 36.88870944739812], [127.50948994807642, 36.888709256457254], [127.50948994807642, 36.888709256457254], [127.51229560860615, 36.88870899927337], [127.51229524721322, 36.88645534912647], [127.50948966914753, 36.88645560628942], [127.50948966914753, 36.88645560628942], [127.50948966914753, 36.88645560628942], [127.50948966914753, 36.88645560628942], [127.51229524721319, 36.886455349126464], [127.51229488586043, 36.884201698122844], [127.50948939024966, 36.88420195526485], [127.50948911138279, 36.88194830338359], [127.50668369818676, 36.88194849427781], [127.50668389460787, 36.884202146174616], [127.50668389460787, 36.884202146174616], [127.50668389460787, 36.884202146174616], [127.50387839894425, 36.88420227085214], [127.5038785129323, 36.8864559219024], [127.5038785129323, 36.8864559219024], [127.5010729348011, 36.88645598035243], [127.5010729348011, 36.88645598035243], [127.49826735666639, 36.886455972564804], [127.49826730573899, 36.88870962276246], [127.49826730573899, 36.88870962276246], [127.49826730573899, 36.88870962276246], [127.49826735666639, 36.886455972564804], [127.49546177853735, 36.88645589853956], [127.49546177853735, 36.88645589853956], [127.49265620042311, 36.886455758276654], [127.49265598456756, 36.88870940845686], [127.49265598456756, 36.88870940845686], [127.49265576868801, 36.89096305778032], [127.49546151173955, 36.89096319806607], [127.49546151173955, 36.89096319806607], [127.49265576868801, 36.89096305778032], [127.49265555278443, 36.893216706247], [127.49265555278443, 36.893216706247], [127.49265576868801, 36.890963057780326], [127.48985002566046, 36.89096285124616], [127.48985002566046, 36.89096285124616], [127.48704428266612, 36.89096257846355], [127.48704390179773, 36.89321622689121], [127.487043520887, 36.89546987446206], [127.48704352088697, 36.89546987446206], [127.48704352088697, 36.89546987446206], [127.48704390179773, 36.893216226891205], [127.48704390179773, 36.893216226891205], [127.48704428266612, 36.890962578463544], [127.48704428266612, 36.890962578463544], [127.48985002566046, 36.89096285124615], [127.48985032401326, 36.888709201939506], [127.48985032401326, 36.888709201939506], [127.48985002566046, 36.89096285124615], [127.49265576868801, 36.89096305778032], [127.49265598456756, 36.88870940845686], [127.49265598456755, 36.88870940845686], [127.49265620042311, 36.886455758276654], [127.4898506223329, 36.886455551776116], [127.4898506223329, 36.88645555177611], [127.48704504427585, 36.886455279037925], [127.48704504427585, 36.886455279037925], [127.48423946626114, 36.8864549400621], [127.48423900301339, 36.88870859017569], [127.48704466349216, 36.88870892917911], [127.48704466349216, 36.88870892917911], [127.48985032401326, 36.8887092019395], [127.48985032401326, 36.888709201939506], [127.48704466349216, 36.88870892917911], [127.48704466349216, 36.88870892917911], [127.48423900301339, 36.88870859017569], [127.48423853971413, 36.89096223943251], [127.4842385397141, 36.89096223943251], [127.48423807636331, 36.89321588783257], [127.48423807636331, 36.89321588783257], [127.48423807636331, 36.89321588783257], [127.48143225098045, 36.89321548252013], [127.48143225098045, 36.89321548252013], [127.47862642565826, 36.89321501095388], [127.47862579727281, 36.89546865842573], [127.47862579727278, 36.89546865842573], [127.47862516881747, 36.897722305040766], [127.48143115913194, 36.897722776683814], [127.48143115913194, 36.89772277668383], [127.47862516881747, 36.89772230504078], [127.47862454029223, 36.89997595079898], [127.48143061311663, 36.89997642248043], [127.4814300670406, 36.90223006742018], [127.4842362224448, 36.90223047286463], [127.48423668600175, 36.89997682789188], [127.48423668600175, 36.89997682789188], [127.4842362224448, 36.90223047286463], [127.4842362224448, 36.90223047286463], [127.4842362224448, 36.902230472864645], [127.4814300670406, 36.902230067420184], [127.48142952090386, 36.90448371150305], [127.48423575883633, 36.90448411698052], [127.48423575883633, 36.90448411698051], [127.48423575883633, 36.90448411698051], [127.4842352951763, 36.9067377602395], [127.48704161569776, 36.906738099463794], [127.48704161569776, 36.906738099463794], [127.48704161569776, 36.906738099463794], [127.4870412345328, 36.9089917418935], [127.48984763764332, 36.90899201485382], [127.48984793626165, 36.906738372401904], [127.48984793626165, 36.906738372401904], [127.48984823484678, 36.90448472909308], [127.48984823484678, 36.90448472909308], [127.48984853339871, 36.902231084927365], [127.48704237790058, 36.9022308120337], [127.48704199682035, 36.90448445617719], [127.48704199682035, 36.90448445617719], [127.48704199682035, 36.90448445617719], [127.48704199682035, 36.90448445617719], [127.48704237790058, 36.9022308120337], [127.48704237790058, 36.9022308120337], [127.4870427589384, 36.89997716703333], [127.4870427589384, 36.89997716703333], [127.48704237790058, 36.90223081203369], [127.48984853339871, 36.90223108492736], [127.48984853339871, 36.90223108492736], [127.49265468893002, 36.90223129154562], [127.49265490492965, 36.89997764650622], [127.49546097796588, 36.89997778683766], [127.49546111143155, 36.89772414092999], [127.49546111143155, 36.89772414092999], [127.49546124488238, 36.89547049416547], [127.49546124488238, 36.89547049416547], [127.49546137831838, 36.89321684654417], [127.49546137831838, 36.89321684654417], [127.49546124488238, 36.89547049416547], [127.49546124488238, 36.89547049416547], [127.49546111143155, 36.89772414092999], [127.49546111143155, 36.89772414092999], [127.49546097796588, 36.89997778683766], [127.49826705101697, 36.89997786089909], [127.4982671019727, 36.89772421498539], [127.4982671019727, 36.89772421498539], [127.49826715292278, 36.89547056821485], [127.49826715292278, 36.89547056821485], [127.49826715292278, 36.89547056821485], [127.49826715292278, 36.89547056821485], [127.4982671019727, 36.89772421498539], [127.50107309251952, 36.897724222776176], [127.50107309251952, 36.897724222776176], [127.50387908306281, 36.897724164302346], [127.50387908306281, 36.897724164302346], [127.5066850735934, 36.89772403956391], [127.5066850735934, 36.89772403956392], [127.50387908306281, 36.89772416430235], [127.50387908306281, 36.89772416430235], [127.50107309251952, 36.897724222776176], [127.50107309251952, 36.897724222776176], [127.4982671019727, 36.89772421498539], [127.49826705101697, 36.89997786089909], [127.5010731240737, 36.89997786869052], [127.5010731240737, 36.89997786869052], [127.49826705101697, 36.89997786089911], [127.49826705101697, 36.89997786089911], [127.49546097796588, 36.89997778683767], [127.49546097796588, 36.89997778683767], [127.49265490492965, 36.899977646506244], [127.49265468893002, 36.90223129154563], [127.48984853339871, 36.90223108492736], [127.48984823484678, 36.90448472909308], [127.48984823484678, 36.90448472909308], [127.48984793626165, 36.906738372401904], [127.49265425685871, 36.90673857905381], [127.49265425685871, 36.90673857905381], [127.48984793626165, 36.906738372401904], [127.48984763764332, 36.90899201485382], [127.49265404078702, 36.90899222152256], [127.49265404078702, 36.90899222152257], [127.48984763764332, 36.90899201485384], [127.48984763764332, 36.90899201485384], [127.48704123453281, 36.9089917418935], [127.48704085332545, 36.91124538346628], [127.48704085332545, 36.91124538346628], [127.48704085332545, 36.91124538346628], [127.4870412345328, 36.9089917418935], [127.4870412345328, 36.9089917418935], [127.48704161569776, 36.9067380994638], [127.48423529517628, 36.906737760239515], [127.48142897470636, 36.90673735472904], [127.48142842844813, 36.90899099709811], [127.48142842844813, 36.90899099709811], [127.48142788212915, 36.91124463861023], [127.48142788212915, 36.91124463861023], [127.48142842844813, 36.908990997098094], [127.48142842844813, 36.908990997098094], [127.48142897470636, 36.90673735472904], [127.48142897470636, 36.906737354729025], [127.48142952090386, 36.90448371150305], [127.48142952090386, 36.90448371150305], [127.4814300670406, 36.902230067420184], [127.47862391169713, 36.902229595700334], [127.4786232830321, 36.9044832397448], [127.4786232830321, 36.9044832397448], [127.4786232830321, 36.9044832397448], [127.47581704523027, 36.90448270170575], [127.47581704523027, 36.90448270170575], [127.4786232830321, 36.9044832397448], [127.47862391169713, 36.90222959570033], [127.47862391169713, 36.90222959570033], [127.47862454029223, 36.89997595079898], [127.47581846753774, 36.89997541284755], [127.47581846753774, 36.89997541284755], [127.47301239486231, 36.89997480862614], [127.47301239486231, 36.89997480862613], [127.47301239486231, 36.89997480862613], [127.47301239486231, 36.89997480862613], [127.47581846753776, 36.89997541284754], [127.47581846753776, 36.89997541284753], [127.47862454029223, 36.89997595079897], [127.47862516881744, 36.897722305040766], [127.47581917857286, 36.89772176713313], [127.47581917857286, 36.89772176713313], [127.47862516881747, 36.897722305040766], [127.47862579727278, 36.89546865842573], [127.47862579727278, 36.89546865842573], [127.47862642565826, 36.89321501095388], [127.47862642565826, 36.89321501095388], [127.47862642565826, 36.893215010953874], [127.48143225098045, 36.89321548252012], [127.48143225098045, 36.89321548252012], [127.48423807636331, 36.89321588783256], [127.4842385397141, 36.89096223943251], [127.48143279681362, 36.89096183415307], [127.48143279681362, 36.890961834153075], [127.47862705397384, 36.89096136262521], [127.47862705397384, 36.89096136262521], [127.47582131120392, 36.89096082484895], [127.47582060040595, 36.8932144731338], [127.47582060040595, 36.8932144731338], [127.47582060040595, 36.8932144731338], [127.47582060040595, 36.8932144731338], [127.47582131120389, 36.89096082484895], [127.473015568513, 36.89096022082427], [127.47301477523267, 36.893213869059956], [127.47020895014762, 36.8932131987323], [127.47020895014762, 36.8932131987323], [127.47301477523267, 36.893213869059956], [127.473015568513, 36.89096022082426], [127.4702098259103, 36.89095955055119], [127.4702098259103, 36.89095955055119], [127.473015568513, 36.89096022082426], [127.473015568513, 36.89096022082426], [127.47582131120389, 36.890960824848946], [127.47582131120389, 36.890960824848946], [127.47862705397384, 36.89096136262521], [127.47862768221954, 36.888707713439764], [127.47582202192282, 36.88870717570728], [127.47582202192282, 36.88870717570728], [127.47301636170515, 36.88870657173178], [127.47301636170515, 36.88870657173178], [127.47021070157564, 36.888705901513276], [127.47021070157564, 36.88870590151328], [127.46740504154351, 36.88870516505179], [127.46740504154351, 36.888705165051775], [127.46459938161792, 36.888704362347276], [127.46459834100625, 36.89095801125987], [127.46740408340501, 36.890958814029716], [127.46740408340501, 36.89095881402972], [127.4702098259103, 36.890959550551194], [127.4702098259103, 36.890959550551194], [127.46740408340501, 36.89095881402972], [127.46740312515996, 36.89321246215086], [127.46740312515996, 36.89321246215086], [127.46740408340501, 36.89095881402972], [127.46459834100625, 36.89095801125988], [127.46459730027885, 36.893211659315654], [127.46459730027884, 36.893211659315654], [127.46459834100625, 36.890958011259876], [127.46459834100625, 36.890958011259876], [127.46459938161792, 36.88870436234728], [127.46179372180804, 36.888703493399824], [127.4617925987232, 36.890957142241646], [127.46179259872318, 36.890957142241646], [127.46179147551348, 36.893210790226654], [127.46459730027884, 36.893211659315654], [127.46459730027884, 36.893211659315654], [127.46179147551348, 36.89321079022666], [127.46179147551348, 36.893210790226654], [127.46179147551348, 36.893210790226654], [127.46179259872318, 36.890957142241646], [127.45898685656502, 36.89095620697505], [127.45898685656502, 36.89095620697505], [127.45898685656502, 36.89095620697505], [127.45898685656502, 36.89095620697504], [127.46179259872318, 36.89095714224164], [127.46179372180801, 36.88870349339982], [127.458988062123, 36.88870255820936], [127.458988062123, 36.88870255820936], [127.45618240257204, 36.88870155677595], [127.45618240257204, 36.88870155677594], [127.45337674316428, 36.88870048909958], [127.45337537266006, 36.89095413769678], [127.45618111454094, 36.89095520546009], [127.45618111454094, 36.89095520546009], [127.45618111454094, 36.89095520546009], [127.45618111454094, 36.89095520546009], [127.45337537266006, 36.89095413769678], [127.45337400200346, 36.89320778543716], [127.45337400200346, 36.89320778543716], [127.45337537266006, 36.89095413769678], [127.45337537266006, 36.89095413769678], [127.45337674316428, 36.88870048909958], [127.45057108390891, 36.888699355180265], [127.45057253672464, 36.886445705818595], [127.44776696009474, 36.88644450575407], [127.44776542481512, 36.88869815501802], [127.44776542481512, 36.88869815501802], [127.44776388936474, 36.89095180342517], [127.44776388936474, 36.89095180342517], [127.44776235374363, 36.893205450975486], [127.45056817779275, 36.893206651333195], [127.45056817779275, 36.893206651333195], [127.45056817779275, 36.893206651333195]], [[127.467399291114, 36.90222704606715], [127.467399291114, 36.90222704606715], [127.467399291114, 36.90222704606715], [127.46739833233603, 36.904480689904034], [127.47020456987306, 36.904481426785374], [127.47020456987306, 36.904481426785374], [127.46739833233603, 36.904480689904034], [127.46739737345145, 36.906734332884035], [127.46739737345145, 36.906734332884035], [127.46739641446021, 36.90898797500708], [127.46739641446021, 36.90898797500708], [127.46739737345145, 36.90673433288404], [127.46739833233603, 36.90448068990404], [127.46739833233603, 36.90448068990404], [127.467399291114, 36.90222704606715], [127.46459313621182, 36.90222624297044], [127.46459313621182, 36.902226242970436], [127.467399291114, 36.90222704606715]], [[127.47581419966622, 36.91349726913927], [127.47581419966622, 36.91349726913927], [127.47581419966622, 36.91349726913927], [127.47581419966622, 36.91349726913927], [127.47581419966622, 36.91349726913927]], [[127.47862139661756, 36.91124416673676], [127.47862139661756, 36.91124416673676], [127.47862076767285, 36.91349780735352], [127.47862076767285, 36.91349780735352], [127.47862076767285, 36.91349780735352], [127.47862076767285, 36.91349780735352], [127.47862139661756, 36.91124416673677], [127.47862139661756, 36.91124416673676]], [[127.47581633395791, 36.90673634484954], [127.47581633395791, 36.90673634484954], [127.47301001369776, 36.90673574048053], [127.47301001369776, 36.90673574048052], [127.47581633395791, 36.906736344849534], [127.47581633395791, 36.906736344849534], [127.47862265429717, 36.90673688293237], [127.47862265429717, 36.90673688293238], [127.47581633395791, 36.90673634484954]], [[127.47301398186411, 36.89546751643885], [127.47301398186411, 36.89546751643885], [127.47020807428753, 36.89546684605661], [127.47020719833004, 36.89772049252409], [127.47301318840735, 36.89772116296091], [127.47301318840735, 36.89772116296091], [127.47020719833004, 36.89772049252409], [127.47020719833004, 36.89772049252409], [127.47020807428753, 36.8954668460566], [127.47020807428753, 36.8954668460566], [127.47020807428753, 36.8954668460566], [127.47301398186411, 36.895467516438835], [127.47301398186411, 36.895467516438835], [127.47581988952892, 36.89546812056188], [127.47581988952892, 36.89546812056188], [127.47581988952892, 36.89546812056188], [127.47581988952892, 36.89546812056189], [127.47301398186411, 36.89546751643885]], [[127.47581917857286, 36.89772176713314], [127.47581917857286, 36.89772176713314], [127.47301318840735, 36.89772116296091], [127.47301318840735, 36.89772116296091], [127.47581917857286, 36.89772176713314]], [[127.45337263119444, 36.8954614323207], [127.45337263119444, 36.8954614323207], [127.45337400200346, 36.89320778543716], [127.45337400200346, 36.89320778543716], [127.45337263119444, 36.8954614323207]], [[127.46178136100355, 36.91349358353272], [127.46458792852275, 36.91349445325871], [127.46458792852275, 36.91349445325871], [127.46178136100355, 36.91349358353272], [127.46178136100355, 36.91349358353272]], [[127.46458792852275, 36.9134944532587], [127.4673944961578, 36.91349525668235], [127.4673944961578, 36.91349525668236], [127.46458792852275, 36.91349445325871], [127.46458792852275, 36.9134944532587]], [[127.46459001194583, 36.90898717171423], [127.46459001194583, 36.90898717171423], [127.46459105348364, 36.90673352965655], [127.46459105348364, 36.90673352965655], [127.46459209490561, 36.90447988674194], [127.46178585759102, 36.90447901729912], [127.46178585759102, 36.9044790172991], [127.46178585759102, 36.9044790172991], [127.46178585759102, 36.9044790172991], [127.46459209490561, 36.90447988674194], [127.46459209490561, 36.90447988674194], [127.46459209490561, 36.90447988674194], [127.46459105348364, 36.90673352965655], [127.46459001194583, 36.90898717171423], [127.46459001194583, 36.90898717171423], [127.46458897029221, 36.91124081291495], [127.46458897029221, 36.91124081291495], [127.46458897029221, 36.91124081291495], [127.46458897029221, 36.91124081291495], [127.46459001194583, 36.90898717171423]], [[127.45897720727376, 36.90898536625387], [127.45897720727376, 36.90898536625387], [127.45897720727376, 36.90898536625388], [127.45617080513442, 36.90898436408643], [127.45617080513442, 36.90898436408642], [127.45897720727376, 36.90898536625387], [127.45897720727376, 36.90898536625387]], [[127.45617209431182, 36.906730722257294], [127.45617209431182, 36.906730722257294], [127.45617209431182, 36.90673072225729], [127.45897841390466, 36.90673172434315], [127.45897841390466, 36.90673172434317], [127.46178473363165, 36.90673266014293], [127.46178473363165, 36.90673266014293], [127.46178473363165, 36.90673266014293], [127.46178360954728, 36.90898630212982], [127.46178360954728, 36.90898630212982], [127.46178473363165, 36.90673266014293], [127.45897841390466, 36.90673172434317], [127.45897841390466, 36.90673172434317], [127.45617209431182, 36.906730722257294], [127.45617209431182, 36.906730722257294]], [[127.45335616959079, 36.92250512808335], [127.45335754223025, 36.92025149148331], [127.45335754223025, 36.92025149148331], [127.45335616959079, 36.92250512808335], [127.45335616959079, 36.92250512808335], [127.45335616959079, 36.92250512808335], [127.45335616959079, 36.92250512808335]], [[127.46739161790408, 36.92025617276786], [127.46739161790408, 36.920256172767864], [127.46739161790408, 36.920256172767864], [127.46739161790408, 36.92025617276786], [127.46739161790408, 36.92025617276786]], [[127.47300921979969, 36.90898938271818], [127.47300921979969, 36.90898938271818], [127.47300921979969, 36.90898938271818], [127.47020281708122, 36.908988712008416], [127.47020281708122, 36.90898871200841], [127.47300921979969, 36.908989382718175], [127.47300921979969, 36.90898938271818]], [[127.46739641446021, 36.90898797500709], [127.46739641446021, 36.90898797500709], [127.46739545536232, 36.9112416162732], [127.46739545536232, 36.9112416162732], [127.46739641446021, 36.90898797500709]], [[127.47581562260646, 36.90898998713641], [127.47581562260646, 36.90898998713641], [127.47581491117589, 36.91124362856631], [127.47581491117589, 36.91124362856631], [127.47581491117589, 36.91124362856631], [127.47581562260646, 36.90898998713641], [127.47581562260646, 36.90898998713641]], [[127.4786157335965, 36.9315269014352], [127.4786157335965, 36.9315269014352], [127.478615104022, 36.93378053433852], [127.478615104022, 36.93378053433853], [127.478615104022, 36.93378053433853], [127.4786157335965, 36.9315269014352]], [[127.4786157335965, 36.9315269014352], [127.47861636310098, 36.929273267674716], [127.47580921688241, 36.92927272915372], [127.47580921688241, 36.929272729153716], [127.47861636310098, 36.929273267674716], [127.47861636310098, 36.929273267674716], [127.48142350938959, 36.929273739855574], [127.48142296252357, 36.93152737365446], [127.48142296252357, 36.93152737365446], [127.48142350938959, 36.929273739855574], [127.47861636310098, 36.929273267674716], [127.4786157335965, 36.9315269014352], [127.4786157335965, 36.9315269014352]], [[127.46176560718693, 36.94504445736142], [127.46176560718693, 36.94504445736142], [127.46176673327314, 36.94279082908806], [127.45895909169933, 36.94278989206885], [127.45895909169933, 36.94278989206885], [127.45615145025997, 36.942788888677136], [127.45615145025997, 36.942788888677136], [127.45895909169933, 36.942789892068845], [127.45896030034463, 36.94053626301452], [127.45896030034466, 36.94053626301452], [127.45896030034466, 36.94053626301452], [127.45896030034466, 36.94053626301452], [127.45895909169933, 36.942789892068845], [127.46176673327314, 36.94279082908806], [127.46176560718693, 36.94504445736141], [127.46457333157952, 36.94504532807896], [127.46457333157952, 36.94504532807897], [127.46176560718693, 36.94504445736142], [127.46176560718693, 36.94504445736142]], [[127.46738297737943, 36.94053887474206], [127.46738393786484, 36.938285244617965], [127.46738393786484, 36.938285244617965], [127.46738489824345, 36.936031613636686], [127.46738489824345, 36.936031613636686], [127.46738585851524, 36.93377798179824], [127.46457854738254, 36.93377717778581], [127.46457854738254, 36.9337771777858], [127.4617712363658, 36.93377630742246], [127.46177236182602, 36.93152267486313], [127.46177236182602, 36.93152267486313], [127.46177348716108, 36.92926904144663], [127.46177348716108, 36.92926904144663], [127.46177236182602, 36.931522674863125], [127.46177236182602, 36.931522674863125], [127.4617712363658, 36.93377630742246], [127.46457854738254, 36.93377717778579], [127.46457854738254, 36.9337771777858], [127.46738585851524, 36.93377798179822], [127.46738489824345, 36.936031613636686], [127.46738489824345, 36.936031613636686], [127.46738393786484, 36.938285244617965], [127.46738393786484, 36.938285244617965], [127.46738297737943, 36.94053887474206], [127.46457541824876, 36.94053807053332], [127.46457541824876, 36.94053807053332], [127.46738297737943, 36.94053887474206]], [[127.4617678592341, 36.940537199957475], [127.46457541824876, 36.94053807053332], [127.46457541824876, 36.94053807053332], [127.4617678592341, 36.940537199957475], [127.4617678592341, 36.940537199957475]], [[127.46457750445393, 36.93603080955883], [127.46457750445393, 36.93603080955883], [127.46457646140934, 36.93828444047467], [127.46457646140934, 36.93828444047467], [127.46457750445393, 36.93603080955883]], [[127.45896513358201, 36.93152173822512], [127.45615790547237, 36.931520735241605], [127.45615790547237, 36.9315207352416], [127.45896513358201, 36.931521738225115], [127.45896513358201, 36.93152173822512]], [[127.45896150885557, 36.93828263310294], [127.45896150885557, 36.93828263310294], [127.45896150885557, 36.93828263310294], [127.46176898506985, 36.93828356996966], [127.46176898506985, 36.93828356996966], [127.46176898506985, 36.93828356996966], [127.46176898506985, 36.93828356996966], [127.45896150885557, 36.93828263310295], [127.45896150885557, 36.93828263310294]], [[127.46738585851524, 36.93377798179822], [127.46738585851524, 36.93377798179822], [127.46738681868028, 36.93152434910261], [127.46738681868028, 36.93152434910261], [127.46738585851524, 36.93377798179822]], [[127.48423714950714, 36.89772318206226], [127.48704313993387, 36.89772352117612], [127.48704313993387, 36.89772352117612], [127.48704313993387, 36.89772352117612], [127.4870427589384, 36.89997716703333], [127.4870427589384, 36.89997716703333], [127.48704313993387, 36.89772352117612], [127.48423714950714, 36.89772318206226], [127.48423714950714, 36.89772318206226], [127.48423714950714, 36.89772318206226], [127.48423714950714, 36.89772318206226]], [[127.48984883191743, 36.899977439904774], [127.48984883191743, 36.899977439904774], [127.48984883191743, 36.89997743990479], [127.48984883191743, 36.89997743990479], [127.48984913040297, 36.897723794025346], [127.48984913040297, 36.897723794025346], [127.48984942885532, 36.895470147289096], [127.48984942885532, 36.895470147289096], [127.48984913040297, 36.89772379402534], [127.48984913040297, 36.89772379402534], [127.48984883191743, 36.899977439904774]], [[127.48142733574943, 36.91349827926541], [127.48142733574943, 36.91349827926541], [127.48142788212915, 36.91124463861024], [127.48142788212915, 36.91124463861024], [127.48142733574943, 36.91349827926541]], [[127.48423436770152, 36.91124504418675], [127.48423436770152, 36.91124504418675], [127.48423483146469, 36.908991402641604], [127.48423483146469, 36.908991402641604], [127.48423436770152, 36.91124504418675]], [[127.48423390388677, 36.913498684874945], [127.48423436770152, 36.91124504418676], [127.48423436770152, 36.91124504418676], [127.48423390388677, 36.913498684874945], [127.48423390388677, 36.913498684874945]], [[127.48984614405344, 36.92026021425915], [127.48984584523579, 36.922513851569214], [127.48984584523579, 36.922513851569214], [127.48984614405344, 36.92026021425915], [127.48984614405344, 36.92026021425915]], [[127.49265317625995, 36.91800678282808], [127.49265339242777, 36.91575314378715], [127.49546004329049, 36.91575328419859], [127.49546004329049, 36.91575328419859], [127.49265339242777, 36.91575314378715], [127.49265317625995, 36.91800678282808], [127.49545990970606, 36.91800692325094], [127.49545990970606, 36.91800692325094], [127.49265317625995, 36.91800678282809], [127.49265296006807, 36.92026042101201], [127.49265296006807, 36.92026042101201], [127.49265317625995, 36.91800678282808], [127.48984644283784, 36.91800657609205], [127.48984644283784, 36.91800657609205], [127.49265317625995, 36.91800678282808]], [[127.48703703891942, 36.933781752058785], [127.48703703891942, 36.933781752058785], [127.48422972723226, 36.933781412503], [127.48422972723226, 36.93378141250299], [127.48703703891942, 36.93378175205878], [127.48703703891942, 36.933781752058785]], [[127.48423019151144, 36.93152777952818], [127.48423019151144, 36.93152777952819], [127.48423019151141, 36.93152777952819], [127.48423019151141, 36.93152777952818], [127.48423019151144, 36.93152777952818]], [[127.484228798519, 36.93828867588118], [127.484228798519, 36.93828867588117], [127.48703627552905, 36.938289015492245], [127.48703627552905, 36.938289015492245], [127.484228798519, 36.93828867588118]], [[127.48703780214001, 36.92927448519678], [127.48703742055093, 36.93152811905634], [127.48703742055093, 36.93152811905634], [127.48703742055093, 36.93152811905633], [127.48703742055093, 36.93152811905633], [127.48703780214001, 36.92927448519678], [127.48703780214001, 36.92927448519678], [127.48703780214001, 36.92927448519678], [127.48703780214001, 36.92927448519678]], [[127.49826720386717, 36.893216920587506], [127.49826720386717, 36.893216920587506], [127.49826720386717, 36.893216920587506], [127.49546137831838, 36.89321684654416], [127.49546137831838, 36.89321684654416], [127.49826720386717, 36.893216920587506]], [[127.5010732503256, 36.908992443779226], [127.50387965351035, 36.90899238528159], [127.50387965351035, 36.90899238528159], [127.5010732503256, 36.908992443779226], [127.5010732503256, 36.908992443779226], [127.5010732503256, 36.908992443779226], [127.5010732503256, 36.908992443779226]], [[127.49546044395477, 36.908992361899706], [127.49546044395477, 36.908992361899706], [127.49546057747982, 36.906738719419536], [127.49546057747982, 36.906738719419536], [127.49546057747982, 36.906738719419536], [127.49546057747982, 36.906738719419536], [127.49546044395477, 36.908992361899706], [127.49826684713736, 36.90899243598526], [127.49826684713736, 36.90899243598526], [127.49826684713736, 36.90899243598526], [127.49826684713736, 36.90899243598527], [127.49546044395477, 36.908992361899706]], [[127.50107315563142, 36.90223151374801], [127.50107315563142, 36.90223151374802], [127.49826700005558, 36.90223150595595], [127.49826700005558, 36.90223150595595], [127.50107315563142, 36.90223151374801]], [[127.49826679615329, 36.911246077614535], [127.49826679615329, 36.911246077614535], [127.49826674516353, 36.91349971838686], [127.49826674516353, 36.91349971838686], [127.49826679615329, 36.911246077614535]], [[127.49826700005555, 36.90223150595595], [127.49826694908847, 36.90448515015595], [127.49546071099002, 36.90448507608246], [127.49546084448538, 36.9022314318885], [127.49265468893002, 36.90223129154563], [127.49265468893002, 36.90223129154563], [127.49546084448538, 36.9022314318885], [127.49546084448538, 36.9022314318885], [127.49826700005555, 36.90223150595595]], [[127.49546004329052, 36.91575328419859], [127.49826669416812, 36.91575335830224], [127.49826669416812, 36.91575335830225], [127.49546004329052, 36.915753284198594], [127.49546004329052, 36.91575328419859]], [[127.50387931120376, 36.90223145526467], [127.50387931120376, 36.90223145526467], [127.50387919712693, 36.899977810211944], [127.50387919712693, 36.899977810211944], [127.50387931120376, 36.90223145526467]], [[127.50387942529326, 36.90448509946052], [127.50387942529326, 36.90448509946052], [127.50387942529326, 36.90448509946052], [127.50387942529326, 36.90448509946052], [127.50387942529326, 36.90448509946052]], [[127.50387976763794, 36.911246026906745], [127.50387976763794, 36.911246026906745], [127.5038798817782, 36.913499667674934], [127.5038798817782, 36.913499667674934], [127.50387976763794, 36.911246026906745]], [[127.49545910788729, 36.931528739567405], [127.49545910788729, 36.931528739567405], [127.49265187874806, 36.93152859907596], [127.49265187874806, 36.93152859907596], [127.49545910788729, 36.931528739567405]]], [[[127.45617596098407, 36.899969791628344], [127.45336988911905, 36.89996872351725], [127.45336988911905, 36.89996872351725], [127.45056381740649, 36.899967589136224], [127.45056236362116, 36.90222123335682], [127.45336851785264, 36.902222367830184], [127.45336851785264, 36.902222367830184], [127.45617467223664, 36.90222343602824], [127.45617596098407, 36.899969791628344]]], [[[127.45054053743006, 36.936025793824996], [127.45334793054772, 36.936026929684346], [127.45334930410334, 36.93377329822706], [127.45054199364242, 36.933772162460144], [127.45054053743006, 36.936025793824996]]], [[[127.45053616782123, 36.94278668277623], [127.45053471096095, 36.94504031071216], [127.45334243479742, 36.9450414469413], [127.45334380896418, 36.94278781891292], [127.45053616782123, 36.94278668277623]]], [[[127.45053471096095, 36.945040310712166], [127.45053325393867, 36.9472939377908], [127.45334106047781, 36.94729507411242], [127.45334243479742, 36.9450414469413], [127.45053471096095, 36.945040310712166]]], [[[127.46180270199233, 36.870674271822736], [127.4618015799061, 36.87292792751827], [127.46460666266061, 36.87292879597059], [127.46460666266061, 36.87292879597059], [127.46460666266061, 36.87292879597059], [127.46460666266061, 36.872928795970594], [127.46180157990611, 36.872927927518276], [127.46180157990611, 36.87292792751827], [127.45899649727637, 36.87292699286073], [127.45899529265641, 36.875180647623495], [127.45899529265641, 36.875180647623495], [127.45899408790247, 36.8774343015296], [127.45899408790247, 36.8774343015296], [127.45899529265641, 36.875180647623495], [127.45619012775164, 36.87517964667923], [127.45618884057959, 36.87743330050381], [127.45899408790247, 36.8774343015296], [127.45899288301456, 36.879687954579005], [127.46179821289871, 36.87968888946491], [127.46179821289871, 36.87968888946491], [127.46179821289871, 36.87968888946491], [127.46179821289871, 36.87968888946492], [127.45899288301456, 36.87968795457901], [127.4589916779927, 36.881941606771704], [127.4589916779927, 36.88194160677171], [127.45899047283682, 36.88419525810767], [127.45899047283682, 36.88419525810767], [127.45898926754693, 36.88644890858689], [127.45898926754693, 36.88644890858689], [127.458988062123, 36.88870255820936], [127.46179372180804, 36.88870349339982], [127.46179484476798, 36.8864498437012], [127.46179484476798, 36.8864498437012], [127.46179596760307, 36.88419619314585], [127.46179596760307, 36.88419619314585], [127.46179596760307, 36.88419619314585], [127.46179596760307, 36.88419619314585], [127.46179484476798, 36.8864498437012], [127.46179484476798, 36.8864498437012], [127.46179372180804, 36.88870349339982], [127.46459938161792, 36.888704362347276], [127.46459938161792, 36.888704362347276], [127.46740504154351, 36.888705165051775], [127.46740504154351, 36.888705165051775], [127.47021070157564, 36.888705901513276], [127.47021157714362, 36.88645225161861], [127.47021157714362, 36.88645225161861], [127.47021070157564, 36.888705901513276], [127.47301636170515, 36.88870657173178], [127.47301636170515, 36.888706571731774], [127.47582202192282, 36.888707175707275], [127.47582202192282, 36.88870717570728], [127.47862768221954, 36.888707713439764], [127.47862768221954, 36.888707713439764], [127.47862768221954, 36.888707713439764], [127.47862705397384, 36.89096136262521], [127.48143279681362, 36.89096183415307], [127.48143279681362, 36.89096183415307], [127.4842385397141, 36.89096223943251], [127.48423900301339, 36.88870859017569], [127.48143334258612, 36.888708184929236], [127.48143334258612, 36.888708184929236], [127.48143334258612, 36.888708184929236], [127.48143388829793, 36.886454534848646], [127.48143388829793, 36.886454534848646], [127.48143388829793, 36.886454534848646], [127.48143334258612, 36.888708184929236], [127.48423900301339, 36.88870859017569], [127.48423946626114, 36.8864549400621], [127.48423946626114, 36.8864549400621], [127.48423992945739, 36.88420128909177], [127.48423992945739, 36.88420128909177], [127.48424039260213, 36.88194763726475], [127.48143497953956, 36.881947232117284], [127.48143497953956, 36.881947232117284], [127.48424039260213, 36.88194763726475], [127.48424085569539, 36.87969398458101], [127.48424085569539, 36.87969398458101], [127.48704618637294, 36.87969432347404], [127.48704656698729, 36.877440669906015], [127.48424131873716, 36.87744033104058], [127.48424131873716, 36.87744033104058], [127.4814360705385, 36.877439925959095], [127.48143552506936, 36.879693579466526], [127.48143552506936, 36.879693579466526], [127.4814360705385, 36.877439925959095], [127.47863082240049, 36.87743945466156], [127.47863019450396, 36.8796931081306], [127.47863019450396, 36.8796931081306], [127.4786295665376, 36.88194676074298], [127.4786295665376, 36.88194676074298], [127.4786295665376, 36.88194676074297], [127.4786295665376, 36.88194676074297], [127.47863019450396, 36.8796931081306], [127.47863019450396, 36.8796931081306], [127.47863082240049, 36.87743945466156], [127.47582557433229, 36.877438917147956], [127.4758248640084, 36.879692570573226], [127.47301953359182, 36.87969196679442], [127.47301874075242, 36.881945619313846], [127.47301874075242, 36.881945619313846], [127.47301953359182, 36.87969196679442], [127.47301953359182, 36.87969196679442], [127.47301953359182, 36.87969196679442], [127.4758248640084, 36.879692570573226], [127.47582557433229, 36.87743891714795], [127.47582557433229, 36.87743891714795], [127.47582628457722, 36.875185262866005], [127.47582628457722, 36.875185262866005], [127.47582557433229, 36.87743891714795], [127.47863082240049, 36.877439454661555], [127.47863082240049, 36.877439454661555], [127.4814360705385, 36.877439925959095], [127.48143661594699, 36.875186271595], [127.48143661594699, 36.875186271595], [127.4814360705385, 36.877439925959095], [127.48424131873716, 36.87744033104058], [127.48424131873716, 36.87744033104058], [127.48704656698729, 36.877440669906015], [127.48704694755935, 36.875187015481345], [127.48704694755935, 36.875187015481345], [127.48704694755935, 36.875187015481345], [127.48985211343357, 36.875187288108506], [127.48985211343357, 36.875187288108506], [127.49265727934095, 36.875187494524994], [127.49265749505255, 36.87293383920468], [127.48985241155424, 36.872933632805], [127.48985241155424, 36.872933632805], [127.48704732808909, 36.87293336020004], [127.4870477085765, 36.8706797040621], [127.48424270755356, 36.87067936527945], [127.48424224466625, 36.87293302138979], [127.48704732808909, 36.87293336020004], [127.48704732808909, 36.872933360200044], [127.48424224466625, 36.872933021389805], [127.48424178172742, 36.87518667664351], [127.48424178172742, 36.87518667664351], [127.48424178172742, 36.87518667664351], [127.48424224466625, 36.872933021389805], [127.48424224466625, 36.872933021389805], [127.48424270755356, 36.87067936527946], [127.48424317038943, 36.868425708312515], [127.48143825180865, 36.86842530336294], [127.48143770658207, 36.870678960296914], [127.48143716129485, 36.872932616374264], [127.48143716129485, 36.872932616374264], [127.48143716129485, 36.872932616374264], [127.48143716129485, 36.872932616374264], [127.48143770658207, 36.87067896029691], [127.47863270567122, 36.87067848911449], [127.47863270567122, 36.87067848911449], [127.48143770658207, 36.87067896029691], [127.48143825180865, 36.86842530336294], [127.48143825180865, 36.86842530336294], [127.48143825180865, 36.86842530336294], [127.48424317038943, 36.8684257083125], [127.48704808902163, 36.86842604706756], [127.48704846942444, 36.866172389216445], [127.48424363317383, 36.86617205048896], [127.48424409590677, 36.86391839180887], [127.48143934208001, 36.86391798692527], [127.48143879697463, 36.866171645572386], [127.48143879697463, 36.866171645572386], [127.48143879697463, 36.86617164557239], [127.47863396083608, 36.86617117446671], [127.47863396083608, 36.8661711744667], [127.47863396083608, 36.8661711744667], [127.47863458831384, 36.863917515857956], [127.47582983461746, 36.86391697860693], [127.47582912476729, 36.866170637171926], [127.47582912476729, 36.866170637171926], [127.47582841483819, 36.86842429488035], [127.47863333328854, 36.86842483221888], [127.47863333328854, 36.86842483221889], [127.47863333328854, 36.86842483221889], [127.47863333328854, 36.86842483221889], [127.47582841483819, 36.868424294880356], [127.47302349646678, 36.86842369134734], [127.47302349646678, 36.86842369134734], [127.47021857818348, 36.86842302161984], [127.47021770339404, 36.87067667836797], [127.47302270406804, 36.87067734815002], [127.47302270406804, 36.87067734815002], [127.47302270406804, 36.87067734815002], [127.47021770339404, 36.87067667836797], [127.47021682850732, 36.87293033425949], [127.47302191158118, 36.87293100409609], [127.47302191158118, 36.87293100409609], [127.47302191158118, 36.872931004096095], [127.47021682850732, 36.87293033425951], [127.47021682850732, 36.87293033425949], [127.47021682850732, 36.87293033425949], [127.47021770339404, 36.87067667836797], [127.4674127028173, 36.87067594238608], [127.46741174553074, 36.87292959821765], [127.46741174553074, 36.87292959821765], [127.46741078813773, 36.875183253192596], [127.47021595352332, 36.87518398929437], [127.47021595352332, 36.87518398929438], [127.46741078813773, 36.8751832531926], [127.46741078813773, 36.8751832531926], [127.46460562285861, 36.87518245088019], [127.46460458294096, 36.87743610493315], [127.46740983063826, 36.87743690731089], [127.46740983063826, 36.87743690731089], [127.47021507844201, 36.87743764347262], [127.47021507844201, 36.87743764347262], [127.47302032634308, 36.8774383134183], [127.47302032634308, 36.87743831341831], [127.47021507844201, 36.87743764347262], [127.47021507844201, 36.87743764347262], [127.46740983063826, 36.87743690731089], [127.46740983063826, 36.877436907310894], [127.46460458294096, 36.87743610493315], [127.46460354290767, 36.87968975812941], [127.46460354290767, 36.87968975812941], [127.46460354290767, 36.87968975812941], [127.46460354290767, 36.87968975812941], [127.46460458294096, 36.87743610493315], [127.46179933535932, 36.877435236339366], [127.46179933535932, 36.877435236339366], [127.46179933535932, 36.877435236339366], [127.46179933535932, 36.877435236339366], [127.46460458294096, 36.87743610493315], [127.46460562285861, 36.875182450880196], [127.46460562285861, 36.87518245088019], [127.46460562285861, 36.875182450880175], [127.46741078813773, 36.875183253192596], [127.46741174553074, 36.87292959821765], [127.46741174553074, 36.87292959821765], [127.4674127028173, 36.87067594238608], [127.46460770234701, 36.87067514020433], [127.46460770234701, 36.87067514020433], [127.46180270199233, 36.870674271822736]], [[127.47582273256273, 36.88645352570886], [127.47582273256273, 36.88645352570886], [127.47582273256273, 36.88645352570886], [127.47582273256273, 36.88645352570886], [127.47582273256273, 36.88645352570886]], [[127.47582344312364, 36.8841998748537], [127.47582344312364, 36.8841998748537], [127.47862893850144, 36.88420041249862], [127.47862893850144, 36.88420041249862], [127.47582344312364, 36.8841998748537], [127.47582344312364, 36.8841998748537]], [[127.47582628457722, 36.875185262866005], [127.4786314502272, 36.875185800335835], [127.47863207798412, 36.87293214515348], [127.47863207798412, 36.87293214515348], [127.4786314502272, 36.875185800335835], [127.4786314502272, 36.875185800335835], [127.47582628457722, 36.875185262866005], [127.47582628457722, 36.875185262866005]], [[127.47582770483015, 36.8706779517322], [127.47582770483015, 36.8706779517322], [127.47863270567122, 36.87067848911449], [127.47863270567122, 36.87067848911449], [127.47582770483015, 36.8706779517322], [127.47582770483015, 36.8706779517322]], [[127.46460250275874, 36.88194341046898], [127.46460146249416, 36.88419706195182], [127.46460146249416, 36.88419706195182], [127.46460250275874, 36.88194341046898], [127.46460250275874, 36.88194341046898]], [[127.47021332798747, 36.88194494925905], [127.47021332798747, 36.88194494925905], [127.47021420326338, 36.87969129679418], [127.4674088730323, 36.879690560572506], [127.4674088730323, 36.879690560572506], [127.4674088730323, 36.879690560572506], [127.4674088730323, 36.8796905605725], [127.47021420326338, 36.87969129679418], [127.47021420326338, 36.87969129679418], [127.47021420326338, 36.87969129679418], [127.47021332798747, 36.88194494925904], [127.47021332798747, 36.88194494925904], [127.4702124526142, 36.88419860086718], [127.4702124526142, 36.88419860086718], [127.47021157714362, 36.88645225161861], [127.47021157714362, 36.88645225161861], [127.4702124526142, 36.88419860086719], [127.4702124526142, 36.88419860086719], [127.47021332798747, 36.88194494925905]], [[127.46740599957546, 36.886451515217054], [127.46740599957546, 36.88645151521706], [127.46460042211389, 36.886450712577926], [127.46460042211389, 36.88645071257792], [127.46740599957546, 36.886451515217054]], [[127.46740599957549, 36.886451515217054], [127.46740599957546, 36.886451515217054], [127.46740695750093, 36.88419786452561], [127.46740695750093, 36.88419786452561], [127.46740695750093, 36.88419786452562], [127.46740695750093, 36.88419786452562], [127.46740599957549, 36.886451515217054]], [[127.47301874075242, 36.881945619313846], [127.47301874075242, 36.881945619313846], [127.47301794782484, 36.884199270976545], [127.47301794782484, 36.884199270976545], [127.47301874075242, 36.881945619313846]]], [[[127.45615919608419, 36.92926710198295], [127.45896634155548, 36.92926810488484], [127.45896754939461, 36.92701447068744], [127.45616048655249, 36.92701346786717], [127.45615919608419, 36.92926710198295]]], [[[127.46741461707113, 36.86616862815307], [127.46741365999745, 36.868422285697875], [127.47021857818348, 36.86842302161983], [127.47021945287565, 36.86616936401511], [127.46741461707113, 36.86616862815307]]], [[[127.47302349646678, 36.86842369134734], [127.47302428877742, 36.866170033688064], [127.47021945287565, 36.86616936401511], [127.47021857818348, 36.86842302161984], [127.46741365999745, 36.868422285697875], [127.4674127028173, 36.87067594238608], [127.47021770339404, 36.87067667836797], [127.47021857818348, 36.86842302161984], [127.47302349646678, 36.86842369134734]]], [[[127.46738969853479, 36.924763445873005], [127.46738873869002, 36.92701708113998], [127.47019580201423, 36.92701781862138], [127.47019667923895, 36.92476418329438], [127.46738969853479, 36.924763445873005]]], [[[127.47300763173871, 36.913496664622656], [127.4702010638995, 36.913495993803686], [127.4702001871624, 36.91574963341585], [127.47020018716242, 36.91574963341585], [127.47019931032783, 36.918003272171035], [127.47300604332449, 36.91800394309922], [127.47300683757575, 36.91575030428944], [127.47300683757575, 36.91575030428944], [127.47300763173871, 36.913496664622656]]], [[[127.4758134880774, 36.91575090885527], [127.47300683757575, 36.915750304289446], [127.47300604332449, 36.91800394309924], [127.47581277640947, 36.91800454771427], [127.47581277640947, 36.91800454771427], [127.47861950957358, 36.91800508601616], [127.47862013865819, 36.91575144711335], [127.4758134880774, 36.91575090885527], [127.4758134880774, 36.91575090885527]]], [[[127.47019667923895, 36.92476418329438], [127.47019580201423, 36.92701781862138], [127.47019580201426, 36.92701781862138], [127.470194924692, 36.929271453091275], [127.47300207074301, 36.92927212429256], [127.47300286543603, 36.927018489768045], [127.47300286543603, 36.927018489768045], [127.47300366004066, 36.92476485438643], [127.47019667923895, 36.92476418329438]]], [[[127.47580708021597, 36.93603362773224], [127.47580636783539, 36.93828725887745], [127.47861384466296, 36.938287797573786], [127.4786144743775, 36.936034166384744], [127.47580708021597, 36.93603362773224]]], [[[127.48142678930894, 36.915751919063645], [127.47862013865819, 36.91575144711335], [127.47861950957358, 36.91800508601616], [127.48142624280767, 36.91800555800489], [127.48142624280767, 36.91800555800489], [127.48423297610253, 36.91800596368045], [127.48423344002043, 36.9157523247062], [127.48142678930894, 36.91575191906365], [127.48142678930894, 36.915751919063645]]], [[[127.48423111991492, 36.927020511007214], [127.48423111991492, 36.927020511007214], [127.48423158403922, 36.924766875461096], [127.48142460293919, 36.92476646968647], [127.4814240561948, 36.92702010519955], [127.4814240561948, 36.92702010519955], [127.48142350938959, 36.92927373985557], [127.48423065573897, 36.929274145696255], [127.48423111991492, 36.927020511007214]]], [[[127.48423992945739, 36.88420128909177], [127.48423946626114, 36.886454940062094], [127.48704504427585, 36.88645527903791], [127.48704542501721, 36.88420162803998], [127.48423992945739, 36.88420128909177]]], [[[127.49826740758813, 36.88420232151042], [127.49826740758813, 36.88420232151042], [127.49546191191398, 36.88420224749119], [127.49546177853735, 36.88645589853956], [127.49826735666639, 36.886455972564804], [127.49826735666639, 36.886455972564804], [127.5010729348011, 36.886455980352416], [127.50107290326794, 36.8842023292974], [127.49826740758813, 36.88420232151042]]], [[[127.50668428751565, 36.88870944739812], [127.5066844840023, 36.89096309672474], [127.50949022703631, 36.89096290576834], [127.5094899480764, 36.888709256457254], [127.50668428751565, 36.88870944739812]]], [[[127.50668664679824, 36.91575318276647], [127.50668684354729, 36.91800682181057], [127.50949357697584, 36.918006630667534], [127.50949329764344, 36.91575299163898], [127.50668664679824, 36.91575318276647]]], [[[127.51230139636212, 36.924767285091974], [127.51230139636212, 36.924767285091974], [127.51230103432562, 36.92251364865546], [127.50949413573383, 36.9225139061536], [127.50949441515942, 36.92476754261107], [127.50949441515942, 36.92476754261107], [127.50949413573383, 36.9225139061536], [127.50668723711097, 36.92251409732775], [127.50668723711097, 36.92251409732776], [127.50388033846625, 36.92251422217795], [127.50388045266999, 36.92476785866114], [127.50388045266999, 36.92476785866114], [127.50388056688645, 36.927021494287295], [127.50388068111559, 36.92927512905636], [127.50388068111559, 36.92927512905636], [127.50388079535745, 36.931528762968334], [127.50668802450103, 36.93152863807748], [127.50668802450103, 36.93152863807748], [127.50949525362266, 36.93152844684107], [127.50949525362266, 36.93152844684107], [127.50668802450103, 36.93152863807748], [127.50668822140327, 36.93378227112218], [127.50949553317261, 36.933782079870205], [127.50949525362269, 36.93152844684107], [127.51230248271327, 36.931528189259105], [127.51230212055594, 36.929274555393825], [127.50949497410384, 36.92927481295483], [127.50949497410384, 36.92927481295483], [127.50949469461608, 36.9270211782115], [127.50949469461608, 36.9270211782115], [127.50949497410384, 36.92927481295483], [127.51230212055594, 36.929274555393825], [127.51230175843891, 36.92702092067143], [127.51230175843891, 36.92702092067143], [127.51230139636212, 36.924767285091974], [127.50949441515942, 36.92476754261107], [127.50949441515942, 36.92476754261107], [127.51230139636212, 36.924767285091974], [127.51230175843891, 36.92702092067143], [127.51510882222145, 36.92702059679661], [127.51510837752457, 36.92476696124351], [127.51510837752457, 36.92476696124351], [127.51510793287711, 36.92251332483335], [127.51230103432562, 36.92251364865546], [127.51230067232936, 36.9202600113619], [127.51230067232936, 36.9202600113619], [127.51230031037333, 36.91800637321132], [127.50949357697584, 36.918006630667534], [127.5094938563393, 36.92026026883908], [127.5094938563393, 36.92026026883908], [127.50949413573383, 36.9225139061536], [127.51230103432562, 36.92251364865546], [127.51230139636212, 36.924767285091974]], [[127.50668763076222, 36.92702136941678], [127.50668763076222, 36.92702136941678], [127.50949469461608, 36.9270211782115], [127.50949469461608, 36.9270211782115], [127.50668763076222, 36.92702136941678]], [[127.50668743392566, 36.9247677338008], [127.50668743392566, 36.924767733800806], [127.50668743392566, 36.924767733800806], [127.50668743392566, 36.9247677338008], [127.50668743392566, 36.9247677338008]]], [[[127.50388022427519, 36.9202605848377], [127.50107340821948, 36.92026064335916], [127.5010734398088, 36.92251428070414], [127.5010734398088, 36.92251428070414], [127.50107347140161, 36.92476791719211], [127.50388045266999, 36.924767858661134], [127.50388033846625, 36.92251422217795], [127.50388033846625, 36.92251422217795], [127.50388033846625, 36.92251422217795], [127.50668723711097, 36.92251409732776], [127.50668704031817, 36.920260459997685], [127.50668704031817, 36.920260459997685], [127.50668723711097, 36.92251409732775], [127.50949413573383, 36.9225139061536], [127.5094938563393, 36.92026026883908], [127.5094938563393, 36.92026026883908], [127.50949357697584, 36.918006630667534], [127.50668684354729, 36.91800682181058], [127.50668684354729, 36.91800682181058], [127.50388011009684, 36.91800694664044], [127.50388022427519, 36.9202605848377], [127.50388022427519, 36.9202605848377], [127.50388022427519, 36.9202605848377]]], [[[127.51230212055594, 36.929274555393825], [127.51510926696777, 36.929274231492634], [127.51510882222145, 36.92702059679661], [127.51230175843891, 36.92702092067143], [127.51230212055594, 36.929274555393825]]]]}}, {"type": "Feature", "properties": {"rank": 2, "method": "BFS+Zoning", "n_grids": 65, "avg_micro": 79.66314810090849, "cluster_score": 129.7273110317672, "buildable_ha": 161.87499999999994, "final_score": 110.20265884127572, "avg_bcr": 0.39846153846153837, "center_lat": 36.897679655498756, "center_lon": 127.4195483290863}, "geometry": {"type": "MultiPolygon", "coordinates": [[[[127.41693003932885, 36.86389040791521], [127.41693003932885, 36.86389040791521], [127.41692759966209, 36.86614406431611], [127.41973243214974, 36.86614599157959], [127.41973478944452, 36.86389233502173], [127.41973478944452, 36.86389233502173], [127.4197371464772, 36.86163867760719], [127.41693247872433, 36.86163675065761], [127.41693003932885, 36.86389040791521]]], [[[127.40851041678212, 36.86839154043383], [127.40851041678212, 36.86839154043383], [127.40570550305353, 36.868389348236654], [127.40570273328328, 36.87064300224237], [127.40850772940203, 36.87064519461807], [127.40850772940203, 36.87064519461807], [127.41131272581961, 36.87064732079423], [127.41131272581961, 36.87064732079423], [127.41411772252687, 36.87064938077083], [127.41412024512651, 36.86839572624569], [127.41412276744569, 36.866142070863816], [127.41412276744569, 36.866142070863816], [127.41412024512651, 36.86839572624567], [127.41692515972402, 36.86839771986033], [127.41692759966206, 36.86614406431611], [127.41412276744569, 36.86614207086381], [127.4141252894844, 36.863888414625244], [127.41132053992037, 36.863886355151884], [127.41131793550973, 36.86614001122272], [127.41131793550973, 36.86614001122272], [127.41131533080949, 36.86839366643684], [127.41131533080949, 36.86839366643684], [127.40851041678212, 36.86839154043383]]], [[[127.41692271951466, 36.870651374547855], [127.41692271951466, 36.870651374547855], [127.41692271951466, 36.870651374547855], [127.4141177225269, 36.870649380770836], [127.41411519964674, 36.87290303443924], [127.41411519964674, 36.87290303443924], [127.41411267648606, 36.87515668725086], [127.41411267648606, 36.87515668725086], [127.41411015304479, 36.87741033920572], [127.41691539725835, 36.87741233346988], [127.41691783828186, 36.87515868135264], [127.41691783828186, 36.87515868135264], [127.41691539725835, 36.87741233346988], [127.41691539725835, 36.87741233346988], [127.41691295596341, 36.87966598473033], [127.41971828287537, 36.87966791293574], [127.41971828287537, 36.87966791293575], [127.41971828287537, 36.87966791293575], [127.41971592374509, 36.881921563496405], [127.41971592374509, 36.881921563496405], [127.41971592374509, 36.881921563496405], [127.41971592374506, 36.881921563496405], [127.41971828287537, 36.87966791293575], [127.41691295596341, 36.879665984730345], [127.41691295596341, 36.879665984730345], [127.41410762932291, 36.87966399030377], [127.41410510532042, 36.881917640545], [127.41691051439699, 36.88191963513399], [127.41691051439699, 36.88191963513399], [127.41691051439699, 36.88191963513399], [127.41690807255908, 36.884173284680806], [127.41690807255908, 36.884173284680806], [127.41690563044963, 36.88642693337074], [127.41971120469746, 36.88642886204723], [127.41971120469746, 36.886428862047225], [127.42251677920767, 36.88643072448635], [127.42251905640818, 36.88417707548771], [127.42251905640818, 36.88417707548771], [127.42252133335549, 36.881923425632266], [127.42252133335549, 36.881923425632266], [127.42252361004964, 36.87966977491997], [127.42252361004964, 36.87966977491997], [127.42252588649063, 36.8774161233509], [127.41972064174337, 36.87741426151829], [127.41972064174337, 36.87741426151828], [127.41972064174337, 36.87741426151828], [127.42252588649063, 36.87741612335088], [127.42252816267853, 36.87516247092502], [127.41972300034905, 36.87516060924403], [127.41972300034905, 36.87516060924403], [127.41972535869252, 36.87290695611303], [127.41972535869252, 36.87290695611303], [127.41972771677378, 36.87065330212528], [127.41972771677378, 36.87065330212528], [127.41973007459282, 36.86839964728079], [127.41692515972402, 36.86839771986035], [127.41412024512651, 36.868395726245694], [127.4141177225269, 36.870649380770836], [127.41692271951466, 36.870651374547855]]], [[[127.41410762932291, 36.87966399030377], [127.41691295596341, 36.879665984730345], [127.41691539725835, 36.877412333469884], [127.41411015304479, 36.87741033920572], [127.41410762932291, 36.87966399030377]]], [[[127.41686896620213, 36.920231560885085], [127.4196757783677, 36.92023349191822], [127.4196757783677, 36.92023349191822], [127.4196757783677, 36.92023349191822], [127.4196734145107, 36.92248712705313], [127.4196734145107, 36.92248712705313], [127.4196734145107, 36.92248712705314], [127.41686651974385, 36.92248519586283], [127.41686407301346, 36.92473882998341], [127.4196710503908, 36.92474076133091], [127.41966868600798, 36.92699439475149], [127.42247574626792, 36.92699625992169], [127.42247802803105, 36.92474262634931], [127.4196710503908, 36.92474076133091], [127.4196710503908, 36.9247407613309], [127.42247802803105, 36.9247426263493], [127.42247802803105, 36.9247426263493], [127.42528500592503, 36.9247444250386], [127.42528720482389, 36.922490790462646], [127.42528720482389, 36.922490790462646], [127.42528940347823, 36.92023715502955], [127.42528940347823, 36.92023715502955], [127.42529160188809, 36.91798351873932], [127.42248487179815, 36.91798172048918], [127.42248259079612, 36.92023535663304], [127.42248259079612, 36.92023535663304], [127.42248487179815, 36.91798172048918], [127.41967814196185, 36.917979855926134], [127.41967814196185, 36.917979855926134], [127.41687141238839, 36.91797792505018], [127.41686896620213, 36.920231560885085]]], [[[127.41685917873637, 36.92924609565296], [127.4168567311896, 36.931499727201896], [127.4196639564535, 36.931501659021016], [127.41966632136221, 36.92924802731488], [127.41685917873637, 36.92924609565296], [127.41685917873637, 36.92924609565295], [127.41966632136224, 36.92924802731486], [127.41966868600798, 36.92699439475149], [127.41967105039079, 36.92474076133091], [127.41686407301346, 36.92473882998341], [127.41686162601098, 36.9269924632468], [127.41686162601098, 36.9269924632468], [127.41405456628613, 36.92699046540761], [127.4140520363827, 36.92924409765117], [127.41685917873637, 36.92924609565296]]], [[[127.41685428337064, 36.933753357893565], [127.41966159128175, 36.93375528986992], [127.4196639564535, 36.931501659021016], [127.4168567311896, 36.931499727201896], [127.41685428337064, 36.933753357893565]]], [[[127.41692515972404, 36.86839771986034], [127.41973007459285, 36.86839964728079], [127.41973243214974, 36.8661459915796], [127.41692759966209, 36.86614406431612], [127.41692515972404, 36.86839771986034]]], [[[127.41970884478006, 36.888682510037384], [127.42251450175392, 36.888684372628155], [127.42251677920767, 36.88643072448637], [127.41971120469746, 36.88642886204724], [127.41970884478006, 36.888682510037384]]], [[[127.41970648460023, 36.890936157170636], [127.41970648460023, 36.890936157170636], [127.41970412415795, 36.89318980344698], [127.41970412415795, 36.893189803446994], [127.41970176345318, 36.895443448866416], [127.41970176345318, 36.895443448866416], [127.41969940248588, 36.897697093428924], [127.4225053894061, 36.8976989566264], [127.42250766787305, 36.89544531191221], [127.42250766787305, 36.89544531191221], [127.42250994608666, 36.893191666341096], [127.42250994608666, 36.89319166634109], [127.42251222404694, 36.89093801991307], [127.42251222404694, 36.89093801991307], [127.42251450175392, 36.888684372628155], [127.41970884478006, 36.888682510037384], [127.41970648460023, 36.890936157170636]]], [[[127.41969467976361, 36.902204379983054], [127.42250083171204, 36.90220624348393], [127.42250311068578, 36.89995260048365], [127.41969704125603, 36.89995073713448], [127.41969467976361, 36.902204379983054]]], [[[127.41968286836173, 36.913472581370605], [127.4224894330413, 36.91347444563014], [127.42248715254652, 36.915728083488204], [127.42248715254652, 36.91572808348821], [127.42248487179815, 36.91798172048917], [127.42529160188809, 36.917983518739305], [127.4252938000535, 36.91572988159197], [127.4252938000535, 36.915729881591965], [127.42529599797446, 36.91347624358753], [127.42529599797446, 36.91347624358753], [127.42529819565102, 36.911222604726035], [127.42529819565105, 36.911222604726035], [127.42530039308325, 36.90896896500748], [127.42530039308325, 36.90896896500748], [127.42530259027112, 36.90671532443188], [127.42530259027112, 36.90671532443188], [127.42530478721466, 36.90446168299927], [127.42249855248488, 36.904459885627226], [127.42249627300427, 36.906713526913514], [127.42249627300427, 36.906713526913514], [127.42249399327015, 36.908967167342766], [127.42249399327015, 36.908967167342766], [127.42249171328251, 36.91122080691498], [127.42249171328251, 36.91122080691498], [127.42249171328251, 36.91122080691499], [127.4196852311675, 36.91121894280721], [127.41968286836173, 36.913472581370605]]], [[[127.41966159128178, 36.933755289869914], [127.42246889945592, 36.933757155495584], [127.42247118198041, 36.93150352449485], [127.42247118198041, 36.93150352449485], [127.42247346425106, 36.929249892636875], [127.41966632136224, 36.92924802731486], [127.4196639564535, 36.931501659021016], [127.4196639564535, 36.931501659021016], [127.41966159128178, 36.933755289869914]]], [[[127.41965922584697, 36.93600891986157], [127.419659225847, 36.93600891986157], [127.41965686014916, 36.93826254899594], [127.42246433364541, 36.938264414925285], [127.42246661667761, 36.93601078563907], [127.42246661667758, 36.93601078563907], [127.42246889945592, 36.93375715549559], [127.41966159128175, 36.93375528986992], [127.41965922584697, 36.93600891986157]]], [[[127.4253113765797, 36.897700753559526], [127.42531357254629, 36.89544710869903], [127.42250766787305, 36.89544531191221], [127.4225053894061, 36.89769895662641], [127.42250311068578, 36.89995260048365], [127.42530918036891, 36.899954397563064], [127.4253113765797, 36.897700753559526]]], [[[127.42249855248488, 36.90445988562721], [127.42530478721466, 36.90446168299927], [127.42530698391393, 36.90220804070965], [127.42530698391393, 36.90220804070965], [127.42530918036894, 36.89995439756307], [127.42250311068578, 36.89995260048366], [127.42250083171204, 36.90220624348393], [127.42250083171204, 36.90220624348393], [127.42249855248488, 36.90445988562721]]], [[[127.42528280678165, 36.926998058757384], [127.42528280678165, 36.926998058757384], [127.42528500592503, 36.924744425038604], [127.42247802803105, 36.92474262634931], [127.42247574626792, 36.92699625992169], [127.42247574626792, 36.92699625992169], [127.42247346425106, 36.929249892636875], [127.42528060739369, 36.92925169161898], [127.42528280678165, 36.926998058757384]]]]}}, {"type": "Feature", "properties": {"rank": 3, "method": "BFS+Zoning", "n_grids": 21, "avg_micro": 80.92010842503376, "cluster_score": 118.43923199585434, "buildable_ha": 52.500000000000014, "final_score": 102.30100351613673, "avg_bcr": 0.4000000000000001, "center_lat": 36.860530300050705, "center_lon": 127.45466262245561}, "geometry": {"type": "MultiPolygon", "coordinates": [[[[127.44778690320288, 36.85714698736209], [127.44498239794012, 36.85714572239994], [127.44498078253338, 36.85939938269758], [127.4477853701409, 36.85940064776277], [127.44778690320288, 36.85714698736209]]], [[[127.45059140863607, 36.85714818615681], [127.44778690320288, 36.85714698736209], [127.4477853701409, 36.859400647762776], [127.45058995791888, 36.859401846655146], [127.45059140863607, 36.85714818615681]]], [[[127.4477853701409, 36.859400647762776], [127.44498078253338, 36.85939938269758], [127.44497916694702, 36.86165304213868], [127.44778383690843, 36.8616543073069], [127.4477853701409, 36.859400647762776]]], [[[127.45058995791888, 36.859401846655146], [127.45058850704037, 36.86165550629691], [127.4533931773336, 36.861656639108695], [127.4533931773336, 36.861656639108695], [127.45619784777902, 36.86165770574224], [127.45619784777902, 36.86165770574223], [127.45900251836747, 36.86165870619752], [127.45900372218404, 36.85940504629514], [127.45900372218404, 36.85940504629514], [127.45900372218404, 36.85940504629514], [127.45900372218406, 36.85940504629514], [127.45900251836747, 36.861658706197524], [127.46180718908978, 36.86165964047454], [127.46180718908978, 36.86165964047454], [127.46461185993677, 36.86166050857329], [127.46461185993677, 36.86166050857329], [127.46741653089933, 36.86166131049375], [127.46741748765383, 36.85940765037927], [127.4646128990453, 36.85940684852411], [127.4646128990453, 36.85940684852411], [127.46180831055234, 36.859405980496064], [127.46180831055234, 36.85940598049608], [127.46180831055234, 36.85940598049608], [127.46180831055234, 36.859405980496064], [127.4646128990453, 36.85940684852411], [127.46461393803833, 36.85715318761841], [127.46461393803833, 36.85715318761841], [127.4646149769158, 36.85489952585622], [127.46181055310342, 36.854898657969564], [127.4618094318902, 36.85715231966107], [127.4590049258668, 36.85715138553622], [127.4590049258668, 36.85715138553622], [127.45620041997718, 36.857150385243884], [127.45620041997718, 36.857150385243884], [127.45339591423054, 36.85714931878408], [127.45339454585816, 36.85940297937465], [127.45619913394958, 36.85940404592132], [127.45619913394958, 36.85940404592132], [127.45619913394958, 36.85940404592132], [127.45619913394958, 36.85940404592132], [127.45339454585816, 36.859402979374664], [127.45339454585816, 36.85940297937466], [127.45058995791888, 36.859401846655146]]], [[[127.4477853701409, 36.859400647762776], [127.44778383690843, 36.8616543073069], [127.44778383690843, 36.8616543073069], [127.44778383690843, 36.8616543073069], [127.44497916694702, 36.86165304213868], [127.44497755118098, 36.863906700723184], [127.44497755118098, 36.863906700723184], [127.4449759352353, 36.86616035845108], [127.44778076993205, 36.866161623825406], [127.44778230350549, 36.86390796599445], [127.4505870560005, 36.86390916508213], [127.4505870560005, 36.863909165082134], [127.45339180865687, 36.86391029798617], [127.45339180865687, 36.86391029798617], [127.45619656146543, 36.863911364706574], [127.45619784777902, 36.86165770574224], [127.4533931773336, 36.861656639108695], [127.4533931773336, 36.861656639108695], [127.45058850704037, 36.86165550629692], [127.45058850704037, 36.86165550629691], [127.45058850704037, 36.86165550629691], [127.45058995791888, 36.859401846655146], [127.4477853701409, 36.859400647762776]]], [[[127.45619656146543, 36.86391136470658], [127.45339180865687, 36.86391029798618], [127.45339043982794, 36.86616395600705], [127.4561952750088, 36.866165022814336], [127.45619656146543, 36.86391136470658]]]]}}, {"type": "Feature", "properties": {"rank": 4, "method": "BFS+Zoning", "n_grids": 17, "avg_micro": 80.80327101771988, "cluster_score": 115.83599489200697, "buildable_ha": 42.5, "final_score": 100.47873754344357, "avg_bcr": 0.4, "center_lat": 36.96724655538808, "center_lon": 127.45407232388627}, "geometry": {"type": "MultiPolygon", "coordinates": [[[[127.45052450840136, 36.96081568225879], [127.45052450840136, 36.96081568225879], [127.45052305024436, 36.96306930333594], [127.45052305024436, 36.96306930333595], [127.45052159192521, 36.965322923555675], [127.45333006041707, 36.965324060617185], [127.45333006041707, 36.965324060617185], [127.45613852906195, 36.965325131252186], [127.45613852906195, 36.965325131252186], [127.45894699785057, 36.965326135460664], [127.45894820784078, 36.963072514979636], [127.45894820784078, 36.963072514979636], [127.45894941769642, 36.96081889364118], [127.45614111445126, 36.96081788959609], [127.45613982182847, 36.963071510852835], [127.45333143595992, 36.96307044030494], [127.45333281134984, 36.960816819135296], [127.45333281134984, 36.960816819135296], [127.45333281134984, 36.96081681913529], [127.45614111445126, 36.960817889596086], [127.45614240693028, 36.95856426748192], [127.45333418658677, 36.95856319710821], [127.45333418658677, 36.95856319710822], [127.4505259663962, 36.958562060324226], [127.45052450840136, 36.96081568225879]]], [[[127.45333006041707, 36.96532406061719], [127.45052159192521, 36.96532292355569], [127.45052013344385, 36.96757654291798], [127.45332868472123, 36.96757768007199], [127.45332868472123, 36.96757768007199], [127.4561372361516, 36.9675787507941], [127.4561372361516, 36.9675787507941], [127.4589457877258, 36.96757975508427], [127.45894699785057, 36.96532613546067], [127.45613852906195, 36.96532513125219], [127.45613852906195, 36.965325131252186], [127.45333006041707, 36.965324060617185], [127.45333006041707, 36.96532406061719]]], [[[127.45051721599447, 36.97208377907012], [127.45051575702642, 36.97433739585994], [127.4505142978961, 36.97659101179224], [127.4533231804076, 36.97659214931637], [127.4533231804076, 36.97659214931637], [127.45613206307219, 36.976593220386945], [127.4561333565578, 36.97433960427499], [127.45332455671559, 36.97433853329154], [127.45332455671559, 36.97433853329153], [127.45332593287051, 36.97208491640917], [127.45332593287051, 36.97208491640917], [127.45332730887237, 36.969831298669334], [127.45332730887237, 36.969831298669334], [127.45332593287051, 36.97208491640917], [127.45332593287051, 36.97208491640917], [127.45332455671559, 36.97433853329153], [127.4561333565578, 36.974339604274974], [127.45613464989957, 36.97208598730551], [127.45613464989957, 36.97208598730551], [127.45613594309751, 36.969832369478546], [127.45613594309751, 36.969832369478546], [127.45613723615163, 36.967578750794104], [127.45332868472123, 36.967577680072], [127.45332730887237, 36.96983129866932], [127.45051867480026, 36.969830161422784], [127.45051721599447, 36.97208377907012], [127.45051721599447, 36.97208377907012]]]]}}, {"type": "Feature", "properties": {"rank": 5, "method": "BFS+Zoning", "n_grids": 16, "avg_micro": 79.63063717930325, "cluster_score": 113.47222475711841, "buildable_ha": 40.0, "final_score": 98.82409844902159, "avg_bcr": 0.4, "center_lat": 36.95009606907855, "center_lon": 127.42262783779624}, "geometry": {"type": "MultiPolygon", "coordinates": [[[[127.41965212796413, 36.942769804692716], [127.41965212796413, 36.942769804692716], [127.41964976147692, 36.94502343125513], [127.42245748302527, 36.945025297640065], [127.42245976681929, 36.942771670925794], [127.42245976681929, 36.942771670925794], [127.4224620503593, 36.94051804335418], [127.41965449418822, 36.94051617727299], [127.41965212796413, 36.942769804692716]]], [[[127.4196473947265, 36.94727705696018], [127.41964502771287, 36.94953068180784], [127.42245291467528, 36.949532548496556], [127.42245519897729, 36.947278923497], [127.42245519897729, 36.947278923497], [127.42245748302527, 36.94502529764007], [127.41964976147692, 36.94502343125514], [127.4196473947265, 36.94727705696018], [127.4196473947265, 36.94727705696018]]], [[[127.41964029289582, 36.95403792893098], [127.41963792509235, 36.95629155120641], [127.42244606024484, 36.95629341835083], [127.42244834530908, 36.954039795923485], [127.42244834530908, 36.954039795923485], [127.42245063011922, 36.95178617263873], [127.419642660436, 36.95178430579812], [127.41964029289582, 36.95403792893098], [127.41964029289582, 36.95403792893098]]], [[[127.42525639797645, 36.95404159651669], [127.42525860005654, 36.9517879730854], [127.42525860005654, 36.9517879730854], [127.42526080189175, 36.94953434879675], [127.4252630034821, 36.9472807236507], [127.42245519897729, 36.947278923497], [127.42245291467528, 36.94953254849656], [127.42245063011923, 36.95178617263873], [127.42245063011923, 36.95178617263874], [127.42244834530908, 36.954039795923485], [127.42244606024484, 36.95629341835083], [127.42525419565143, 36.956295219090535], [127.42525639797645, 36.95404159651669]]], [[[127.42244606024484, 36.95629341835083], [127.41963792509235, 36.95629155120641], [127.41963555702554, 36.95854517262438], [127.42244377492645, 36.95854703992074], [127.42244606024484, 36.95629341835083]]], [[[127.42526960678434, 36.94051984306847], [127.4224620503593, 36.94051804335418], [127.42245976681929, 36.942771670925794], [127.42526740592837, 36.942773470786534], [127.42526960678434, 36.94051984306847]]], [[[127.42526740592837, 36.942773470786534], [127.42245976681929, 36.942771670925794], [127.42245748302527, 36.945025297640065], [127.42526520482764, 36.94502709764728], [127.42526740592837, 36.942773470786534]]], [[[127.42526520482764, 36.94502709764729], [127.42245748302527, 36.94502529764007], [127.42245519897729, 36.947278923497], [127.4252630034821, 36.94728072365069], [127.42526520482764, 36.94502709764729]]], [[[127.42525419565143, 36.956295219090535], [127.42244606024484, 36.95629341835083], [127.42244377492645, 36.95854703992074], [127.42525199308152, 36.958548840806955], [127.42525419565143, 36.956295219090535]]], [[[127.42525199308152, 36.958548840806955], [127.42244377492645, 36.95854703992074], [127.42244148935389, 36.960800660633176], [127.4252497902666, 36.96080246166593], [127.42525199308152, 36.958548840806955]]]]}}, {"type": "Feature", "properties": {"rank": 6, "method": "BFS+Zoning", "n_grids": 7, "avg_micro": 78.91641214117546, "cluster_score": 103.53172200017855, "buildable_ha": 17.499999999999996, "final_score": 91.86574651916368, "avg_bcr": 0.39999999999999997, "center_lat": 36.81639914489524, "center_lon": 127.41237642839839}, "geometry": {"type": "MultiPolygon", "coordinates": [[[[127.40857482434413, 36.81430358303291], [127.41137776375228, 36.81430570488343], [127.41137516570448, 36.816559379797134], [127.41417818757216, 36.81656143575029], [127.41418070344932, 36.81430776066906], [127.41418070344932, 36.81430776066906], [127.41418321904675, 36.81205408473158], [127.41138036151129, 36.81205202911347], [127.40857750426461, 36.812049907435856], [127.40857482434413, 36.81430358303291]]], [[[127.41697877574258, 36.81881710002025], [127.41698120971961, 36.81656342563317], [127.41417818757216, 36.81656143575029], [127.41417567141531, 36.81881510997523], [127.41697877574258, 36.81881710002025]]], [[[127.41137256736779, 36.81881305385454], [127.41137256736779, 36.81881305385454], [127.41137256736779, 36.81881305385454], [127.41136996874224, 36.82106672705564], [127.41417315497868, 36.821068783343875], [127.41417567141531, 36.81881510997523], [127.41417567141531, 36.81881510997523], [127.41417818757216, 36.816561435750295], [127.41137516570448, 36.81655937979715], [127.41137516570448, 36.816559379797134], [127.40857214412566, 36.816557257773724], [127.40856946360921, 36.818810931658206], [127.41137256736779, 36.81881305385454]]]]}}, {"type": "Feature", "properties": {"rank": 7, "method": "BFS+Zoning", "n_grids": 6, "avg_micro": 79.51949309594514, "cluster_score": 102.73016139541517, "buildable_ha": 15.0, "final_score": 91.3046540958293, "avg_bcr": 0.39999999999999997, "center_lat": 36.829692070009045, "center_lon": 127.39453900278492}, "geometry": {"type": "MultiPolygon", "coordinates": [[[[127.40014844268094, 36.8278188533856], [127.39734501135939, 36.827816466109], [127.39734501135939, 36.827816466109], [127.39454158037259, 36.827814012735324], [127.39453848723873, 36.830067681392414], [127.39453848723873, 36.830067681392414], [127.39454158037259, 36.827814012735324], [127.39173814972966, 36.8278114932646], [127.39173497437056, 36.83006516171642], [127.39453848723873, 36.830067681392414], [127.39453539376095, 36.83232134919303], [127.39733898920748, 36.83232380296651], [127.39734200045083, 36.83007013496597], [127.39734200045083, 36.83007013496597], [127.39734200045083, 36.83007013496597], [127.40014551399771, 36.83007252243709], [127.40014844268094, 36.8278188533856]]], [[[127.38893471943976, 36.82780890769688], [127.38893146185545, 36.830062575938015], [127.39173497437056, 36.830065161716426], [127.39173179865838, 36.83231882931174], [127.39453539376095, 36.83232134919303], [127.39453848723873, 36.830067681392414], [127.39173497437056, 36.83006516171642], [127.39173814972966, 36.827811493264605], [127.38893471943976, 36.82780890769688]]]]}}, {"type": "Feature", "properties": {"rank": 8, "method": "BFS+Zoning", "n_grids": 5, "avg_micro": 80.28302644369332, "cluster_score": 101.8602073710094, "buildable_ha": 12.5, "final_score": 90.69568627874527, "avg_bcr": 0.4, "center_lat": 36.82534282081496, "center_lon": 127.40379600749127}, "geometry": {"type": "MultiPolygon", "coordinates": [[[[127.40015137103855, 36.825565183477686], [127.40015137103855, 36.825565183477686], [127.40014844268094, 36.827818853385594], [127.40295187432807, 36.827821174565116], [127.40295472046947, 36.825567504468104], [127.40295472046947, 36.825567504468104], [127.40295187432807, 36.82782117456513], [127.40575530629168, 36.82782342964752], [127.4057580702168, 36.82556975936678], [127.40575807021683, 36.82556975936678], [127.40576083383466, 36.82331608822964], [127.40295756629446, 36.823313833514675], [127.4029547204695, 36.825567504468104], [127.40295472046947, 36.825567504468104], [127.40295756629446, 36.82331383351467], [127.40015429907062, 36.82331151271337], [127.40015137103855, 36.825565183477686]]], [[[127.40575807021683, 36.82556975936678], [127.40856142027144, 36.82557194817368], [127.40856410168215, 36.82331827685822], [127.40576083383466, 36.823316088229625], [127.40575807021683, 36.82556975936678]]]]}}]}